region,anchor,gene,in_panel_245,pct_expr,mean_log2_expr,specificity_log2_vs_other_anchors,rank_key,rank_within_anchor_all_genes,rank_within_anchor_panel_status
BMAp,012 MEA Slc17a7 Glut,Slc17a7,True,93.52409638554217,8.20583260777485,6.545533958621464,8.516457479430027,1,1
BMAp,012 MEA Slc17a7 Glut,Zfpm2,False,99.6987951807229,9.650735755522089,6.2891951538563795,8.287885063928062,2,1
BMAp,012 MEA Slc17a7 Glut,Prdm8,False,90.88855421686748,6.464410866120733,5.868798733899546,7.827307928964897,3,2
BMAp,012 MEA Slc17a7 Glut,Nfib,True,92.92168674698796,9.157245191704318,5.420407059178515,7.38852414384374,4,2
BMAp,012 MEA Slc17a7 Glut,Neurod2,True,88.30321285140562,5.91789472342495,5.073208429537997,7.019184934907779,5,3
BMAp,012 MEA Slc17a7 Glut,Bhlhe22,True,91.49096385542168,6.505221569873243,4.908552095427277,6.869930298329609,6,4
BMAp,012 MEA Slc17a7 Glut,Nfix,False,97.0632530120482,8.09874164627259,4.881678008442888,6.868732850764292,7,3
BMAp,012 MEA Slc17a7 Glut,Slc30a3,False,77.35943775100401,5.307224503482681,4.8169591629401065,6.705472467570846,8,4
BMAp,012 MEA Slc17a7 Glut,Itga8,False,81.27510040160642,5.811941123870482,4.543601795279599,6.453559309945293,9,5
BMAp,012 MEA Slc17a7 Glut,Ptprk,False,99.04618473895583,8.676227370419177,4.142706294837781,6.138544046002293,10,6
BMAp,012 MEA Slc17a7 Glut,Car12,False,76.179718875502,5.704388844440261,4.251444514995862,6.133283880655478,11,7
BMAp,012 MEA Slc17a7 Glut,Chst9,False,81.97791164658635,6.794380157348143,4.181094238523442,6.09479108917243,12,8
BMAp,012 MEA Slc17a7 Glut,Nfia,False,91.29016064257029,7.8257610520205825,3.9815398897944867,5.941963861097538,13,9
BMAp,012 MEA Slc17a7 Glut,Slc1a3,False,59.33734939759036,4.44209062813755,4.0746762038036355,5.848004346261192,14,10
BMAp,012 MEA Slc17a7 Glut,Nptxr,False,97.56526104417671,8.735749639181726,3.719353115899854,5.70864832677946,15,11
BMAp,012 MEA Slc17a7 Glut,Col23a1,True,80.24598393574297,5.806908297251506,3.6859588928926605,5.590382199412687,16,5
BMAp,012 MEA Slc17a7 Glut,Zbtb18,False,94.97991967871486,7.026545635667671,3.605851730872126,5.58348352885022,17,12
BMAp,012 MEA Slc17a7 Glut,Trpc6,False,61.8222891566265,4.826843506839859,3.7310209899318223,5.522166072019265,18,13
BMAp,012 MEA Slc17a7 Glut,Msra,False,96.96285140562249,7.550147366810994,3.5079500115931044,5.494555389986264,19,14
BMAp,012 MEA Slc17a7 Glut,Zeb2,False,73.59437751004016,5.4893798828125,3.5828315384891054,5.449676174706535,20,15
BMAp,012 MEA Slc17a7 Glut,Met,False,63.32831325301205,4.077814186433233,3.6426392125008378,5.444237133266752,21,16
BMAp,012 MEA Slc17a7 Glut,A830036E02Rik,False,69.85441767068274,4.91838300467495,3.5462554377337856,5.390449314316167,22,17
BMAp,012 MEA Slc17a7 Glut,Krt2,False,61.997991967871485,3.6326570932166167,3.577872130603848,5.370249754111852,23,18
BMAp,012 MEA Slc17a7 Glut,Nptx1,False,91.26506024096386,7.496359461282631,3.329029209573495,5.289333754371763,24,19
BMAp,012 MEA Slc17a7 Glut,Adcy1,False,93.72489959839358,7.585650708301958,3.299034990125352,5.27088997398675,25,20
BMAp,012 MEA Slc17a7 Glut,Csgalnact1,False,80.97389558232932,6.600639373901857,3.277183313017319,5.185528346318601,26,21
BMAp,012 MEA Slc17a7 Glut,Fat4,False,83.35843373493977,5.455712498431225,3.1956603653174454,5.116609911164169,27,22
BMAp,012 MEA Slc17a7 Glut,Plxnd1,False,64.08132530120481,3.7809860045651353,3.286450946867314,5.093182431919903,28,23
BMAp,012 MEA Slc17a7 Glut,Crym,False,81.77710843373494,5.657546200426707,3.1778152841614284,5.090447034382258,29,24
BMAp,012 MEA Slc17a7 Glut,4930467D21Rik,False,53.31325301204819,3.4573999121485945,3.336414043611026,5.0632492262687965,30,25
BMAp,012 MEA Slc17a7 Glut,Rorb,True,55.622489959839356,4.218556354323544,3.3115242141484873,5.056774640453218,31,6
BMAp,012 MEA Slc17a7 Glut,Lhx2,False,74.82429718875503,5.112512550200803,3.180275684518463,5.054318330799433,32,26
BMAp,012 MEA Slc17a7 Glut,9330185C12Rik,False,43.975903614457835,3.418451393464483,3.361845280076239,5.00506005215664,33,27
BMAp,012 MEA Slc17a7 Glut,Kcnip3,False,95.13052208835342,6.755225491810994,2.994628556835758,4.972948437052169,34,28
BMAp,012 MEA Slc17a7 Glut,Ntng2,False,66.0140562248996,4.047099040694026,3.1448058546812683,4.964442273419365,35,29
BMAp,012 MEA Slc17a7 Glut,Rtn4rl1,False,84.16164658634538,5.567069547722139,3.0294232455939447,4.954537469271104,36,30
BMAp,012 MEA Slc17a7 Glut,Tanc1,False,66.29016064257029,4.363836694433986,3.1051602043841005,4.926609275839363,37,31
BMAp,012 MEA Slc17a7 Glut,Lhx9,False,69.17670682730923,4.237342436150853,3.074331354280644,4.914291237764571,38,32
BMAp,012 MEA Slc17a7 Glut,Ankrd33b,False,66.31526104417671,4.046913484014182,3.092542340090678,4.914155823617525,39,33
BMAp,012 MEA Slc17a7 Glut,Rtn4r,False,68.69979919678715,4.024813855029493,3.046314056964957,4.88326952462342,40,34
BMAp,012 MEA Slc17a7 Glut,Socs2,False,89.10642570281125,6.428620732931727,2.8698558897011757,4.819764913004609,41,35
BMAp,012 MEA Slc17a7 Glut,Pparg,False,53.463855421686745,3.386378276778991,3.0614816725735006,4.789541946260577,42,36
BMAp,012 MEA Slc17a7 Glut,Mmd2,False,85.69277108433735,5.585342836188504,2.7824925361185846,4.715436723145638,43,37
BMAp,012 MEA Slc17a7 Glut,Adamtsl1,False,65.51204819277109,5.155245493693524,2.864088068004265,4.6804092455908854,44,38
BMAp,012 MEA Slc17a7 Glut,Adamts9,False,62.24899598393574,3.8892175145896086,2.8811095371644484,4.675241888239004,45,39
BMAp,012 MEA Slc17a7 Glut,Slc4a4,False,82.605421686747,5.836196838133785,2.7056846314060037,4.622693183948716,46,40
BMAp,012 MEA Slc17a7 Glut,Slc16a2,False,89.58333333333333,6.436219977566516,2.668185674792327,4.620412892996327,47,41
BMAp,012 MEA Slc17a7 Glut,Syt17,False,89.65863453815261,6.464524602315512,2.667435027344182,4.620027147809029,48,42
BMAp,012 MEA Slc17a7 Glut,Npy2r,True,75.70281124497993,5.071428291290161,2.6862496044722404,4.565361611918316,49,7
BMAp,012 MEA Slc17a7 Glut,Cck,True,79.04116465863454,5.780953893699799,2.647498251973569,4.545351582858451,50,8
BMAp,012 MEA Slc17a7 Glut,Rasl10a,False,58.96084337349398,3.678250109814257,2.7668050244218154,4.53736871144776,51,43
BMAp,012 MEA Slc17a7 Glut,Mlip,False,77.33433734939759,5.068552040192018,2.6481858487079544,4.5365582172732335,52,44
BMAp,012 MEA Slc17a7 Glut,Anxa11,False,55.24598393574297,3.1224017162399598,2.7922649634464465,4.534565676248134,53,45
BMAp,012 MEA Slc17a7 Glut,Slc29a4,True,64.88453815261045,3.8190231629643576,2.663282893261515,4.475424110939816,54,9
BMAp,012 MEA Slc17a7 Glut,Kitl,True,76.98293172690764,5.176974009318524,2.5820030822112994,4.468397528442123,55,10
BMAp,012 MEA Slc17a7 Glut,Foxo1,False,74.57329317269077,4.853935272339357,2.5615798891844768,4.43416321123648,56,46
BMAp,012 MEA Slc17a7 Glut,Etv1,True,61.64658634538153,3.9322477899880774,2.6218534468831463,4.411762479600615,57,11
BMAp,012 MEA Slc17a7 Glut,Kcnc4,False,92.24397590361446,6.864516660391566,2.4226413351511127,4.387579348819665,58,47
BMAp,012 MEA Slc17a7 Glut,Ipcef1,False,78.86546184738955,5.569332996046687,2.462154365742788,4.359041216695081,59,48
BMAp,012 MEA Slc17a7 Glut,Mtmr12,False,83.43373493975903,5.243252306099397,2.4126898449434,4.334031530303812,60,49
BMAp,012 MEA Slc17a7 Glut,Dleu2,False,65.58734939759036,4.034098797533885,2.4676432987185493,4.2844633786942135,61,50
BMAp,012 MEA Slc17a7 Glut,Rilpl1,False,80.99899598393574,5.311551871548695,2.330464502275787,4.238944137928031,62,51
BMAp,012 MEA Slc17a7 Glut,Pde11a,False,57.70582329317269,4.270728421498494,2.4763511554059905,4.237570796923609,63,52
BMAp,012 MEA Slc17a7 Glut,Gm10115,False,71.36044176706827,4.281556891629016,2.346699051307362,4.2001565812461426,64,53
BMAp,012 MEA Slc17a7 Glut,Nek6,False,62.976907630522085,3.5915368015028863,2.389618841712175,4.1888001732751245,65,54
BMAp,012 MEA Slc17a7 Glut,Ccnjl,False,59.18674698795181,3.7122795380741715,2.3687724142258153,4.140996885233225,66,55
BMAp,012 MEA Slc17a7 Glut,C030017B01Rik,False,86.59638554216868,6.053434440888554,2.1844700640210246,4.121969829342637,67,56
BMAp,012 MEA Slc17a7 Glut,Tmod1,False,70.68273092369478,4.357445896868725,2.2563911315549805,4.105704452273394,68,57
BMAp,012 MEA Slc17a7 Glut,Mpp3,False,69.50301204819277,4.0661785324893325,2.249054643441167,4.091058269435081,69,58
BMAp,012 MEA Slc17a7 Glut,Krt12,False,50.42670682730924,3.0349140703438753,2.362015065559589,4.064675672556177,70,59
BMAp,012 MEA Slc17a7 Glut,Cdh9,False,82.07831325301204,6.773186005741717,2.1260934793277952,4.04032190223642,71,60
BMAp,012 MEA Slc17a7 Glut,Ecm2,False,43.19779116465863,2.64856398249247,2.397775624867039,4.033237165442938,72,61
BMAp,012 MEA Slc17a7 Glut,St6galnac5,False,98.46887550200803,8.482971926769578,2.021606531365655,4.01490550974353,73,62
BMAp,012 MEA Slc17a7 Glut,Olfm1,False,99.67369477911646,9.97325336502259,2.0010934596326813,3.999674016944903,74,63
BMAp,012 MEA Slc17a7 Glut,Kctd6,False,66.54116465863454,3.8439737955729165,2.1739483287939603,3.9970387267753926,75,64
BMAp,012 MEA Slc17a7 Glut,Lyzl4,False,49.87449799196787,2.753366493317018,2.295170871721548,3.9930494090797017,76,65
BMAp,012 MEA Slc17a7 Glut,Synpr,True,93.02208835341365,7.720998741057982,2.011760693249217,3.9803467784804347,77,12
BMAp,012 MEA Slc17a7 Glut,Vps37b,False,60.16566265060241,3.3500804977723395,2.1998577218137028,3.979206426095695,78,66
BMAp,012 MEA Slc17a7 Glut,Rapgef5,False,97.3644578313253,7.667416737261546,1.9782662090925323,3.9666666589409276,79,67
BMAp,012 MEA Slc17a7 Glut,Map2k6,False,87.34939759036145,6.265064162901607,1.986644181290071,3.927904095484991,80,68
BMAp,012 MEA Slc17a7 Glut,Zhx2,True,79.44277108433735,4.904669949328564,2.0222992302734237,3.922353614875137,81,13
BMAp,012 MEA Slc17a7 Glut,Sec14l2,False,56.80220883534137,3.184664929248243,2.1650678601133375,3.919433084316405,82,69
BMAp,012 MEA Slc17a7 Glut,Pkib,False,89.33232931726907,5.871086396366717,1.9615103050061786,3.9125189632583632,83,70
BMAp,012 MEA Slc17a7 Glut,Ramp1,False,80.12048192771084,5.384996038842871,2.0036488031624233,3.907392356089454,84,71
BMAp,012 MEA Slc17a7 Glut,Itpkb,False,55.92369477911647,3.2917468212694527,2.1575866844728893,3.9051825412229197,85,72
BMAp,012 MEA Slc17a7 Glut,Nrip1,False,90.68775100401606,6.790343993160141,1.9436553463711501,3.901203978187511,86,73
BMAp,012 MEA Slc17a7 Glut,Osbp2,False,90.36144578313252,6.031469628514056,1.9374011257904327,3.893384296806059,87,74
BMAp,012 MEA Slc17a7 Glut,Rbm20,False,54.44277108433735,3.082348191594503,2.1532939986483646,3.8892342209108968,88,75
BMAp,012 MEA Slc17a7 Glut,Gm49169,False,43.19779116465863,2.3438497642915412,2.2388908678295643,3.8743524084054632,89,76
BMAp,012 MEA Slc17a7 Glut,Pitpnm2,False,89.58333333333333,6.303393260542169,1.9193785381816113,3.8716057563856108,90,77
BMAp,012 MEA Slc17a7 Glut,Sntb2,False,82.07831325301204,5.61605405998996,1.9559507287690487,3.8701791516776733,91,78
BMAp,012 MEA Slc17a7 Glut,Itgav,False,63.32831325301205,4.072635267633032,2.065373299879048,3.8669712206449613,92,79
BMAp,012 MEA Slc17a7 Glut,Sertm1,False,78.5140562248996,5.058792298098645,1.9702263539304243,3.8651737685665735,93,80
BMAp,012 MEA Slc17a7 Glut,Vav3,False,52.98694779116466,3.246803130490713,2.140671148152976,3.8648400517089714,94,81
BMAp,012 MEA Slc17a7 Glut,Nsmf,False,86.99799196787149,5.777882526198544,1.9173947896447592,3.8569040182709964,95,82
BMAp,012 MEA Slc17a7 Glut,Palmd,False,71.53614457831326,4.517404089012299,2.0007429989973584,3.8552685292542073,96,83
BMAp,012 MEA Slc17a7 Glut,Smad3,False,78.6144578313253,5.193413791886295,1.9571659849539351,3.8526684085881797,97,84
BMAp,012 MEA Slc17a7 Glut,Inka2,False,64.13152610441767,3.7388281151951555,2.032405825859129,3.8394774005781995,98,85
BMAp,012 MEA Slc17a7 Glut,Svil,False,40.73795180722892,2.4994673518291917,2.1983907743500457,3.8083899644246166,99,86
BMAp,012 MEA Slc17a7 Glut,Adcy9,False,91.13955823293173,6.54427230405999,1.8471733218352195,3.806880240996451,100,87
BMAp,012 MEA Slc17a7 Glut,Il1rap,False,71.23493975903614,4.600135404900853,1.9488758832061932,3.8015689445759873,101,88
BMAp,012 MEA Slc17a7 Glut,Nectin1,False,92.41967871485944,6.886791796090613,1.8353048800454497,3.8010693344617845,102,89
BMAp,012 MEA Slc17a7 Glut,Acap2,False,95.83333333333333,7.156650037650603,1.8185419998849506,3.8000585941909373,103,90
BMAp,012 MEA Slc17a7 Glut,Cdon,False,76.33032128514056,4.985001529555723,1.9083538235049264,3.791050913897397,104,91
BMAp,012 MEA Slc17a7 Glut,Rab3b,False,73.19277108433735,4.970055515028865,1.921801655467112,3.786269845361388,105,92
BMAp,012 MEA Slc17a7 Glut,Ddn,False,88.80522088353413,6.231900747521335,1.8288438847098512,3.7772823835318943,106,93
BMAp,012 MEA Slc17a7 Glut,Oxtr,True,58.18273092369478,3.3426533281563753,1.9967818351456805,3.761575937021597,107,14
BMAp,012 MEA Slc17a7 Glut,Sparcl1,False,95.7078313253012,7.277895762738454,1.7766873965067385,3.7576348720287482,108,94
BMAp,012 MEA Slc17a7 Glut,Emx1,True,41.16465863453815,2.177037740806978,2.137140273569978,3.7516647918660144,109,15
BMAp,012 MEA Slc17a7 Glut,Ypel1,False,63.1777108433735,3.5949631043706076,1.941119883727484,3.741683769524186,110,95
BMAp,012 MEA Slc17a7 Glut,Ncan,False,86.24497991967871,5.522648210027611,1.7915570355770614,3.727290860984605,111,96
BMAp,012 MEA Slc17a7 Glut,Crtac1,False,86.49598393574297,5.863352335121737,1.7853631201067968,3.7223590634671453,112,97
BMAp,012 MEA Slc17a7 Glut,Slc16a7,False,90.93875502008032,6.148997846856175,1.7412843469995236,3.700033351282399,113,98
BMAp,012 MEA Slc17a7 Glut,Cyp7b1,False,62.14859437751004,3.7960766405465614,1.8887488609743535,3.6821801715707725,114,99
BMAp,012 MEA Slc17a7 Glut,Gpm6b,False,97.18875502008032,7.734659830729167,1.6924633560019986,3.6800793748866933,115,100
BMAp,012 MEA Slc17a7 Glut,Usp2,False,81.22489959839358,5.0709017711470885,1.7607159519239808,3.6704051351125546,116,101
BMAp,012 MEA Slc17a7 Glut,Kcnk10,False,85.09036144578313,5.591506161364207,1.7335585961653215,3.6634389646167422,117,102
BMAp,012 MEA Slc17a7 Glut,Cecr2,False,39.18172690763052,2.1772877643386046,2.069786957021,3.662870530331756,118,103
BMAp,012 MEA Slc17a7 Glut,Tiam2,False,67.9718875502008,4.084444467322415,1.820664926517075,3.6529942567785207,119,104
BMAp,012 MEA Slc17a7 Glut,Rgs6,False,87.72590361445783,7.307922118160141,1.7015462818486382,3.644674132178677,120,105
BMAp,012 MEA Slc17a7 Glut,Gpr22,True,86.49598393574297,5.818297114238203,1.696107653321481,3.6331035966818295,121,16
BMAp,012 MEA Slc17a7 Glut,Slc26a4,False,43.47389558232932,2.4526151480923697,1.9945365737179923,3.632765131647659,122,106
BMAp,012 MEA Slc17a7 Glut,Twsg1,False,66.08935742971887,3.796215869336722,1.8114055798502877,3.631537109204695,123,107
BMAp,012 MEA Slc17a7 Glut,C230057M02Rik,False,60.06526104417671,3.3353950469848144,1.846514084577991,3.625137453439767,124,108
BMAp,012 MEA Slc17a7 Glut,Vgll4,False,72.43975903614458,4.468045031689257,1.7606722087964815,3.6206492058022954,125,109
BMAp,012 MEA Slc17a7 Glut,Mfsd4a,False,86.01907630522088,5.4526234822100905,1.682833112439174,3.6174278871173797,126,110
BMAp,012 MEA Slc17a7 Glut,Pxdn,False,72.28915662650603,4.335767876192269,1.755971436949241,3.6150445949568106,127,111
BMAp,012 MEA Slc17a7 Glut,Slc7a8,False,85.91867469879519,5.452476899786647,1.6654422259818658,3.599529795368082,128,112
BMAp,012 MEA Slc17a7 Glut,Sec14l1,False,83.0070281124498,5.165478319528113,1.6750864380663093,3.594201303228351,129,113
BMAp,012 MEA Slc17a7 Glut,Sh3bp4,False,56.07429718875502,3.1053648186495986,1.842043587822477,3.5908074268504064,130,114
BMAp,012 MEA Slc17a7 Glut,Diaph2,False,94.47791164658635,7.979339231927711,1.6043414749653229,3.579671759968881,131,115
BMAp,012 MEA Slc17a7 Glut,Apaf1,False,68.54919678714859,4.105267750690261,1.7282313516605896,3.5642337220486615,132,116
BMAp,012 MEA Slc17a7 Glut,Prmt8,False,88.4789156626506,5.944905108716115,1.6154475943994457,3.5622873859752024,133,117
BMAp,012 MEA Slc17a7 Glut,Neurod1,False,70.15562248995984,4.187055840549699,1.7142602736058916,3.5603227560766726,134,118
BMAp,012 MEA Slc17a7 Glut,D16Ertd472e,False,49.04618473895582,2.7152896252980674,1.8503156345423402,3.540920864173433,135,119
BMAp,012 MEA Slc17a7 Glut,Zfp697,False,76.70682730923694,4.688655500909889,1.6462411646807107,3.5310751848327016,136,120
BMAp,012 MEA Slc17a7 Glut,Stx1a,False,81.87751004016064,5.133374317582831,1.606359452972581,3.5195240799251772,137,121
BMAp,012 MEA Slc17a7 Glut,Tmem150c,False,94.22690763052209,6.551332772496235,1.542230093182738,3.5164050317164044,138,122
BMAp,012 MEA Slc17a7 Glut,2010300C02Rik,False,94.929718875502,7.170733716114458,1.535709581029761,3.5131117757871206,139,123
BMAp,012 MEA Slc17a7 Glut,Cc2d2b,False,38.3785140562249,2.1044644888146333,1.9220879562162603,3.5061761118769192,140,124
BMAp,012 MEA Slc17a7 Glut,Tcf4,False,98.66967871485944,9.355934480107932,1.509095379016605,3.503279093085033,141,125
BMAp,012 MEA Slc17a7 Glut,Kcnj4,False,69.95481927710843,4.157152045682731,1.650447606262691,3.495265245224334,142,126
BMAp,012 MEA Slc17a7 Glut,Dchs2,False,69.5281124497992,4.554634553840361,1.6474766843672057,3.4896371236799935,143,127
BMAp,012 MEA Slc17a7 Glut,Adcy8,False,93.80020080321285,7.403553667796185,1.5168438925233536,3.4890476606213303,144,128
BMAp,012 MEA Slc17a7 Glut,Mpdz,False,91.1144578313253,6.145925498870482,1.527206235299765,3.486793530584216,145,129
BMAp,012 MEA Slc17a7 Glut,Kcng2,False,65.76305220883535,3.9038728154806726,1.6579029838696169,3.475884945437701,146,130
BMAp,012 MEA Slc17a7 Glut,Mas1,True,37.62550200803213,1.9961444900696537,1.8964824813661862,3.4719647844628048,147,17
BMAp,012 MEA Slc17a7 Glut,Hspa2,False,49.57329317269076,2.712508726311496,1.7735268883104083,3.4687746585212262,148,131
BMAp,012 MEA Slc17a7 Glut,Dgkg,False,97.13855421686748,8.163064857084589,1.4805022116391102,3.4678938469063603,149,132
BMAp,012 MEA Slc17a7 Glut,Rnf182,False,63.127510040160644,3.701590786976029,1.6668065714513731,3.4670252310916583,150,133
BMAp,012 MEA Slc17a7 Glut,Lrrc57,False,60.441767068273094,3.4184366861979165,1.6851046406630927,3.4664417934972187,151,134
BMAp,012 MEA Slc17a7 Glut,Apba2,False,99.24698795180723,8.176252372772339,1.4633942718177027,3.460111607043695,152,135
BMAp,012 MEA Slc17a7 Glut,Zbtb16,False,76.73192771084338,4.893975315323795,1.5688038350984144,3.453779944072842,153,136
BMAp,012 MEA Slc17a7 Glut,Vgll3,False,33.734939759036145,2.5960247238955825,1.9250992947527787,3.4531792337189238,154,137
BMAp,012 MEA Slc17a7 Glut,Ptk2b,False,97.0632530120482,8.140878455227158,1.4621701477898261,3.4492249901112304,155,138
BMAp,012 MEA Slc17a7 Glut,Tox3,False,87.32429718875503,6.074783999278363,1.5078278638681706,3.4489629628640985,156,139
BMAp,012 MEA Slc17a7 Glut,Hgf,False,37.123493975903614,2.0834544231613954,1.8782684647190573,3.4479173089642887,157,140
BMAp,012 MEA Slc17a7 Glut,Unc5a,False,91.76706827309236,6.323129922031877,1.476889817518912,3.439576674829045,158,141
BMAp,012 MEA Slc17a7 Glut,Npr3,True,50.40160642570281,3.067066361147716,1.7358131513307338,3.4382575300520544,159,18
BMAp,012 MEA Slc17a7 Glut,Boc,False,39.1566265060241,2.163184476185994,1.8441725356668206,3.4369778042696213,160,142
BMAp,012 MEA Slc17a7 Glut,Rgma,False,57.10341365461847,3.2606701218938254,1.670267088278573,3.426929159520043,161,143
BMAp,012 MEA Slc17a7 Glut,Prtg,False,45.58232931726908,2.562889742564006,1.7623928761491707,3.421189390582576,162,144
BMAp,012 MEA Slc17a7 Glut,Smoc1,False,65.21084337349397,3.9745385349993727,1.6067073207936953,3.421027137779043,163,145
BMAp,012 MEA Slc17a7 Glut,Pcsk5,False,74.6987951807229,5.594913835027611,1.5407496324628696,3.4140632295850493,164,146
BMAp,012 MEA Slc17a7 Glut,Ak5,False,99.39759036144578,9.444450654179217,1.4163322771429812,3.4137081333168324,165,147
BMAp,012 MEA Slc17a7 Glut,Porcn,False,66.84236947791165,3.796484767193775,1.5747396768841422,3.3997915135714223,166,148
BMAp,012 MEA Slc17a7 Glut,Fmnl1,False,62.976907630522085,3.500639520974523,1.598373863604521,3.3975551951674703,167,149
BMAp,012 MEA Slc17a7 Glut,Celsr1,False,35.893574297188756,1.9911474511326557,1.8374682105753537,3.3924849182887544,168,150
BMAp,012 MEA Slc17a7 Glut,Lmo7,False,84.6636546184739,5.770195528206576,1.4629293529165412,3.3906263643540813,169,151
BMAp,012 MEA Slc17a7 Glut,Lyst,False,93.82530120481928,7.196976382090863,1.4160118086268954,3.3883317759180476,170,152
BMAp,012 MEA Slc17a7 Glut,Jun,False,65.8132530120482,4.135563739332329,1.552199293611479,3.3705126512138834,171,153
BMAp,012 MEA Slc17a7 Glut,Mctp1,False,99.0210843373494,8.939438417733435,1.368373939374261,3.364101617168039,172,154
BMAp,012 MEA Slc17a7 Glut,Tom1l1,False,58.48393574297189,3.2993463110253516,1.591201351799754,3.358237943074112,173,155
BMAp,012 MEA Slc17a7 Glut,Gcnt2,False,58.81024096385542,3.4190232610128013,1.5835875004884687,3.35304045933377,174,156
BMAp,012 MEA Slc17a7 Glut,Mical2,False,95.68273092369478,7.4954216279179215,1.3715658790384397,3.352399441253067,175,157
BMAp,012 MEA Slc17a7 Glut,Fam131a,False,94.50301204819277,7.108895052867721,1.376036587464779,3.3514822382498375,176,158
BMAp,012 MEA Slc17a7 Glut,Serpinb8,False,33.70983935742972,1.8310750325520833,1.8165595616009218,3.344316244517976,177,159
BMAp,012 MEA Slc17a7 Glut,Elf2,False,72.54016064257029,4.332274900382781,1.4766341320341567,3.3372126450390436,178,160
BMAp,012 MEA Slc17a7 Glut,Ephx4,False,64.7339357429719,3.7386214780998994,1.523157808580089,3.334289820966365,179,161
BMAp,012 MEA Slc17a7 Glut,Cradd,False,57.2289156626506,3.2458493642538904,1.5701786494818146,3.327794166730607,180,162
BMAp,012 MEA Slc17a7 Glut,Frmd6,False,72.74096385542168,4.473944606551205,1.46166063204572,3.3234396834292146,181,163
BMAp,012 MEA Slc17a7 Glut,Rhou,False,62.274096385542165,3.5875271103947037,1.518301642497058,3.3126090770176058,182,164
BMAp,012 MEA Slc17a7 Glut,Akap5,False,83.785140562249,5.7180543462914155,1.3800953086442727,3.3032623112358395,183,165
BMAp,012 MEA Slc17a7 Glut,Vipr1,False,43.04718875502008,2.2683706015468124,1.661138964174217,3.2950837588013453,184,166
BMAp,012 MEA Slc17a7 Glut,Ahcyl2,False,98.79518072289157,8.49665654806727,1.300035796380505,3.294771556388148,185,167
BMAp,012 MEA Slc17a7 Glut,Ptpn3,False,77.0582329317269,4.669092385165663,1.4071639079798253,3.293982953705351,186,168
BMAp,012 MEA Slc17a7 Glut,Arhgef2,False,79.66867469879519,4.792515766189759,1.383258237846623,3.2845458305137916,187,169
BMAp,012 MEA Slc17a7 Glut,Thrsp,False,44.226907630522085,2.4072037662368224,1.6372877147746665,3.2829742890990348,188,170
BMAp,012 MEA Slc17a7 Glut,Pdgfb,False,59.93975903614458,3.4836570402704568,1.5015025187341369,3.279217511439807,189,171
BMAp,012 MEA Slc17a7 Glut,Rras2,False,63.704819277108435,3.6769183668266816,1.4738463177169745,3.2780186057239993,190,172
BMAp,012 MEA Slc17a7 Glut,Mcc,False,53.765060240963855,3.4158624243066016,1.546504835277308,3.2770049720214836,191,173
BMAp,012 MEA Slc17a7 Glut,Icam5,False,79.94477911646587,5.053629067049448,1.367843463284169,3.270633570203877,192,174
BMAp,012 MEA Slc17a7 Glut,Wasf1,False,95.7078313253012,7.428032442269076,1.2875509398172813,3.268498415339291,193,175
BMAp,012 MEA Slc17a7 Glut,Klhl3,False,94.35240963855422,7.085254102346887,1.2880262693243063,3.262779265286458,194,176
BMAp,012 MEA Slc17a7 Glut,Gabrd,False,44.87951807228916,2.484273029618474,1.6096791719882169,3.2617273566964546,195,177
BMAp,012 MEA Slc17a7 Glut,Pdzrn3,False,55.070281124497996,3.1196230233433737,1.5200070341750471,3.260924327662078,196,178
BMAp,012 MEA Slc17a7 Glut,Elmo2,False,88.3785140562249,5.795480751129518,1.313474401527924,3.259821096846447,197,179
BMAp,012 MEA Slc17a7 Glut,Otub2,False,49.397590361445786,2.6453406399033637,1.5648256375739484,3.25853140191761,198,180
BMAp,012 MEA Slc17a7 Glut,Prkag2,False,93.02208835341365,7.009733759255773,1.2877220769220248,3.2563081621532426,199,181
BMAp,012 MEA Slc17a7 Glut,Dapk1,False,99.04618473895583,8.494808334902109,1.2564170268950647,3.252254778059576,200,182
BMAp,012 MEA Slc17a7 Glut,Fbxo34,False,84.31224899598394,5.321915101813504,1.3254439551501576,3.251334629240161,201,183
BMAp,012 MEA Slc17a7 Glut,Gtdc1,False,93.09738955823293,6.788807083803966,1.2821592810836098,3.2510967846605587,202,184
BMAp,012 MEA Slc17a7 Glut,Gpr150,False,47.916666666666664,2.5466161521084336,1.564334843772707,3.244821442414713,203,185
BMAp,012 MEA Slc17a7 Glut,Sorbs2os,False,66.34036144578313,3.8543691367030624,1.4209301557754674,3.242707989155517,204,186
BMAp,012 MEA Slc17a7 Glut,Aqp11,False,48.69477911646587,2.625988328313253,1.5522755234844416,3.2397579236630065,205,187
BMAp,012 MEA Slc17a7 Glut,Kctd16,False,98.71987951807229,9.970636452058233,1.2425246803948866,3.2369292970529724,206,188
BMAp,012 MEA Slc17a7 Glut,Cd24a,False,33.68473895582329,2.109146547126004,1.7081917109018068,3.235624896983119,207,189
BMAp,012 MEA Slc17a7 Glut,Gpd1,False,40.58734939759036,2.1522623697916665,1.6196004769319594,3.2279911670866994,208,190
BMAp,012 MEA Slc17a7 Glut,Kcnmb2,False,60.51706827309237,4.555111559519327,1.4439610208516074,3.2258389014774,209,191
BMAp,012 MEA Slc17a7 Glut,Arhgap15,False,46.71184738955823,2.722569967369478,1.5552145926920122,3.224641636071118,210,192
BMAp,012 MEA Slc17a7 Glut,Lingo1,False,97.66566265060241,7.389118975903615,1.2335903595056754,3.223332260557757,211,193
BMAp,012 MEA Slc17a7 Glut,Ttyh1,False,88.25301204819277,5.790364093091115,1.2714065086288473,3.21713604527892,212,194
BMAp,012 MEA Slc17a7 Glut,Ocln,False,39.90963855421687,2.1460228119509286,1.6148514038333988,3.215929198402189,213,195
BMAp,012 MEA Slc17a7 Glut,Itpka,False,79.66867469879519,5.216804228633283,1.3106796623913106,3.211967255058479,214,196
BMAp,012 MEA Slc17a7 Glut,Ube2e3,False,93.6495983935743,6.554952230798193,1.2389245107580553,3.2104304300472233,215,197
BMAp,012 MEA Slc17a7 Glut,Npas2,False,83.50903614457832,5.613962686684237,1.285500753168301,3.2072342242854623,216,198
BMAp,012 MEA Slc17a7 Glut,Camkk2,False,95.13052208835342,7.0348268072289155,1.2251943847874402,3.2035142650038515,217,199
BMAp,012 MEA Slc17a7 Glut,Car4,False,43.0722891566265,2.309566880804468,1.5606745865052145,3.19487254026624,218,200
BMAp,012 MEA Slc17a7 Glut,Ehd3,False,85.01506024096386,5.433645715675201,1.2650197773529603,3.1945156442459295,219,201
BMAp,012 MEA Slc17a7 Glut,Rasgef1b,False,83.10742971887551,5.776974597609187,1.2708246563068268,3.190464507307234,220,202
BMAp,012 MEA Slc17a7 Glut,Col13a1,False,31.551204819277107,1.786284542466742,1.6906982908765655,3.189714238810862,221,203
BMAp,012 MEA Slc17a7 Glut,Abca8a,True,31.95281124497992,1.834840583035266,1.67745333084992,3.181962404751914,222,19
BMAp,012 MEA Slc17a7 Glut,Egr3,True,83.45883534136546,5.464129467087099,1.259706025378998,3.1811783452664604,223,20
BMAp,012 MEA Slc17a7 Glut,Nck2,False,76.30522088353413,4.549291894139056,1.2954743411000655,3.178028594957158,224,204
BMAp,012 MEA Slc17a7 Glut,Rapgefl1,False,79.71887550200803,4.8221646351029115,1.2740185475780113,3.175579711581409,225,205
BMAp,012 MEA Slc17a7 Glut,Ano6,False,86.82228915662651,5.727482684644829,1.2319739762159303,3.170605208478631,226,206
BMAp,012 MEA Slc17a7 Glut,Sprn,False,83.50903614457832,5.207658760040161,1.2478159969916236,3.169549468108785,227,207
BMAp,012 MEA Slc17a7 Glut,Stum,False,91.6917670682731,6.247932158320783,1.2006474689532531,3.1629778114135085,228,208
BMAp,012 MEA Slc17a7 Glut,Tmem121b,False,52.208835341365464,2.80192351436998,1.4430408611256502,3.1607848663367504,229,209
BMAp,012 MEA Slc17a7 Glut,Tacr1,True,61.6214859437751,3.9401029410611197,1.3658510762423033,3.1555832429496293,230,21
BMAp,012 MEA Slc17a7 Glut,Gm48623,False,59.8644578313253,3.3460220275633783,1.3776657661971037,3.154834819821575,231,210
BMAp,012 MEA Slc17a7 Glut,Smo,False,32.40461847389558,1.7820402704568272,1.6374126773137745,3.1480195898285337,232,211
BMAp,012 MEA Slc17a7 Glut,Galc,False,68.59939759036145,3.9617003168925704,1.307679739098885,3.1440000410398845,233,212
BMAp,012 MEA Slc17a7 Glut,Cenpb,False,64.53313253012048,3.6406806424918425,1.333452736098494,3.1432354829896934,234,213
BMAp,012 MEA Slc17a7 Glut,Ppp1r16b,False,74.67369477911646,4.431951928808986,1.2612941261811859,3.134461766494093,235,214
BMAp,012 MEA Slc17a7 Glut,Cttnbp2,False,99.74899598393574,9.099535838667169,1.1341030386173685,3.1330115716395035,236,215
BMAp,012 MEA Slc17a7 Glut,Stt3b,False,89.93473895582329,5.997917451054217,1.1788744823042174,3.132801960718667,237,216
BMAp,012 MEA Slc17a7 Glut,Fmnl2,False,97.79116465863454,7.70488202811245,1.1391294135706174,3.1294290320255342,238,217
BMAp,012 MEA Slc17a7 Glut,Glt8d2,False,51.73192771084337,2.96645247984124,1.4061979899881523,3.119956652015704,239,218
BMAp,012 MEA Slc17a7 Glut,Rab40b,False,89.38253012048193,5.901944692833835,1.1686789277690943,3.119931571691687,240,219
BMAp,012 MEA Slc17a7 Glut,Rnf141,False,67.74598393574297,3.807435797879016,1.2889945284936055,3.119878083298461,241,220
BMAp,012 MEA Slc17a7 Glut,Ints10,False,86.97289156626506,5.594966781187249,1.1785250810149348,3.1179089902110992,242,221
BMAp,012 MEA Slc17a7 Glut,Rgs7bp,False,99.37248995983936,9.135459807981928,1.118126734840958,3.1153929068415014,243,222
BMAp,012 MEA Slc17a7 Glut,Dpf3,False,64.05622489959839,3.9390869140625,1.307995459567978,3.1145567998654418,244,223
BMAp,012 MEA Slc17a7 Glut,Rin1,False,64.40763052208835,3.6676829387863954,1.3015274349149433,3.110464757202192,245,224
BMAp,012 MEA Slc17a7 Glut,Usp3,False,66.91767068273093,3.8917128474836846,1.2773955944869866,3.102936409813166,246,225
BMAp,012 MEA Slc17a7 Glut,Klf3,False,49.72389558232932,2.6930875356896333,1.4041471060021333,3.1007122517890195,247,226
BMAp,012 MEA Slc17a7 Glut,Edrf1,False,63.278112449799195,3.5858463149472892,1.288215598920913,3.0894691148456976,248,227
BMAp,012 MEA Slc17a7 Glut,Megf9,False,94.3273092369478,6.864107308138805,1.1140987968142637,3.0887362428271095,249,228
BMAp,012 MEA Slc17a7 Glut,Sez6,False,90.16064257028113,6.16893648814006,1.1330624661044588,3.0880794643480645,250,229
BMAp,012 MEA Slc17a7 Glut,Ltbp1,False,35.06526104417671,2.1737746885981424,1.5422106615033964,3.087087737865917,251,230
BMAp,012 MEA Slc17a7 Glut,Fscn1,False,88.62951807228916,5.670278281093123,1.1392074907008354,3.0867858785122717,252,231
BMAp,012 MEA Slc17a7 Glut,Rnf165,False,96.13453815261045,7.079480519735191,1.103392294511088,3.0862717387280494,253,232
BMAp,012 MEA Slc17a7 Glut,Adamts13,False,31.224899598393574,1.6230748188064759,1.5897967157567339,3.0842977663598727,254,233
BMAp,012 MEA Slc17a7 Glut,F730043M19Rik,False,83.35843373493977,5.731951732712099,1.1627010012628958,3.08365054710962,255,234
BMAp,012 MEA Slc17a7 Glut,Gfod1,False,92.16867469879519,6.226686531281375,1.1174968593974004,3.082080202174944,256,235
BMAp,012 MEA Slc17a7 Glut,Cdc40,False,83.03212851405623,5.195068359375,1.1591505981059793,3.0783967692348275,257,236
BMAp,012 MEA Slc17a7 Glut,Osbpl10,False,81.72690763052209,5.236215859531877,1.1659033595318773,3.07826842599738,258,237
BMAp,012 MEA Slc17a7 Glut,Tex15,False,53.6144578313253,3.086494660281752,1.3476945554580708,3.0769764740629286,259,238
BMAp,012 MEA Slc17a7 Glut,Gm28320,False,60.868473895582326,3.439071716553715,1.2917475673314582,3.0761399805180796,260,239
BMAp,012 MEA Slc17a7 Glut,Cacnb3,False,88.55421686746988,5.778006067237701,1.124387721368353,3.071596968076474,261,240
BMAp,012 MEA Slc17a7 Glut,Ccnd2,False,97.59036144578313,7.231282552083333,1.082101541749668,3.0715084682522438,262,241
BMAp,012 MEA Slc17a7 Glut,Ppp2r5a,False,75.42670682730923,4.481312947100903,1.1934487490249395,3.0709738956120365,263,242
BMAp,012 MEA Slc17a7 Glut,Gm12216,False,64.33232931726907,3.8367120827058234,1.2618249126361025,3.0702541890686854,264,243
BMAp,012 MEA Slc17a7 Glut,Exoc6,False,83.18273092369478,5.217307217149849,1.1478969336350549,3.0679301079667116,265,244
BMAp,012 MEA Slc17a7 Glut,Gprin1,False,78.94076305220884,4.760198508879267,1.1654980216914974,3.0627993417211243,266,245
BMAp,012 MEA Slc17a7 Glut,Glcci1,False,89.23192771084338,5.840352131180974,1.10973309766102,3.060253372975144,267,246
BMAp,012 MEA Slc17a7 Glut,Rapgef4os1,False,66.9929718875502,3.8617281626506026,1.2326602649527572,3.0586895089886035,268,247
BMAp,012 MEA Slc17a7 Glut,Cnnm1,False,96.31024096385542,7.004823002949297,1.0723565382714435,3.0560290077180987,269,248
BMAp,012 MEA Slc17a7 Glut,Podxl,False,44.553212851405625,2.393930948402987,1.4053319265217619,3.0542109541612135,270,249
BMAp,012 MEA Slc17a7 Glut,Dusp18,False,78.08734939759036,4.906375502008032,1.1609720423022107,3.0535527236592532,271,250
BMAp,012 MEA Slc17a7 Glut,Necab3,False,52.45983935742972,2.9331537576085593,1.3309438472499937,3.0507708036093866,272,251
BMAp,012 MEA Slc17a7 Glut,Cpd,False,91.26506024096386,6.157195677240211,1.089933645310441,3.0502381901087094,273,252
BMAp,012 MEA Slc17a7 Glut,C230034O21Rik,False,49.57329317269076,2.6576596915003763,1.3543736463447495,3.0496214165555675,274,253
BMAp,012 MEA Slc17a7 Glut,Hlf,False,93.92570281124497,7.136759440104167,1.0747543355224938,3.0475387889348236,275,254
BMAp,012 MEA Slc17a7 Glut,Foxq1,False,30.09538152610442,1.6116041313692269,1.5678245864629146,3.0463244398101024,276,255
BMAp,012 MEA Slc17a7 Glut,Ano2,False,44.17670682730924,2.564949250125502,1.3996922625025836,3.044885600565072,277,256
BMAp,012 MEA Slc17a7 Glut,Prr7,False,81.65160642570281,5.029858202340613,1.130890790737027,3.0428555242672193,278,257
BMAp,012 MEA Slc17a7 Glut,Slc1a2,False,98.01706827309236,7.551826446410643,1.0488734873954257,3.040175195857084,279,258
BMAp,012 MEA Slc17a7 Glut,Nrg1,False,99.84939759036145,11.157450112951807,1.036215462644293,3.0355609116810487,280,259
BMAp,012 MEA Slc17a7 Glut,Kcnmb4,False,77.2339357429719,4.708766217212601,1.143388928653454,3.0311970951492513,281,260
BMAp,012 MEA Slc17a7 Glut,Antxr2,False,31.224899598393574,1.741363525390625,1.5337766609343875,3.0282777115375263,282,261
BMAp,012 MEA Slc17a7 Glut,Cdk19,False,72.71586345381526,4.425268946881275,1.1625616979430107,3.0241908633951113,283,262
BMAp,012 MEA Slc17a7 Glut,Cyth1,False,85.41666666666667,5.352803303055974,1.0905366925341848,3.022079311878333,284,263
BMAp,012 MEA Slc17a7 Glut,Kcnma1,False,99.97489959839358,10.36210859061245,1.0174339729262805,3.0173249495839474,285,264
BMAp,012 MEA Slc17a7 Glut,Atrnl1,False,96.08433734939759,7.482511589326054,1.0283827009946327,3.0110353003477774,286,265
BMAp,012 MEA Slc17a7 Glut,Kcnd3,False,98.644578313253,8.231908101154618,1.011495901548237,3.0055691221720027,287,266
BMAp,012 MEA Slc17a7 Glut,Arhgef25,False,82.47991967871486,5.080966443900603,1.0878825670370706,3.0042307963844523,288,267
BMAp,012 MEA Slc17a7 Glut,Bsn,False,96.08433734939759,7.16675687123494,1.0211424431959486,3.0037950425490934,289,268
BMAp,012 MEA Slc17a7 Glut,Creg2,False,89.78413654618474,5.946985696693022,1.0480529356613255,3.001252546058634,290,269
BMAp,012 MEA Slc17a7 Glut,Tmeff2,False,99.74899598393574,10.080393840988956,1.0016190962180396,3.0005276292401746,291,270
BMAp,012 MEA Slc17a7 Glut,Neurl1b,False,56.67670682730924,3.085061682275979,1.2468850866444976,3.0002896944817854,292,271
BMAp,012 MEA Slc17a7 Glut,Gm11266,False,34.312248995983936,1.7765636520692143,1.462630612508617,2.9980797973247784,293,272
BMAp,012 MEA Slc17a7 Glut,Tbc1d22a,False,72.99196787148594,4.262643346824799,1.1341394416963175,2.9974145141316564,294,273
BMAp,012 MEA Slc17a7 Glut,Tmcc2,False,76.33032128514056,4.520553405026355,1.1129301052488647,2.995627195641336,295,274
BMAp,012 MEA Slc17a7 Glut,Sort1,False,94.47791164658635,6.751827622991968,1.0131061406947603,2.9884364256983185,296,275
BMAp,012 MEA Slc17a7 Glut,Kcna4,False,74.07128514056225,4.4381799659575805,1.118416670372718,2.988066550121016,297,276
BMAp,012 MEA Slc17a7 Glut,Cryab,False,31.676706827309236,1.8305378496407505,1.485735086097887,2.9864751112543413,298,277
BMAp,012 MEA Slc17a7 Glut,Psd3,False,99.19678714859438,8.96150912242721,0.9891197735726278,2.9856173797365573,299,278
BMAp,012 MEA Slc17a7 Glut,Ski,False,91.74196787148594,6.284018888052209,1.020202897885686,2.982770949427904,300,279
BMAp,012 MEA Slc17a7 Glut,Shtn1,False,93.02208835341365,6.4318479974585845,1.0132659841271625,2.9818520693583803,301,280
BMAp,012 MEA Slc17a7 Glut,Tspan9,False,45.48192771084337,2.5343721075709085,1.32299851417928,2.980837377768413,302,281
BMAp,012 MEA Slc17a7 Glut,Mitf,False,57.153614457831324,3.3204688872678214,1.221801357522982,2.9788450583864634,303,282
BMAp,012 MEA Slc17a7 Glut,Slk,False,88.60441767068274,5.725117756180974,1.0247874862211805,2.972242861857342,304,283
BMAp,012 MEA Slc17a7 Glut,Ncoa1,False,99.6987951807229,8.917816774912149,0.9699087688915062,2.968598678963189,305,284
BMAp,012 MEA Slc17a7 Glut,Dio3,False,30.77309236947791,1.720922876074611,1.4766978108895192,2.9648689513202546,306,285
BMAp,012 MEA Slc17a7 Glut,Dnah11,False,29.869477911646587,1.7560210323716743,1.4888999608605478,2.964127592501417,307,286
BMAp,012 MEA Slc17a7 Glut,Slco3a1,False,98.26807228915662,8.163778159513052,0.9700647319732116,2.9624771686155125,308,287
BMAp,012 MEA Slc17a7 Glut,2700081O15Rik,False,45.55722891566265,2.417277263350276,1.298408174417642,2.956965474038112,309,288
BMAp,012 MEA Slc17a7 Glut,Cnksr2,False,98.0421686746988,8.693528018323294,0.9619472824275146,2.953360191627689,310,289
BMAp,012 MEA Slc17a7 Glut,Atp8b1,False,30.622489959839356,1.6688379494540662,1.4658455975725297,2.951886098495617,311,290
BMAp,012 MEA Slc17a7 Glut,St6gal2,False,68.09738955823293,3.9601817916196036,1.1171223668241685,2.9502528308341036,312,291
BMAp,012 MEA Slc17a7 Glut,Acot2,False,37.424698795180724,1.963127779673381,1.3769945184370225,2.9501528321383557,313,292
BMAp,012 MEA Slc17a7 Glut,Gal3st3,False,57.78112449799197,3.136962400382781,1.1875722330938667,2.9493582226359787,314,293
BMAp,012 MEA Slc17a7 Glut,Fads2,False,71.71184738955823,4.13691484688755,1.09365577843147,2.949246689062552,315,294
BMAp,012 MEA Slc17a7 Glut,Trabd2b,False,26.330321285140563,1.5535139826885667,1.528645702209409,2.9491018606513055,316,295
BMAp,012 MEA Slc17a7 Glut,Mpzl1,False,51.45582329317269,2.8321155716616464,1.2334431714188676,2.9448777027229607,317,296
BMAp,012 MEA Slc17a7 Glut,Ttc26,False,69.55321285140562,4.037430728774473,1.1020846132366247,2.9444018092671955,318,297
BMAp,012 MEA Slc17a7 Glut,Camta2,False,88.60441767068274,5.738458717683233,0.9950324228625158,2.9424877984986773,319,298
BMAp,012 MEA Slc17a7 Glut,Man1c1,False,64.10642570281125,3.7208634342055724,1.1355296347442092,2.9424311979199445,320,299
BMAp,012 MEA Slc17a7 Glut,Sorbs2,False,99.82429718875503,9.612612559613455,0.9389604464997188,2.938196707734038,321,300
BMAp,012 MEA Slc17a7 Glut,Cep85l,False,69.67871485943775,4.033587474899599,1.0921806641401957,2.9352807961713516,322,301
BMAp,012 MEA Slc17a7 Glut,Rap1gap2,False,96.31024096385542,7.442681370011295,0.9490962951718505,2.9327687646185057,323,302
BMAp,012 MEA Slc17a7 Glut,St6galnac3,False,91.26506024096386,6.825397292294177,0.969062362523565,2.9293669073218336,324,303
BMAp,012 MEA Slc17a7 Glut,Slc44a1,False,90.9136546184739,6.038071720475653,0.9693545809766579,2.9279836972030364,325,304
BMAp,012 MEA Slc17a7 Glut,Mapk3,False,89.30722891566265,5.956005663278113,0.9747501678359649,2.92563678183221,326,305
BMAp,012 MEA Slc17a7 Glut,Gm19938,False,81.52610441767068,5.095668808044679,1.013560133368384,2.9248568241858606,327,306
BMAp,012 MEA Slc17a7 Glut,Zfp46,True,54.643574297188756,2.990462337631777,1.1857203680102633,2.9232594672996965,328,22
BMAp,012 MEA Slc17a7 Glut,Igf1r,False,95.15562248995984,7.106125674573293,0.9443531688393483,2.9227876235141217,329,307
BMAp,012 MEA Slc17a7 Glut,Shisa4,False,91.49096385542168,6.1190396351029115,0.9604711337045275,2.9218493366068596,330,308
BMAp,012 MEA Slc17a7 Glut,Acvr1,False,75.62751004016064,4.605471691453313,1.038784119779001,2.917463921700697,331,309
BMAp,012 MEA Slc17a7 Glut,Rhbdl3,False,81.65160642570281,5.559937994164157,1.0026375086063881,2.9146022421365805,332,310
BMAp,012 MEA Slc17a7 Glut,Ybx1,False,92.31927710843374,6.231500709870733,0.9471234661889412,2.9124158613393387,333,311
BMAp,012 MEA Slc17a7 Glut,Sptbn2,False,90.1355421686747,5.96650469063755,0.9564721395618658,2.911368214936278,334,312
BMAp,012 MEA Slc17a7 Glut,Nuak1,False,78.03714859437751,4.678290309676205,1.0178805964261333,2.910181988717664,335,313
BMAp,012 MEA Slc17a7 Glut,Flnb,False,92.04317269076306,6.288248207674448,0.946016294858623,2.9100078750675644,336,314
BMAp,012 MEA Slc17a7 Glut,Numb,False,83.4839357429719,5.253236579129016,0.988229770069383,2.9098326852012226,337,315
BMAp,012 MEA Slc17a7 Glut,Kctd12,False,73.39357429718875,4.650219530465613,1.0403685861088974,2.906026624643059,338,316
BMAp,012 MEA Slc17a7 Glut,Ntf3,False,32.80622489959839,1.8029514297424072,1.3848677099341402,2.9008239677630234,339,317
BMAp,012 MEA Slc17a7 Glut,Neurl1a,False,90.41164658634538,5.923651147558986,0.9382931363258535,2.894517515057707,340,318
BMAp,012 MEA Slc17a7 Glut,Nhsl1,False,40.53714859437751,2.204139556271963,1.2855451837620027,2.8933983806774632,341,319
BMAp,012 MEA Slc17a7 Glut,Runx2,False,72.31425702811245,4.59586441469001,1.0260609329725874,2.885284861501339,342,320
BMAp,012 MEA Slc17a7 Glut,Kcnj9,False,88.62951807228916,5.7774040497929215,0.9345036721541247,2.882082059965561,343,321
BMAp,012 MEA Slc17a7 Glut,Osbpl1a,False,87.85140562248996,5.851296298475151,0.9373215995072606,2.881070314105875,344,322
BMAp,012 MEA Slc17a7 Glut,Klf9,False,96.86244979919678,7.548674188943273,0.8924028800859656,2.878558328905701,345,323
BMAp,012 MEA Slc17a7 Glut,Mef2c,False,99.47289156626506,10.28288054561998,0.8796248185283471,2.8773295611108756,346,324
BMAp,012 MEA Slc17a7 Glut,Tiparp,True,55.79819277108434,3.2746949712914155,1.1284029907759772,2.875023123723307,347,23
BMAp,012 MEA Slc17a7 Glut,Rassf3,False,33.333333333333336,1.8435054916933358,1.3510233401819918,2.8739020854623294,348,325
BMAp,012 MEA Slc17a7 Glut,C1ql3,False,78.68975903614458,5.465182017131024,0.9778216928033352,2.8737399082184094,349,326
BMAp,012 MEA Slc17a7 Glut,Sidt1,False,92.34437751004016,6.364637750219629,0.9078883008346557,2.8732987589141215,350,327
BMAp,012 MEA Slc17a7 Glut,Pdk1,False,75.07530120481928,4.51095593310743,0.9954176160155082,2.8709146992951653,351,328
BMAp,012 MEA Slc17a7 Glut,Cpeb1,False,83.03212851405623,5.151809876223645,0.9474716401656327,2.866717811294481,352,329
BMAp,012 MEA Slc17a7 Glut,Cdc42se2,False,94.85441767068274,6.734123505741717,0.8842570039132598,2.8613145660786135,353,330
BMAp,012 MEA Slc17a7 Glut,Aifm3,False,74.27208835341365,4.405507283038403,0.9885592486301586,2.8593848840391303,354,331
BMAp,012 MEA Slc17a7 Glut,Arhgap10,False,71.15963855421687,4.490256926142068,1.0070281183614194,2.8592618518386836,355,332
BMAp,012 MEA Slc17a7 Glut,Rragd,False,89.63353413654619,5.997540945030121,0.9015324010809174,2.854002921522038,356,333
BMAp,012 MEA Slc17a7 Glut,Trafd1,False,75.75301204819277,4.440293400163153,0.9725005092268977,2.8519004149148075,357,334
BMAp,012 MEA Slc17a7 Glut,Dhx33,False,51.70682730923695,2.7705992426738204,1.1313425833551443,2.8448904739726366,358,335
BMAp,012 MEA Slc17a7 Glut,Prss12,False,48.69477911646587,2.6541858351374246,1.1554681083881715,2.8429505085667364,359,336
BMAp,012 MEA Slc17a7 Glut,Man1a2,False,98.31827309236948,7.555742991497239,0.845630368578778,2.838264610374983,360,337
BMAp,012 MEA Slc17a7 Glut,Ptpn14,False,65.4367469879518,3.909618699407003,1.0217428590185569,2.837564560435225,361,338
BMAp,012 MEA Slc17a7 Glut,Prxl2a,False,77.68574297188755,4.813918270739207,0.9465408338126018,2.8368821574170777,362,339
BMAp,012 MEA Slc17a7 Glut,Adcy10,False,36.47088353413655,1.9661832143025226,1.270478689413618,2.832424973959978,363,340
BMAp,012 MEA Slc17a7 Glut,Moxd1,False,36.64658634538153,2.2436913180064004,1.2671020060089853,2.8311355320417615,364,341
BMAp,012 MEA Slc17a7 Glut,Wipf3,False,91.29016064257029,6.606259020456827,0.8667844744476394,2.8272084457506903,365,342
BMAp,012 MEA Slc17a7 Glut,Fermt2,False,82.53012048192771,4.982493940606175,0.9098578837423039,2.8264703628586556,366,343
BMAp,012 MEA Slc17a7 Glut,Slit3,False,98.79518072289157,9.125600056475903,0.8302189320715119,2.824954692079155,367,344
BMAp,012 MEA Slc17a7 Glut,Ccsap,False,71.76204819277109,4.173333960843373,0.9679496612094369,2.823844486815765,368,345
BMAp,012 MEA Slc17a7 Glut,A830018L16Rik,False,98.56927710843374,8.596072767633032,0.8289992466680696,2.8227408181868268,369,346
BMAp,012 MEA Slc17a7 Glut,Kdm7a,False,88.80522088353413,5.958811809738956,0.8721935424428713,2.8206320412649144,370,347
BMAp,012 MEA Slc17a7 Glut,Tshz3,False,79.06626506024097,5.18733429813002,0.9208323372236453,2.818823561261585,371,348
BMAp,012 MEA Slc17a7 Glut,Ippk,False,58.91064257028113,3.251926161677962,1.0428545885908242,2.8130483484377558,372,349
BMAp,012 MEA Slc17a7 Glut,Camk2a,True,99.94979919678715,9.743702348456326,0.8113443232854127,2.8111262492251425,373,24
BMAp,012 MEA Slc17a7 Glut,Nras,False,65.035140562249,3.6355051553871736,0.9966075747275411,2.8097556579617047,374,350
BMAp,012 MEA Slc17a7 Glut,Aagab,False,74.84939759036145,4.335271260824548,0.9353063013517908,2.8094946107171053,375,351
BMAp,012 MEA Slc17a7 Glut,Xpnpep1,False,71.46084337349397,4.11105358935743,0.9531925275931461,2.8072606649884397,376,352
BMAp,012 MEA Slc17a7 Glut,Slc7a4,False,52.86144578313253,2.8866506063315764,1.0838954534060445,2.807034490503851,377,353
BMAp,012 MEA Slc17a7 Glut,Egln1,False,82.58032128514056,5.082774947446034,0.8893743597166761,2.806250927914989,378,354
BMAp,012 MEA Slc17a7 Glut,Ing1,False,88.65461847389558,5.768072779398845,0.8555666758832201,2.8032680410370903,379,355
BMAp,012 MEA Slc17a7 Glut,Ubtf,False,84.61345381526104,5.166399484657379,0.8728840930986141,2.800323515867925,380,356
BMAp,012 MEA Slc17a7 Glut,Lonrf1,False,74.07128514056225,4.320910595507028,0.9263728715066137,2.7960227512549123,381,357
BMAp,012 MEA Slc17a7 Glut,Ptpre,False,90.58734939759036,6.285412646680472,0.8384716767669076,2.7955392290747536,382,358
BMAp,012 MEA Slc17a7 Glut,Slc18b1,False,54.79417670682731,2.9716882667388305,1.0547449398293391,2.7934793457868174,383,359
BMAp,012 MEA Slc17a7 Glut,Tesc,False,66.56626506024097,4.010736304593373,0.969694985904229,2.7929491758853033,384,360
BMAp,012 MEA Slc17a7 Glut,Syt16,False,98.51907630522088,7.8984507365399095,0.7978912557132158,2.791411587042826,385,361
BMAp,012 MEA Slc17a7 Glut,Grin2b,True,100.0,11.001675647904117,0.7910950271769561,2.791095027176956,386,25
BMAp,012 MEA Slc17a7 Glut,Nkain2,False,100.0,12.03253149316014,0.7840901237900741,2.784090123790074,387,362
BMAp,012 MEA Slc17a7 Glut,Thap12,False,74.47289156626506,4.343984826022841,0.9080268304532697,2.7800250470184507,388,363
BMAp,012 MEA Slc17a7 Glut,Pcdh8,False,78.5140562248996,4.924725758502761,0.8824151037086114,2.777362518344761,389,364
BMAp,012 MEA Slc17a7 Glut,Adgra3,False,38.855421686746986,2.0269986194779115,1.187625136332096,2.7770767629273085,390,365
BMAp,012 MEA Slc17a7 Glut,Celf2,False,100.0,12.01267374184237,0.7754815749842425,2.7754815749842425,391,366
BMAp,012 MEA Slc17a7 Glut,Timp4,False,58.308232931726906,3.2161578442676957,1.0085144571022204,2.7742443371507948,392,367
BMAp,012 MEA Slc17a7 Glut,Igfbp3,False,52.7359437751004,3.0890319088855422,1.051018044814731,2.7731247674690227,393,368
BMAp,012 MEA Slc17a7 Glut,Atf7,False,76.43072289156626,4.653448265719127,0.8893569426858221,2.772624909903055,394,369
BMAp,012 MEA Slc17a7 Glut,Gm20033,False,38.15261044176707,2.015713488720507,1.1895649638674395,2.771089222060551,395,370
BMAp,012 MEA Slc17a7 Glut,Kmt5a,False,82.429718875502,5.044944916384287,0.8547658626110151,2.770849681306757,396,371
BMAp,012 MEA Slc17a7 Glut,Atp11a,False,76.58132530120481,4.518483112136044,0.8852855866916634,2.7694084645824093,397,372
BMAp,012 MEA Slc17a7 Glut,Bhlhb9,False,88.45381526104417,5.650417588322038,0.822455222782648,2.7691717927709973,398,373
BMAp,012 MEA Slc17a7 Glut,Tspan14,False,48.519076305220885,2.613753353256777,1.0831820836477135,2.7690946079246057,399,374
BMAp,012 MEA Slc17a7 Glut,Dcaf6,False,96.41064257028113,7.347353280308735,0.7839717894404483,2.7680967668539633,400,375
BMAp,012 MEA Slc17a7 Glut,Cars2,False,49.774096385542165,2.665861688943273,1.0698642512999246,2.766867635753566,401,376
BMAp,012 MEA Slc17a7 Glut,Bace2,False,25.52710843373494,1.4762000884396962,1.3568927298365228,2.7638943530076063,402,377
BMAp,012 MEA Slc17a7 Glut,Gm16351,False,41.139558232931726,2.1885015648531625,1.1453125976828187,2.7595722215016565,403,378
BMAp,012 MEA Slc17a7 Glut,Tiam1,False,97.9417670682731,8.037511863861697,0.7681789190776076,2.7591468543844457,404,379
BMAp,012 MEA Slc17a7 Glut,Fam3c,False,78.56425702811245,4.976527202560241,0.8634449661282266,2.758669973923014,405,380
BMAp,012 MEA Slc17a7 Glut,Dbpht2,False,97.7660642570281,7.408791905904869,0.7684051849111873,2.7585933171681094,406,381
BMAp,012 MEA Slc17a7 Glut,Peli1,False,93.92570281124497,6.673825183546687,0.7828012232711536,2.7555856766834834,407,382
BMAp,012 MEA Slc17a7 Glut,Cdh13,False,98.69477911646587,9.41772853131275,0.7586623411325135,2.7529565205409505,408,383
BMAp,012 MEA Slc17a7 Glut,Ppm1l,False,97.56526104417671,7.528210008000753,0.760896152241112,2.7501913631207175,409,384
BMAp,012 MEA Slc17a7 Glut,Qk,False,91.61646586345381,6.515884828376004,0.7856848927875735,2.7476584274923868,410,385
BMAp,012 MEA Slc17a7 Glut,Gm21798,False,44.47791164658634,2.4080678181475905,1.0983471141157068,2.7464915019150777,411,386
BMAp,012 MEA Slc17a7 Glut,Dbx2,False,27.183734939759034,1.3990743246423192,1.3116244288613383,2.7459335557349975,412,387
BMAp,012 MEA Slc17a7 Glut,Armc10,False,47.941767068273094,2.594047822147967,1.0635976501795903,2.7443116876756566,413,388
BMAp,012 MEA Slc17a7 Glut,Gm5087,False,30.446787148594378,1.648004125878514,1.2603694108324484,2.74391088194736,414,389
BMAp,012 MEA Slc17a7 Glut,Cnih3,True,86.64658634538152,6.240014746485944,0.8055025472464159,2.743254004537927,415,26
BMAp,012 MEA Slc17a7 Glut,Tmem178,False,55.19578313253012,3.160664631180974,1.0010983089688548,2.743004208577984,416,390
BMAp,012 MEA Slc17a7 Glut,Spata2,False,66.74196787148594,3.7748484171059236,0.9175261615774915,2.7419251691573976,417,391
BMAp,012 MEA Slc17a7 Glut,Tmem159,False,53.338353413654616,2.8834775135699044,1.0137764829090385,2.740816087543708,418,392
BMAp,012 MEA Slc17a7 Glut,Ppm1h,False,93.24799196787149,6.455535030747992,0.7703082656632176,2.739947754008151,419,393
BMAp,012 MEA Slc17a7 Glut,Pex5l,False,98.54417670682732,9.038220263867972,0.7454227041070158,2.7390536696193424,420,394
BMAp,012 MEA Slc17a7 Glut,Mcu,False,91.9929718875502,6.326636134381275,0.7745810733752982,2.738335722600784,421,395
BMAp,012 MEA Slc17a7 Glut,Kndc1,False,91.5160642570281,6.3970814900225905,0.7734288350176106,2.7349261695849068,422,396
BMAp,012 MEA Slc17a7 Glut,Pip4k2c,False,63.303212851405625,3.512531326477786,0.933414085222052,2.7348398377074536,423,397
BMAp,012 MEA Slc17a7 Glut,Abi1,False,94.87951807228916,6.647132475213353,0.7570239707618889,2.734196440847453,424,398
BMAp,012 MEA Slc17a7 Glut,Tsga10,False,79.894578313253,4.972542513805221,0.831259987659803,2.733777296529145,425,399
BMAp,012 MEA Slc17a7 Glut,Tmem170b,False,84.5632530120482,5.204578077936747,0.8065775636830903,2.7337592449125494,426,400
BMAp,012 MEA Slc17a7 Glut,Cap2,False,99.14658634538152,8.027051075395331,0.737302258164255,2.733580024039054,427,401
BMAp,012 MEA Slc17a7 Glut,B230334C09Rik,False,97.59036144578313,7.314954152547691,0.7439222292516483,2.733329155754224,428,402
BMAp,012 MEA Slc17a7 Glut,Pigk,False,93.59939759036145,6.476989991214859,0.7620176778006309,2.733290731410277,429,403
BMAp,012 MEA Slc17a7 Glut,Trim9,False,98.59437751004016,8.024674871360443,0.7384407002914557,2.7322928496547068,430,404
BMAp,012 MEA Slc17a7 Glut,Secisbp2l,False,84.63855421686748,5.271744693618223,0.8036283517434031,2.7311965879444466,431,405
BMAp,012 MEA Slc17a7 Glut,Dab1,False,99.92469879518072,11.207087137612952,0.7314513993161391,2.7311242471485757,432,406
BMAp,012 MEA Slc17a7 Glut,Jpt1,False,89.28212851405623,5.760846609092621,0.778386294715161,2.72915083014928,433,407
BMAp,012 MEA Slc17a7 Glut,B930095G15Rik,False,81.92771084337349,5.091320849805472,0.8152669544638824,2.728697774794045,434,408
BMAp,012 MEA Slc17a7 Glut,Micu1,False,89.4578313253012,5.916960811997992,0.7755074846822545,2.7271258502954305,435,409
BMAp,012 MEA Slc17a7 Glut,Cadm2,False,99.97489959839358,11.631785932793674,0.7264155875999716,2.7263065642576385,436,410
BMAp,012 MEA Slc17a7 Glut,Actn1,False,90.36144578313252,6.198317194559488,0.770223917161518,2.7262070881771443,437,411
BMAp,012 MEA Slc17a7 Glut,Gm38413,False,40.36144578313253,2.1379649457203813,1.1200034030633002,2.7259701177240716,438,412
BMAp,012 MEA Slc17a7 Glut,Klhl8,False,59.81425702811245,3.2737546867156126,0.9487097979254173,2.7255145105202123,439,413
BMAp,012 MEA Slc17a7 Glut,Ttc9b,False,91.31526104417671,6.153534548349649,0.7646404829826761,2.72518384795848,440,414
BMAp,012 MEA Slc17a7 Glut,Cenpp,False,51.6566265060241,2.9066071414564507,1.0092826086811852,2.7224086493559385,441,415
BMAp,012 MEA Slc17a7 Glut,Epn2,False,92.84638554216868,6.3402545729794175,0.7540953384652269,2.72186034002896,442,416
BMAp,012 MEA Slc17a7 Glut,6430590A07Rik,False,59.81425702811245,3.260457111649724,0.9444055154849216,2.7212102280797166,443,417
BMAp,012 MEA Slc17a7 Glut,Mphosph10,False,53.53915662650602,2.8800080693869226,0.9907838542206382,2.719455379918406,444,418
BMAp,012 MEA Slc17a7 Glut,Slc6a6,False,94.6285140562249,6.575058044678715,0.742114039449632,2.7181360599037636,445,419
BMAp,012 MEA Slc17a7 Glut,Ppp1r9b,False,90.73795180722891,5.908876227566516,0.7578885708570287,2.715677542735917,446,420
BMAp,012 MEA Slc17a7 Glut,Khdrbs3,False,98.61947791164658,8.023091388993475,0.7199794481174493,2.713942147177594,447,421
BMAp,012 MEA Slc17a7 Glut,Trim8,False,75.72791164658635,4.460779642005522,0.8339859923495587,2.7132419727728863,448,422
BMAp,012 MEA Slc17a7 Glut,Ptpra,False,96.73694779116465,7.084293717840111,0.726969975735603,2.7125623563033763,449,423
BMAp,012 MEA Slc17a7 Glut,Rnf217,False,89.30722891566265,6.006639350370231,0.7598612055397096,2.7107478195359547,450,424
BMAp,012 MEA Slc17a7 Glut,H2afj,False,80.3714859437751,4.86121046686747,0.8039350622234851,2.709037060055105,451,425
BMAp,012 MEA Slc17a7 Glut,Serinc5,False,59.48795180722892,3.322143064445281,0.9327126006313811,2.7071416168898237,452,426
BMAp,012 MEA Slc17a7 Glut,Filip1,False,77.40963855421687,4.880358347452309,0.8169345885181887,2.7057296281454466,453,427
BMAp,012 MEA Slc17a7 Glut,Eftud2,False,81.65160642570281,4.899187080352661,0.793225092446094,2.7051898259762863,454,428
BMAp,012 MEA Slc17a7 Glut,Fgf13,False,97.11345381526104,7.919441437625502,0.7172076280333135,2.704487028002897,455,429
BMAp,012 MEA Slc17a7 Glut,Ap3b1,False,88.12751004016064,5.67387175655748,0.7589109359333106,2.7040224356470004,456,430
BMAp,012 MEA Slc17a7 Glut,Actn4,False,86.54618473895583,5.494930895456827,0.7663194652443055,2.7035673926453194,457,431
BMAp,012 MEA Slc17a7 Glut,Sphkap,False,99.34738955823293,8.264222907254016,0.7040541142494288,2.701210574368145,458,432
BMAp,012 MEA Slc17a7 Glut,Lsamp,False,100.0,13.473767138867972,0.7006657903925042,2.700665790392504,459,433
BMAp,012 MEA Slc17a7 Glut,Lncppara,False,62.299196787148595,3.457249652908509,0.9048725295570184,2.6993549769680683,460,434
BMAp,012 MEA Slc17a7 Glut,Csnk1g1,False,96.78714859437751,7.112785615116717,0.7098029622008273,2.6956206576799593,461,435
BMAp,012 MEA Slc17a7 Glut,Spata2l,False,61.16967871485944,3.3925234629925956,0.9080214107344644,2.6945576101675277,462,436
BMAp,012 MEA Slc17a7 Glut,Cpne6,False,89.88453815261045,5.86264050341993,0.7379111975622541,2.691596188822496,463,437
BMAp,012 MEA Slc17a7 Glut,Mcur1,False,41.691767068273094,2.162203991748243,1.070359747630962,2.690410050330695,464,438
BMAp,012 MEA Slc17a7 Glut,Mfhas1,False,88.72991967871486,5.787465781093123,0.7417348822972514,2.6898049706785088,465,439
BMAp,012 MEA Slc17a7 Glut,Cdkl5,False,96.10943775100401,7.255223040599899,0.7065260762548196,2.689292112850846,466,440
BMAp,012 MEA Slc17a7 Glut,Gm15594,False,41.1144578313253,2.135291900021963,1.0738777908337158,2.6878723585064543,467,441
BMAp,012 MEA Slc17a7 Glut,Plekhg5,False,67.8714859437751,3.9830410509224397,0.8513917900971406,2.6830791476150777,468,442
BMAp,012 MEA Slc17a7 Glut,R3hdm4,False,92.6706827309237,6.243136608935743,0.7156589280521715,2.682601290654385,469,443
BMAp,012 MEA Slc17a7 Glut,Atp1a1,False,96.33534136546184,7.339267715392821,0.6974211524396408,2.6812067930874326,470,444
BMAp,012 MEA Slc17a7 Glut,Garem1,False,87.92670682730923,5.764260655904869,0.7354651113119548,2.679585918877986,471,445
BMAp,012 MEA Slc17a7 Glut,Rnf19a,False,71.6867469879518,4.137639915129267,0.8235201615942396,2.678959034946715,472,446
BMAp,012 MEA Slc17a7 Glut,Kalrn,False,99.8995983935743,9.891210349209338,0.6764415682543774,2.676005310576404,473,447
BMAp,012 MEA Slc17a7 Glut,Dnm2,False,77.66064257028113,4.614830415411647,0.7829979546199444,2.673198934231632,474,448
BMAp,012 MEA Slc17a7 Glut,Cipc,False,81.8273092369478,4.947447014620984,0.7599066978205249,2.672804968136803,475,449
BMAp,012 MEA Slc17a7 Glut,Dusp7,False,65.1355421686747,3.6510073497113456,0.8588768591445239,2.6726948915773394,476,450
BMAp,012 MEA Slc17a7 Glut,Erc2,False,99.77409638554217,10.207503843498996,0.6725491775012902,2.671566980742118,477,451
BMAp,012 MEA Slc17a7 Glut,Dennd1b,False,89.28212851405623,5.85037219189257,0.7175822578786262,2.6683467933127454,478,452
BMAp,012 MEA Slc17a7 Glut,Rapgef4,False,99.1214859437751,8.680869964231928,0.6721548247896969,2.66832262877458,479,453
BMAp,012 MEA Slc17a7 Glut,Paqr3,False,70.9839357429719,4.08592009640123,0.8170642811019189,2.6682243564751196,480,454
BMAp,012 MEA Slc17a7 Glut,Prkca,False,98.87048192771084,8.08728909779744,0.6729192335046106,2.667985884562091,481,455
BMAp,012 MEA Slc17a7 Glut,Kcnc3,False,79.39257028112449,4.726873803808986,0.7649377910509583,2.66471765321502,482,456
BMAp,012 MEA Slc17a7 Glut,Frrs1l,False,99.6987951807229,8.551258745921185,0.6648419251515705,2.663531835223253,483,457
BMAp,012 MEA Slc17a7 Glut,Pgbd5,False,95.43172690763052,6.950137954160391,0.6836415799083966,2.66333436268616,484,458
BMAp,012 MEA Slc17a7 Glut,Camkk1,False,77.68574297188755,4.6622314453125,0.7723772091116672,2.662718532716143,485,459
BMAp,012 MEA Slc17a7 Glut,Slit1,False,91.89257028112449,6.545154249811747,0.6978781199561697,2.6611585190860394,486,460
BMAp,012 MEA Slc17a7 Glut,Dnaja4,False,61.19477911646587,3.3937240661866217,0.87084424141272,2.657558612943422,487,461
BMAp,012 MEA Slc17a7 Glut,Dtx4,False,55.42168674698795,3.006521201995482,0.9135033709798406,2.6571831102853407,488,462
BMAp,012 MEA Slc17a7 Glut,Kcns1,False,39.73393574297189,2.0750484849554467,1.0578727542843809,2.657034339395076,489,463
BMAp,012 MEA Slc17a7 Glut,Gm1992,False,58.20783132530121,3.2704055969973647,0.8897174122364087,2.654698831122735,490,464
BMAp,012 MEA Slc17a7 Glut,Sobp,False,99.87449799196787,8.95272005992721,0.652714675090909,2.652169284485636,491,465
BMAp,012 MEA Slc17a7 Glut,Fgd4,False,94.75401606425703,6.89517199658007,0.6733977653798711,2.649995391593417,492,466
BMAp,012 MEA Slc17a7 Glut,Stim2,False,93.14759036144578,6.531909866026607,0.6781319197167663,2.647303544313888,493,467
BMAp,012 MEA Slc17a7 Glut,Mark2,False,94.97991967871486,6.666126419741466,0.6683145029312447,2.6459463009093387,494,468
BMAp,012 MEA Slc17a7 Glut,Mindy3,False,80.02008032128514,4.82292402029995,0.7394091120430692,2.6426080950154827,495,469
BMAp,012 MEA Slc17a7 Glut,Akirin2,False,87.90160642570281,5.612689527641817,0.6974471898582966,2.6414440018540626,496,470
BMAp,012 MEA Slc17a7 Glut,Kcnv1,False,60.7429718875502,3.445819900696536,0.8547127554276699,2.63820879165644,497,471
BMAp,012 MEA Slc17a7 Glut,Hcfc2,False,55.22088353413655,2.967240299086973,0.8942803137564388,2.636383664826984,498,472
BMAp,012 MEA Slc17a7 Glut,Slc4a10,False,99.24698795180723,8.394464577058233,0.6388211209229127,2.635538456148905,499,473
BMAp,012 MEA Slc17a7 Glut,Arel1,False,81.80220883534136,5.003352766534889,0.7223010717507998,2.635066102464283,500,474
BMAp,012 MEA Slc17a7 Glut,Sdcbp,False,92.04317269076306,6.236558538842871,0.6694951869479242,2.6334867671568656,501,475
BMAp,012 MEA Slc17a7 Glut,Ubn1,False,84.03614457831326,5.140727950865964,0.7087442038440042,2.6332103234135653,502,476
BMAp,012 MEA Slc17a7 Glut,4930419G24Rik,False,44.553212851405625,2.4247483096448295,0.9817304397182856,2.630609467357737,503,477
BMAp,012 MEA Slc17a7 Glut,Btbd8,False,86.47088353413655,5.4583686307730925,0.6932019537312595,2.630071850223243,504,478
BMAp,012 MEA Slc17a7 Glut,Dusp14,False,58.05722891566265,3.2656735339796685,0.8623155913522602,2.6261718943712182,505,479
BMAp,012 MEA Slc17a7 Glut,Zfp608,False,91.31526104417671,6.453148531626506,0.6654560760912664,2.62599944106707,506,480
BMAp,012 MEA Slc17a7 Glut,Pcbp3,False,89.1566265060241,5.768714506463353,0.6744711617798673,2.62462478913477,507,481
BMAp,012 MEA Slc17a7 Glut,Bcl7a,False,91.18975903614458,6.0506591796875,0.660582040209289,2.6205281083203427,508,482
BMAp,012 MEA Slc17a7 Glut,Cpeb4,False,97.91666666666667,7.482884663654619,0.6275105970262445,2.618367217586375,509,483
BMAp,012 MEA Slc17a7 Glut,Pou2f2,False,76.83232931726907,4.727757220287399,0.7317405201727207,2.6172845200183943,510,484
BMAp,012 MEA Slc17a7 Glut,Esyt2,False,97.464859437751,7.386745223079819,0.6264271204901775,2.615275181284564,511,485
BMAp,012 MEA Slc17a7 Glut,Farp1,False,97.33935742971887,7.396340243787651,0.6265379570271685,2.614826432018194,512,486
BMAp,012 MEA Slc17a7 Glut,Sec24d,False,66.84236947791165,3.9231184993881776,0.7855569522205563,2.6106087889078364,513,487
BMAp,012 MEA Slc17a7 Glut,Cav2,False,36.897590361445786,1.9587154771429467,1.0433235293092813,2.6103215343057964,514,488
BMAp,012 MEA Slc17a7 Glut,Dock9,False,95.83333333333333,6.987588537744729,0.6285423436506923,2.610058937956679,515,489
BMAp,012 MEA Slc17a7 Glut,Hspa12a,False,96.93775100401606,7.392111904649849,0.6221525613724515,2.6086455010641663,516,490
BMAp,012 MEA Slc17a7 Glut,Gm46367,False,47.59036144578313,2.5379587196442017,0.9303569869177108,2.6078759901680972,517,491
BMAp,012 MEA Slc17a7 Glut,Grb14,False,70.18072289156626,4.350572210717871,0.7615582791188023,2.607776116440785,518,492
BMAp,012 MEA Slc17a7 Glut,Zdhhc23,False,57.730923694779115,3.202001119713228,0.8451077604503796,2.6065162667163113,519,493
BMAp,012 MEA Slc17a7 Glut,Eml6,False,99.54819277108433,8.788165356739459,0.6076732626159522,2.605706642733575,520,494
BMAp,012 MEA Slc17a7 Glut,Bmp1,False,57.881526104417674,3.2274123348864205,0.8418613746648069,2.6044013478718258,521,495
BMAp,012 MEA Slc17a7 Glut,2810455O05Rik,False,50.928714859437754,2.7118432224993727,0.8966967184977936,2.6036594357794787,522,496
BMAp,012 MEA Slc17a7 Glut,Slc2a3,False,95.8082329317269,6.783435009569528,0.6219929382588765,2.603395768456314,523,497
BMAp,012 MEA Slc17a7 Glut,Mysm1,False,85.49196787148594,5.359389707266566,0.6705489496690893,2.6024742635440106,524,498
BMAp,012 MEA Slc17a7 Glut,Mast3,False,87.09839357429719,5.703182848581827,0.661887627688933,2.6018977727281456,525,499
BMAp,012 MEA Slc17a7 Glut,Cry2,False,87.47489959839358,5.520073457894076,0.6591956398297452,2.601079092512112,526,500
BMAp,012 MEA Slc17a7 Glut,Phf20l1,False,97.464859437751,7.145351915474397,0.6118266415700147,2.600674702364401,527,501
BMAp,012 MEA Slc17a7 Glut,Prex2,False,58.0070281124498,3.4632480115775603,0.8371202958778592,2.6006009116053077,528,502
BMAp,012 MEA Slc17a7 Glut,Mpped2,False,81.97791164658635,5.835492360065261,0.686903455026501,2.6006003056754894,529,503
BMAp,012 MEA Slc17a7 Glut,Spns2,False,61.79718875502008,3.5027659465988954,0.8090199073909501,2.5999886262345866,530,504
BMAp,012 MEA Slc17a7 Glut,Syt9,False,82.10341365461848,5.0886755027924195,0.6854389513047199,2.5998001656780403,531,505
BMAp,012 MEA Slc17a7 Glut,Kat6b,False,96.05923694779116,6.819287403520331,0.6172525197994005,2.5997916522722386,532,506
BMAp,012 MEA Slc17a7 Glut,Zfhx2os,False,48.644578313253014,2.6247056095475654,0.9120788356083451,2.599113278571431,533,507
BMAp,012 MEA Slc17a7 Glut,Slc35b1,False,70.73293172690764,4.031520858825929,0.7488512836827623,2.598472942704439,534,508
BMAp,012 MEA Slc17a7 Glut,Pdzd2,False,72.61546184738955,4.554612983182731,0.7371409843314964,2.5981700882278185,535,509
BMAp,012 MEA Slc17a7 Glut,Lin7c,False,85.01506024096386,5.317695587035643,0.6666318731412204,2.5961277400341896,536,510
BMAp,012 MEA Slc17a7 Glut,Sh3bgrl3,False,91.56626506024097,6.140843648029619,0.6307712876362794,2.592506787540997,537,511
BMAp,012 MEA Slc17a7 Glut,Hdac4,False,89.83433734939759,5.791265648531627,0.6379884285968851,2.591430797235228,538,512
BMAp,012 MEA Slc17a7 Glut,Pop5,False,89.83433734939759,5.808528547784889,0.636631293408465,2.590073662046808,539,513
BMAp,012 MEA Slc17a7 Glut,Mras,False,86.09437751004016,5.491936005741717,0.653546292462039,2.5885210827531484,540,514
BMAp,012 MEA Slc17a7 Glut,Hectd2,False,71.05923694779116,4.123258169396335,0.7363886439799079,2.58800918359335,541,515
BMAp,012 MEA Slc17a7 Glut,Tcf12,False,96.43574297188755,7.3699951171875,0.603051281030119,2.587289311804133,542,516
BMAp,012 MEA Slc17a7 Glut,Ralgds,False,71.46084337349397,4.096625515734814,0.7304184740958517,2.584486611491146,543,517
BMAp,012 MEA Slc17a7 Glut,Shisa6,False,86.5210843373494,6.585701203250502,0.647131464144997,2.5842534178012837,544,518
BMAp,012 MEA Slc17a7 Glut,Arfgef3,False,98.97088353413655,7.964486853664659,0.5887299081453898,2.5842373554669518,545,519
BMAp,012 MEA Slc17a7 Glut,Arhgap32,False,97.43975903614458,7.414274774880773,0.5954460442606173,2.5841822455613004,546,520
BMAp,012 MEA Slc17a7 Glut,Cetn3,False,82.1285140562249,5.025648982649347,0.6687833163656025,2.583277281613227,547,521
BMAp,012 MEA Slc17a7 Glut,Hivep2,False,99.77409638554217,8.987722373870483,0.583495277374217,2.582513080615045,548,522
BMAp,012 MEA Slc17a7 Glut,Col4a1,False,56.19979919678715,3.099678254031752,0.8310499247770391,2.580784688604408,549,523
BMAp,012 MEA Slc17a7 Glut,Mapkapk2,False,54.66867469879518,3.0045773915976404,0.8399578478046359,2.577696393472731,550,524
BMAp,012 MEA Slc17a7 Glut,Ntrk3,False,99.37248995983936,9.232071842055722,0.580081172074296,2.5773473440748393,551,525
BMAp,012 MEA Slc17a7 Glut,Nfat5,False,97.31425702811245,7.190225256494729,0.5888486617412889,2.577025132996838,552,526
BMAp,012 MEA Slc17a7 Glut,Acvr2a,False,96.71184738955823,7.701669470852159,0.5911601259801511,2.576639805241491,553,527
BMAp,012 MEA Slc17a7 Glut,Agbl1,False,26.606425702811244,1.5414730209902108,1.1505179691273497,2.5755045046404588,554,528
BMAp,012 MEA Slc17a7 Glut,Ttc7b,False,97.38955823293173,7.3014533720820785,0.5869276768412526,2.575440072683799,555,529
BMAp,012 MEA Slc17a7 Glut,Cplx2,False,98.54417670682732,8.948875580446787,0.5805206189470198,2.5741515844593463,556,530
BMAp,012 MEA Slc17a7 Glut,Mib1,False,95.53212851405623,6.791567147496235,0.5936050593179409,2.5737545135172812,557,531
BMAp,012 MEA Slc17a7 Glut,Tmem132a,False,80.42168674698796,4.921500454944779,0.6683415473676089,2.5737147250281476,558,532
BMAp,012 MEA Slc17a7 Glut,Cdc42se1,False,51.88253012048193,2.7807175969503013,0.8583486342362887,2.573369781111916,559,533
BMAp,012 MEA Slc17a7 Glut,St3gal5,False,89.60843373493977,5.874968134255773,0.6198265312913742,2.5721754176519065,560,534
BMAp,012 MEA Slc17a7 Glut,Tspan33,False,76.02911646586345,4.523817927961847,0.6905420471102537,2.5715219906914486,561,535
BMAp,012 MEA Slc17a7 Glut,Usp54,False,70.73293172690764,4.093961784638554,0.720194358821467,2.5698160178431433,562,536
BMAp,012 MEA Slc17a7 Glut,Gas7,False,98.89558232931726,8.062317629894578,0.5746095303356862,2.5697864224095994,563,537
BMAp,012 MEA Slc17a7 Glut,Tmem87a,False,66.41566265060241,3.7497864995136796,0.7454791196581021,2.567749629757923,564,538
BMAp,012 MEA Slc17a7 Glut,Dbn1,False,93.97590361445783,6.622985594722641,0.5937554828519138,2.5667719931663204,565,539
BMAp,012 MEA Slc17a7 Glut,Tnfaip8l3,False,56.97791164658634,3.2171388189476655,0.8106092730686814,2.566315800510143,566,540
BMAp,012 MEA Slc17a7 Glut,Slc8a1,False,99.8995983935743,10.053063817771084,0.56617948405483,2.5657432263768567,567,541
BMAp,012 MEA Slc17a7 Glut,Samd12,False,99.77409638554217,9.024115995230924,0.5623743662472886,2.5613921694881165,568,542
BMAp,012 MEA Slc17a7 Glut,Gpr12,True,47.941767068273094,2.546321761655999,0.8803160386361353,2.5610300761322016,569,27
BMAp,012 MEA Slc17a7 Glut,Shank2,False,98.69477911646587,7.883131647684488,0.565466371290066,2.559760550698503,570,543
BMAp,012 MEA Slc17a7 Glut,Ptk2,False,97.91666666666667,7.450449257969377,0.5681307870032564,2.5589874075633867,571,544
BMAp,012 MEA Slc17a7 Glut,Grin2a,True,99.47289156626506,9.415900908320783,0.5610538901434925,2.558758632726021,572,28
BMAp,012 MEA Slc17a7 Glut,Kat6a,False,78.03714859437751,4.639285658258032,0.6662786520940416,2.558580044385572,573,545
BMAp,012 MEA Slc17a7 Glut,Sorbs1,False,98.97088353413655,8.045359661301456,0.5628060847532907,2.5583135320748527,574,546
BMAp,012 MEA Slc17a7 Glut,Igfbp5,False,83.28313253012048,5.558541784324799,0.6366076458785841,2.557164697815265,575,547
BMAp,012 MEA Slc17a7 Glut,Gm19531,False,43.42369477911647,2.2819007965455573,0.9187800819777803,2.5565068553549146,576,548
BMAp,012 MEA Slc17a7 Glut,Adgrb1,False,95.105421686747,6.70224011279493,0.5780069481090919,2.556212223632424,577,549
BMAp,012 MEA Slc17a7 Glut,Onecut1,False,27.434738955823292,1.508356178620733,1.1178312146818712,2.556132046879913,578,550
BMAp,012 MEA Slc17a7 Glut,Sncaip,False,79.21686746987952,5.139964153488956,0.6552612435118919,2.5540789082976136,579,551
BMAp,012 MEA Slc17a7 Glut,Unc13b,False,77.15863453815261,4.852447877447289,0.66638227316409,2.553766806576155,580,552
BMAp,012 MEA Slc17a7 Glut,Gng10,False,87.04819277108433,5.558225578093625,0.6128783110106504,2.552638070063162,581,553
BMAp,012 MEA Slc17a7 Glut,Jph1,False,46.76204819277108,2.6067514687656876,0.8815216134864743,2.5514151386310555,582,554
BMAp,012 MEA Slc17a7 Glut,Rbm28,False,84.43775100401606,5.220286909356175,0.624492743725348,2.5510294010995613,583,555
BMAp,012 MEA Slc17a7 Glut,Ino80d,False,84.51305220883535,5.2570104637299195,0.6239623344294607,2.550886121065888,584,556
BMAp,012 MEA Slc17a7 Glut,Ackr1,False,80.74799196787149,5.011651096573795,0.6400291964877853,2.547160927638094,585,557
BMAp,012 MEA Slc17a7 Glut,Dmxl2,False,97.464859437751,7.21650469063755,0.5582370783062265,2.547085139100613,586,558
BMAp,012 MEA Slc17a7 Glut,Aopep,False,96.66164658634538,7.202408265876004,0.5614150571024386,2.5466692459735087,587,559
BMAp,012 MEA Slc17a7 Glut,Fmr1,False,79.81927710843374,4.747142868348393,0.6427326583426591,2.544840448575431,588,560
BMAp,012 MEA Slc17a7 Glut,Oxr1,False,99.84939759036145,8.922700567896586,0.5452289280344367,2.5445743770711924,589,561
BMAp,012 MEA Slc17a7 Glut,Smyd2,False,79.24196787148594,4.724270127384538,0.643427115000895,2.5423823671414514,590,562
BMAp,012 MEA Slc17a7 Glut,Gm27032,False,59.81425702811245,3.2747694881086846,0.7653671151908212,2.5421718277856162,591,563
BMAp,012 MEA Slc17a7 Glut,Slc25a16,False,68.77510040160642,3.8691379286677963,0.7022713826862472,2.5397026157549742,592,564
BMAp,012 MEA Slc17a7 Glut,Tnrc6c,False,99.77409638554217,8.792608912211346,0.5400324991137371,2.539050302354565,593,565
BMAp,012 MEA Slc17a7 Glut,Cbll1,False,72.28915662650603,4.204170686652861,0.6784005233785706,2.5374736813861403,594,566
BMAp,012 MEA Slc17a7 Glut,Tdg,False,58.93574297188755,3.2061002800263556,0.7652484437971769,2.5356272066210925,595,567
BMAp,012 MEA Slc17a7 Glut,Med27,False,72.54016064257029,4.210811997991968,0.6739319807901332,2.53451049379502,596,568
BMAp,012 MEA Slc17a7 Glut,Syt7,False,96.26004016064257,7.3627797322100905,0.5505583660977056,2.534004404631044,597,569
BMAp,012 MEA Slc17a7 Glut,Usp12,False,76.68172690763052,4.480027041760793,0.6493026415490499,2.533994526375962,598,570
BMAp,012 MEA Slc17a7 Glut,Shisa9,False,97.61546184738955,8.253978805848394,0.5442398051750983,2.533758418570897,599,571
BMAp,012 MEA Slc17a7 Glut,Fkbp1a,False,99.92469879518072,9.328616222703314,0.5312629559227044,2.530935803755141,600,572
BMAp,012 MEA Slc17a7 Glut,Tbc1d1,False,75.90361445783132,4.543928154022339,0.6501217390571998,2.5303841961347073,601,573
BMAp,012 MEA Slc17a7 Glut,A730056A06Rik,False,28.589357429718877,1.5319503110096637,1.074160265227697,2.5303646595551363,602,574
BMAp,012 MEA Slc17a7 Glut,Strada,False,75.82831325301204,4.519125329442771,0.6502233075686679,2.530054703090287,603,575
BMAp,012 MEA Slc17a7 Glut,Vash1,False,35.26606425702811,1.83696418976688,0.9821421526990609,2.5294991471884987,604,576
BMAp,012 MEA Slc17a7 Glut,Adgrb2,False,93.07228915662651,6.394539093875502,0.5591409590350214,2.5279613547558197,605,577
BMAp,012 MEA Slc17a7 Glut,E130114P18Rik,False,34.8644578313253,1.8938544706168423,0.9853575014622108,2.5277404174481655,606,578
BMAp,012 MEA Slc17a7 Glut,Fgf5,False,25.753012048192772,1.3199753359139683,1.1168083392468238,2.52763637027096,607,579
BMAp,012 MEA Slc17a7 Glut,Dlgap3,False,90.18574297188755,5.974993724899599,0.5700449989828797,2.525182886435868,608,580
BMAp,012 MEA Slc17a7 Glut,Gm43376,False,39.30722891566265,2.054060112520394,0.9293005878241396,2.523773015794403,609,581
BMAp,012 MEA Slc17a7 Glut,Chst11,False,89.48293172690764,5.928777610441767,0.5718660264983271,2.5236062309345506,610,582
BMAp,012 MEA Slc17a7 Glut,Id2,False,74.47289156626506,4.830127149221887,0.6511129397895479,2.5231111563547284,611,583
BMAp,012 MEA Slc17a7 Glut,Arhgap21,False,96.78714859437751,7.096599287776105,0.5364803883737146,2.5222980838528466,612,584
BMAp,012 MEA Slc17a7 Glut,Zfp821,False,76.22991967871486,4.437820128168926,0.639713449590098,2.521838911756702,613,585
BMAp,012 MEA Slc17a7 Glut,C130071C03Rik,False,97.3644578313253,7.312366654116466,0.5327217840705156,2.521122233918911,614,586
BMAp,012 MEA Slc17a7 Glut,Usf3,False,75.40160642570281,4.420140523029619,0.6433795747784719,2.5207601733589415,615,587
BMAp,012 MEA Slc17a7 Glut,Cds1,False,71.41064257028113,4.36491179561998,0.6661525879505859,2.5199155289300146,616,588
BMAp,012 MEA Slc17a7 Glut,Znrf3,False,73.644578313253,4.557795635667671,0.6523918601447627,2.5195326399003655,617,589
BMAp,012 MEA Slc17a7 Glut,Dipk1a,False,85.8433734939759,5.410154289031125,0.585221780485444,2.518928556789918,618,590
BMAp,012 MEA Slc17a7 Glut,Wwc1,False,92.24397590361446,6.281170090518323,0.5534648046140678,2.5184028182826204,619,591
BMAp,012 MEA Slc17a7 Glut,H3f3a,False,97.2640562248996,7.187228405810743,0.5279405572051656,2.5158929342958336,620,592
BMAp,012 MEA Slc17a7 Glut,Fam214a,False,88.72991967871486,5.898283563943273,0.5660034695523466,2.514073557933604,621,593
BMAp,012 MEA Slc17a7 Glut,Samd8,False,88.42871485943775,5.584771704003514,0.5666625398490499,2.5132558532786313,622,594
BMAp,012 MEA Slc17a7 Glut,Nbea,False,99.97489959839358,10.234290678338354,0.5123959396073747,2.5122869162650416,623,595
BMAp,012 MEA Slc17a7 Glut,Kdm6a,False,84.7640562248996,5.4070441923945785,0.5837674094548646,2.511979140338615,624,596
BMAp,012 MEA Slc17a7 Glut,Sh3gl1,False,64.65863453815261,3.5699293757059487,0.7007560689330403,2.5113825978691535,625,597
BMAp,012 MEA Slc17a7 Glut,Yod1,False,57.153614457831324,3.1004430318931977,0.7533253912996001,2.5103690921630815,626,598
BMAp,012 MEA Slc17a7 Glut,Hspa1b,False,28.890562248995984,1.4802643189947289,1.0494635943922326,2.5102195882703633,627,599
BMAp,012 MEA Slc17a7 Glut,Ipo5,False,82.45481927710843,5.010774543486446,0.5920143863900211,2.5082304305341596,628,600
BMAp,012 MEA Slc17a7 Glut,Kcnj6,False,96.71184738955823,7.356727201775853,0.5205033559896162,2.505983035250956,629,601
BMAp,012 MEA Slc17a7 Glut,Rilpl2,False,45.58232931726908,2.4142818833929467,0.8469498563750701,2.5057463708084753,630,602
BMAp,012 MEA Slc17a7 Glut,Hace1,False,86.37048192771084,5.582383243913153,0.5688837391741846,2.505249082043454,631,603
BMAp,012 MEA Slc17a7 Glut,Mir9-3hg,False,73.46887550200803,4.341751772715863,0.6390705729743353,2.505173965656466,632,604
BMAp,012 MEA Slc17a7 Glut,Entr1,False,78.26305220883535,4.600724185805723,0.6105474734277796,2.5041042545289414,633,605
BMAp,012 MEA Slc17a7 Glut,Ccny,False,97.33935742971887,7.198620164250753,0.5131547348998051,2.5014432098908306,634,606
BMAp,012 MEA Slc17a7 Glut,Syngap1,False,70.25602409638554,4.029693971197289,0.6545472946254014,2.5012308633399027,635,607
BMAp,012 MEA Slc17a7 Glut,Susd6,False,74.39759036144578,4.473754392570281,0.629248228579455,2.500807098135084,636,608
BMAp,012 MEA Slc17a7 Glut,Mark3,False,94.7289156626506,6.436538635008785,0.5234063654797785,2.49988893155703,637,609
BMAp,012 MEA Slc17a7 Glut,Gabra3,False,96.81224899598394,7.309011436370482,0.5138498950358201,2.499780204150201,638,610
BMAp,012 MEA Slc17a7 Glut,Agap2,False,82.55522088353413,5.032425110598645,0.5795981730115844,2.496342716742578,639,611
BMAp,012 MEA Slc17a7 Glut,Disp3,False,71.66164658634538,4.183260385291165,0.6409993244614571,2.496286107291663,640,612
BMAp,012 MEA Slc17a7 Glut,Gm43847,False,39.20682730923695,2.0322709294208083,0.9022998075089066,2.495661507298527,641,613
BMAp,012 MEA Slc17a7 Glut,Smad4,False,83.38353413654619,5.09013593436245,0.5735800737537788,2.4946603721174934,642,614
BMAp,012 MEA Slc17a7 Glut,Reln,False,60.8433734939759,4.408624733308233,0.7097392688586921,2.4939525546012797,643,615
BMAp,012 MEA Slc17a7 Glut,Brms1,False,48.26807228915663,2.5570117383596886,0.8102433550900743,2.493903309576893,644,616
BMAp,012 MEA Slc17a7 Glut,Trhr,True,87.27409638554217,6.58418488406752,0.5524730594908265,2.4933584204224237,645,29
BMAp,012 MEA Slc17a7 Glut,Zfp131,False,75.12550200803213,4.362059076148343,0.6166364200192609,2.492423807107791,646,617
BMAp,012 MEA Slc17a7 Glut,Pigb,False,65.96385542168674,3.6943692739708833,0.6717561311717812,2.4910621623078635,647,618
BMAp,012 MEA Slc17a7 Glut,Abhd2,False,70.4066265060241,4.093219312798067,0.6421417343146953,2.4897552701552144,648,619
BMAp,012 MEA Slc17a7 Glut,Sowaha,False,87.27409638554217,6.131923690857179,0.5481574840752641,2.4890428450068613,649,620
BMAp,012 MEA Slc17a7 Glut,Fbxl3,False,74.47289156626506,4.28929781626506,0.6164472277303195,2.4884454442955004,650,621
BMAp,012 MEA Slc17a7 Glut,Fhl2,True,31.676706827309236,1.6611710513930722,0.9871402215872953,2.4878802467437495,651,30
BMAp,012 MEA Slc17a7 Glut,Fam160a1,False,29.292168674698797,1.4878607447367596,1.018576890029001,2.48532841632271,652,622
BMAp,012 MEA Slc17a7 Glut,Pou6f2,False,50.903614457831324,3.435147082470507,0.7760893601406189,2.482837981050256,653,623
BMAp,012 MEA Slc17a7 Glut,Rfxap,False,73.820281124498,4.286927985379016,0.6145585335973713,2.4827342283527796,654,624
BMAp,012 MEA Slc17a7 Glut,Lactb,False,54.21686746987952,2.9427823599083833,0.7463569937395147,2.4804914151387845,655,625
BMAp,012 MEA Slc17a7 Glut,Ascc1,False,55.070281124497996,3.0108515115148093,0.7379175515538718,2.478834845040903,656,626
BMAp,012 MEA Slc17a7 Glut,Prdm10,False,80.97389558232932,5.087225856551205,0.5699029606348702,2.4782479939361517,657,627
BMAp,012 MEA Slc17a7 Glut,Ccdc43,False,57.58032128514056,3.110426079317269,0.7178777952851036,2.478151879098691,658,628
BMAp,012 MEA Slc17a7 Glut,Ctdsp2,False,52.6355421686747,2.8144207690135543,0.7548703130974141,2.476149413811097,659,629
BMAp,012 MEA Slc17a7 Glut,Dclre1c,False,52.911646586345384,2.8629630827999497,0.7503679219292922,2.47391919871814,660,630
BMAp,012 MEA Slc17a7 Glut,Traip,False,55.170682730923694,3.0561290572446036,0.7317512896094263,2.473459647945237,661,631
BMAp,012 MEA Slc17a7 Glut,Babam2,False,83.68473895582329,5.391497140907379,0.5506558189370958,2.473302084677421,662,632
BMAp,012 MEA Slc17a7 Glut,Rsbn1l,False,82.78112449799197,5.0147729590235945,0.5542072695167137,2.4721385910735525,663,633
BMAp,012 MEA Slc17a7 Glut,Dmac1,False,61.67168674698795,3.403713486759538,0.6816850069109881,2.471770833639408,664,634
BMAp,012 MEA Slc17a7 Glut,Rab3d,False,29.74397590361446,1.5112538778159512,0.9968814783031936,2.4702804988976554,665,635
BMAp,012 MEA Slc17a7 Glut,Mrtfa,False,87.52510040160642,5.692926981362952,0.5281288129370871,2.4702614305614023,666,636
BMAp,012 MEA Slc17a7 Glut,Plekha1,False,84.61345381526104,5.198208360786897,0.5394799898793732,2.466919412648684,667,637
BMAp,012 MEA Slc17a7 Glut,Chuk,False,70.23092369477912,4.014387628639558,0.6203077028224713,2.466836083226619,668,638
BMAp,012 MEA Slc17a7 Glut,Fam184b,False,74.1214859437751,4.611300671435743,0.5958003389889353,2.4657444562023523,669,639
BMAp,012 MEA Slc17a7 Glut,Zzz3,False,84.53815261044177,5.249007259506777,0.537238153312404,2.4642909063883547,670,640
BMAp,012 MEA Slc17a7 Glut,Lrrn2,False,90.88855421686748,6.072287685899849,0.505414581885554,2.463923776950905,671,641
BMAp,012 MEA Slc17a7 Glut,Syt14,False,86.64658634538152,5.630889279775351,0.5259072689369937,2.4636587262285046,672,642
BMAp,012 MEA Slc17a7 Glut,Sergef,False,90.01004016064257,5.922563300075301,0.5078266832590188,2.4621176387335217,673,643
BMAp,012 MEA Slc17a7 Glut,Sertad2,False,68.34839357429719,4.067438945234061,0.6240498499857119,2.458778161574015,674,644
BMAp,012 MEA Slc17a7 Glut,Foxk1,False,65.41164658634538,3.6324254537681977,0.6417548079528088,2.457409889577714,675,645
BMAp,012 MEA Slc17a7 Glut,Zswim6,False,83.23293172690764,5.406482865053966,0.5343005614415803,2.4545957535681553,676,646
BMAp,012 MEA Slc17a7 Glut,Fam135a,False,87.09839357429719,5.595197685272339,0.5141049207941277,2.4541150658333404,677,647
BMAp,012 MEA Slc17a7 Glut,Chrm1,True,88.15261044176707,5.668189358998494,0.5088529392454078,2.454088116727812,678,31
BMAp,012 MEA Slc17a7 Glut,Ubp1,False,81.57630522088354,4.935223805377761,0.5415813590312206,2.4531453902584337,679,648
BMAp,012 MEA Slc17a7 Glut,Fcho2,False,86.39558232931726,5.498549863516566,0.5160855800255302,2.4525771162654104,680,649
BMAp,012 MEA Slc17a7 Glut,Cpa6,False,29.568273092369477,1.9903921104339233,0.9805779932822605,2.451403953981682,681,650
BMAp,012 MEA Slc17a7 Glut,Usp1,False,52.058232931726906,2.7801224428965865,0.733155162219981,2.4496445845213417,682,651
BMAp,012 MEA Slc17a7 Glut,Creb1,False,84.91465863453816,5.232510608841617,0.5190662997819837,2.4480489678183033,683,652
BMAp,012 MEA Slc17a7 Glut,Gm41609,False,43.04718875502008,2.2978473954411394,0.8123734036538772,2.4463181982810056,684,653
BMAp,012 MEA Slc17a7 Glut,Lrrc8b,False,74.24698795180723,4.35403871344754,0.5744962310568216,2.445175070966034,685,654
BMAp,012 MEA Slc17a7 Glut,Ikzf4,False,71.96285140562249,4.155623960686496,0.5873217249817086,2.444430088176532,686,655
BMAp,012 MEA Slc17a7 Glut,Zmiz1os1,False,66.84236947791165,3.9361770813723647,0.6193034724550759,2.444355309142356,687,656
BMAp,012 MEA Slc17a7 Glut,Fads1,False,68.4487951807229,3.835319794804217,0.606663360295205,2.442029168485174,688,657
BMAp,012 MEA Slc17a7 Glut,Tigar,False,45.5070281124498,2.3912172126004014,0.7837246712084862,2.441803145552334,689,658
BMAp,012 MEA Slc17a7 Glut,Mfap3l,False,62.07329317269076,3.461213506369227,0.6482268517885261,2.4411316383981623,690,659
BMAp,012 MEA Slc17a7 Glut,Ranbp2,False,83.8855421686747,5.158920349366215,0.5152681738923492,2.4389552896980606,691,660
BMAp,012 MEA Slc17a7 Glut,Gm20275,False,68.34839357429719,3.9051829878106177,0.6037344668456548,2.4384627784339585,692,661
BMAp,012 MEA Slc17a7 Glut,Wdr13,False,79.34236947791165,4.750839294678715,0.5384872790851176,2.437992445173036,693,662
BMAp,012 MEA Slc17a7 Glut,Tada2a,False,75.45180722891567,4.390907379518072,0.5588045108884887,2.4364741573877167,694,663
BMAp,012 MEA Slc17a7 Glut,Erlin1,False,71.61144578313252,4.208930938598143,0.5800355712014551,2.4350180131068706,695,664
BMAp,012 MEA Slc17a7 Glut,Tshz1,False,79.79417670682732,5.050673886954066,0.5307692883038655,2.4327404864669773,696,665
BMAp,012 MEA Slc17a7 Glut,Cttn,False,78.99096385542168,4.703627988516566,0.5314146979164995,2.428992111078059,697,666
BMAp,012 MEA Slc17a7 Glut,Usp53,False,59.964859437751,3.2853619066108184,0.6496371026523056,2.4275339226505226,698,667
BMAp,012 MEA Slc17a7 Glut,1700063D05Rik,False,27.309236947791163,1.3898918427616718,0.9904359795789739,2.426745545189474,699,668
BMAp,012 MEA Slc17a7 Glut,Gm15283,False,39.18172690763052,2.057346083552962,0.8310572005475052,2.4241407738582614,700,669
BMAp,012 MEA Slc17a7 Glut,Gm5089,False,39.05622489959839,2.1798424165411645,0.8324371158688537,2.4241273787708626,701,670
BMAp,012 MEA Slc17a7 Glut,Btg2,False,44.02610441767068,2.3974388766001504,0.7789675418787259,2.4226778011570866,702,671
BMAp,012 MEA Slc17a7 Glut,Coro1a,False,41.967871485943775,2.1727645445061494,0.7973463581815012,2.4202633015328376,703,672
BMAp,012 MEA Slc17a7 Glut,Gm32014,False,43.77510040160642,2.4044745878043425,0.7738986139322639,2.415125764777151,704,673
BMAp,012 MEA Slc17a7 Glut,Bax,False,72.48995983935743,4.138303703093625,0.5545451021761933,2.414822961322134,705,674
BMAp,012 MEA Slc17a7 Glut,Fut11,False,52.8363453815261,2.836973381808484,0.6907234715557555,2.413656241975781,706,675
BMAp,012 MEA Slc17a7 Glut,Zadh2,False,59.26204819277108,3.2845056985755523,0.6391036756720485,2.4118803329991145,707,676
BMAp,012 MEA Slc17a7 Glut,Ptbp3,False,75.37650602409639,4.52023327685743,0.533752888621891,2.410988891069211,708,677
BMAp,012 MEA Slc17a7 Glut,Cald1,False,50.02510040160642,2.8829487873368476,0.7094655949629942,2.4086535639118205,709,678
BMAp,012 MEA Slc17a7 Glut,Bin3,False,48.217871485943775,2.584299110504518,0.7251261240793818,2.4083341591894145,710,679
BMAp,012 MEA Slc17a7 Glut,Pcdh1,False,71.61144578313252,4.081018409575803,0.5511714296016428,2.4061538715070583,711,680
BMAp,012 MEA Slc17a7 Glut,Stk4,False,73.44377510040161,4.244451438566767,0.5396298458331845,2.4055848378708156,712,681
BMAp,012 MEA Slc17a7 Glut,Gm28376,False,35.46686746987952,1.9437250956952812,0.8552150418399482,2.4050378739368456,713,682
BMAp,012 MEA Slc17a7 Glut,Trpm4,False,38.4789156626506,1.9995363534214985,0.8185908149615584,2.4038136400642722,714,683
BMAp,012 MEA Slc17a7 Glut,Tut7,False,73.97088353413655,4.301767127102159,0.5338879699920671,2.402948776090331,715,684
BMAp,012 MEA Slc17a7 Glut,Sec61a1,False,67.74598393574297,3.8156789756682983,0.5704621160782755,2.401345670883131,716,685
BMAp,012 MEA Slc17a7 Glut,Limd2,False,72.08835341365462,4.267995811370482,0.5431450294475706,2.401010135266172,717,686
BMAp,012 MEA Slc17a7 Glut,Parp1,False,59.713855421686745,3.280885995152485,0.6241457506809169,2.4002208629665223,718,687
BMAp,012 MEA Slc17a7 Glut,Atl3,False,66.94277108433735,3.7677403951744477,0.5718612477979046,2.3975649337361196,719,688
BMAp,012 MEA Slc17a7 Glut,Tbc1d14,False,75.92871485943775,4.462850425138052,0.5136215814688017,2.3940276307056285,720,689
BMAp,012 MEA Slc17a7 Glut,Utp4,False,46.26004016064257,2.4268259561684236,0.7213932673066117,2.386599272774024,721,690
BMAp,012 MEA Slc17a7 Glut,Car7,False,30.823293172690764,1.5835774739583333,0.8955718792617714,2.384450916315259,722,691
BMAp,012 MEA Slc17a7 Glut,Dcaf13,False,52.058232931726906,2.771048794788529,0.6667732006078659,2.3832626229092266,723,692
BMAp,012 MEA Slc17a7 Glut,Ctr9,False,66.7921686746988,3.7985724636828566,0.5566461269569394,2.381371671756667,724,693
BMAp,012 MEA Slc17a7 Glut,Trp53bp2,False,38.22791164658634,1.964766169168863,0.7985224739146985,2.38090304749908,725,694
BMAp,012 MEA Slc17a7 Glut,Mgat4b,False,62.700803212851405,3.453509104778489,0.5833736925978976,2.380646796884353,726,695
BMAp,012 MEA Slc17a7 Glut,Cep128,False,35.015060240963855,1.875905477378263,0.8339571693015333,2.3782120471594883,727,696
BMAp,012 MEA Slc17a7 Glut,Map6d1,False,39.708835341365464,2.0620690770896086,0.7793059380890341,2.3781930874990307,728,697
BMAp,012 MEA Slc17a7 Glut,March5,False,68.87550200803213,3.905525912242721,0.5365817035700147,2.374646480853068,729,698
BMAp,012 MEA Slc17a7 Glut,Tmem132e,False,67.06827309236948,3.7916563715800704,0.5450613830677211,2.371578507119568,730,699
BMAp,012 MEA Slc17a7 Glut,Flrt1,False,71.6867469879518,4.174781646115713,0.5145734322395663,2.370012305592042,731,700
BMAp,012 MEA Slc17a7 Glut,Htra1,False,25.326305220883533,1.3177601764479794,0.9664193802550587,2.369991216740308,732,701
BMAp,012 MEA Slc17a7 Glut,Nhp2,False,56.149598393574294,3.0657632973299447,0.6180510274656035,2.367397681810572,733,702
BMAp,012 MEA Slc17a7 Glut,Dnal4,False,68.75,3.8596926769578315,0.5300125692636084,2.3672852717659087,734,703
BMAp,012 MEA Slc17a7 Glut,Arap2,False,69.67871485943775,4.1589644711659135,0.5192841300304551,2.362384262061611,735,704
BMAp,012 MEA Slc17a7 Glut,Crls1,False,69.929718875502,4.046595561935241,0.5163097875419567,2.3609715698782403,736,705
BMAp,012 MEA Slc17a7 Glut,Otulin,False,68.29819277108433,3.8664531171561247,0.525542875197182,2.3599520872252784,737,706
BMAp,012 MEA Slc17a7 Glut,Colec12,False,26.104417670682732,1.5240093675483182,0.941377901181489,2.3580919107286085,738,707
BMAp,012 MEA Slc17a7 Glut,Nbl1,False,28.21285140562249,1.4585796800483182,0.904965613509691,2.3554125949910723,739,708
BMAp,012 MEA Slc17a7 Glut,Atg7,False,61.67168674698795,3.408544088463228,0.5642235201835035,2.3543093469119234,740,709
BMAp,012 MEA Slc17a7 Glut,Klf10,True,52.083333333333336,2.8483146452999497,0.6374221100294211,2.3541208813258714,741,32
BMAp,012 MEA Slc17a7 Glut,Ehbp1l1,False,63.45381526104418,3.5524676832329316,0.5514433964352254,2.3539011362939117,742,710
BMAp,012 MEA Slc17a7 Glut,Selenos,False,54.84437751004016,3.0012707078313254,0.613198434044373,2.3523305455991528,743,711
BMAp,012 MEA Slc17a7 Glut,5031415H12Rik,False,39.33232931726908,2.0436756792796187,0.7566996161701929,2.351449282887122,744,712
BMAp,012 MEA Slc17a7 Glut,Sept5,False,44.15160642570281,2.3077125396115714,0.7031013660223926,2.3480478757281924,745,713
BMAp,012 MEA Slc17a7 Glut,Dpysl4,False,62.24899598393574,3.479964780998996,0.5536656840953262,2.3477980351698813,746,714
BMAp,012 MEA Slc17a7 Glut,Dazap2,False,69.6285140562249,3.9584892303589356,0.5039343278359998,2.346721454821605,747,715
BMAp,012 MEA Slc17a7 Glut,Pik3r2,False,53.03714859437751,2.8373702328846635,0.6205729373151114,2.345153104615764,748,716
BMAp,012 MEA Slc17a7 Glut,Nppc,False,26.957831325301203,1.4563955284026733,0.9131651046945592,2.343850056306435,749,717
BMAp,012 MEA Slc17a7 Glut,Tnks1bp1,False,50.075301204819276,2.6478023912054467,0.6440779480538508,2.3437015183249565,750,718
BMAp,012 MEA Slc17a7 Glut,Mettl23,False,51.73192771084337,2.757353388162023,0.6245230840509839,2.3382817460785357,751,719
BMAp,012 MEA Slc17a7 Glut,Krba1,False,56.877510040160644,3.086768460560994,0.5827758373040219,2.337716413079739,752,720
BMAp,012 MEA Slc17a7 Glut,Topbp1,False,42.64558232931727,2.2278976746831076,0.7057622580164409,2.335636307133825,753,721
BMAp,012 MEA Slc17a7 Glut,Acap3,False,66.54116465863454,3.7323931958301957,0.5108253798310569,2.3339157778124893,754,722
BMAp,012 MEA Slc17a7 Glut,Gm28750,False,33.308232931726906,1.6929204856535518,0.8111805266688745,2.333732119781649,755,723
BMAp,012 MEA Slc17a7 Glut,Gpr173,False,52.43473895582329,2.8272633993003264,0.6101359456541693,2.329755055882817,756,724
BMAp,012 MEA Slc17a7 Glut,Zfp512b,False,59.11144578313253,3.2354947132279115,0.5562956346677623,2.3279672163810163,757,725
BMAp,012 MEA Slc17a7 Glut,Zfp341,False,51.25502008032129,2.761373864599021,0.6161558850978741,2.3258922930971044,758,726
BMAp,012 MEA Slc17a7 Glut,Tdp1,False,55.321285140562246,2.9914050734186746,0.5828702592319104,2.325762519659997,759,727
BMAp,012 MEA Slc17a7 Glut,Poc1a,False,39.48293172690763,2.0650919106111947,0.728896715636336,2.3253061085079616,760,728
BMAp,012 MEA Slc17a7 Glut,Gm46123,False,30.72289156626506,1.589325809095758,0.8358448199979748,2.323306908055856,761,729
BMAp,012 MEA Slc17a7 Glut,Rab34,False,40.31124497991968,2.1133001243254266,0.7149546810198073,2.3203808922108085,762,730
BMAp,012 MEA Slc17a7 Glut,Gm37459,False,37.24899598393574,1.9604672351515438,0.7491427090372509,2.3202572802285983,763,731
BMAp,012 MEA Slc17a7 Glut,Stk24,False,64.28212851405623,3.59448683405497,0.5103659141403849,2.3184561628571534,764,732
BMAp,012 MEA Slc17a7 Glut,1700111E14Rik,False,41.9929718875502,2.2224545153269326,0.6936632351351995,2.3168398463459328,765,733
BMAp,012 MEA Slc17a7 Glut,Chrna7,False,52.30923694779116,3.3479959878576806,0.5963593652373431,2.314937750113169,766,734
BMAp,012 MEA Slc17a7 Glut,Otulinl,False,62.17369477911647,3.4686507259506776,0.5202899833180901,2.313896660152266,767,735
BMAp,012 MEA Slc17a7 Glut,Klf6,False,64.00602409638554,3.608023892444779,0.5072766013668204,2.3134974520491145,768,736
BMAp,012 MEA Slc17a7 Glut,Rab33a,False,38.278112449799195,2.0150237179185493,0.7277348211653956,2.3106853350965393,769,737
BMAp,012 MEA Slc17a7 Glut,H2-DMa,False,43.147590361445786,2.2624342585184487,0.6754387075917532,2.3103952545271444,770,738
BMAp,012 MEA Slc17a7 Glut,Rbm41,False,60.91867469879518,3.4225802134318526,0.523064373100242,2.307814819680516,771,739
BMAp,012 MEA Slc17a7 Glut,Mir22hg,False,51.73192771084337,2.773204634946034,0.593214013535925,2.3069726755634767,772,740
BMAp,012 MEA Slc17a7 Glut,Fezf2,True,36.696787148594375,1.9759659977801833,0.7350861060083944,2.299714148878575,773,33
BMAp,012 MEA Slc17a7 Glut,Gpc4,False,43.39859437751004,2.5541352421404366,0.6594221185739229,2.2968977820961842,774,741
BMAp,012 MEA Slc17a7 Glut,Hes6,False,35.717871485943775,1.8346412995732932,0.7329114027543191,2.285796973086942,775,742
BMAp,012 MEA Slc17a7 Glut,Upf3a,False,54.166666666666664,2.93184554624749,0.5514658542156896,2.28519796481092,776,743
BMAp,012 MEA Slc17a7 Glut,Lhfpl2,False,29.718875502008032,1.5388649323857932,0.8110130099972225,2.2840453826324625,777,744
BMAp,012 MEA Slc17a7 Glut,Tspan15,False,27.083333333333332,1.4160951668000126,0.8476620488890431,2.2803641638202925,778,745
BMAp,012 MEA Slc17a7 Glut,Rad50,False,58.53413654618474,3.272446965596762,0.5128586022739561,2.2802678186092713,779,746
BMAp,012 MEA Slc17a7 Glut,4933433G19Rik,False,33.860441767068274,1.7203204909481677,0.7464750895983688,2.276167709518612,780,747
BMAp,012 MEA Slc17a7 Glut,Crybg3,False,25.82831325301205,1.3393073024519955,0.8625589457574254,2.274654990768197,781,748
BMAp,012 MEA Slc17a7 Glut,Gnai3,False,57.70582329317269,3.1366844330446786,0.5129362696989217,2.27415591121654,782,749
BMAp,012 MEA Slc17a7 Glut,Ier5,False,44.97991967871486,2.4033811025351404,0.6207672221193037,2.273785897693749,783,750
BMAp,012 MEA Slc17a7 Glut,Scyl3,False,49.64859437751004,2.6320445355641313,0.5764558952038099,2.272362852713309,784,751
BMAp,012 MEA Slc17a7 Glut,Adamts16,False,52.25903614457831,3.044209062813755,0.5502536345269022,2.2684150299497583,785,752
BMAp,012 MEA Slc17a7 Glut,Rnf144b,False,32.178714859437754,1.7374372980202057,0.7570706763264432,2.264639371757581,786,753
BMAp,012 MEA Slc17a7 Glut,Rgs14,False,48.01706827309237,2.5675213059268325,0.5713158794196851,2.25271151969532,787,754
BMAp,012 MEA Slc17a7 Glut,Spty2d1,False,48.87048192771084,2.5873459658948295,0.5635135180829582,2.2525601398513286,788,755
BMAp,012 MEA Slc17a7 Glut,Tmem136,False,41.691767068273094,2.1538742862073295,0.6296482182971228,2.249698520996856,789,756
BMAp,012 MEA Slc17a7 Glut,Galnt3,False,27.008032128514056,1.4177838061229293,0.8153154012680764,2.2468083428467858,790,757
BMAp,012 MEA Slc17a7 Glut,Rnft1,False,49.44779116465863,2.6238214577058234,0.5514494250289932,2.245596321438925,791,758
BMAp,012 MEA Slc17a7 Glut,Acvr1c,False,42.72088353413655,2.428984247537023,0.6148038398044771,2.245444065801385,792,759
BMAp,012 MEA Slc17a7 Glut,Gm32926,False,34.91465863453815,1.8963153639950427,0.7020096765884192,2.2450174768288047,793,760
BMAp,012 MEA Slc17a7 Glut,Nr1d1,False,47.18875502008032,2.5390225452591615,0.5671067590565513,2.24094527856857,794,761
BMAp,012 MEA Slc17a7 Glut,Atf6b,False,41.74196787148595,2.1679557585811997,0.6184393089217042,2.239012228389562,795,762
BMAp,012 MEA Slc17a7 Glut,2900089D17Rik,False,29.367469879518072,1.503267096707141,0.7680737098233382,2.235940241817839,796,763
BMAp,012 MEA Slc17a7 Glut,Jcad,False,31.47590361445783,1.6292788340863453,0.7311775794432575,2.229155786186294,797,764
BMAp,012 MEA Slc17a7 Glut,Nkain4,False,33.91064257028113,1.745894098856363,0.6919421564825097,2.222278175752879,798,765
BMAp,012 MEA Slc17a7 Glut,Ybx3,False,46.511044176706825,2.4587725903614457,0.5504002562116466,2.217956345778883,799,766
BMAp,012 MEA Slc17a7 Glut,Dnah5,True,48.44377510040161,2.763857186558735,0.5285792658134478,2.213817245069561,800,34
BMAp,012 MEA Slc17a7 Glut,Rnf144a,False,47.113453815261046,2.525321255726029,0.5389537098544694,2.212098652724155,801,767
BMAp,012 MEA Slc17a7 Glut,Lima1,False,44.75401606425703,2.47242951297377,0.5540698782497009,2.2049018916733942,802,768
BMAp,012 MEA Slc17a7 Glut,Bop1,False,46.00903614457831,2.4153194810491967,0.5416606866111233,2.204503821821679,803,769
BMAp,012 MEA Slc17a7 Glut,Net1,False,32.70582329317269,1.7311321702826932,0.6769012861800001,2.191526372140924,804,770
BMAp,012 MEA Slc17a7 Glut,Slc41a1,False,42.34437751004016,2.215152357476782,0.5643787338046604,2.1911744866421246,805,771
BMAp,012 MEA Slc17a7 Glut,Cd276,False,37.17369477911647,1.9077783301173443,0.6177950409593191,2.188030769728867,806,772
BMAp,012 MEA Slc17a7 Glut,Dctpp1,False,45.381526104417674,2.352612353711722,0.5292580143311592,2.1861371107188425,807,773
BMAp,012 MEA Slc17a7 Glut,Zyx,False,31.576305220883533,1.6147800430236572,0.686178757779101,2.1855400691366897,808,774
BMAp,012 MEA Slc17a7 Glut,Zfp809,False,39.60843373493976,2.0465060927302963,0.5676886389817317,2.165476308103472,809,775
BMAp,012 MEA Slc17a7 Glut,Lhpp,False,30.873493975903614,1.570770263671875,0.675837019274983,2.1654228009627197,810,776
BMAp,012 MEA Slc17a7 Glut,Elk4,False,42.31927710843374,2.1992140926989205,0.5353167966630901,2.1618550372001524,811,777
BMAp,012 MEA Slc17a7 Glut,Pkd1l3,False,25.602409638554217,1.322445666454882,0.7488441739872526,2.157125015997509,812,778
BMAp,012 MEA Slc17a7 Glut,Zfp189,False,29.09136546184739,1.4755392419286522,0.6886346142056045,2.152398720417539,813,779
BMAp,012 MEA Slc17a7 Glut,Plk5,False,38.07730923694779,2.1378681228821534,0.5679100744048384,2.1485763254399077,814,780
BMAp,012 MEA Slc17a7 Glut,Sac3d1,False,39.78413654618474,2.0638185064476655,0.5448081271113696,2.1445180639134787,815,781
BMAp,012 MEA Slc17a7 Glut,Col12a1,False,39.63353413654618,2.3665859727974397,0.543910470750814,2.141973271007447,816,782
BMAp,012 MEA Slc17a7 Glut,Vhl,False,43.49899598393574,2.269793284465989,0.5013283784433145,2.1398076114055704,817,783
BMAp,012 MEA Slc17a7 Glut,Thap7,False,40.16064257028113,2.070363975432982,0.5214993413303444,2.125299994234608,818,784
BMAp,012 MEA Slc17a7 Glut,Gm48747,False,31.95281124497992,1.616897154045871,0.6126459946210703,2.1171550685230645,819,785
BMAp,012 MEA Slc17a7 Glut,Fcor,False,34.98995983935743,1.7971209790333207,0.5618618016449342,2.1058052456552634,820,786
BMAp,012 MEA Slc17a7 Glut,Trim11,False,37.47489959839358,1.9164035291556853,0.5280233910034491,2.101763868976813,821,787
BMAp,012 MEA Slc17a7 Glut,Kcnk4,False,26.204819277108435,1.3088733106253136,0.6825052477206822,2.1008864166352645,822,788
BMAp,012 MEA Slc17a7 Glut,Mycl,False,39.18172690763052,2.05348420047377,0.5075216962119986,2.100605269522755,823,789
BMAp,012 MEA Slc17a7 Glut,Fgfbp3,False,38.72991967871486,2.0099196836172815,0.5082959311043578,2.096342527415845,824,790
BMAp,012 MEA Slc17a7 Glut,Kit,False,34.41265060240964,1.921842766574109,0.5497991538874345,2.086517278925286,825,791
BMAp,012 MEA Slc17a7 Glut,Gm14330,False,27.811244979919678,1.3950751737418423,0.6412500004814062,2.085470431122156,826,792
BMAp,012 MEA Slc17a7 Glut,Ccnj,False,30.747991967871485,1.5625741491356049,0.5859445266964842,2.073761285645374,827,793
BMAp,012 MEA Slc17a7 Glut,Gm12122,False,28.413654618473895,1.4246642331042922,0.6147836743656865,2.068310771466278,828,794
BMAp,012 MEA Slc17a7 Glut,Glp2r,False,27.78614457831325,1.3942127151182857,0.607503983637957,2.0513322747650187,829,795
BMAp,012 MEA Slc17a7 Glut,Kcnj12,False,29.944779116465863,1.5255633128215988,0.5512179008734911,2.027539014792172,830,796
BMAp,012 MEA Slc17a7 Glut,1700030F04Rik,False,27.56024096385542,1.4692928206968499,0.5667132950494395,2.0069963054118514,831,797
BMAp,012 MEA Slc17a7 Glut,Gm17227,False,28.21285140562249,1.4113015783838478,0.5489756480699883,1.9994226295513695,832,798
BMAp,012 MEA Slc17a7 Glut,Arsk,False,30.496987951807228,1.556189847279744,0.5038365616321276,1.9880935098147976,833,799
BMAp,012 MEA Slc17a7 Glut,Urb1,False,27.836345381526105,1.3991706572383282,0.5241537643613184,1.9687659807588176,834,800
BMAp,012 MEA Slc17a7 Glut,Col20a1,False,27.384538152610443,1.4045585417843247,0.5172611779972934,1.9547665988339742,835,801
BMAp,012 MEA Slc17a7 Glut,Tmc7,False,25.753012048192772,1.3095557277939884,0.509327433171645,1.9201554641957812,836,802
BMAp,073 MEA-BST Sox6 Gaba,Prox1,True,56.990235496840896,4.301905783314187,2.761721241435736,4.517521693018572,1,1
BMAp,073 MEA-BST Sox6 Gaba,Dlx1,True,76.18609994256174,4.98577057007467,2.2376061024999907,4.119481844588858,2,2
BMAp,073 MEA-BST Sox6 Gaba,Chn2,False,88.79954049396898,6.564734707064905,2.1476356948986686,4.096046413363643,3,1
BMAp,073 MEA-BST Sox6 Gaba,Dlx1as,False,48.69615163699024,2.93184165888857,1.959558818214719,3.64705345932959,4,2
BMAp,073 MEA-BST Sox6 Gaba,Sp8,True,31.648477886272257,1.9074950190264215,1.8512145212863755,3.3515673490208293,5,3
BMAp,073 MEA-BST Sox6 Gaba,Metap1d,False,70.66053991958644,4.367502512923607,1.3980699318603036,3.2472468834307016,6,3
BMAp,073 MEA-BST Sox6 Gaba,Ankfn1,False,79.89661114302125,6.302789793940264,1.2916282126009229,3.194156571475638,7,4
BMAp,073 MEA-BST Sox6 Gaba,Ptprt,False,97.86329695577254,9.211640221137277,1.1880614097677675,3.1786812525587393,8,5
BMAp,073 MEA-BST Sox6 Gaba,Sox2,False,73.03848363009764,4.649879289919586,1.2726531929531726,3.1362049410785766,9,6
BMAp,073 MEA-BST Sox6 Gaba,Satb1,False,56.88684663986215,3.978707011056864,1.2263986449751814,2.981410505533893,10,7
BMAp,073 MEA-BST Sox6 Gaba,Sox6,True,58.17346352670879,5.0180571510626075,1.215006878272018,2.9797317998279667,11,4
BMAp,073 MEA-BST Sox6 Gaba,Sox1ot,False,40.333141872487076,2.552475902857553,1.26783415815859,2.873496212170591,12,8
BMAp,073 MEA-BST Sox6 Gaba,Cdh8,False,89.69557725445146,7.193057151062607,0.81302766199072,2.7657986911960055,13,9
BMAp,073 MEA-BST Sox6 Gaba,Dlx6os1,False,76.87535898908673,5.2457450818495115,0.8206204811102067,2.7064076379472137,14,10
BMAp,073 MEA-BST Sox6 Gaba,Prox1os,False,28.431935669155656,1.7001965465249855,1.2102952911127114,2.664101718928949,15,11
BMAp,073 MEA-BST Sox6 Gaba,Tcerg1l,False,79.20735209649627,5.462069213095922,0.7117758552771969,2.6105413503357155,16,12
BMAp,073 MEA-BST Sox6 Gaba,Grip1,False,99.67834577828835,9.572962736932798,0.6018391202325972,2.600439942231054,17,13
BMAp,073 MEA-BST Sox6 Gaba,Dlx2,False,44.457208500861576,2.4848834182940838,0.9101362574443701,2.5580784470099314,18,14
BMAp,073 MEA-BST Sox6 Gaba,Nudt4,False,81.50488225157955,5.359320702900632,0.6419002397982227,2.5530838641383653,19,15
BMAp,073 MEA-BST Sox6 Gaba,Sox1,False,33.6358414704193,1.9931415134979897,0.9490568432166866,2.4758591401496908,20,16
BMAp,073 MEA-BST Sox6 Gaba,Pde3a,False,35.85295807007467,2.4004949562033313,0.673291894080595,2.227816887292578,21,17
BMAp,073 MEA-BST Sox6 Gaba,Ndrg1,False,34.29063756461804,2.090145973937392,0.5290931150604001,2.064268675072438,22,18
BMAp,074 MEA-BST Lhx6 Sp9 Gaba,Lhx6,True,88.65500696486612,6.193664390187277,5.89827810110234,7.84598136936197,1,1
BMAp,074 MEA-BST Lhx6 Sp9 Gaba,Sp9,True,78.99705927874942,5.198020454457514,4.4198407647138325,6.317451689386769,2,2
BMAp,074 MEA-BST Lhx6 Sp9 Gaba,Nxph2,False,69.88082340195017,5.215474940992107,4.067729616824962,5.912087630434318,3,1
BMAp,074 MEA-BST Lhx6 Sp9 Gaba,Insyn2b,False,77.7588608574524,5.061301099868442,2.787062381100492,4.677812270789463,4,2
BMAp,074 MEA-BST Lhx6 Sp9 Gaba,Frem3,False,54.52716297786721,3.3804966215562606,2.6794100625564043,4.416022964697478,5,3
BMAp,074 MEA-BST Lhx6 Sp9 Gaba,Nr2e1,True,58.62869524841356,3.499233985644637,2.432537291036653,4.20064752032772,6,3
BMAp,074 MEA-BST Lhx6 Sp9 Gaba,Ostm1,False,85.11066398390342,5.792258962428416,2.228613903938556,4.158597882580266,7,4
BMAp,074 MEA-BST Lhx6 Sp9 Gaba,Man1a,False,71.62977867203219,5.384930980111438,1.7864206935409528,3.6415143027804957,8,5
BMAp,074 MEA-BST Lhx6 Sp9 Gaba,Hs3st2,False,47.206314811948616,3.022466227654388,1.7522011815242902,3.426201279830907,9,6
BMAp,074 MEA-BST Lhx6 Sp9 Gaba,Hnmt,False,61.02770468967652,3.6511693357258936,1.479933580995389,3.2654606170284435,10,7
BMAp,074 MEA-BST Lhx6 Sp9 Gaba,Pard3b,False,76.67543723881752,5.5375697695790125,1.1724868430999775,3.0571431043096267,11,8
BMAp,074 MEA-BST Lhx6 Sp9 Gaba,Adamts6,False,49.419594490017026,3.2452001673502555,1.322719967764769,3.0166191452640447,12,9
BMAp,074 MEA-BST Lhx6 Sp9 Gaba,Tmem47,False,74.98839188980034,4.807992183872465,1.1275495014770471,3.0025435418236626,13,10
BMAp,074 MEA-BST Lhx6 Sp9 Gaba,Cdh11,False,75.09673425166383,5.123706783973069,1.0131668643866245,2.8887879155409912,14,11
BMAp,074 MEA-BST Lhx6 Sp9 Gaba,St8sia6,False,42.28447608729299,2.628605769230769,1.2536814934912517,2.8798624474605776,15,12
BMAp,074 MEA-BST Lhx6 Sp9 Gaba,Phactr2,False,93.29825104472992,7.2959469557731005,0.906912941374924,2.876786443977349,16,13
BMAp,074 MEA-BST Lhx6 Sp9 Gaba,Ar,False,95.46509828199969,7.916426443275035,0.8852848780739047,2.8651295020766363,17,14
BMAp,074 MEA-BST Lhx6 Sp9 Gaba,Sh3rf1,False,84.69277201671568,5.7477382322782855,0.912913278933468,2.840759626605359,18,15
BMAp,074 MEA-BST Lhx6 Sp9 Gaba,Gnasas1,False,41.89753908063767,2.33810177773371,1.1672122027767886,2.7894007175071263,19,16
BMAp,074 MEA-BST Lhx6 Sp9 Gaba,Nos1ap,False,98.59154929577464,8.255502969741526,0.7912358459620892,2.7850755372572706,20,17
BMAp,074 MEA-BST Lhx6 Sp9 Gaba,Tm6sf1,False,51.4626218851571,2.9242235262536758,1.0172340087350082,2.728725917333963,21,18
BMAp,074 MEA-BST Lhx6 Sp9 Gaba,Slc6a1,False,98.99396378269617,8.316347000270856,0.7290193150324873,2.7246280290665155,22,19
BMAp,074 MEA-BST Lhx6 Sp9 Gaba,Gnb4,False,69.78795852035289,4.439912310400866,0.8444402182748258,2.6882207125412276,23,20
BMAp,074 MEA-BST Lhx6 Sp9 Gaba,Gpc3,False,49.97678377960068,3.4057285419246246,0.9260906272922296,2.6248589312692223,24,21
BMAp,074 MEA-BST Lhx6 Sp9 Gaba,Whrn,False,66.86271475003869,4.24799488033973,0.7923571589289162,2.6175411647036597,25,22
BMAp,074 MEA-BST Lhx6 Sp9 Gaba,March3,False,85.74524067481813,6.507749622736418,0.6674623938883464,2.6006724175766074,26,23
BMAp,074 MEA-BST Lhx6 Sp9 Gaba,Htr7,False,63.086209565082804,4.220657478524996,0.7895794469014898,2.5895138811957095,27,24
BMAp,074 MEA-BST Lhx6 Sp9 Gaba,Adarb2,False,94.28880978176753,10.373542940334314,0.6040926153394928,2.5785527689633287,28,25
BMAp,074 MEA-BST Lhx6 Sp9 Gaba,Scn5a,True,90.17180003095496,6.381875386937007,0.6001461365062202,2.5552168757577,29,4
BMAp,074 MEA-BST Lhx6 Sp9 Gaba,Mn1,False,68.25568797399784,4.111615607104164,0.6776249497951459,2.5117637982228156,30,26
BMAp,074 MEA-BST Lhx6 Sp9 Gaba,Pld3,False,91.6885930970438,6.424692989668782,0.5482132759490801,2.510528584758082,31,27
BMAp,074 MEA-BST Lhx6 Sp9 Gaba,Enox2,False,55.11530722798329,3.5639900097701593,0.7688307136119024,2.510102946245987,32,28
BMAp,074 MEA-BST Lhx6 Sp9 Gaba,Ola1,False,91.76598049837486,6.313475806763659,0.5406113999175242,2.503293109222319,33,29
BMAp,074 MEA-BST Lhx6 Sp9 Gaba,Lrrn3,False,81.81396068720012,5.274000977015942,0.5886295720109622,2.501456989766485,34,30
BMAp,074 MEA-BST Lhx6 Sp9 Gaba,Prdx6,False,57.63813651137595,3.346067692210958,0.73760981421426,2.4983197454833963,35,31
BMAp,074 MEA-BST Lhx6 Sp9 Gaba,Arx,False,70.70112985605944,4.362862874361554,0.6433327462024496,2.4927591004000726,36,32
BMAp,074 MEA-BST Lhx6 Sp9 Gaba,Trpc7,False,77.9910230614456,5.083403062606408,0.5213377757671456,2.4133823930827454,37,33
BMAp,074 MEA-BST Lhx6 Sp9 Gaba,Spopl,False,74.88004952793685,4.590795977789816,0.5164028344036549,2.390768957389347,38,34
BMAp,074 MEA-BST Lhx6 Sp9 Gaba,C130026L21Rik,False,63.13264200588144,3.717117609503173,0.520135733048718,2.320389697325644,39,35
BMAp,074 MEA-BST Lhx6 Sp9 Gaba,Dock2,False,25.630707320848167,1.363519458094722,0.9106286143357474,2.31938920574444,40,36
BMAp,074 MEA-BST Lhx6 Sp9 Gaba,Rtl5,False,62.559975236031576,3.6340887875328898,0.5152066346753368,2.3115032028144533,41,37
BMAp,074 MEA-BST Lhx6 Sp9 Gaba,Cartpt,True,35.737501934685035,2.453951624409921,0.6676905731507787,2.2208147650277863,42,5
BMAp,074 MEA-BST Lhx6 Sp9 Gaba,Slitrk2,False,47.57777433833772,2.769131012033741,0.5087598173180603,2.1861639394416175,43,38
BMAp,074 MEA-BST Lhx6 Sp9 Gaba,Fbn2,False,33.7409069803436,2.163260361447531,0.6333294350637213,2.1614861876281575,44,39
BMAp,074 MEA-BST Lhx6 Sp9 Gaba,Gm15345,False,34.59216839498529,1.9381293772248878,0.6031729848960978,2.142150771323884,45,40
BMAp,074 MEA-BST Lhx6 Sp9 Gaba,Igsf1,False,32.71939328277357,1.8433097080076613,0.535881469767967,2.0506867116992056,46,41
BMAp,082 CEA-BST Ebf1 Pdyn Gaba,Ebf1,True,73.28452483491243,6.30679595535458,4.772530386192833,6.637542662493544,1,1
BMAp,082 CEA-BST Ebf1 Pdyn Gaba,Isl1,True,54.76600631639391,3.6650592498385013,3.5978129723870547,5.336324044555736,2,2
BMAp,082 CEA-BST Ebf1 Pdyn Gaba,Zfp503,False,64.68561584840654,3.8581385255167957,2.87391068183847,4.684718399104065,3,1
BMAp,082 CEA-BST Ebf1 Pdyn Gaba,Hs3st5,False,86.74992822279644,6.740096988946311,2.576487628456449,4.514756752582688,4,2
BMAp,082 CEA-BST Ebf1 Pdyn Gaba,Dlx6,False,83.13235716336492,5.401931591838932,2.5438038545471455,4.463573949358302,5,3
BMAp,082 CEA-BST Ebf1 Pdyn Gaba,Meis2,True,92.29112833763996,8.655339887489234,2.4246265488997842,4.389786504539058,6,3
BMAp,082 CEA-BST Ebf1 Pdyn Gaba,Ankrd63,False,73.06919322423198,4.7062501121518805,2.1270670177091624,3.9908013299237037,7,4
BMAp,082 CEA-BST Ebf1 Pdyn Gaba,Zfhx3,False,99.69853574504738,9.731575689061154,1.924794221182668,3.923483001134085,8,5
BMAp,082 CEA-BST Ebf1 Pdyn Gaba,Pdyn,True,63.049095607235145,4.60607268787683,2.1190836078970294,3.9187624692168477,9,4
BMAp,082 CEA-BST Ebf1 Pdyn Gaba,Sst,True,52.383003158196956,4.111776732522251,2.1143876504335646,3.8335780436759954,10,5
BMAp,082 CEA-BST Ebf1 Pdyn Gaba,Gabrg1,False,90.28136663795578,6.952675270958943,1.8477068633394218,3.803304987945752,11,6
BMAp,082 CEA-BST Ebf1 Pdyn Gaba,Gm13889,False,83.93626184323858,5.500189536678151,1.7687827033208845,3.6927323270359507,12,7
BMAp,082 CEA-BST Ebf1 Pdyn Gaba,Rgs2,False,92.04708584553546,6.607700572423198,1.6899217593498035,3.6539318029096934,13,8
BMAp,082 CEA-BST Ebf1 Pdyn Gaba,Grm8,True,92.39161642262417,8.253693722186334,1.5184439228803468,3.484076488185121,14,6
BMAp,082 CEA-BST Ebf1 Pdyn Gaba,Wwc2,False,78.81136950904393,4.93308962729687,1.5055750437903876,3.402163918118262,15,9
BMAp,082 CEA-BST Ebf1 Pdyn Gaba,Slc25a13,False,40.71202985931668,2.3173760833871664,1.6822661417121378,3.291988898100949,16,10
BMAp,082 CEA-BST Ebf1 Pdyn Gaba,Gabra5,False,85.77375825437841,5.78443679568619,1.344358525021181,3.2777129645191385,17,11
BMAp,082 CEA-BST Ebf1 Pdyn Gaba,Sema6d,False,91.77433247200689,7.8839912162647146,1.3048614320043939,3.2675826663160406,18,12
BMAp,082 CEA-BST Ebf1 Pdyn Gaba,Cnr1,True,83.20413436692506,5.597784663903244,1.317791204184208,3.2379361108611273,19,7
BMAp,082 CEA-BST Ebf1 Pdyn Gaba,Rgs9,True,80.47660063163939,5.03269283394344,1.3309794342592642,3.236649057561314,20,8
BMAp,082 CEA-BST Ebf1 Pdyn Gaba,C230014O12Rik,False,45.32012632787826,2.5877905294465977,1.558161735045576,3.214452846815576,21,13
BMAp,082 CEA-BST Ebf1 Pdyn Gaba,Plcl1,False,74.53344817685903,5.71409233240023,1.3362526857545873,3.2086038994246824,22,14
BMAp,082 CEA-BST Ebf1 Pdyn Gaba,Mpped1,True,93.43956359460235,7.0848367292922765,1.148701579275654,3.11923238069532,23,9
BMAp,082 CEA-BST Ebf1 Pdyn Gaba,Htr1d,False,36.00344530577089,1.9365492324325295,1.5625571533720364,3.118901215408498,24,15
BMAp,082 CEA-BST Ebf1 Pdyn Gaba,A2ml1,False,47.631352282515074,2.67850766221648,1.4377887487479697,3.1156816603140944,25,16
BMAp,082 CEA-BST Ebf1 Pdyn Gaba,Scn9a,False,88.18547229399942,6.1331248429873675,1.1632181416676461,3.1086151868649923,26,17
BMAp,082 CEA-BST Ebf1 Pdyn Gaba,Lmo1,False,47.660063163939135,2.72847777374031,1.403268238369037,3.0814228519508555,27,18
BMAp,082 CEA-BST Ebf1 Pdyn Gaba,Ephb1,False,86.7786391042205,6.32736965708441,1.1283640568546573,3.066776891929231,28,19
BMAp,082 CEA-BST Ebf1 Pdyn Gaba,5330417C22Rik,False,94.30089003732415,6.945320350631639,1.056237462292211,3.030753254037752,29,20
BMAp,082 CEA-BST Ebf1 Pdyn Gaba,Stk26,False,43.18116566178582,2.4173283627619866,1.3803493921922074,3.0156437539895946,30,21
BMAp,082 CEA-BST Ebf1 Pdyn Gaba,Syndig1l,True,46.49727246626471,2.9573093866637956,1.318487107599862,2.9859145854878215,31,10
BMAp,082 CEA-BST Ebf1 Pdyn Gaba,Greb1l,False,87.86965259833477,6.225148264786104,1.0020748186578414,2.945913728034811,32,22
BMAp,082 CEA-BST Ebf1 Pdyn Gaba,Pmepa1,False,68.26012058570198,4.1239996052253804,1.0936786834937289,2.9278457346449445,33,23
BMAp,082 CEA-BST Ebf1 Pdyn Gaba,4930447C04Rik,False,51.306345104794715,3.2100576684969853,1.2160901790796546,2.9262612571270625,34,24
BMAp,082 CEA-BST Ebf1 Pdyn Gaba,Vat1l,False,98.14814814814815,8.39522098406546,0.9193006518264308,2.9111827616042514,35,25
BMAp,082 CEA-BST Ebf1 Pdyn Gaba,Ptpdc1,False,70.25552684467414,4.173464192147574,1.0594499366694867,2.9061304315630396,36,26
BMAp,082 CEA-BST Ebf1 Pdyn Gaba,Focad,False,92.85099052540913,6.692854691537468,0.9266063602033094,2.8943929013154555,37,27
BMAp,082 CEA-BST Ebf1 Pdyn Gaba,Efna5,False,91.60206718346254,7.064343776916451,0.9131201557760127,2.8750254302761866,38,28
BMAp,082 CEA-BST Ebf1 Pdyn Gaba,Sh2d5,False,75.39477461958082,4.555944442201407,0.9847571306706779,2.862098377965902,39,29
BMAp,082 CEA-BST Ebf1 Pdyn Gaba,Hs6st2,False,95.63594602354293,7.65770685292851,0.8802150602090952,2.860836218442036,40,30
BMAp,082 CEA-BST Ebf1 Pdyn Gaba,Bcl11b,True,97.84668389319552,8.21497496770026,0.863402662855882,2.8539487744923084,41,11
BMAp,082 CEA-BST Ebf1 Pdyn Gaba,Rxrg,False,81.13695090439276,5.246261977820844,0.9432701513373001,2.8524888343916035,42,31
BMAp,082 CEA-BST Ebf1 Pdyn Gaba,Gpr101,True,78.85443583118001,5.65823508828596,0.9186150528028927,2.815441181702034,43,12
BMAp,082 CEA-BST Ebf1 Pdyn Gaba,Zfhx2,False,89.69279356876257,6.048291478251508,0.8618809477608718,2.8146384985078985,44,32
BMAp,082 CEA-BST Ebf1 Pdyn Gaba,Bach2,False,81.32357163364915,5.924310938845823,0.8838708182254891,2.7940872623026873,45,33
BMAp,082 CEA-BST Ebf1 Pdyn Gaba,Chsy3,False,96.33936261843239,8.146028477605512,0.7969133857043058,2.7807171543983804,46,34
BMAp,082 CEA-BST Ebf1 Pdyn Gaba,Pfkfb3,False,47.87539477461958,2.670001783214901,1.0935666129398012,2.7736789810701517,47,35
BMAp,082 CEA-BST Ebf1 Pdyn Gaba,B3galt1,False,99.38271604938272,9.22726793532874,0.7744664951931988,2.7717773566824175,48,36
BMAp,082 CEA-BST Ebf1 Pdyn Gaba,Klhl29,False,97.32988802756245,7.980388561405397,0.7675398932549093,2.7557861169997553,49,37
BMAp,082 CEA-BST Ebf1 Pdyn Gaba,G630016G05Rik,False,56.574791846109676,3.3697599837604075,0.9985161656698112,2.751139130413197,50,38
BMAp,082 CEA-BST Ebf1 Pdyn Gaba,Plk2,False,70.97329888027562,4.333559599752369,0.8926131969536741,2.7437081889122164,51,39
BMAp,082 CEA-BST Ebf1 Pdyn Gaba,Hcn1,False,99.48320413436693,9.318541061046512,0.7173556715706475,2.7151054360602367,52,40
BMAp,082 CEA-BST Ebf1 Pdyn Gaba,Rab3ip,False,71.37525122021246,4.510821815335199,0.8566987312017909,2.7102463810491804,53,41
BMAp,082 CEA-BST Ebf1 Pdyn Gaba,Rcan1,False,74.76313522825151,4.473961417510049,0.8278969296211773,2.7015844350590954,54,42
BMAp,082 CEA-BST Ebf1 Pdyn Gaba,Gm15155,False,63.17829457364341,4.317878243432386,0.8916885935136425,2.69225649195437,55,43
BMAp,082 CEA-BST Ebf1 Pdyn Gaba,Lamp5,True,69.26500143554406,4.271379512991674,0.845559953691474,2.686073801249068,56,13
BMAp,082 CEA-BST Ebf1 Pdyn Gaba,Adamts3,False,68.00172265288545,4.267119984567901,0.8471853632702104,2.6797052778759496,57,44
BMAp,082 CEA-BST Ebf1 Pdyn Gaba,Slc18a2,False,28.280218202698823,1.6328467063235717,1.2245822941873188,2.6760650502266943,58,45
BMAp,082 CEA-BST Ebf1 Pdyn Gaba,Klhl32,False,90.08039046798737,6.256016387632788,0.7146074671076166,2.6692377271384746,59,46
BMAp,082 CEA-BST Ebf1 Pdyn Gaba,Tyro3,False,47.05713465403388,2.650472776252512,0.9888312292320667,2.6614567083443292,60,47
BMAp,082 CEA-BST Ebf1 Pdyn Gaba,Gabrq,False,50.21533161068045,3.063763110554838,0.9602422254295013,2.6610785604499414,61,48
BMAp,082 CEA-BST Ebf1 Pdyn Gaba,Plcxd3,False,93.7984496124031,7.328806883433821,0.6867430216218944,2.6589386816390954,62,49
BMAp,082 CEA-BST Ebf1 Pdyn Gaba,Sertad4,False,49.97128911857594,2.714344113372093,0.944374254350318,2.643094807512389,63,50
BMAp,082 CEA-BST Ebf1 Pdyn Gaba,Spata13,False,39.87941429801895,2.5390711917707436,1.038764897416909,2.6395136686962886,64,51
BMAp,082 CEA-BST Ebf1 Pdyn Gaba,Ctsz,False,26.112546655182314,1.3696255416935832,1.22110337641262,2.6379526053538864,65,52
BMAp,082 CEA-BST Ebf1 Pdyn Gaba,Wfs1,False,83.63479758828596,5.819674916559001,0.6975059089127242,2.6198929190821554,66,53
BMAp,082 CEA-BST Ebf1 Pdyn Gaba,Glt1d1,False,69.76744186046511,4.124542139947603,0.7707279574363075,2.6143807565763835,67,54
BMAp,082 CEA-BST Ebf1 Pdyn Gaba,Bcl6,False,60.22107378696526,3.591245368127333,0.823240046114122,2.6029885411566234,68,55
BMAp,082 CEA-BST Ebf1 Pdyn Gaba,Gnas,False,99.98564455928798,10.852934117499283,0.6024915286231352,2.6024291792609002,69,56
BMAp,082 CEA-BST Ebf1 Pdyn Gaba,Kcnq5,False,96.16709732988802,8.686666711527419,0.617584229254577,2.6006107369234597,70,57
BMAp,082 CEA-BST Ebf1 Pdyn Gaba,Clic4,False,29.127189204708586,1.6136083129216912,1.13506093844133,2.5993595153524582,71,58
BMAp,082 CEA-BST Ebf1 Pdyn Gaba,Vcl,False,50.789549239161644,2.8372247232091587,0.891459083699021,2.597233442150508,72,59
BMAp,082 CEA-BST Ebf1 Pdyn Gaba,Asic2,False,99.62675854148722,10.579674938989378,0.5949603819366249,2.5933363822692623,73,60
BMAp,082 CEA-BST Ebf1 Pdyn Gaba,Mcph1,False,73.29888027562446,4.403526952339937,0.7258727319427232,2.590970072288737,74,61
BMAp,082 CEA-BST Ebf1 Pdyn Gaba,Maob,False,34.26643697961527,1.9603433754127189,1.0555513131928485,2.5904202620773855,75,62
BMAp,082 CEA-BST Ebf1 Pdyn Gaba,Snx24,False,74.3755383290267,4.53172440245478,0.7006263285184096,2.5720564506833132,76,63
BMAp,082 CEA-BST Ebf1 Pdyn Gaba,Pvt1,False,81.79730117714614,5.79081431237439,0.6544896671496119,2.5672286419308525,77,64
BMAp,082 CEA-BST Ebf1 Pdyn Gaba,Ccdc171,False,55.498133792707435,3.2466511448463966,0.8120380517414656,2.5563164313117825,78,65
BMAp,082 CEA-BST Ebf1 Pdyn Gaba,Elovl4,False,81.4958369221935,5.1095791164226245,0.64114387302123,2.552279297124425,79,66
BMAp,082 CEA-BST Ebf1 Pdyn Gaba,Zfp710,False,53.34481768590296,2.961189561351565,0.8213460061446165,2.5484382413440034,80,67
BMAp,082 CEA-BST Ebf1 Pdyn Gaba,Dlx5,False,45.43496985357451,2.4743800244042493,0.8878324673249844,2.545222711556141,81,68
BMAp,082 CEA-BST Ebf1 Pdyn Gaba,Pde8b,False,96.16709732988802,7.373167438271605,0.5520669688048621,2.5350934764737447,82,69
BMAp,082 CEA-BST Ebf1 Pdyn Gaba,Rap1gap,False,94.55928797014069,6.88883729902383,0.552693287412592,2.528397480731888,83,70
BMAp,082 CEA-BST Ebf1 Pdyn Gaba,Pip4k2b,False,86.17571059431525,5.514990220356015,0.5926323317704227,2.5280172050040792,84,71
BMAp,082 CEA-BST Ebf1 Pdyn Gaba,Agps,False,73.8013207005455,4.35452611344387,0.6525617893326316,2.520625923077448,85,72
BMAp,082 CEA-BST Ebf1 Pdyn Gaba,Elfn1,False,48.11943726672409,2.6965655168855873,0.835541593701578,2.5178621335375997,86,73
BMAp,082 CEA-BST Ebf1 Pdyn Gaba,Plxna4,False,98.66494401378122,8.477055407515072,0.5200295330884668,2.514192406875309,87,74
BMAp,082 CEA-BST Ebf1 Pdyn Gaba,Trnt1,False,66.9250645994832,3.859708371464973,0.6829669096673814,2.508555708729722,88,75
BMAp,082 CEA-BST Ebf1 Pdyn Gaba,Tbc1d16,False,57.249497559575076,3.2469200289800457,0.7491410495860191,2.5069127291034197,89,76
BMAp,082 CEA-BST Ebf1 Pdyn Gaba,Dock11,False,62.30261269020959,3.7524056578380707,0.7092576471779561,2.503763906568249,90,77
BMAp,082 CEA-BST Ebf1 Pdyn Gaba,Jazf1,False,95.09043927648578,7.191712424633936,0.5239748290554784,2.5021116827100847,91,78
BMAp,082 CEA-BST Ebf1 Pdyn Gaba,Sgpp1,False,71.17427505024405,4.182118111631496,0.6395660675175403,2.4918891198271256,92,79
BMAp,082 CEA-BST Ebf1 Pdyn Gaba,Lzts1,False,88.7453344817686,6.052937369903819,0.5283213719400557,2.4764669025451242,93,80
BMAp,082 CEA-BST Ebf1 Pdyn Gaba,Bcap29,False,81.20872810795291,5.0706657784237725,0.5662585856254019,2.4758612942435936,94,81
BMAp,082 CEA-BST Ebf1 Pdyn Gaba,Dph6,False,79.41429801894918,4.999766163329027,0.5726625931619722,2.4725612944770274,95,82
BMAp,082 CEA-BST Ebf1 Pdyn Gaba,Sgk3,False,42.63565891472868,2.443881161624318,0.8381333412412233,2.467906320436218,96,83
BMAp,082 CEA-BST Ebf1 Pdyn Gaba,St6gal1,False,37.65432098765432,2.1380780307924203,0.8844833297225156,2.460298150190652,97,84
BMAp,082 CEA-BST Ebf1 Pdyn Gaba,Amotl1,False,85.83118001722653,5.638177845966121,0.5247467180224108,2.458391801320343,98,85
BMAp,082 CEA-BST Ebf1 Pdyn Gaba,Gabre,True,31.969566465690498,1.9454662882662217,0.9488671018012782,2.453603848713099,99,14
BMAp,082 CEA-BST Ebf1 Pdyn Gaba,Pou3f2,False,25.236864771748493,1.4438860682690928,1.0452848932583416,2.447320293873877,100,86
BMAp,082 CEA-BST Ebf1 Pdyn Gaba,Pfkfb2,False,55.19666953775481,3.027737403100775,0.6844992024843761,2.4264120764996084,101,87
BMAp,082 CEA-BST Ebf1 Pdyn Gaba,Cdo1,False,68.36060867068619,4.048511015557709,0.583014384178886,2.4178203051255296,102,88
BMAp,082 CEA-BST Ebf1 Pdyn Gaba,Tmed8,False,80.0028710881424,4.88190182672983,0.507221075875262,2.410326648809245,103,89
BMAp,082 CEA-BST Ebf1 Pdyn Gaba,Txnrd1,False,67.62848119437267,3.9187168030433535,0.5584039696786447,2.388533603794661,104,90
BMAp,082 CEA-BST Ebf1 Pdyn Gaba,Lor,False,48.39219064025266,2.657132074540626,0.6964430980092928,2.3812183804080473,105,91
BMAp,082 CEA-BST Ebf1 Pdyn Gaba,Nipsnap2,False,74.53344817685903,4.494733908448177,0.5051652086201956,2.3775164222902907,106,92
BMAp,082 CEA-BST Ebf1 Pdyn Gaba,Myo1d,False,58.641975308641975,3.4098506361254666,0.603508078394543,2.37171666914076,107,93
BMAp,082 CEA-BST Ebf1 Pdyn Gaba,Arhgef10l,False,55.79959804766006,3.09817635434611,0.6215338926918665,2.3681649632009156,108,94
BMAp,082 CEA-BST Ebf1 Pdyn Gaba,Gm32442,False,48.43525696238874,2.8638921973693656,0.6761453689576684,2.3613069770885575,109,95
BMAp,082 CEA-BST Ebf1 Pdyn Gaba,Lrmda,False,31.38099339649727,1.9223611784022394,0.8587645434258049,2.3554312309172714,110,96
BMAp,082 CEA-BST Ebf1 Pdyn Gaba,Kif17,False,65.69049669824864,3.8324024727246626,0.536825827758713,2.3543283734214633,111,97
BMAp,082 CEA-BST Ebf1 Pdyn Gaba,Afg1l,False,64.39850703416595,3.735573903603216,0.5351357943715644,2.3440115934962957,112,98
BMAp,082 CEA-BST Ebf1 Pdyn Gaba,Camk1g,False,50.35888601780075,2.8507233235536895,0.6276712188582088,2.329747333429994,113,99
BMAp,082 CEA-BST Ebf1 Pdyn Gaba,Ccdc88c,False,44.300890037324145,2.4720354893410854,0.681079995013113,2.3274924466180247,114,100
BMAp,082 CEA-BST Ebf1 Pdyn Gaba,6430628N08Rik,False,54.50760838357738,3.2738319942398793,0.5677299070972595,2.304187034114839,115,101
BMAp,082 CEA-BST Ebf1 Pdyn Gaba,Nxpe4,False,60.565604364053975,3.6138703277526556,0.5043957082810877,2.2866217635407513,116,102
BMAp,082 CEA-BST Ebf1 Pdyn Gaba,Gad1os,False,34.96985357450474,1.8825904392764858,0.7290400372087087,2.272733851047329,117,103
BMAp,082 CEA-BST Ebf1 Pdyn Gaba,Sema3f,False,29.098478323284525,1.5029540805340225,0.8048952893270098,2.268765567897801,118,104
BMAp,082 CEA-BST Ebf1 Pdyn Gaba,Bmper,False,54.50760838357738,3.366067102713178,0.5312119548096743,2.267669081827254,119,105
BMAp,082 CEA-BST Ebf1 Pdyn Gaba,Cdh20,False,44.83204134366925,3.0731928406725526,0.5988069363790429,2.250395450487024,120,106
BMAp,082 CEA-BST Ebf1 Pdyn Gaba,Elk3,False,26.270456503014643,1.4055055918927648,0.8193306920982744,2.2387983117064865,121,107
BMAp,082 CEA-BST Ebf1 Pdyn Gaba,2700069I18Rik,False,35.041630778064885,2.0557528026754954,0.6718302467695321,2.216414556064503,122,108
BMAp,082 CEA-BST Ebf1 Pdyn Gaba,Itm2a,False,32.83089290841229,1.7827083950168676,0.6823304468189928,2.1986131413035235,123,109
BMAp,082 CEA-BST Ebf1 Pdyn Gaba,Adam12,False,43.41085271317829,2.6458678200366066,0.5494493150160991,2.1870476317230505,124,110
BMAp,082 CEA-BST Ebf1 Pdyn Gaba,Csrp2,False,30.69193224231984,1.6299960858993683,0.6801545533233935,2.1671787840739354,125,111
BMAp,082 CEA-BST Ebf1 Pdyn Gaba,Mterf2,False,39.39132931380993,2.068250307296153,0.5705115747264318,2.165912211638928,126,112
BMAp,082 CEA-BST Ebf1 Pdyn Gaba,Sema3c,False,35.71633649153029,2.526645604543497,0.571424631305465,2.1242915372020286,127,113
BMAp,082 CEA-BST Ebf1 Pdyn Gaba,Diaph3,False,31.424059718633362,1.736145597814384,0.6269645792285297,2.124226870674244,128,114
BMAp,082 CEA-BST Ebf1 Pdyn Gaba,Gpr161,False,38.14240597186333,2.079998216785099,0.5422279822309133,2.1236360665189733,129,115
BMAp,082 CEA-BST Ebf1 Pdyn Gaba,Arhgef6,False,26.902095894343958,1.4315939417797157,0.6614728905863384,2.0912590070158803,130,116
BMAp,082 CEA-BST Ebf1 Pdyn Gaba,Tacr3,True,30.117714613838643,1.8414124744293712,0.5593455234446165,2.0381675371799384,131,15
BMAp,082 CEA-BST Ebf1 Pdyn Gaba,Ucp2,False,26.715475165087568,1.4795203656599913,0.5772128147021289,2.0039757177106785,132,117
BMAp,113 MEA-COA-BMA Ccdc42 Glut,Iqgap2,False,92.9562875492024,7.019854950020717,2.7009861911900988,4.6692649619044815,1,1
BMAp,113 MEA-COA-BMA Ccdc42 Glut,Penk,True,75.67847524342241,5.202845808732132,2.3060681565644603,4.185040529957685,2,1
BMAp,113 MEA-COA-BMA Ccdc42 Glut,H2-Q2,False,57.07478765278641,3.35353140537601,2.4208933587867065,4.177337663155818,3,2
BMAp,113 MEA-COA-BMA Ccdc42 Glut,Ntng1,False,97.09964781437746,8.504283360524136,2.0808298874938833,4.068047542195401,4,3
BMAp,113 MEA-COA-BMA Ccdc42 Glut,Cmbl,False,64.8332297493267,3.828221300756163,2.089578930171729,3.901376587242352,5,4
BMAp,113 MEA-COA-BMA Ccdc42 Glut,Nell1,False,86.97949036668739,6.936558032939714,1.8613386985709885,3.8007555572741403,6,5
BMAp,113 MEA-COA-BMA Ccdc42 Glut,Stac2,False,63.19660244458256,3.792549153848146,1.934672437072049,3.7353661675817635,7,6
BMAp,113 MEA-COA-BMA Ccdc42 Glut,Tmem215,False,76.40356328982806,4.783095494743112,1.7806738924533843,3.663787506016284,8,7
BMAp,113 MEA-COA-BMA Ccdc42 Glut,Gm28905,False,94.18893722809199,8.091088376579656,1.6354628831039237,3.6094627797085352,9,8
BMAp,113 MEA-COA-BMA Ccdc42 Glut,4930598N05Rik,False,59.519370209239696,3.737160438678268,1.7831031915975668,3.557761518770822,10,9
BMAp,113 MEA-COA-BMA Ccdc42 Glut,Ccdc42,True,47.98011187072716,2.728297936736068,1.874486875607411,3.5555481318441178,11,2
BMAp,113 MEA-COA-BMA Ccdc42 Glut,Tgfbr3,False,77.93660658794282,5.066104399730682,1.590758128565343,3.4824996209610113,12,10
BMAp,113 MEA-COA-BMA Ccdc42 Glut,Lemd1,False,57.064429252123475,3.475974579837373,1.635036564678256,3.391402042568904,13,11
BMAp,113 MEA-COA-BMA Ccdc42 Glut,Ldb2,False,99.61673917547131,9.186740923451419,1.3531000335328685,3.351432355096297,14,12
BMAp,113 MEA-COA-BMA Ccdc42 Glut,Lamb3,True,66.73917547130723,4.025926753159312,1.5050815799566344,3.3294624168203075,15,3
BMAp,113 MEA-COA-BMA Ccdc42 Glut,Slit2,False,93.6192251916304,7.935846702144189,1.3445770670045611,3.3159421095170707,16,13
BMAp,113 MEA-COA-BMA Ccdc42 Glut,Krt9,True,52.744976175678474,3.1349576195747875,1.5650598664477098,3.2872409669466545,17,4
BMAp,113 MEA-COA-BMA Ccdc42 Glut,Kcns2,False,64.38781852082039,3.8323747766469856,1.3445480221429662,3.153351733453151,18,14
BMAp,113 MEA-COA-BMA Ccdc42 Glut,Spint1,False,51.253366480215455,2.899585218885954,1.4237277114158344,3.133450107890244,19,15
BMAp,113 MEA-COA-BMA Ccdc42 Glut,Lmntd1,False,47.36896623161384,2.8079975350243425,1.4512461227048703,3.126740029602879,20,16
BMAp,113 MEA-COA-BMA Ccdc42 Glut,Gm42722,False,76.92148332297494,4.947911811166356,1.228388731609583,3.11443638201705,21,17
BMAp,113 MEA-COA-BMA Ccdc42 Glut,Bdnf,True,70.08493888543609,4.791226434638491,1.1736638993410518,3.0192885983103404,22,5
BMAp,113 MEA-COA-BMA Ccdc42 Glut,Gm29296,False,38.54360886679097,2.1406996533172777,1.3757660063238437,2.9617183818627044,23,18
BMAp,113 MEA-COA-BMA Ccdc42 Glut,Jam3,False,83.0225813134452,5.3649450681064845,1.0421942744062855,2.961390506613776,24,19
BMAp,113 MEA-COA-BMA Ccdc42 Glut,Mmp17,False,81.727781230578,5.2610588065827635,0.9836077420223237,2.8959774507490708,25,20
BMAp,113 MEA-COA-BMA Ccdc42 Glut,Adamts18,False,58.12098611974311,3.587112935700228,1.11651391753538,2.880846891756164,26,21
BMAp,113 MEA-COA-BMA Ccdc42 Glut,Gsg1l,False,66.27304744147504,4.049401074036669,1.0546001334852617,2.8759370747506767,27,22
BMAp,113 MEA-COA-BMA Ccdc42 Glut,Rspo1,False,57.489123679303916,3.4477964930339757,1.0937773559926915,2.8533630446326947,28,23
BMAp,113 MEA-COA-BMA Ccdc42 Glut,Epb41l2,False,71.94945100476487,4.556046635461985,0.9870483392518783,2.8440758237439487,29,24
BMAp,113 MEA-COA-BMA Ccdc42 Glut,Igfbp6,False,34.63849181686348,2.0150552879635386,1.3038752459618155,2.843434220246121,30,25
BMAp,113 MEA-COA-BMA Ccdc42 Glut,C130073E24Rik,False,97.01678060907396,8.559950053086803,0.84953849432683,2.836385353290218,31,26
BMAp,113 MEA-COA-BMA Ccdc42 Glut,4930555F03Rik,False,80.66086596229542,5.577593322715972,0.902988300757297,2.809651180970772,32,27
BMAp,113 MEA-COA-BMA Ccdc42 Glut,B230216N24Rik,False,69.97099647814377,4.372468665837995,0.9578389934019911,2.802757052277367,33,28
BMAp,113 MEA-COA-BMA Ccdc42 Glut,Mbp,True,90.24238657551274,6.267109164594986,0.8311136162655313,2.786524188530577,34,6
BMAp,113 MEA-COA-BMA Ccdc42 Glut,Pifo,False,56.774394033561215,3.3049146969520407,1.0282757449475586,2.782428252537086,35,29
BMAp,113 MEA-COA-BMA Ccdc42 Glut,Opcml,False,99.98964159933706,11.03259578283613,0.7673209446887199,2.767275956396153,36,30
BMAp,113 MEA-COA-BMA Ccdc42 Glut,Fndc1,False,61.88108556038948,3.7610632574580483,0.9715053337961468,2.7630632575815834,37,31
BMAp,113 MEA-COA-BMA Ccdc42 Glut,Gm28050,False,58.58711414957531,3.436421674305987,0.9933539241626388,2.7611560304688085,38,32
BMAp,113 MEA-COA-BMA Ccdc42 Glut,Rerg,False,91.64077066500933,6.676564604050134,0.7986105726026906,2.760699305391478,39,33
BMAp,113 MEA-COA-BMA Ccdc42 Glut,Fstl4,False,91.62005386368345,6.986826218406878,0.7893909695991468,2.7513815123622156,40,34
BMAp,113 MEA-COA-BMA Ccdc42 Glut,Pam,False,99.2852703542573,8.900136115858711,0.7479835848150707,2.7448684075464787,41,35
BMAp,113 MEA-COA-BMA Ccdc42 Glut,Zfp831,False,84.14128858504247,5.550548185985084,0.8176182629661355,2.742627421717807,42,36
BMAp,113 MEA-COA-BMA Ccdc42 Glut,Gm39456,False,37.538844002486016,2.081015843497514,1.166641106468134,2.741122000990236,43,37
BMAp,113 MEA-COA-BMA Ccdc42 Glut,Nrgn,False,100.0,10.615976861922519,0.7361264054089656,2.7361264054089656,44,38
BMAp,113 MEA-COA-BMA Ccdc42 Glut,Prkd1,False,55.60389475864926,3.4983717888957946,0.984595319986183,2.7297005326644452,45,39
BMAp,113 MEA-COA-BMA Ccdc42 Glut,Efcc1,False,61.92251916304123,3.591205717837166,0.8915051062211301,2.6833537224417188,46,40
BMAp,113 MEA-COA-BMA Ccdc42 Glut,Id4,False,66.1280298321939,4.131043884011809,0.8606244926637201,2.68101007652372,47,41
BMAp,113 MEA-COA-BMA Ccdc42 Glut,Fig4,False,70.2817484980319,4.261931582763621,0.8321417441726076,2.6789843016856905,48,42
BMAp,113 MEA-COA-BMA Ccdc42 Glut,Gm45341,False,74.9844623990056,5.095137054588771,0.8037130134900341,2.6786842956358092,49,43
BMAp,113 MEA-COA-BMA Ccdc42 Glut,Ap1s1,False,98.33229749326703,7.595948732390719,0.6834666533514904,2.676162839742252,50,44
BMAp,113 MEA-COA-BMA Ccdc42 Glut,Tenm2,False,100.0,11.521792294644706,0.6733159658963679,2.673315965896368,51,45
BMAp,113 MEA-COA-BMA Ccdc42 Glut,Grhl1,False,68.8212140045577,4.076827367541951,0.8275445306278888,2.6652668599245724,52,46
BMAp,113 MEA-COA-BMA Ccdc42 Glut,Gm2516,False,65.33043298114771,4.022116399290449,0.848526784679708,2.6636423211903546,53,47
BMAp,113 MEA-COA-BMA Ccdc42 Glut,Krt77,False,54.76486430495132,3.1205153385254816,0.9249348357516287,2.663436851674067,54,48
BMAp,113 MEA-COA-BMA Ccdc42 Glut,Wrnip1,False,69.49451004764865,4.137194589030454,0.8167872897452146,2.658737787138411,55,49
BMAp,113 MEA-COA-BMA Ccdc42 Glut,Kif26b,False,92.39693391340377,6.875163468510462,0.6893939720275455,2.6550515319209955,56,50
BMAp,113 MEA-COA-BMA Ccdc42 Glut,Adgrf5,False,28.86886264760721,1.6969609423555003,1.1929677841290312,2.6533974583596622,57,51
BMAp,113 MEA-COA-BMA Ccdc42 Glut,Gm45323,False,87.49741039983427,6.461752414802154,0.6991775666749289,2.6411727663749005,58,52
BMAp,113 MEA-COA-BMA Ccdc42 Glut,Cdkl4,False,73.79324632276777,4.724305906230578,0.7683854474407372,2.63640206374927,59,53
BMAp,113 MEA-COA-BMA Ccdc42 Glut,Cfap54,False,88.25357364822871,6.2497106931064845,0.6801179702479185,2.6258502705319455,60,54
BMAp,113 MEA-COA-BMA Ccdc42 Glut,Zbtb7c,False,94.65506525792418,7.1987291537186655,0.6479728041170718,2.624116663354085,61,55
BMAp,113 MEA-COA-BMA Ccdc42 Glut,Alcam,False,99.78247358607831,9.70535124689248,0.618348228898796,2.617402494702288,62,56
BMAp,113 MEA-COA-BMA Ccdc42 Glut,Bhlhe41,False,79.52144188937228,5.205919745053864,0.7135614438835454,2.6140456900077202,63,57
BMAp,113 MEA-COA-BMA Ccdc42 Glut,Nptx2,True,31.831365237207375,1.8071379091568263,1.100390815802942,2.603246081576647,64,7
BMAp,113 MEA-COA-BMA Ccdc42 Glut,Hapln4,False,79.93577791588979,5.060176643101305,0.6918865223343724,2.5946277281016528,65,58
BMAp,113 MEA-COA-BMA Ccdc42 Glut,Tdrp,False,60.39983426558939,3.499973294748291,0.8132079892088959,2.594243736147267,66,59
BMAp,113 MEA-COA-BMA Ccdc42 Glut,Rreb1,False,87.8392376217112,6.218277397969754,0.6390338253850922,2.582722383159133,67,60
BMAp,113 MEA-COA-BMA Ccdc42 Glut,Nebl,False,98.93308473171743,8.568354924124716,0.5828741908079822,2.5782157413902658,68,61
BMAp,113 MEA-COA-BMA Ccdc42 Glut,Ass1,False,45.815206132173195,2.60212250103584,0.9163058068749834,2.577315451761914,69,62
BMAp,113 MEA-COA-BMA Ccdc42 Glut,Esyt3,False,62.56474000414336,3.6521742121141494,0.7773701082172368,2.5736997523556955,70,63
BMAp,113 MEA-COA-BMA Ccdc42 Glut,Spata1,False,55.04454112285063,3.2390931301144605,0.8226906785789718,2.563404934170557,71,64
BMAp,113 MEA-COA-BMA Ccdc42 Glut,Cfap46,False,70.49927491195359,4.311540634063601,0.7138081265934813,2.5619927768705986,72,65
BMAp,113 MEA-COA-BMA Ccdc42 Glut,Pfkfb4,False,73.56536150818313,4.505720588616118,0.6808246081058118,2.5474979815887355,73,66
BMAp,113 MEA-COA-BMA Ccdc42 Glut,Nol4,False,99.668531178786,9.008577241298944,0.5447793080320125,2.5433373661158845,74,67
BMAp,113 MEA-COA-BMA Ccdc42 Glut,4930483P17Rik,False,53.64615703335405,3.029117626113528,0.7926379588451016,2.5221765753803225,75,68
BMAp,113 MEA-COA-BMA Ccdc42 Glut,Zfp804b,False,89.25833851253367,8.210932644499689,0.5567388519366183,2.5073876503995183,76,69
BMAp,113 MEA-COA-BMA Ccdc42 Glut,Npsr1,False,33.726952558524964,2.5404461152760516,0.9586479187809254,2.486625020515416,77,70
BMAp,113 MEA-COA-BMA Ccdc42 Glut,Itgb8,False,77.70872177335819,4.983163957297493,0.5741779154739488,2.46464768080598,78,71
BMAp,113 MEA-COA-BMA Ccdc42 Glut,Ikbkb,False,66.06587942821628,3.954141822690077,0.6435336674127172,2.4635108878369847,79,72
BMAp,113 MEA-COA-BMA Ccdc42 Glut,Sept11,False,90.92604101926662,6.304901142013673,0.5021948130360743,2.4608830950623553,80,73
BMAp,113 MEA-COA-BMA Ccdc42 Glut,Btbd16,False,30.58835715765486,1.6697175393619226,0.9742475004812294,2.4598036529636347,81,74
BMAp,113 MEA-COA-BMA Ccdc42 Glut,Cbfb,False,61.08348870934328,3.556905249766936,0.6720808403039835,2.458004673599117,82,75
BMAp,113 MEA-COA-BMA Ccdc42 Glut,Aldh3b2,False,48.81914232442511,2.8507334233219392,0.7666754396023139,2.4552655848792764,83,76
BMAp,113 MEA-COA-BMA Ccdc42 Glut,Arhgef26,False,43.41205717837166,2.529351499378496,0.8051489553252373,2.4427593216764087,84,77
BMAp,113 MEA-COA-BMA Ccdc42 Glut,Gm45441,False,41.64077066500932,2.321946578167081,0.8137143082671687,2.433233066868966,85,78
BMAp,113 MEA-COA-BMA Ccdc42 Glut,Wdr95,False,38.49181686347628,2.227734294074995,0.8335645475137416,2.4189329583526726,86,79
BMAp,113 MEA-COA-BMA Ccdc42 Glut,Gm33228,False,55.85249637455977,3.513377307981148,0.6695732352499588,2.4166158242945492,87,80
BMAp,113 MEA-COA-BMA Ccdc42 Glut,Adgb,False,29.169256266832402,1.6371115397438885,0.9443603707856748,2.409285726773076,88,81
BMAp,113 MEA-COA-BMA Ccdc42 Glut,Oprd1,True,36.016159105034184,1.9826601991402528,0.8458731305750153,2.4023705267756004,89,8
BMAp,113 MEA-COA-BMA Ccdc42 Glut,Plekhb1,False,40.480629790760304,2.334376052025067,0.7932668668660361,2.4005141274300983,90,82
BMAp,113 MEA-COA-BMA Ccdc42 Glut,Drd1,True,51.54340169877771,2.971357605979387,0.6798196335956659,2.391992710795755,91,9
BMAp,113 MEA-COA-BMA Ccdc42 Glut,Gm45321,False,58.21421172570955,3.500016185001036,0.6102149376128607,2.3752439586992486,92,83
BMAp,113 MEA-COA-BMA Ccdc42 Glut,Barx2,False,54.858089910917755,3.2008588975424694,0.6252493251521769,2.364490007101147,93,84
BMAp,113 MEA-COA-BMA Ccdc42 Glut,Hydin,False,44.36503003936192,2.567550327260721,0.710214825517693,2.357255605431589,94,85
BMAp,113 MEA-COA-BMA Ccdc42 Glut,Itga11,False,38.74041847938678,2.159094109307023,0.7690137182145198,2.3571780259323267,95,86
BMAp,113 MEA-COA-BMA Ccdc42 Glut,Ano10,False,42.28299150611146,2.5339636177361715,0.7124878022481238,2.3386535081455024,96,87
BMAp,113 MEA-COA-BMA Ccdc42 Glut,Grm2,False,37.10379117464264,1.9969206012404184,0.757200866896544,2.3266191539268837,97,88
BMAp,113 MEA-COA-BMA Ccdc42 Glut,A830012C17Rik,False,29.79076030660866,1.669200125110058,0.7967133786585436,2.2707949658867155,98,89
BMAp,113 MEA-COA-BMA Ccdc42 Glut,Lingo3,False,56.650093225605964,3.2389824651698778,0.5052648639349555,2.2584654928269208,99,90
BMAp,113 MEA-COA-BMA Ccdc42 Glut,BC039966,False,38.07748083695877,2.1720340176351773,0.677309400478803,2.2579776087102035,100,91
BMAp,113 MEA-COA-BMA Ccdc42 Glut,Amz1,False,52.610316967060285,2.967128262896209,0.5272538904596669,2.2483248088055916,101,92
BMAp,113 MEA-COA-BMA Ccdc42 Glut,Fam20a,False,27.86409778330226,1.676442407292314,0.7799843502037246,2.2250293357234594,102,93
BMAp,113 MEA-COA-BMA Ccdc42 Glut,Exosc2,False,46.954630205096336,2.603352156489538,0.5510657941264903,2.2227442187025046,103,94
BMAp,113 MEA-COA-BMA Ccdc42 Glut,Gm13830,False,48.24943028796354,2.701229129441164,0.5138021476464392,2.197294337362428,104,95
BMAp,113 MEA-COA-BMA Ccdc42 Glut,D7Ertd443e,False,25.79241765071473,1.4065386999559768,0.7834830998505288,2.194975152463592,105,96
BMAp,113 MEA-COA-BMA Ccdc42 Glut,Sstr5,False,25.595608038118915,1.3725557613748187,0.7797101961966318,2.187875647116038,106,97
BMAp,113 MEA-COA-BMA Ccdc42 Glut,Casr,False,36.896623161383886,2.1009001288326083,0.6092547940837305,2.176241414728282,107,98
BMAp,113 MEA-COA-BMA Ccdc42 Glut,Tmc4,False,45.33871970167806,2.508862906567226,0.5197039175234013,2.1761731696538424,108,99
BMAp,113 MEA-COA-BMA Ccdc42 Glut,Etnk2,False,46.62316138388233,2.6272110734540086,0.5061208250725344,2.17472254352834,109,100
BMAp,113 MEA-COA-BMA Ccdc42 Glut,Cavin2,False,35.35322146260617,1.921812890058525,0.6049409223370323,2.153369916132998,110,101
BMAp,113 MEA-COA-BMA Ccdc42 Glut,Gramd1c,False,33.74766935985084,1.8665218918324011,0.5735020765622318,2.1017458620520495,111,102
BMAp,113 MEA-COA-BMA Ccdc42 Glut,Gm26760,False,32.56681168427595,1.985352169437539,0.581437393446729,2.094212636331426,112,103
BMAp,113 MEA-COA-BMA Ccdc42 Glut,Rrad,False,32.6911124922312,1.803243797907603,0.5761381501992375,2.0905678502539473,113,104
BMAp,113 MEA-COA-BMA Ccdc42 Glut,2810459M11Rik,False,25.947793660658796,1.3816597233012222,0.5516858143426632,1.9657862500632546,114,105
BMAp,119 SI-MA-LPO-LHA Skor1 Glut,Tcf7l2,True,44.81651376146789,4.566821513044725,4.454378195494613,6.105816265608781,1,1
BMAp,119 SI-MA-LPO-LHA Skor1 Glut,Ndst4,False,75.04587155963303,6.733845058056192,4.100385928963717,5.975712734694416,2,1
BMAp,119 SI-MA-LPO-LHA Skor1 Glut,Sox5,True,74.12844036697248,6.198563378010321,3.906274802678852,5.776259665512814,3,2
BMAp,119 SI-MA-LPO-LHA Skor1 Glut,Fndc5,False,88.9908256880734,6.249664026662844,3.514157235918377,5.463502472243998,4,2
BMAp,119 SI-MA-LPO-LHA Skor1 Glut,Il31ra,False,58.944954128440365,4.165474483944954,3.665389178420801,5.43583581248351,5,3
BMAp,119 SI-MA-LPO-LHA Skor1 Glut,Gpr149,False,66.0091743119266,4.7516682196100914,3.5481293725035434,5.367733672835544,6,4
BMAp,119 SI-MA-LPO-LHA Skor1 Glut,Mab21l1,False,63.62385321100918,4.139064739822247,3.4312565591943986,5.234876526663079,7,5
BMAp,119 SI-MA-LPO-LHA Skor1 Glut,Dmrta2,False,54.72477064220183,3.5774261754587156,3.403128275852478,5.141312225918215,8,6
BMAp,119 SI-MA-LPO-LHA Skor1 Glut,Vwc2,False,84.86238532110092,7.064759084719037,3.088936999710421,5.01765223450883,9,7
BMAp,119 SI-MA-LPO-LHA Skor1 Glut,Skor1,True,53.57798165137615,3.152903033615252,3.139564701668569,4.868551050840345,10,3
BMAp,119 SI-MA-LPO-LHA Skor1 Glut,Nhlh2,False,62.84403669724771,3.9363214055332567,3.0272647610175696,4.825528834569372,11,8
BMAp,119 SI-MA-LPO-LHA Skor1 Glut,Alk,False,81.69724770642202,6.304962550172019,2.6855569463523747,4.597764372211014,12,9
BMAp,119 SI-MA-LPO-LHA Skor1 Glut,Tbr1,True,77.29357798165138,4.855466062213303,2.7053340399837595,4.593477451586512,13,4
BMAp,119 SI-MA-LPO-LHA Skor1 Glut,Il1rapl2,False,64.40366972477064,6.4818619194380735,2.6879483700026063,4.496858984191788,14,10
BMAp,119 SI-MA-LPO-LHA Skor1 Glut,B3glct,False,69.35779816513761,4.606654959862385,2.5458682352788125,4.386963532839395,15,11
BMAp,119 SI-MA-LPO-LHA Skor1 Glut,Lef1,False,39.72477064220183,2.792356382597477,2.7395704900343043,4.338631888447046,16,12
BMAp,119 SI-MA-LPO-LHA Skor1 Glut,Grm3,False,85.8256880733945,6.327166356077981,2.4002526524639993,4.333869946359404,17,13
BMAp,119 SI-MA-LPO-LHA Skor1 Glut,Samd3,False,50.36697247706422,3.344813467603211,2.54631845015578,4.248464296665248,18,14
BMAp,119 SI-MA-LPO-LHA Skor1 Glut,Emx2os,False,55.96330275229358,3.3707479214449543,2.444135268172994,4.1920386052431375,19,15
BMAp,119 SI-MA-LPO-LHA Skor1 Glut,Gulp1,False,78.25688073394495,5.961421301605505,2.212586217055059,4.106108750281958,20,16
BMAp,119 SI-MA-LPO-LHA Skor1 Glut,Dach1,False,91.5137614678899,8.373042395355505,2.1385668957006354,4.1000533021187975,21,17
BMAp,119 SI-MA-LPO-LHA Skor1 Glut,Gm3510,False,66.28440366972477,4.094794205131881,2.2506044578615496,4.0720158113495115,22,18
BMAp,119 SI-MA-LPO-LHA Skor1 Glut,Hivep1,True,78.4862385321101,4.976993441800459,2.154062598528351,4.048856114464846,23,5
BMAp,119 SI-MA-LPO-LHA Skor1 Glut,9630014M24Rik,False,68.11926605504587,4.560451458572247,2.17239490410119,4.005664864149816,24,19
BMAp,119 SI-MA-LPO-LHA Skor1 Glut,Wnt7b,False,47.93577981651376,2.8547009389334863,2.273904690334134,3.9545644871766017,25,20
BMAp,119 SI-MA-LPO-LHA Skor1 Glut,Kcnk2,False,90.77981651376147,6.9223829916857795,1.9882718486645272,3.9462611492663187,26,21
BMAp,119 SI-MA-LPO-LHA Skor1 Glut,Ptpru,True,77.70642201834862,5.034915693090596,2.030232360728363,3.9206892731184464,27,6
BMAp,119 SI-MA-LPO-LHA Skor1 Glut,Ppargc1a,False,90.8256880733945,6.665375035837156,1.9514978639531817,3.909706560610108,28,22
BMAp,119 SI-MA-LPO-LHA Skor1 Glut,Emx2,False,51.23853211009175,3.0959772792431193,2.194196868435423,3.903793547946427,29,23
BMAp,119 SI-MA-LPO-LHA Skor1 Glut,Gabra1,False,99.31192660550458,9.330022577408258,1.8994795838701055,3.8964809909548848,30,24
BMAp,119 SI-MA-LPO-LHA Skor1 Glut,Gm13629,False,69.1743119266055,4.567526161123853,2.04792126936914,3.8878661172982905,31,25
BMAp,119 SI-MA-LPO-LHA Skor1 Glut,Rbms1,False,81.46788990825688,5.8688498960722475,1.9514051757341768,3.8623916435721544,32,26
BMAp,119 SI-MA-LPO-LHA Skor1 Glut,Gm29683,False,73.4862385321101,4.89521484375,1.9491338827362146,3.8153399008798283,33,27
BMAp,119 SI-MA-LPO-LHA Skor1 Glut,Ubxn2a,False,94.77064220183486,6.738074738388762,1.8043912069114363,3.781065030490433,34,28
BMAp,119 SI-MA-LPO-LHA Skor1 Glut,Sdk1,False,86.05504587155963,7.56795889478211,1.8446515283260503,3.779427868764491,35,29
BMAp,119 SI-MA-LPO-LHA Skor1 Glut,Sema5b,True,51.055045871559635,3.2956204755590597,2.0538457008247115,3.7618843715548147,36,7
BMAp,119 SI-MA-LPO-LHA Skor1 Glut,Scrt1,False,68.9908256880734,4.2183015875860095,1.901961974935234,3.7407533175862526,37,30
BMAp,119 SI-MA-LPO-LHA Skor1 Glut,Ank1,False,89.12844036697248,6.100424222333715,1.7070906632871283,3.657106970282306,38,31
BMAp,119 SI-MA-LPO-LHA Skor1 Glut,Kcnn2,False,93.6697247706422,7.120635482368119,1.6824534031033282,3.654052647249615,39,32
BMAp,119 SI-MA-LPO-LHA Skor1 Glut,Zfp385a,False,70.55045871559633,4.2865418040424315,1.7724731674633416,3.620973009324149,40,33
BMAp,119 SI-MA-LPO-LHA Skor1 Glut,Cbln2,True,50.091743119266056,3.3198674473193805,1.9181974497418612,3.6179635945059747,41,8
BMAp,119 SI-MA-LPO-LHA Skor1 Glut,Rnf152,False,77.61467889908256,5.192766270068807,1.683323495633735,3.5732673607321352,42,34
BMAp,119 SI-MA-LPO-LHA Skor1 Glut,Zbtb4,False,93.1651376146789,6.458029762758027,1.5721277129303424,3.541381142730544,43,35
BMAp,119 SI-MA-LPO-LHA Skor1 Glut,Sema3e,True,50.87155963302752,3.6949955651519497,1.7647546905571192,3.4712297431016745,44,9
BMAp,119 SI-MA-LPO-LHA Skor1 Glut,Rph3a,False,95.45871559633028,7.822250394208716,1.4798600497107106,3.4596756363177326,45,36
BMAp,119 SI-MA-LPO-LHA Skor1 Glut,Tbc1d4,False,55.77981651376147,3.6109520588446102,1.6918770640238106,3.438354145355922,46,37
BMAp,119 SI-MA-LPO-LHA Skor1 Glut,Epha3,False,74.90825688073394,5.649192768061926,1.525605995019828,3.4001356861518914,47,38
BMAp,119 SI-MA-LPO-LHA Skor1 Glut,Fzd8,False,45.73394495412844,2.6129665549741974,1.6923895321400773,3.352628196847128,48,39
BMAp,119 SI-MA-LPO-LHA Skor1 Glut,Frem1,False,31.788990825688074,2.220247993119266,1.8220800691121695,3.3243568101193715,49,40
BMAp,119 SI-MA-LPO-LHA Skor1 Glut,Enho,False,73.1651376146789,4.428603873996559,1.443351913090185,3.30765610687878,50,41
BMAp,119 SI-MA-LPO-LHA Skor1 Glut,Daam2,False,32.43119266055046,1.9331509371416284,1.7966311158400208,3.3075940360323153,51,42
BMAp,119 SI-MA-LPO-LHA Skor1 Glut,Ubash3b,False,79.77064220183486,5.806083357224771,1.403479134482164,3.305322222880272,52,43
BMAp,119 SI-MA-LPO-LHA Skor1 Glut,Cachd1,False,77.29357798165138,5.4982421875,1.4102220026145416,3.2983654142172942,53,44
BMAp,119 SI-MA-LPO-LHA Skor1 Glut,Nxph4,True,64.95412844036697,4.478423344323394,1.458400241867443,3.2710070016165886,54,10
BMAp,119 SI-MA-LPO-LHA Skor1 Glut,Lcp1,False,33.027522935779814,2.0956137560923165,1.7391443240130517,3.2580203268397154,55,45
BMAp,119 SI-MA-LPO-LHA Skor1 Glut,Csdc2,False,73.02752293577981,4.444118674741972,1.3810282935122862,3.2445148633093313,56,46
BMAp,119 SI-MA-LPO-LHA Skor1 Glut,Deptor,False,52.75229357798165,3.2905374229501145,1.4879075129028039,3.210148859651811,57,47
BMAp,119 SI-MA-LPO-LHA Skor1 Glut,Elavl2,False,98.30275229357798,8.370228282683486,1.2134537098804996,3.206019387317723,58,48
BMAp,119 SI-MA-LPO-LHA Skor1 Glut,Gabrb2,False,98.57798165137615,8.508927035550458,1.2110862583792734,3.204866180266112,59,49
BMAp,119 SI-MA-LPO-LHA Skor1 Glut,Sox5os4,False,32.6605504587156,1.9472781680045872,1.6783475872832643,3.1923710873155158,60,50
BMAp,119 SI-MA-LPO-LHA Skor1 Glut,Scn1a,False,98.07339449541284,8.104225200688074,1.156239747767005,3.147790955035159,61,51
BMAp,119 SI-MA-LPO-LHA Skor1 Glut,Zfas1,False,92.8440366972477,6.728535783400229,1.1716529657057473,3.139406980268904,62,52
BMAp,119 SI-MA-LPO-LHA Skor1 Glut,Cend1,False,95.45871559633028,7.230479501146789,1.1505020402274262,3.130317626834448,63,53
BMAp,119 SI-MA-LPO-LHA Skor1 Glut,Steap2,False,55.55045871559633,3.3745824971330274,1.3708726531138629,3.11556030265231,64,54
BMAp,119 SI-MA-LPO-LHA Skor1 Glut,Plpp1,False,72.56880733944953,4.465530927465596,1.2492871136583252,3.1100370992153783,65,55
BMAp,119 SI-MA-LPO-LHA Skor1 Glut,Plpp4,False,49.63302752293578,3.151068395212156,1.385893264443063,3.0816640316090087,66,56
BMAp,119 SI-MA-LPO-LHA Skor1 Glut,Vegfa,False,58.1651376146789,3.4005698107798166,1.3094852290394576,3.0741479889805667,67,57
BMAp,119 SI-MA-LPO-LHA Skor1 Glut,Rasgrp2,False,69.6788990825688,4.275537557339449,1.2288881926245225,3.071989472882704,68,58
BMAp,119 SI-MA-LPO-LHA Skor1 Glut,Gm30003,False,46.42201834862385,2.7280949863818806,1.4050671826771133,3.0717912015762887,69,59
BMAp,119 SI-MA-LPO-LHA Skor1 Glut,Mab21l2,False,27.93577981651376,1.631547896358945,1.6207266252137469,3.0668874242420174,70,60
BMAp,119 SI-MA-LPO-LHA Skor1 Glut,Pik3r3,False,82.79816513761467,5.438229286123853,1.145519874257638,3.06354058689471,71,61
BMAp,119 SI-MA-LPO-LHA Skor1 Glut,Ddx25,False,62.11009174311926,3.6239342925745412,1.2638619334488763,3.057024104193397,72,62
BMAp,119 SI-MA-LPO-LHA Skor1 Glut,Mgat4c,False,94.03669724770643,10.034532683486239,1.082613876961691,3.0559112444128407,73,63
BMAp,119 SI-MA-LPO-LHA Skor1 Glut,Tle4,True,90.27522935779817,6.647700598480505,1.0965599017033014,3.0521285021940194,74,11
BMAp,119 SI-MA-LPO-LHA Skor1 Glut,Lbh,False,65.87155963302752,3.9398961618405965,1.2214654377596088,3.0401633840612856,75,64
BMAp,119 SI-MA-LPO-LHA Skor1 Glut,St8sia1,False,80.5045871559633,5.322985503870413,1.1276201023265342,3.033440729523772,76,65
BMAp,119 SI-MA-LPO-LHA Skor1 Glut,Rbm19,False,40.27522935779817,2.2842659206565368,1.426618085716377,3.0316561080178746,77,66
BMAp,119 SI-MA-LPO-LHA Skor1 Glut,Iglon5,False,60.04587155963303,3.4775520534690365,1.253029876556174,3.031513029502325,78,67
BMAp,119 SI-MA-LPO-LHA Skor1 Glut,Ubap1l,False,59.403669724770644,3.419600236525229,1.257633714983096,3.0314469897957617,79,68
BMAp,119 SI-MA-LPO-LHA Skor1 Glut,Tnfaip8,False,31.009174311926607,2.0118347727924313,1.5367498934802608,3.028240095817292,80,69
BMAp,119 SI-MA-LPO-LHA Skor1 Glut,Rora,False,99.86238532110092,10.138350236525229,1.021464425083943,3.020866360520433,81,70
BMAp,119 SI-MA-LPO-LHA Skor1 Glut,Gabrg2,False,99.03669724770643,8.187459683199542,1.016240627288397,3.0120367760180233,82,71
BMAp,119 SI-MA-LPO-LHA Skor1 Glut,Elovl5,False,63.669724770642205,3.8240498674025227,1.20392950580989,3.007862478324121,83,72
BMAp,119 SI-MA-LPO-LHA Skor1 Glut,Timp3,False,49.58715596330275,3.172389711152523,1.3109382513666665,3.0063074517153723,84,73
BMAp,119 SI-MA-LPO-LHA Skor1 Glut,Slc22a15,False,71.69724770642202,4.474098695527523,1.140613141985229,2.9961156263998108,85,74
BMAp,119 SI-MA-LPO-LHA Skor1 Glut,Sipa1l2,False,63.11926605504587,3.802292234088303,1.1939571805989289,2.9941191208938163,86,75
BMAp,119 SI-MA-LPO-LHA Skor1 Glut,Svbp,False,70.22935779816514,4.29965865108945,1.13594054624821,2.982459243341866,87,76
BMAp,119 SI-MA-LPO-LHA Skor1 Glut,Ttbk2,False,90.77981651376147,6.247950114678899,1.0136682007397662,2.9716575013415576,88,77
BMAp,119 SI-MA-LPO-LHA Skor1 Glut,Grm1,True,97.38532110091744,9.209153705561926,0.9807064621913018,2.969199962752696,89,12
BMAp,119 SI-MA-LPO-LHA Skor1 Glut,Msi2,False,93.07339449541284,6.87237313646789,0.9933919474960344,2.9622175009247753,90,78
BMAp,119 SI-MA-LPO-LHA Skor1 Glut,Cacna2d1,False,100.0,10.48852494266055,0.9539971831851481,2.953997183185148,91,79
BMAp,119 SI-MA-LPO-LHA Skor1 Glut,Ext1,False,97.56880733944953,8.555968678325687,0.9591796668108783,2.9484906631090024,92,80
BMAp,119 SI-MA-LPO-LHA Skor1 Glut,Use1,False,83.11926605504587,5.302486650659404,1.028232124209504,2.9479338239456934,93,81
BMAp,119 SI-MA-LPO-LHA Skor1 Glut,Pttg1,False,40.5045871559633,2.242681380805619,1.3298764644500762,2.93738067442304,94,82
BMAp,119 SI-MA-LPO-LHA Skor1 Glut,Lrrc75b,False,50.22935779816514,2.814740270212156,1.2337527809818283,2.9347104065533607,95,83
BMAp,119 SI-MA-LPO-LHA Skor1 Glut,Psmb10,False,73.76146788990826,4.463368155103211,1.0666828186047073,2.934512369412535,96,84
BMAp,119 SI-MA-LPO-LHA Skor1 Glut,Pole4,False,68.21100917431193,4.117316513761468,1.0982310151951444,2.9320854901124935,97,85
BMAp,119 SI-MA-LPO-LHA Skor1 Glut,Chchd10,False,99.03669724770643,8.628324792144495,0.9276619763200271,2.9234581250496534,98,86
BMAp,119 SI-MA-LPO-LHA Skor1 Glut,Epha10,False,78.44036697247707,5.054759622276376,1.0286099356953518,2.9231495524829008,99,87
BMAp,119 SI-MA-LPO-LHA Skor1 Glut,Asxl3,False,81.8348623853211,5.413717567373853,1.001152701287583,2.9140910577230823,100,88
BMAp,119 SI-MA-LPO-LHA Skor1 Glut,Gys1,False,55.091743119266056,3.1856561783256883,1.1677261272119916,2.908812641010293,101,89
BMAp,119 SI-MA-LPO-LHA Skor1 Glut,Robo1,False,98.57798165137615,10.170962048451836,0.9134223801577512,2.9072023020445896,102,90
BMAp,119 SI-MA-LPO-LHA Skor1 Glut,Epb41,False,89.12844036697248,6.022994015194954,0.9448927150162643,2.8949090220114417,103,91
BMAp,119 SI-MA-LPO-LHA Skor1 Glut,Lin28b,False,88.07339449541284,5.914693681909403,0.9435018865906786,2.8883466216896236,104,92
BMAp,119 SI-MA-LPO-LHA Skor1 Glut,Lypd6b,False,45.41284403669725,2.9797235611381883,1.231105308832089,2.8882840098250337,105,93
BMAp,119 SI-MA-LPO-LHA Skor1 Glut,Eef2,False,97.06422018348624,7.440208841026376,0.8996059349468464,2.88666510470539,106,94
BMAp,119 SI-MA-LPO-LHA Skor1 Glut,Diras1,False,81.97247706422019,5.2536876433486235,0.9721102583656487,2.885778317266688,107,95
BMAp,119 SI-MA-LPO-LHA Skor1 Glut,Slc5a5,False,53.85321100917431,3.2371429723337157,1.1529513967343763,2.884163000041367,108,96
BMAp,119 SI-MA-LPO-LHA Skor1 Glut,Cplx1,False,87.43119266055047,6.526119463159404,0.9417720324211283,2.883438435118831,109,97
BMAp,119 SI-MA-LPO-LHA Skor1 Glut,Smim17,False,65.36697247706422,3.9000658507740824,1.0644221636273072,2.8797805343672316,110,98
BMAp,119 SI-MA-LPO-LHA Skor1 Glut,Dpysl3,False,85.41284403669725,5.682798165137615,0.9462992715621494,2.8778224546028683,111,99
BMAp,119 SI-MA-LPO-LHA Skor1 Glut,Mapk6,False,76.78899082568807,4.8152572211869265,0.9887766481356777,2.8740756081883143,112,100
BMAp,119 SI-MA-LPO-LHA Skor1 Glut,Slc38a2,False,80.09174311926606,5.0257342137327985,0.9699946539310913,2.8735823996960375,113,101
BMAp,119 SI-MA-LPO-LHA Skor1 Glut,Sdr39u1,False,72.56880733944953,4.406908507740826,1.0081367951367488,2.868886780693802,114,102
BMAp,119 SI-MA-LPO-LHA Skor1 Glut,Npnt,False,33.71559633027523,2.145174974913991,1.3370181966786334,2.8648490421582236,115,103
BMAp,119 SI-MA-LPO-LHA Skor1 Glut,Sars,False,88.53211009174312,5.919454648079128,0.9152337094666843,2.862334524869853,116,104
BMAp,119 SI-MA-LPO-LHA Skor1 Glut,Esrra,False,57.61467889908257,3.3219184525516057,1.0959077912278943,2.856440937024467,117,105
BMAp,119 SI-MA-LPO-LHA Skor1 Glut,Fabp5,False,84.44954128440367,5.716737295728211,0.9267251796003855,2.8533224744997954,118,106
BMAp,119 SI-MA-LPO-LHA Skor1 Glut,Iscu,False,94.44954128440367,6.8277487098623855,0.8758730818118545,2.851072934825281,119,107
BMAp,119 SI-MA-LPO-LHA Skor1 Glut,Amy1,False,87.01834862385321,5.882143241112385,0.9079673564776538,2.8475781937617115,120,108
BMAp,119 SI-MA-LPO-LHA Skor1 Glut,B3gat2,False,74.54128440366972,5.045471079415138,0.9729115542049218,2.84530842591521,121,109
BMAp,119 SI-MA-LPO-LHA Skor1 Glut,Luzp1,False,90.36697247706422,6.300637453411698,0.8874219827028291,2.8434317152598174,122,110
BMAp,119 SI-MA-LPO-LHA Skor1 Glut,Plcb4,False,96.14678899082568,7.437341868549312,0.857463560237905,2.8403983449449894,123,111
BMAp,119 SI-MA-LPO-LHA Skor1 Glut,Hcn2,False,74.54128440366972,4.596091062213302,0.9674181835954414,2.8398150553057295,124,112
BMAp,119 SI-MA-LPO-LHA Skor1 Glut,Cadm4,False,85.09174311926606,5.478040782683486,0.9064662029938093,2.836353623340269,125,113
BMAp,119 SI-MA-LPO-LHA Skor1 Glut,Rgs8,False,79.86238532110092,5.173072408973624,0.9280675521335313,2.830409829646258,126,114
BMAp,119 SI-MA-LPO-LHA Skor1 Glut,Ndufb8,False,97.29357798165138,7.42947202909977,0.8362885290610764,2.8243727039730335,127,115
BMAp,119 SI-MA-LPO-LHA Skor1 Glut,Phlda3,False,64.63302752293578,3.8671512148795872,1.0111065649728976,2.821561064477649,128,116
BMAp,119 SI-MA-LPO-LHA Skor1 Glut,Rhobtb3,False,59.95412844036697,3.587676945957569,1.0395748696837233,2.8173939636596628,129,117
BMAp,119 SI-MA-LPO-LHA Skor1 Glut,Gm5820,False,41.23853211009175,2.4036500143348625,1.2008260996931661,2.81612929782179,130,118
BMAp,119 SI-MA-LPO-LHA Skor1 Glut,Tmpo,False,61.46788990825688,3.5611095183486237,1.0240110682243229,2.812659372984526,131,119
BMAp,119 SI-MA-LPO-LHA Skor1 Glut,Ndufs2,False,78.9908256880734,4.9840775516055045,0.9114934152647063,2.8090700687777375,132,120
BMAp,119 SI-MA-LPO-LHA Skor1 Glut,Ankrd24,False,72.24770642201835,4.400657163847477,0.9464462730357237,2.8052703375567383,133,121
BMAp,119 SI-MA-LPO-LHA Skor1 Glut,Rell2,False,77.01834862385321,4.841445670871559,0.9170676721097579,2.803661874643202,134,122
BMAp,119 SI-MA-LPO-LHA Skor1 Glut,Grin2d,False,67.79816513761467,3.993362510751147,0.9694934781610289,2.800711418615231,135,123
BMAp,119 SI-MA-LPO-LHA Skor1 Glut,Mrpl18,False,91.69724770642202,6.202755877293578,0.8320540981161448,2.794410398629657,136,124
BMAp,119 SI-MA-LPO-LHA Skor1 Glut,Ndufa11,False,86.42201834862385,5.811281088732798,0.8572313697457989,2.7938557745980526,137,125
BMAp,119 SI-MA-LPO-LHA Skor1 Glut,Ankrd55,False,80.04587155963303,5.244567087155963,0.8848976522774619,2.7882365899680557,138,126
BMAp,119 SI-MA-LPO-LHA Skor1 Glut,Lhx5,False,73.71559633027523,4.543898276232798,0.9152673337460957,2.7828267169048355,139,127
BMAp,119 SI-MA-LPO-LHA Skor1 Glut,Ndufaf2,False,82.01834862385321,5.254015105361239,0.8668520770828048,2.780763097938099,140,128
BMAp,119 SI-MA-LPO-LHA Skor1 Glut,Flywch2,False,53.440366972477065,3.0362123261897938,1.0524020123838813,2.7802714441413143,141,129
BMAp,119 SI-MA-LPO-LHA Skor1 Glut,Fbxo9,False,96.3302752293578,7.0055099627293576,0.7957886206831475,2.779551421812462,142,130
BMAp,119 SI-MA-LPO-LHA Skor1 Glut,Prdx5,False,92.88990825688073,6.7094722082855505,0.8068231408037363,2.774791674749819,143,131
BMAp,119 SI-MA-LPO-LHA Skor1 Glut,Gm26782,False,70.04587155963303,4.357056783973624,0.9274303677634643,2.7728129112152806,144,132
BMAp,119 SI-MA-LPO-LHA Skor1 Glut,Ap1s2,False,88.80733944954129,6.539507328698394,0.8148693549688506,2.7633182143366204,145,133
BMAp,119 SI-MA-LPO-LHA Skor1 Glut,Pdcd7,False,81.46788990825688,5.154631056479357,0.8502479670775616,2.761234434915539,146,134
BMAp,119 SI-MA-LPO-LHA Skor1 Glut,Ctnnbip1,False,78.11926605504587,4.82922878440367,0.8641696409516304,2.7569277953096263,147,135
BMAp,119 SI-MA-LPO-LHA Skor1 Glut,9330158H04Rik,False,30.18348623853211,2.010021412700688,1.2761756920675953,2.7559450920769457,148,136
BMAp,119 SI-MA-LPO-LHA Skor1 Glut,Ldlrad3,False,51.23853211009175,3.0786910030819956,1.040349622409968,2.7499463019209722,149,137
BMAp,119 SI-MA-LPO-LHA Skor1 Glut,Limk1,False,64.12844036697248,3.793482565223624,0.9419528696486887,2.7490035474537464,150,138
BMAp,119 SI-MA-LPO-LHA Skor1 Glut,Psmd12,False,84.81651376146789,5.456433665424312,0.8199016483054491,2.7483820658600173,151,139
BMAp,119 SI-MA-LPO-LHA Skor1 Glut,Ndufb3,False,92.06422018348624,6.325176945957569,0.7833375683457442,2.747428447228625,152,140
BMAp,119 SI-MA-LPO-LHA Skor1 Glut,Ndufa12,False,91.74311926605505,6.265200777666284,0.7843190933294943,2.7468925953888705,153,141
BMAp,119 SI-MA-LPO-LHA Skor1 Glut,Ppp1r14b,False,59.44954128440367,3.4379802178899084,0.9708460203052471,2.7449945282352166,154,142
BMAp,119 SI-MA-LPO-LHA Skor1 Glut,Nbeal1,False,91.97247706422019,6.270939650229358,0.7787183861003681,2.7423762694519644,155,143
BMAp,119 SI-MA-LPO-LHA Skor1 Glut,Ndufb10,False,94.35779816513761,6.797261593319954,0.7673428361422339,2.7421206342323527,156,144
BMAp,119 SI-MA-LPO-LHA Skor1 Glut,Tnr,False,98.62385321100918,8.65648383744266,0.7403162373548096,2.7342982036658103,157,145
BMAp,119 SI-MA-LPO-LHA Skor1 Glut,Psmc5,False,93.9908256880734,6.660160281680046,0.7592138471720675,2.732299311968658,158,146
BMAp,119 SI-MA-LPO-LHA Skor1 Glut,2610316D01Rik,False,77.79816513761467,5.182393653239679,0.8379660980742862,2.7289354523903766,159,147
BMAp,119 SI-MA-LPO-LHA Skor1 Glut,Mast2,False,92.70642201834862,6.4804490395642205,0.7583187085762821,2.7254285284869813,160,148
BMAp,119 SI-MA-LPO-LHA Skor1 Glut,Inafm1,False,75.5045871559633,4.58868173021789,0.8473569788249167,2.7253303160965627,161,149
BMAp,119 SI-MA-LPO-LHA Skor1 Glut,Gsdme,False,85.0,5.81524423021789,0.7878009610474583,2.717219886761751,162,150
BMAp,119 SI-MA-LPO-LHA Skor1 Glut,Frmpd4,False,97.66055045871559,9.055961510894495,0.7188931952712903,2.708612363105008,163,151
BMAp,119 SI-MA-LPO-LHA Skor1 Glut,Tsc22d3,False,61.69724770642202,3.587990969036697,0.9174317909753995,2.7076975817092217,164,152
BMAp,119 SI-MA-LPO-LHA Skor1 Glut,Coq7,False,65.18348623853211,3.842524369266055,0.8934644719369338,2.7076020562597987,165,153
BMAp,119 SI-MA-LPO-LHA Skor1 Glut,Arhgef15,False,44.678899082568805,2.471147505733945,1.0546708705112058,2.7047733337852167,166,154
BMAp,119 SI-MA-LPO-LHA Skor1 Glut,Chrm2,True,58.30275229357798,4.59122079271789,0.9385170002270327,2.704206057176436,167,13
BMAp,119 SI-MA-LPO-LHA Skor1 Glut,Klhl14,False,28.71559633027523,1.747760289743406,1.2451472557703367,2.703265095376161,168,155
BMAp,119 SI-MA-LPO-LHA Skor1 Glut,Idh3b,False,84.81651376146789,5.537086528813074,0.7721976160093282,2.7006780335638965,169,156
BMAp,119 SI-MA-LPO-LHA Skor1 Glut,Ddt,False,47.706422018348626,2.703843982941514,1.0208508921854391,2.6994277378796148,170,157
BMAp,119 SI-MA-LPO-LHA Skor1 Glut,Map4k2,False,64.54128440366972,3.795861256450688,0.8888638554297716,2.6987014592599126,171,158
BMAp,119 SI-MA-LPO-LHA Skor1 Glut,Ldhb,False,79.54128440366972,5.109173863962156,0.7940354909719183,2.694628090507505,172,159
BMAp,119 SI-MA-LPO-LHA Skor1 Glut,Rab10os,False,75.68807339449542,4.608109500430046,0.8137124226012116,2.6927398732105132,173,160
BMAp,119 SI-MA-LPO-LHA Skor1 Glut,Nacc2,False,74.31192660550458,4.699869194380734,0.8213190473446716,2.692377568282698,174,161
BMAp,119 SI-MA-LPO-LHA Skor1 Glut,Anapc13,False,69.72477064220183,4.178077515768349,0.846617904736775,2.690004999076943,175,162
BMAp,119 SI-MA-LPO-LHA Skor1 Glut,Tmem163,False,95.59633027522936,7.5126697785263765,0.707236870447919,2.687678091470801,176,163
BMAp,119 SI-MA-LPO-LHA Skor1 Glut,Laptm4b,False,60.68807339449541,3.534617124784977,0.9023721218760672,2.6854754724589633,177,164
BMAp,119 SI-MA-LPO-LHA Skor1 Glut,Fgf11,False,45.091743119266056,2.5481949272505733,1.0310449062682063,2.685141930495737,178,165
BMAp,119 SI-MA-LPO-LHA Skor1 Glut,Nhs,False,98.30275229357798,7.850748100630734,0.6902925790396495,2.682858256476873,179,166
BMAp,119 SI-MA-LPO-LHA Skor1 Glut,Snrk,False,94.22018348623853,6.656116954558486,0.7065469277549621,2.6806908734116166,180,167
BMAp,119 SI-MA-LPO-LHA Skor1 Glut,Stxbp6,False,86.97247706422019,7.358221491542431,0.7371625392946584,2.676544378692101,181,168
BMAp,119 SI-MA-LPO-LHA Skor1 Glut,Cygb,False,90.22935779816514,6.2670710292431195,0.7205356184635319,2.6758834847782635,182,169
BMAp,119 SI-MA-LPO-LHA Skor1 Glut,Elovl6,False,94.35779816513761,6.751524423021789,0.6999103183405717,2.6746881164306906,183,170
BMAp,119 SI-MA-LPO-LHA Skor1 Glut,Selenom,False,97.5229357798165,7.600361955275229,0.6847112425923836,2.673818009175057,184,171
BMAp,119 SI-MA-LPO-LHA Skor1 Glut,Ankrd34b,False,60.41284403669725,3.6985076064363533,0.889200743624869,2.6703300249820483,185,172
BMAp,119 SI-MA-LPO-LHA Skor1 Glut,Krt1,False,46.46788990825688,2.5887386217029817,0.9991386618533551,2.6662916136090304,186,173
BMAp,119 SI-MA-LPO-LHA Skor1 Glut,Lrrc3b,False,71.5137614678899,4.519537073537844,0.8072775180099554,2.661667139594192,187,174
BMAp,119 SI-MA-LPO-LHA Skor1 Glut,Dscaml1,False,99.4954128440367,8.608289134174312,0.662351085103027,2.6601541435126155,188,175
BMAp,119 SI-MA-LPO-LHA Skor1 Glut,Ptpn9,False,86.8348623853211,5.69302743334289,0.721454304666989,2.660148425026181,189,176
BMAp,119 SI-MA-LPO-LHA Skor1 Glut,Ccdc184,False,51.42201834862385,2.9041385195670872,0.9463636470916053,2.6575127660819735,190,177
BMAp,119 SI-MA-LPO-LHA Skor1 Glut,Asah2,False,41.51376146788991,2.4267018169438073,1.0383950165885047,2.6565871021891034,191,178
BMAp,119 SI-MA-LPO-LHA Skor1 Glut,Insyn1,False,76.69724770642202,4.743582909260321,0.7711860288754848,2.6559658083738773,192,179
BMAp,119 SI-MA-LPO-LHA Skor1 Glut,Kcnc1,False,95.0,7.064567355934633,0.6778025049123588,2.6555261102012064,193,180
BMAp,119 SI-MA-LPO-LHA Skor1 Glut,Hsd17b12,True,74.44954128440367,4.557386933772936,0.7832924837442166,2.6551545099658433,194,14
BMAp,119 SI-MA-LPO-LHA Skor1 Glut,Mdh1,False,97.70642201834862,7.612342316513762,0.6647318244810316,2.6546549343151646,195,181
BMAp,119 SI-MA-LPO-LHA Skor1 Glut,Lurap1l,False,50.36697247706422,2.896052985235092,0.9468434879050551,2.6489893344145234,196,182
BMAp,119 SI-MA-LPO-LHA Skor1 Glut,Tet1,False,56.788990825688074,3.2846731203411696,0.8929152854043516,2.647179436483846,197,183
BMAp,119 SI-MA-LPO-LHA Skor1 Glut,Crebrf,False,93.6697247706422,6.649373745699541,0.6729322285822841,2.6445314727285707,198,184
BMAp,119 SI-MA-LPO-LHA Skor1 Glut,Acsl6,False,79.08256880733946,4.942634568520642,0.7454478725178815,2.6435286404019704,199,185
BMAp,119 SI-MA-LPO-LHA Skor1 Glut,Cox7b,False,97.1559633027523,7.512421158256881,0.6455486491638611,2.6330181113307223,200,186
BMAp,119 SI-MA-LPO-LHA Skor1 Glut,Slc20a1,False,67.06422018348624,3.9779713481938073,0.8057357798977982,2.632226658915035,201,187
BMAp,119 SI-MA-LPO-LHA Skor1 Glut,Lrrc8a,False,55.55045871559633,3.173213741757454,0.8862021590399958,2.630889808578443,202,188
BMAp,119 SI-MA-LPO-LHA Skor1 Glut,Sncb,False,99.95412844036697,9.086002902809634,0.6304257112308189,2.6302264478724697,203,189
BMAp,119 SI-MA-LPO-LHA Skor1 Glut,Slc25a5,False,68.62385321100918,4.192337120126147,0.7922605203917223,2.62873562031556,204,190
BMAp,119 SI-MA-LPO-LHA Skor1 Glut,Txnl1,False,83.4862385321101,5.3360167897075685,0.7056135924817575,2.6272284868622275,205,191
BMAp,119 SI-MA-LPO-LHA Skor1 Glut,BC030500,False,56.28440366972477,3.2821418972190366,0.870879060356919,2.6212671294793184,206,192
BMAp,119 SI-MA-LPO-LHA Skor1 Glut,Cdyl2,False,69.26605504587155,4.267657862672018,0.7777959388495024,2.618316392538067,207,193
BMAp,119 SI-MA-LPO-LHA Skor1 Glut,Akap13,False,61.74311926605505,4.05152307912844,0.8263027567590746,2.6168913230424278,208,194
BMAp,119 SI-MA-LPO-LHA Skor1 Glut,Schip1,False,99.22018348623853,10.35895570527523,0.6190537144996284,2.615653740334115,209,195
BMAp,119 SI-MA-LPO-LHA Skor1 Glut,Pdcl3,False,64.40366972477064,3.771584719036697,0.8064633931323044,2.6153740073214857,210,196
BMAp,119 SI-MA-LPO-LHA Skor1 Glut,Ccdc124,False,79.77064220183486,4.947633851777523,0.7130122599414284,2.6148553483395363,211,197
BMAp,119 SI-MA-LPO-LHA Skor1 Glut,Ppif,False,47.3394495412844,2.631424034188647,0.9394379589661377,2.6146611626527254,212,198
BMAp,119 SI-MA-LPO-LHA Skor1 Glut,Galntl6,False,99.4954128440367,11.713413847477064,0.6166781340806491,2.6144811924902376,213,199
BMAp,119 SI-MA-LPO-LHA Skor1 Glut,Gab2,False,71.28440366972477,4.574290872276376,0.7609467991861978,2.6139413200464885,214,200
BMAp,119 SI-MA-LPO-LHA Skor1 Glut,Blcap,False,93.11926605504587,6.653794258887615,0.6438965311751863,2.6129360754837947,215,201
BMAp,119 SI-MA-LPO-LHA Skor1 Glut,Shd,False,53.30275229357798,3.031822498566514,0.8839658781730875,2.6107155126227948,216,202
BMAp,119 SI-MA-LPO-LHA Skor1 Glut,3110021N24Rik,False,69.81651376146789,4.171613836725918,0.7661415851073916,2.610099743937341,217,203
BMAp,119 SI-MA-LPO-LHA Skor1 Glut,Ptgfrn,False,38.1651376146789,2.1509664832998854,1.0251090821729834,2.6067759148591025,218,204
BMAp,119 SI-MA-LPO-LHA Skor1 Glut,Atp5h,False,97.06422018348624,7.333693198107798,0.6176785824747233,2.604737752233267,219,205
BMAp,119 SI-MA-LPO-LHA Skor1 Glut,Eif2s3x,False,82.75229357798165,5.242369373566514,0.6846094727984973,2.6023895123998155,220,206
BMAp,119 SI-MA-LPO-LHA Skor1 Glut,Fuom,False,68.89908256880734,4.101488585865826,0.7637720766603997,2.6019855157239444,221,207
BMAp,119 SI-MA-LPO-LHA Skor1 Glut,6330411D24Rik,False,41.10091743119266,2.910905470541858,0.9862504943014396,2.60010201035896,222,208
BMAp,119 SI-MA-LPO-LHA Skor1 Glut,Fst,False,25.321100917431192,1.6685440483443235,1.192956218281339,2.596438802405933,223,209
BMAp,119 SI-MA-LPO-LHA Skor1 Glut,Vdac2,False,89.72477064220183,6.038256163990826,0.6433402330404956,2.5962525898874733,224,210
BMAp,119 SI-MA-LPO-LHA Skor1 Glut,Cox11,False,67.29357798165138,3.9324487528669723,0.7662614862098787,2.5942351064485565,225,211
BMAp,119 SI-MA-LPO-LHA Skor1 Glut,Tmem132c,False,51.28440366972477,3.707652128727064,0.882814580726059,2.5927998906718583,226,212
BMAp,119 SI-MA-LPO-LHA Skor1 Glut,Uqcr10,False,98.62385321100918,8.004565653669724,0.5984401990187411,2.592422165329742,227,213
BMAp,119 SI-MA-LPO-LHA Skor1 Glut,St13,False,98.25688073394495,7.66966832712156,0.5999961739050175,2.5923591467962495,228,214
BMAp,119 SI-MA-LPO-LHA Skor1 Glut,Tmem145,False,66.42201834862385,3.9200983729931194,0.7699191028179326,2.592231171074456,229,215
BMAp,119 SI-MA-LPO-LHA Skor1 Glut,Gpc5,False,52.93577981651376,4.500690761181192,0.8635467590646586,2.5872960742797666,230,216
BMAp,119 SI-MA-LPO-LHA Skor1 Glut,Tln1,False,71.0091743119266,4.207439345613532,0.7316464284682138,2.5829608912104827,231,217
BMAp,119 SI-MA-LPO-LHA Skor1 Glut,Mipol1,False,58.39449541284404,3.4167296803325686,0.8155238233127582,2.581895733361809,232,218
BMAp,119 SI-MA-LPO-LHA Skor1 Glut,Mrs2,False,70.27522935779817,4.19674822606078,0.7350057483373869,2.581808020029367,233,219
BMAp,119 SI-MA-LPO-LHA Skor1 Glut,Ttc9,False,65.91743119266054,3.9286791320240826,0.761299856370159,2.5803001308997797,234,220
BMAp,119 SI-MA-LPO-LHA Skor1 Glut,Ndufv1,False,63.99082568807339,3.7755581637041282,0.7736448526217279,2.5797625666267394,235,221
BMAp,119 SI-MA-LPO-LHA Skor1 Glut,Zfand4,False,52.84403669724771,3.0505836976777525,0.8556178579118163,2.578613843394405,236,222
BMAp,119 SI-MA-LPO-LHA Skor1 Glut,Tmlhe,False,55.137614678899084,3.252780291356078,0.8357859723583756,2.5772339464204914,237,223
BMAp,119 SI-MA-LPO-LHA Skor1 Glut,Slc38a9,False,89.40366972477064,6.064748333572248,0.6253682546628605,2.5767236001758773,238,224
BMAp,119 SI-MA-LPO-LHA Skor1 Glut,Ltbp3,False,61.23853211009175,3.53873526196961,0.7889748871850033,2.575999659280993,239,225
BMAp,119 SI-MA-LPO-LHA Skor1 Glut,March2,False,84.22018348623853,5.386848211725917,0.6502178374078005,2.575634020668419,240,226
BMAp,119 SI-MA-LPO-LHA Skor1 Glut,Slc25a3,False,95.04587155963303,6.827579379300459,0.5959526611336488,2.5738859186022394,241,227
BMAp,119 SI-MA-LPO-LHA Skor1 Glut,Cuta,False,53.1651376146789,2.9952484410837155,0.8466699100939077,2.572296852452899,242,228
BMAp,119 SI-MA-LPO-LHA Skor1 Glut,Ralgapa2,False,94.81651376146789,7.006867742975918,0.5878985982012983,2.564782581223982,243,229
BMAp,119 SI-MA-LPO-LHA Skor1 Glut,Ccni,False,85.27522935779817,5.4857614499713305,0.6337008526134902,2.564523748780784,244,230
BMAp,119 SI-MA-LPO-LHA Skor1 Glut,Cerk,False,62.24770642201835,3.6435779816513763,0.7666201449196128,2.560743498974745,245,231
BMAp,119 SI-MA-LPO-LHA Skor1 Glut,Aars,False,65.59633027522936,3.882680798451835,0.7432440476263973,2.560123591486854,246,232
BMAp,119 SI-MA-LPO-LHA Skor1 Glut,Gm47033,False,37.75229357798165,2.209081807267775,0.9830649489060663,2.560008290513731,247,233
BMAp,119 SI-MA-LPO-LHA Skor1 Glut,Glrx5,False,86.97247706422019,5.754173236811926,0.6193613607478499,2.5587432001452926,248,234
BMAp,119 SI-MA-LPO-LHA Skor1 Glut,Capza1,False,84.40366972477064,5.440692194667431,0.631312820744089,2.5576741501490208,249,235
BMAp,119 SI-MA-LPO-LHA Skor1 Glut,Atp5g3,False,97.66055045871559,7.537905855791284,0.5678112496931575,2.557530417526875,250,236
BMAp,119 SI-MA-LPO-LHA Skor1 Glut,Cdkal1,False,86.23853211009174,5.646443162270642,0.620650538651164,2.556351894310239,251,237
BMAp,119 SI-MA-LPO-LHA Skor1 Glut,Sbk1,False,47.56880733944954,2.6496765696674314,0.8757228680799978,2.553045130864434,252,238
BMAp,119 SI-MA-LPO-LHA Skor1 Glut,Ro60,False,91.42201834862385,6.32633806981078,0.5903690133363781,2.5514198184322607,253,239
BMAp,119 SI-MA-LPO-LHA Skor1 Glut,Foxn3,False,97.38532110091744,7.606773222477064,0.5605812295207766,2.549074730082171,254,240
BMAp,119 SI-MA-LPO-LHA Skor1 Glut,Chl1,False,99.31192660550458,8.793763438933487,0.5512532317775687,2.548254638862348,255,241
BMAp,119 SI-MA-LPO-LHA Skor1 Glut,Rimklb,False,72.24770642201835,4.327027039134174,0.6891846603421916,2.548008724863206,256,242
BMAp,119 SI-MA-LPO-LHA Skor1 Glut,Higd1a,False,86.97247706422019,5.632966151806193,0.6084805924823344,2.547862431879777,257,243
BMAp,119 SI-MA-LPO-LHA Skor1 Glut,Hdhd2,False,79.12844036697248,4.945663256163991,0.6474844905524488,2.545817096357137,258,244
BMAp,119 SI-MA-LPO-LHA Skor1 Glut,Cox7a2l,False,99.12844036697248,8.162348588016055,0.5493432316422391,2.545541504920876,259,245
BMAp,119 SI-MA-LPO-LHA Skor1 Glut,Rnf38,False,69.6788990825688,4.203548326404817,0.6986353640083558,2.5417366442665372,260,246
BMAp,119 SI-MA-LPO-LHA Skor1 Glut,Mroh1,False,52.477064220183486,2.9768270230074543,0.8203292926348338,2.5402988234872343,261,247
BMAp,119 SI-MA-LPO-LHA Skor1 Glut,Cox6b1,False,97.66055045871559,7.503744534833715,0.5505669355843734,2.540286103418091,262,248
BMAp,119 SI-MA-LPO-LHA Skor1 Glut,Psmd4,False,78.57798165137615,4.903751254300459,0.6448465300040773,2.540147399364983,263,249
BMAp,119 SI-MA-LPO-LHA Skor1 Glut,Enpp2,False,36.69724770642202,2.2706341384747706,0.9746835503503088,2.5393170437376478,264,250
BMAp,119 SI-MA-LPO-LHA Skor1 Glut,Tmem189,False,70.73394495412845,4.284315420728211,0.6868097403248243,2.5364376204351577,265,251
BMAp,119 SI-MA-LPO-LHA Skor1 Glut,Arhgap23,False,77.38532110091744,4.775724358514908,0.645472737836716,2.534131326821236,266,252
BMAp,119 SI-MA-LPO-LHA Skor1 Glut,Cct5,False,81.23853211009174,5.078733783686927,0.6222317214778172,2.531993789063287,267,253
BMAp,119 SI-MA-LPO-LHA Skor1 Glut,Tcp11l1,False,81.97247706422019,5.215618280533257,0.6147943006667624,2.528462359567802,268,254
BMAp,119 SI-MA-LPO-LHA Skor1 Glut,Fat3,False,98.9908256880734,9.16161123853211,0.5322440443029972,2.527838991045284,269,255
BMAp,119 SI-MA-LPO-LHA Skor1 Glut,Rnf227,False,99.95412844036697,9.540342782396788,0.5277153412709978,2.5275160779126487,270,256
BMAp,119 SI-MA-LPO-LHA Skor1 Glut,Drd2,True,28.853211009174313,1.859070384174312,1.0654132319124328,2.525607383753097,271,15
BMAp,119 SI-MA-LPO-LHA Skor1 Glut,Zfp961,False,65.41284403669725,3.8353255805619266,0.7080063768782865,2.5236694087895284,272,257
BMAp,119 SI-MA-LPO-LHA Skor1 Glut,Cntfr,False,61.74311926605505,3.624865386682913,0.7304917100751038,2.521080276358457,273,258
BMAp,119 SI-MA-LPO-LHA Skor1 Glut,Cacng7,False,69.1743119266055,4.099617886324541,0.6786619709857526,2.518606818914903,274,259
BMAp,119 SI-MA-LPO-LHA Skor1 Glut,Efr3a,False,92.29357798165138,6.396638922735092,0.5493716095286425,2.5145430923079273,275,260
BMAp,119 SI-MA-LPO-LHA Skor1 Glut,Cox6c,False,99.63302752293578,8.790022935779817,0.5145852475268047,2.5129885748390093,276,261
BMAp,119 SI-MA-LPO-LHA Skor1 Glut,Ndufb6,False,73.89908256880734,4.5001953125,0.6419560330734404,2.510595079888054,277,262
BMAp,119 SI-MA-LPO-LHA Skor1 Glut,Gclm,False,73.80733944954129,4.523063001720184,0.6421548406521387,2.5102543911465633,278,263
BMAp,119 SI-MA-LPO-LHA Skor1 Glut,Pmm1,False,84.12844036697248,5.3418819882454125,0.5838939815310553,2.508836819260453,279,264
BMAp,119 SI-MA-LPO-LHA Skor1 Glut,Hspa9,False,87.88990825688073,5.770173631020643,0.5643429669020668,2.5082819780399874,280,265
BMAp,119 SI-MA-LPO-LHA Skor1 Glut,Ndufa1,False,86.19266055045871,5.724922502150229,0.5699446807082111,2.505414967204132,281,266
BMAp,119 SI-MA-LPO-LHA Skor1 Glut,Klhdc8a,False,44.908256880733944,2.5769605164134175,0.8529158789362732,2.505242077134806,282,267
BMAp,119 SI-MA-LPO-LHA Skor1 Glut,Car10,False,100.0,10.915280963302752,0.5043462086591788,2.504346208659179,283,268
BMAp,119 SI-MA-LPO-LHA Skor1 Glut,Fchsd2,False,96.55963302752293,7.201780658686927,0.5192854363570385,2.5040810429241205,284,269
BMAp,119 SI-MA-LPO-LHA Skor1 Glut,Vwa8,False,89.35779816513761,6.13740189578555,0.551702043308822,2.502834502246814,285,270
BMAp,119 SI-MA-LPO-LHA Skor1 Glut,Adora1,False,48.027522935779814,2.8085375304615825,0.8196545856223634,2.501144773696601,286,271
BMAp,119 SI-MA-LPO-LHA Skor1 Glut,Pnpla8,False,93.4862385321101,6.463261091599771,0.5281449863142109,2.4988926723800136,287,272
BMAp,119 SI-MA-LPO-LHA Skor1 Glut,Cox5a,False,95.59633027522936,7.054812034116972,0.5175766022952732,2.4980178233181554,288,273
BMAp,119 SI-MA-LPO-LHA Skor1 Glut,Atp5d,False,92.11009174311927,6.509817588876147,0.532843968306576,2.497151183174953,289,274
BMAp,119 SI-MA-LPO-LHA Skor1 Glut,Hpf1,False,90.68807339449542,6.035521341026376,0.538773086372121,2.496323262081188,290,275
BMAp,119 SI-MA-LPO-LHA Skor1 Glut,Atp5f1,False,96.23853211009174,7.036764442373853,0.5100458374752304,2.4933948277281646,291,276
BMAp,119 SI-MA-LPO-LHA Skor1 Glut,Peg13,False,96.19266055045871,7.154194291141055,0.5102019685845391,2.493343905445278,292,277
BMAp,119 SI-MA-LPO-LHA Skor1 Glut,Atp5b,False,96.8348623853211,7.4480974949827985,0.505494023657791,2.4915257633608423,293,278
BMAp,119 SI-MA-LPO-LHA Skor1 Glut,Zfp30,False,70.36697247706422,4.2085225236525226,0.642721769609031,2.4900906356173884,294,279
BMAp,119 SI-MA-LPO-LHA Skor1 Glut,Atp5c1,False,95.36697247706422,6.914712048451835,0.5088624306654443,2.4882604263923085,295,280
BMAp,119 SI-MA-LPO-LHA Skor1 Glut,Tpk1,False,48.34862385321101,2.8633070079558487,0.8033862208290903,2.4877703381010132,296,281
BMAp,119 SI-MA-LPO-LHA Skor1 Glut,Rnf146,False,78.07339449541284,4.817260070240826,0.5947651099308358,2.4872681720748,297,282
BMAp,119 SI-MA-LPO-LHA Skor1 Glut,Uqcc1,False,76.74311926605505,4.746820348337156,0.6017274977952383,2.486766945153028,298,283
BMAp,119 SI-MA-LPO-LHA Skor1 Glut,Auh,False,82.38532110091744,5.230755895212156,0.5675998530748574,2.483449691801538,299,284
BMAp,119 SI-MA-LPO-LHA Skor1 Glut,Ccdc91,False,70.96330275229357,4.298916373996559,0.6322583965314199,2.4832922166261824,300,285
BMAp,119 SI-MA-LPO-LHA Skor1 Glut,Dlst,False,85.64220183486239,5.5259322140194955,0.5502021199643545,2.4828899443088277,301,286
BMAp,119 SI-MA-LPO-LHA Skor1 Glut,Atf4,False,88.34862385321101,5.855232224770642,0.5358488876280223,2.4820486768119334,302,287
BMAp,119 SI-MA-LPO-LHA Skor1 Glut,Acss2,False,63.440366972477065,3.755764630518922,0.6796721747583798,2.482037861263086,303,288
BMAp,119 SI-MA-LPO-LHA Skor1 Glut,Pde4a,False,92.79816513761467,6.535892255590596,0.5143770388234419,2.481916427989642,304,289
BMAp,119 SI-MA-LPO-LHA Skor1 Glut,Pigyl,False,68.1651376146789,4.032436209862385,0.6471006782829423,2.480662994102894,305,290
BMAp,119 SI-MA-LPO-LHA Skor1 Glut,Far2,False,71.14678899082568,4.4009725308199545,0.6269165131986512,2.479071817407651,306,291
BMAp,119 SI-MA-LPO-LHA Skor1 Glut,Efhd2,False,93.11926605504587,6.571716420584862,0.5077116201135548,2.476751164422163,307,292
BMAp,119 SI-MA-LPO-LHA Skor1 Glut,Aamdc,False,67.11009174311927,3.9272219036697247,0.645846854322897,2.472634686843603,308,293
BMAp,119 SI-MA-LPO-LHA Skor1 Glut,Cuedc2,False,65.3211009174312,3.8304441119552752,0.6561104989856941,2.471163994681927,309,294
BMAp,119 SI-MA-LPO-LHA Skor1 Glut,Gpi1,False,92.24770642201835,6.469128081995413,0.5061247443554473,2.4710803213475847,310,295
BMAp,119 SI-MA-LPO-LHA Skor1 Glut,Pank1,False,71.05504587155963,4.31319300100344,0.6194654540970648,2.471060378251666,311,296
BMAp,119 SI-MA-LPO-LHA Skor1 Glut,Nfyc,False,76.69724770642202,4.793510786983945,0.5844729755820879,2.469252755080481,312,297
BMAp,119 SI-MA-LPO-LHA Skor1 Glut,Gatad2a,False,46.972477064220186,2.611993352207569,0.7970414317187662,2.468884894753973,313,298
BMAp,119 SI-MA-LPO-LHA Skor1 Glut,Slc23a2,False,90.77981651376147,6.197765105361238,0.5085654436113103,2.4665547442131017,314,299
BMAp,119 SI-MA-LPO-LHA Skor1 Glut,Sh3bgrl2,False,39.63302752293578,2.2798272649082567,0.8660973942537638,2.464154643128052,315,300
BMAp,119 SI-MA-LPO-LHA Skor1 Glut,Trip11,False,91.46788990825688,6.266434023795871,0.5028198870523335,2.4640885474233656,316,301
BMAp,119 SI-MA-LPO-LHA Skor1 Glut,Sacm1l,False,88.07339449541284,5.746274727637615,0.5191995361037964,2.4640442712027415,317,302
BMAp,119 SI-MA-LPO-LHA Skor1 Glut,Ttc39b,False,76.46788990825688,4.844479286123853,0.5796153045501482,2.4630944107735484,318,303
BMAp,119 SI-MA-LPO-LHA Skor1 Glut,Rabac1,False,78.21100917431193,4.892596043577981,0.5694466617591472,2.462714551483059,319,304
BMAp,119 SI-MA-LPO-LHA Skor1 Glut,Mrpl12,False,75.91743119266054,4.643237080705275,0.581061745037422,2.4614032495445546,320,305
BMAp,119 SI-MA-LPO-LHA Skor1 Glut,Stk11,False,62.24770642201835,3.5561391287987387,0.6630347287767759,2.457158082831908,321,306
BMAp,119 SI-MA-LPO-LHA Skor1 Glut,A430027H14Rik,False,27.706422018348626,1.4927199057482798,1.0121997193431966,2.4547801643597236,322,307
BMAp,119 SI-MA-LPO-LHA Skor1 Glut,Adamts10,False,41.055045871559635,2.291380044079702,0.8407433629896919,2.4541099047009993,323,308
BMAp,119 SI-MA-LPO-LHA Skor1 Glut,Ncbp3,False,63.85321100917431,3.7653822032683486,0.6443264470403114,2.44950918871025,324,309
BMAp,119 SI-MA-LPO-LHA Skor1 Glut,Ndufc2,False,87.70642201834862,5.83529287915711,0.5047695111912756,2.4478009055267522,325,310
BMAp,119 SI-MA-LPO-LHA Skor1 Glut,Bcar1,False,52.56880733944954,3.0151862188216745,0.7212494855605049,2.4419776095872714,326,311
BMAp,119 SI-MA-LPO-LHA Skor1 Glut,Cyc1,False,80.18348623853211,5.101580866542431,0.5362672562388138,2.440352190932593,327,312
BMAp,119 SI-MA-LPO-LHA Skor1 Glut,Haus8,False,38.027522935779814,2.0831892381020642,0.8599067819890165,2.4400048189346855,328,313
BMAp,119 SI-MA-LPO-LHA Skor1 Glut,Caprin2,False,34.72477064220183,1.919807644065367,0.8983318907411852,2.438971276636653,329,314
BMAp,119 SI-MA-LPO-LHA Skor1 Glut,Fbxo44,False,71.8348623853211,4.3444040280963305,0.5815395702962971,2.437874834413617,330,315
BMAp,119 SI-MA-LPO-LHA Skor1 Glut,Mdh2,False,82.8440366972477,5.319106579701835,0.5171796982418861,2.435440950614768,331,316
BMAp,119 SI-MA-LPO-LHA Skor1 Glut,Slc6a7,False,77.06422018348624,4.750983281966743,0.5474547187605827,2.434307506881841,332,317
BMAp,119 SI-MA-LPO-LHA Skor1 Glut,Glis2,False,40.321100917431195,2.194578062284977,0.8281575599266826,2.4336899413958495,333,318
BMAp,119 SI-MA-LPO-LHA Skor1 Glut,Pgp,False,81.23853211009174,5.091163453268349,0.5202910833729311,2.430053150958401,334,319
BMAp,119 SI-MA-LPO-LHA Skor1 Glut,Pmvk,False,58.71559633027523,3.381956215954702,0.6610662729311763,2.42981974897444,335,320
BMAp,119 SI-MA-LPO-LHA Skor1 Glut,Ccdc136,False,79.03669724770643,4.9851925351204125,0.5306443217239982,2.428473105567422,336,321
BMAp,119 SI-MA-LPO-LHA Skor1 Glut,Slc4a8,False,79.1743119266055,4.956978390194954,0.5292822540880264,2.4278665518626124,337,322
BMAp,119 SI-MA-LPO-LHA Skor1 Glut,Ndst1,False,79.08256880733946,4.930001971043578,0.5291893094984887,2.4272700773825777,338,323
BMAp,119 SI-MA-LPO-LHA Skor1 Glut,Hip1r,False,51.65137614678899,2.8984565384891057,0.7105253153328603,2.423607212243583,339,324
BMAp,119 SI-MA-LPO-LHA Skor1 Glut,Glrx,False,66.92660550458716,3.9975769602924314,0.593548575048914,2.419147373337761,340,325
BMAp,119 SI-MA-LPO-LHA Skor1 Glut,4931406P16Rik,False,69.40366972477064,4.170598749283257,0.5700093340764791,2.411391768495061,341,326
BMAp,119 SI-MA-LPO-LHA Skor1 Glut,Ccdc82,False,67.06422018348624,4.0052389442373855,0.5847114490823468,2.411202328099584,342,327
BMAp,119 SI-MA-LPO-LHA Skor1 Glut,Rabggtb,False,67.70642201834862,3.9792646215596332,0.5775195355390217,2.40814939942144,343,328
BMAp,119 SI-MA-LPO-LHA Skor1 Glut,Miga2,False,76.0091743119266,4.700073466169725,0.5269022271974295,2.4077682420121613,344,329
BMAp,119 SI-MA-LPO-LHA Skor1 Glut,Nt5m,False,61.37614678899082,3.559677152021216,0.6189117664384889,2.4069113862656883,345,330
BMAp,119 SI-MA-LPO-LHA Skor1 Glut,Lypd6,False,37.24770642201835,2.572253305977638,0.8342551708590384,2.4053547064956087,346,331
BMAp,119 SI-MA-LPO-LHA Skor1 Glut,Ndufs1,False,79.4954128440367,4.94934597190367,0.5022777342134601,2.4026198033227724,347,332
BMAp,119 SI-MA-LPO-LHA Skor1 Glut,Optn,False,45.137614678899084,2.5255091115969037,0.7443766103518838,2.3989152151786204,348,333
BMAp,119 SI-MA-LPO-LHA Skor1 Glut,Lin52,False,71.28440366972477,4.293022953698395,0.5434475034599409,2.3964420243202316,349,334
BMAp,119 SI-MA-LPO-LHA Skor1 Glut,Nxt2,False,58.11926605504587,3.3348449147075687,0.6312280622516178,2.395548183530454,350,335
BMAp,119 SI-MA-LPO-LHA Skor1 Glut,Phb,False,66.37614678899082,3.9570523043291286,0.5732946443556863,2.395306681870119,351,336
BMAp,119 SI-MA-LPO-LHA Skor1 Glut,Zfp622,False,64.22018348623853,3.7719740001433486,0.5867761142281838,2.394447656301817,352,337
BMAp,119 SI-MA-LPO-LHA Skor1 Glut,Htr1f,True,54.862385321100916,3.82132803540711,0.653987896697664,2.393262582745451,353,16
BMAp,119 SI-MA-LPO-LHA Skor1 Glut,Atat1,False,68.34862385321101,4.07321351777523,0.5578242173679824,2.3925539921756513,354,338
BMAp,119 SI-MA-LPO-LHA Skor1 Glut,Fndc4,False,70.77981651376147,4.271047609661697,0.5399383582027366,2.38984779066128,355,339
BMAp,119 SI-MA-LPO-LHA Skor1 Glut,Smim26,False,74.58715596330275,4.520844233801606,0.5160783396370929,2.388742387290537,356,340
BMAp,119 SI-MA-LPO-LHA Skor1 Glut,Tspan18,True,26.788990825688074,1.5760496926963876,0.9596189426510696,2.387575296158864,357,17
BMAp,119 SI-MA-LPO-LHA Skor1 Glut,Mapk11,False,39.31192660550459,2.1336076368979358,0.7917178609974589,2.386242189316052,358,341
BMAp,119 SI-MA-LPO-LHA Skor1 Glut,Aarsd1,False,71.88073394495413,4.315721760321101,0.5249908585405154,2.3816033614045007,359,342
BMAp,119 SI-MA-LPO-LHA Skor1 Glut,Pafah1b3,False,36.14678899082569,1.9621579791427752,0.8230723384960101,2.3811420623809605,360,343
BMAp,119 SI-MA-LPO-LHA Skor1 Glut,Tbcb,False,71.55963302752293,4.287535837155963,0.5249921385813292,2.3796602433311858,361,344
BMAp,119 SI-MA-LPO-LHA Skor1 Glut,Azin2,False,56.28440366972477,3.2209268832425457,0.6284097127896318,2.378797781912031,362,345
BMAp,119 SI-MA-LPO-LHA Skor1 Glut,Mfn1,False,70.3211009174312,4.240104017345184,0.5314929760976987,2.378578637347469,363,346
BMAp,119 SI-MA-LPO-LHA Skor1 Glut,Pigt,False,75.09174311926606,4.560783400229358,0.5007378441354735,2.3763300299428103,364,347
BMAp,119 SI-MA-LPO-LHA Skor1 Glut,Ptpmt1,False,65.04587155963303,3.8089830311066515,0.5630451722206335,2.3762649094630763,365,348
BMAp,119 SI-MA-LPO-LHA Skor1 Glut,Yars,False,72.29357798165138,4.378665245126147,0.5151804394629256,2.374280159011857,366,349
BMAp,119 SI-MA-LPO-LHA Skor1 Glut,Hs6st1,False,54.12844036697248,3.0956254031680044,0.639090144859793,2.372515658561314,367,350
BMAp,119 SI-MA-LPO-LHA Skor1 Glut,Ubap1,False,62.88990825688074,3.631020194237385,0.5717899823151917,2.3703709435000997,368,351
BMAp,119 SI-MA-LPO-LHA Skor1 Glut,Ugp2,False,70.0,4.171706565366972,0.5234948793857002,2.368592919399957,369,352
BMAp,119 SI-MA-LPO-LHA Skor1 Glut,Syf2,False,59.58715596330275,3.4086584808629588,0.5904987362103604,2.3656513936787835,370,353
BMAp,119 SI-MA-LPO-LHA Skor1 Glut,Brip1os,False,45.41284403669725,2.5571304741255734,0.7076311585037109,2.3648098594966562,371,354
BMAp,119 SI-MA-LPO-LHA Skor1 Glut,Vwc2l,False,48.11926605504587,3.4183629587155964,0.6747513491543828,2.357070343743336,372,355
BMAp,119 SI-MA-LPO-LHA Skor1 Glut,Igdcc4,False,66.0091743119266,3.9272770032970183,0.5344846059399706,2.354088906271971,373,356
BMAp,119 SI-MA-LPO-LHA Skor1 Glut,Las1l,False,61.60550458715596,3.5702354501146787,0.5632847482910139,2.3529042673551244,374,357
BMAp,119 SI-MA-LPO-LHA Skor1 Glut,Fbl,False,51.65137614678899,2.864180538632454,0.6396396333449599,2.3527215302556828,375,358
BMAp,119 SI-MA-LPO-LHA Skor1 Glut,Cables2,False,42.15596330275229,2.3307455920298166,0.727651377721031,2.352510395502537,376,359
BMAp,119 SI-MA-LPO-LHA Skor1 Glut,Lpin1,False,69.03669724770643,4.0853555941800455,0.5116286301763129,2.3507086365015706,377,360
BMAp,119 SI-MA-LPO-LHA Skor1 Glut,Snapc5,False,57.56880733944954,3.276270427178899,0.5882794495966954,2.3484666818091475,378,361
BMAp,119 SI-MA-LPO-LHA Skor1 Glut,Zdhhc5,False,60.22935779816514,3.4589183002436927,0.5665284201460477,2.346336652630922,379,362
BMAp,119 SI-MA-LPO-LHA Skor1 Glut,Mrps5,False,68.53211009174312,4.061049491112385,0.5035562670313971,2.3394503709061722,380,363
BMAp,119 SI-MA-LPO-LHA Skor1 Glut,Cwf19l2,False,68.6697247706422,4.096540370556193,0.5006012102316668,2.337366516970114,381,364
BMAp,119 SI-MA-LPO-LHA Skor1 Glut,Phf1,False,58.34862385321101,3.3071401053612384,0.5678618395907931,2.3338924572985835,382,365
BMAp,119 SI-MA-LPO-LHA Skor1 Glut,Asb13,False,60.04587155963303,3.4509223588016056,0.5540338160063727,2.3325169689525236,383,366
BMAp,119 SI-MA-LPO-LHA Skor1 Glut,Epb41l4aos,False,49.03669724770642,2.7393588284833714,0.6384066800458714,2.3289278916500447,384,367
BMAp,119 SI-MA-LPO-LHA Skor1 Glut,Slc35g2,False,53.39449541284404,3.0101833518491974,0.5989015226645233,2.326398009373788,385,368
BMAp,119 SI-MA-LPO-LHA Skor1 Glut,Coq10a,False,56.65137614678899,3.196864248853211,0.5726432551714189,2.325853719162499,386,369
BMAp,119 SI-MA-LPO-LHA Skor1 Glut,Stoml2,False,65.45871559633028,3.7910855074541283,0.5056571471242131,2.3216246266342555,387,370
BMAp,119 SI-MA-LPO-LHA Skor1 Glut,A730020E08Rik,False,30.59633027522936,1.689642054006594,0.8337227166107007,2.319392056922645,388,371
BMAp,119 SI-MA-LPO-LHA Skor1 Glut,G6pdx,False,41.46788990825688,2.270708948537844,0.7015330659954573,2.3192450028662157,389,372
BMAp,119 SI-MA-LPO-LHA Skor1 Glut,Gls2,False,48.76146788990825,2.755399539492546,0.6250925125043172,2.313169283423009,390,373
BMAp,119 SI-MA-LPO-LHA Skor1 Glut,Sntg2,False,57.43119266055046,4.065987403239679,0.5498403405752303,2.3089881758450366,391,374
BMAp,119 SI-MA-LPO-LHA Skor1 Glut,Kcnab3,False,26.376146788990827,1.4682913963947821,0.8817422126462181,2.302953563731244,392,375
BMAp,119 SI-MA-LPO-LHA Skor1 Glut,Ankrd29,False,38.48623853211009,2.1914436550315366,0.7141873554604055,2.299492822684501,393,376
BMAp,119 SI-MA-LPO-LHA Skor1 Glut,Nfatc2,False,43.99082568807339,2.4481622258457567,0.6526575269794821,2.296019640545541,394,377
BMAp,119 SI-MA-LPO-LHA Skor1 Glut,Dmac2,False,60.91743119266055,3.524830221473624,0.5099676082945495,2.294709189721943,395,378
BMAp,119 SI-MA-LPO-LHA Skor1 Glut,Trim66,False,59.44954128440367,3.43500461403383,0.507666849465652,2.2818153573956215,396,379
BMAp,119 SI-MA-LPO-LHA Skor1 Glut,4930567K20Rik,False,32.61467889908257,1.8497868809131308,0.7651784729669426,2.278591580092104,397,380
BMAp,119 SI-MA-LPO-LHA Skor1 Glut,Peli3,False,58.027522935779814,3.3077018527809634,0.5142009421076934,2.277834974014925,398,381
BMAp,119 SI-MA-LPO-LHA Skor1 Glut,Abca7,False,31.513761467889907,1.7040360476992547,0.7776282068632544,2.2761284503182,399,382
BMAp,119 SI-MA-LPO-LHA Skor1 Glut,Fmc1,False,55.04587155963303,3.158875071674312,0.5347329835687553,2.2754577360117754,400,383
BMAp,119 SI-MA-LPO-LHA Skor1 Glut,Adra1b,True,27.61467889908257,1.7274509254945527,0.8302367929916807,2.2713767906449007,401,18
BMAp,119 SI-MA-LPO-LHA Skor1 Glut,Unc119,False,56.42201834862385,3.2382933450401374,0.5066873282723514,2.2581359461071444,402,384
BMAp,119 SI-MA-LPO-LHA Skor1 Glut,Idh3g,False,55.137614678899084,3.1316840775516055,0.5153565888755751,2.256804562937691,403,385
BMAp,119 SI-MA-LPO-LHA Skor1 Glut,Cdh24,False,33.25688073394495,1.884581063646789,0.7324312355919214,2.25431274855831,404,386
BMAp,119 SI-MA-LPO-LHA Skor1 Glut,Klhl33,False,41.92660550458716,2.3680590148365828,0.6265313753943518,2.2490210775235786,405,387
BMAp,119 SI-MA-LPO-LHA Skor1 Glut,Plvap,False,43.027522935779814,2.3465022935779816,0.608119691175093,2.2418660359495526,406,388
BMAp,119 SI-MA-LPO-LHA Skor1 Glut,Cdh6,False,46.92660550458716,3.2193634873136467,0.5662929969026593,2.237712137010215,407,389
BMAp,119 SI-MA-LPO-LHA Skor1 Glut,Gm31508,False,46.972477064220186,2.7157407988102062,0.5602871972947696,2.232130660329977,408,390
BMAp,119 SI-MA-LPO-LHA Skor1 Glut,AI854703,False,44.44954128440367,2.455079244911124,0.5832396950834386,2.231106978529599,409,391
BMAp,119 SI-MA-LPO-LHA Skor1 Glut,Bmp2k,False,34.174311926605505,1.8767486292287845,0.6588049999047634,2.192504779048451,410,392
BMAp,119 SI-MA-LPO-LHA Skor1 Glut,Hexim2,False,41.42201834862385,2.275208975415711,0.5741894208215874,2.1914206775304885,411,393
BMAp,119 SI-MA-LPO-LHA Skor1 Glut,Gm28370,False,47.018348623853214,2.5893162718606653,0.5173999481975327,2.189667319984701,412,394
BMAp,119 SI-MA-LPO-LHA Skor1 Glut,Map3k1,False,44.81651376146789,2.5590255877293577,0.5369862585375906,2.1884243286517586,413,395
BMAp,119 SI-MA-LPO-LHA Skor1 Glut,Micall1,False,40.0,2.1826657916427754,0.5696106878392395,2.171670679167202,414,396
BMAp,119 SI-MA-LPO-LHA Skor1 Glut,Rita1,False,41.972477064220186,2.3019710435779817,0.5416559409071029,2.1646205413689463,415,397
BMAp,119 SI-MA-LPO-LHA Skor1 Glut,Scly,False,41.37614678899082,2.2781986901519495,0.5470363699727954,2.163786413910132,416,398
BMAp,119 SI-MA-LPO-LHA Skor1 Glut,Rassf4,False,29.587155963302752,1.677681739177179,0.6911131259219014,2.1622163469525644,417,399
BMAp,119 SI-MA-LPO-LHA Skor1 Glut,Acyp1,False,41.37614678899082,2.28792019065367,0.5448709673934415,2.1616210113307783,418,400
BMAp,119 SI-MA-LPO-LHA Skor1 Glut,Nr1h2,False,37.706422018348626,2.0433221939506883,0.5851889022597807,2.1616042261952266,419,401
BMAp,119 SI-MA-LPO-LHA Skor1 Glut,Fibp,False,43.99082568807339,2.408831395140482,0.5172157381766891,2.160577851742748,420,402
BMAp,119 SI-MA-LPO-LHA Skor1 Glut,Mtx3,False,43.669724770642205,2.4127683307052754,0.5198918817029785,2.1600723364828482,421,403
BMAp,119 SI-MA-LPO-LHA Skor1 Glut,Gm17167,False,42.293577981651374,2.3346482583142203,0.5234821647436634,2.1497565921926878,422,404
BMAp,119 SI-MA-LPO-LHA Skor1 Glut,Gm12743,False,32.20183486238532,1.7757737465954702,0.6375818851350619,2.145462503660262,423,405
BMAp,119 SI-MA-LPO-LHA Skor1 Glut,Samd10,False,43.1651376146789,2.3538822839019495,0.5099475725776279,2.1450807024002803,424,406
BMAp,119 SI-MA-LPO-LHA Skor1 Glut,Fbn1,False,37.79816513761468,2.1468801515911697,0.5642912688409207,2.1417619869334317,425,407
BMAp,119 SI-MA-LPO-LHA Skor1 Glut,Csk,False,41.65137614678899,2.2567927089306195,0.511134528796755,2.130763883713235,426,408
BMAp,119 SI-MA-LPO-LHA Skor1 Glut,Slc39a13,False,41.65137614678899,2.2827146197677752,0.5073014436257071,2.1269307985421873,427,409
BMAp,119 SI-MA-LPO-LHA Skor1 Glut,Irf3,False,34.72477064220183,1.8751332694237386,0.5805765354222445,2.121215921317712,428,410
BMAp,119 SI-MA-LPO-LHA Skor1 Glut,Pcbd1,False,39.81651376146789,2.2273605486668577,0.5152552643209469,2.1153184958928337,429,411
BMAp,119 SI-MA-LPO-LHA Skor1 Glut,Dock1,False,27.431192660550458,1.7010031043936353,0.6648704942061483,2.1031151845899543,430,412
BMAp,119 SI-MA-LPO-LHA Skor1 Glut,St6galnac4,False,32.20183486238532,1.7078874220541858,0.5946472476804419,2.1025278662056426,431,413
BMAp,119 SI-MA-LPO-LHA Skor1 Glut,Dnajc4,False,33.80733944954128,1.8111213894065368,0.559810359152709,2.0888213534071554,432,414
BMAp,119 SI-MA-LPO-LHA Skor1 Glut,2010320M18Rik,False,31.743119266055047,1.704823233228211,0.5821122373924843,2.0837618382446372,433,415
BMAp,119 SI-MA-LPO-LHA Skor1 Glut,Sat1,False,31.743119266055047,1.7299809167144495,0.5814010539210601,2.083050654773213,434,416
BMAp,119 SI-MA-LPO-LHA Skor1 Glut,Akain1,False,27.06422018348624,1.480514666356078,0.646973225200832,2.0793687432383714,435,417
BMAp,119 SI-MA-LPO-LHA Skor1 Glut,Gusb,False,33.211009174311926,1.7948068601275802,0.5504721620351796,2.0717542346277216,436,418
BMAp,119 SI-MA-LPO-LHA Skor1 Glut,Lrrc55,False,35.04587155963303,1.9343539456708716,0.5023880449586478,2.047024909929733,437,419
BMAp,119 SI-MA-LPO-LHA Skor1 Glut,Hsdl2,False,33.76146788990825,1.8408935546875,0.5169733250394781,2.0453946457723724,438,420
BMAp,119 SI-MA-LPO-LHA Skor1 Glut,Col9a2,False,30.091743119266056,1.6137411974985665,0.5647584555136513,2.0432058012847065,439,421
BMAp,119 SI-MA-LPO-LHA Skor1 Glut,Dhrs13,False,29.954128440366972,1.590566876612672,0.565207163474752,2.0416638511452208,440,422
BMAp,119 SI-MA-LPO-LHA Skor1 Glut,H2-D1,False,26.009174311926607,1.4047641019208716,0.6134269111077235,2.0285534763960253,441,423
BMAp,119 SI-MA-LPO-LHA Skor1 Glut,Trpt1,False,26.972477064220183,1.4221762560923166,0.5924939726524832,2.023414805124017,442,424
BMAp,119 SI-MA-LPO-LHA Skor1 Glut,Sema6c,False,31.880733944954127,1.703296794366399,0.5190540777329329,2.022582388718442,443,425
BMAp,119 SI-MA-LPO-LHA Skor1 Glut,Dll3,False,28.30275229357798,1.5434977960149083,0.550994825147062,2.002823495575699,444,426
BMAp,119 SI-MA-LPO-LHA Skor1 Glut,Rdm1,False,27.38532110091743,1.5713850388833142,0.5591452032082496,1.9966630407330137,445,427
BMAp,119 SI-MA-LPO-LHA Skor1 Glut,Mme,False,29.495412844036696,1.672332483694094,0.517861633089371,1.9876161124089884,446,428
BMAp,119 SI-MA-LPO-LHA Skor1 Glut,St5,False,26.3302752293578,1.4352442750143348,0.5159702874093607,1.9364256862027296,447,429
BMAp,119 SI-MA-LPO-LHA Skor1 Glut,Fastkd3,False,25.59633027522936,1.361415590058773,0.5076300995961689,1.915807804929143,448,430
BMAp,120 MEA Otp Foxp2 Glut,Stc1,False,89.1622340425532,6.213252940076463,4.145732124391849,6.0959130659878245,1,1
BMAp,120 MEA Otp Foxp2 Glut,Tafa1,False,90.625,9.386457727310505,4.101092286172117,6.058340305751167,2,2
BMAp,120 MEA Otp Foxp2 Glut,Sema3a,False,97.47340425531915,9.391542475274269,3.889723932530944,5.87861006658043,3,3
BMAp,120 MEA Otp Foxp2 Glut,Foxp2,True,99.00265957446808,9.27389656229222,3.502255296427803,5.497902157924356,4,1
BMAp,120 MEA Otp Foxp2 Glut,Egfem1,False,98.80319148936171,9.834186310463764,3.4817445151450386,5.4765154883139715,5,4
BMAp,120 MEA Otp Foxp2 Glut,Spon1,False,95.67819148936171,7.431011443442487,3.1876201839904468,5.168433141671429,6,5
BMAp,120 MEA Otp Foxp2 Glut,Lancl3,False,61.10372340425532,3.688282418758311,2.8306185059810716,4.616686181111559,7,6
BMAp,120 MEA Otp Foxp2 Glut,Mdga1,False,81.9813829787234,5.713682134100732,2.67876302148868,4.592478261828788,8,7
BMAp,120 MEA Otp Foxp2 Glut,Trh,True,63.962765957446805,4.287650575029089,2.6375055613807463,4.443432797162936,9,2
BMAp,120 MEA Otp Foxp2 Glut,Plscr4,False,65.02659574468085,4.075056360123005,2.4979362341111453,4.3110272526431235,10,8
BMAp,120 MEA Otp Foxp2 Glut,Nefm,False,89.1622340425532,6.373911106840093,2.1971680789516466,4.1473490205476224,11,9
BMAp,120 MEA Otp Foxp2 Glut,AI593442,False,92.61968085106383,7.025821117644615,2.0300573006579175,3.9967605808262574,12,10
BMAp,120 MEA Otp Foxp2 Glut,Htr2a,True,70.27925531914893,4.46101314463514,2.062426439795967,3.90925359084777,13,3
BMAp,120 MEA Otp Foxp2 Glut,Sgcd,False,99.93351063829788,11.044611504737366,1.8991328636601335,3.898844007991418,14,11
BMAp,120 MEA Otp Foxp2 Glut,Trpm3,False,98.80319148936171,11.076305632895611,1.6870631159528404,3.6818340891217733,15,12
BMAp,120 MEA Otp Foxp2 Glut,Htr2c,True,98.3377659574468,9.192038028798205,1.676216820369306,3.668937158110575,16,4
BMAp,120 MEA Otp Foxp2 Glut,Ptchd4,False,88.16489361702128,6.606452454911902,1.720858562483893,3.6661542502970237,17,13
BMAp,120 MEA Otp Foxp2 Glut,Ano5,False,86.23670212765957,5.748698782413564,1.702734203230297,3.638426343058754,18,14
BMAp,120 MEA Otp Foxp2 Glut,Inpp4b,False,98.40425531914893,9.385673360621675,1.6151969065611826,3.608210785700517,19,15
BMAp,120 MEA Otp Foxp2 Glut,AW551984,False,90.82446808510639,6.2402590487865695,1.6333367380295973,3.5915396011194876,20,16
BMAp,120 MEA Otp Foxp2 Glut,Pacrg,False,85.17287234042553,6.226687167553192,1.6523299090870562,3.582631202576119,21,17
BMAp,120 MEA Otp Foxp2 Glut,Cntn4,False,99.93351063829788,10.38471368018617,1.566387765096529,3.5660989094278137,22,18
BMAp,120 MEA Otp Foxp2 Glut,Pbx3,False,97.93882978723404,8.25456400120512,1.5038215557557946,3.494776466342802,23,19
BMAp,120 MEA Otp Foxp2 Glut,Cpne4,False,92.42021276595744,7.703204865151263,1.518449731334747,3.4842166953332185,24,20
BMAp,120 MEA Otp Foxp2 Glut,Trp53i11,False,98.20478723404256,7.884011126579122,1.4469129192298373,3.439045578286163,25,21
BMAp,120 MEA Otp Foxp2 Glut,Galnt14,False,75.46542553191489,5.1215196974734045,1.5491498020550778,3.426897827328596,26,22
BMAp,120 MEA Otp Foxp2 Glut,Xk,False,70.14627659574468,4.109791207820811,1.578501007958863,3.424505631336951,27,23
BMAp,120 MEA Otp Foxp2 Glut,Tmem19,False,76.4627659574468,4.630039296251662,1.526995039145111,3.410445043243099,28,24
BMAp,120 MEA Otp Foxp2 Glut,Calcrl,True,68.08510638297872,4.425959485642453,1.5700594529606802,3.4031115733448685,29,5
BMAp,120 MEA Otp Foxp2 Glut,Nrbp2,False,89.62765957446808,6.188173983959442,1.4285245463653151,3.380966602308993,30,25
BMAp,120 MEA Otp Foxp2 Glut,Igsf3,False,79.52127659574468,4.913226513152427,1.4743717758516302,3.374855119248399,31,26
BMAp,120 MEA Otp Foxp2 Glut,Sema3d,False,37.16755319148936,2.2887453119805516,1.7618052207828425,3.3319691924136423,32,27
BMAp,120 MEA Otp Foxp2 Glut,Zar1l,False,41.755319148936174,2.27764892578125,1.711240469691265,3.331952277172838,33,28
BMAp,120 MEA Otp Foxp2 Glut,Gprin3,False,86.0372340425532,5.726611847573138,1.3496556996277738,3.2843421397048322,34,29
BMAp,120 MEA Otp Foxp2 Glut,Cntn6,False,93.94946808510639,7.214026917802527,1.2940186695455544,3.2669129951384894,35,30
BMAp,120 MEA Otp Foxp2 Glut,Mid2,False,84.97340425531915,5.56758409865359,1.3172069125870767,3.2464899301538344,36,31
BMAp,120 MEA Otp Foxp2 Glut,Kirrel,False,71.1436170212766,4.33132707311752,1.3848282866008677,3.2369642280304536,37,32
BMAp,120 MEA Otp Foxp2 Glut,Adamts5,False,39.162234042553195,2.344774286797706,1.6266305506846042,3.2194980092160823,38,33
BMAp,120 MEA Otp Foxp2 Glut,Shh,False,51.329787234042556,2.871552812292221,1.4845604346184587,3.1949298986985717,39,34
BMAp,120 MEA Otp Foxp2 Glut,5730522E02Rik,False,99.13563829787235,8.70143159906915,1.1854500193673143,3.1816798265646855,40,35
BMAp,120 MEA Otp Foxp2 Glut,Gpr176,False,71.875,4.4036806796459445,1.3209829670957003,3.177560824793387,41,36
BMAp,120 MEA Otp Foxp2 Glut,Slc12a2,False,76.59574468085107,4.752282649912733,1.2929619470121008,3.1771665898436705,42,37
BMAp,120 MEA Otp Foxp2 Glut,Fezf1,True,71.67553191489361,4.486669986806017,1.3068020240444675,3.162172948639564,43,6
BMAp,120 MEA Otp Foxp2 Glut,Tmem65,False,88.16489361702128,6.048176217586436,1.16704659127085,3.1123422790839808,44,38
BMAp,120 MEA Otp Foxp2 Glut,Nefl,False,99.40159574468085,8.4320905969498,1.098984662881021,3.096378019285846,45,39
BMAp,120 MEA Otp Foxp2 Glut,Slc35d3,False,37.16755319148936,2.041630359406167,1.5072094786528973,3.077373450283697,46,40
BMAp,120 MEA Otp Foxp2 Glut,Tppp3,False,81.78191489361703,5.283129428295379,1.1539848541551265,3.0666421293389012,47,41
BMAp,120 MEA Otp Foxp2 Glut,Doc2a,False,72.87234042553192,4.418376192133477,1.1972157678404827,3.0597784857332098,48,42
BMAp,120 MEA Otp Foxp2 Glut,Kl,False,44.28191489361702,2.6301431858793216,1.4013888175635736,3.0476152104782512,49,43
BMAp,120 MEA Otp Foxp2 Glut,Zfp711,False,57.380319148936174,3.26441338721742,1.2653180514232687,3.024081010882855,50,44
BMAp,120 MEA Otp Foxp2 Glut,Epdr1,False,94.81382978723404,6.724924939744016,0.9923657234840553,2.9692374127442784,51,45
BMAp,120 MEA Otp Foxp2 Glut,Bcl11a,False,97.07446808510639,7.768149517952128,0.9784421446388922,2.965547164167706,52,46
BMAp,120 MEA Otp Foxp2 Glut,Gm20754,False,86.7686170212766,7.546830846908245,1.0162613031080436,2.95462397852672,53,47
BMAp,120 MEA Otp Foxp2 Glut,Arhgap36,False,58.577127659574465,4.286323385035738,1.182844035380112,2.9505721075365363,54,48
BMAp,120 MEA Otp Foxp2 Glut,Sstr2,True,62.433510638297875,3.611842378656915,1.1432176101024298,2.9386353661129174,55,7
BMAp,120 MEA Otp Foxp2 Glut,Ust,False,79.12234042553192,5.3077944491771945,1.0270557718114812,2.9253548969483885,56,49
BMAp,120 MEA Otp Foxp2 Glut,Srgap1,False,91.95478723404256,6.569529431931516,0.9592779649849179,2.922852308838605,57,50
BMAp,120 MEA Otp Foxp2 Glut,Slc6a15,False,89.96010638297872,6.109254877618018,0.966179468461192,2.9202294288031916,58,51
BMAp,120 MEA Otp Foxp2 Glut,Ldlr,False,62.566489361702125,3.6684268383269614,1.1083692259059164,2.9047110130775495,59,52
BMAp,120 MEA Otp Foxp2 Glut,Fbxo2,False,75.66489361702128,4.67578676913647,1.0188578083430162,2.897752234146445,60,53
BMAp,120 MEA Otp Foxp2 Glut,6530403H02Rik,False,54.920212765957444,4.79798369712018,1.1487995582208321,2.888531769285591,61,54
BMAp,120 MEA Otp Foxp2 Glut,Glra2,False,86.43617021276596,6.086417340217753,0.927444637279506,2.8641401533307196,62,55
BMAp,120 MEA Otp Foxp2 Glut,Glra1,False,80.25265957446808,5.382271624625997,0.9571626853829693,2.861622119224695,63,56
BMAp,120 MEA Otp Foxp2 Glut,Ppfia2,False,100.0,10.526767811876661,0.8493932746653154,2.8493932746653154,64,57
BMAp,120 MEA Otp Foxp2 Glut,Hmgcs1,False,93.94946808510639,6.6861513827709445,0.8609142936954353,2.8338086192883702,65,58
BMAp,120 MEA Otp Foxp2 Glut,Pde4b,False,99.40159574468085,9.31108710106383,0.8354768196163853,2.8328701760212103,66,59
BMAp,120 MEA Otp Foxp2 Glut,9530036O11Rik,False,78.125,4.98593918820645,0.9282748618909329,2.8210648922430646,67,60
BMAp,120 MEA Otp Foxp2 Glut,Cemip2,False,63.098404255319146,3.741405081241689,1.009124396000725,2.809142772172394,68,61
BMAp,120 MEA Otp Foxp2 Glut,Ephb6,False,46.54255319148936,2.55098351011885,1.141019180024463,2.8088693837830965,69,62
BMAp,120 MEA Otp Foxp2 Glut,Btbd3,False,92.81914893617021,6.999613011136968,0.8388648778802192,2.806502459911738,70,63
BMAp,120 MEA Otp Foxp2 Glut,Crabp1,False,29.122340425531913,1.7492924142391124,1.3331845793648123,2.7974108536132882,71,64
BMAp,120 MEA Otp Foxp2 Glut,Gm15398,False,85.77127659574468,6.000342186461103,0.8614508088808277,2.794792682924453,72,65
BMAp,120 MEA Otp Foxp2 Glut,Pcdh15,False,99.40159574468085,10.63896601250831,0.7968448112468423,2.794238167651667,73,66
BMAp,120 MEA Otp Foxp2 Glut,Paqr7,False,65.69148936170212,3.7911922373670213,0.9660632236055533,2.783572331937558,74,67
BMAp,120 MEA Otp Foxp2 Glut,Ecel1,False,67.75265957446808,4.323340233336103,0.9498517653331153,2.780778113083918,75,68
BMAp,120 MEA Otp Foxp2 Glut,Lyrm4,False,69.61436170212765,4.083649330950798,0.9301335937989172,2.772832439222136,76,69
BMAp,120 MEA Otp Foxp2 Glut,Cntnap3,False,77.59308510638297,5.459287602850732,0.8821811847730423,2.772004204562789,77,70
BMAp,120 MEA Otp Foxp2 Glut,Ptprz1,False,98.73670212765957,8.710190143991024,0.7702327859232954,2.764711403320903,78,71
BMAp,120 MEA Otp Foxp2 Glut,Rmst,False,99.86702127659575,10.21141669090758,0.7634764207382574,2.7628985171507834,79,72
BMAp,120 MEA Otp Foxp2 Glut,Nos1,True,99.66755319148936,9.76755539914395,0.764042444669121,2.762596241261777,80,8
BMAp,120 MEA Otp Foxp2 Glut,Megf10,False,29.3218085106383,1.7162667132438498,1.2900974420372129,2.757288195249428,81,73
BMAp,120 MEA Otp Foxp2 Glut,Lbhd2,False,57.4468085106383,3.500507760555186,0.9917682743591638,2.7510341805824337,82,74
BMAp,120 MEA Otp Foxp2 Glut,Ranbp17,False,81.51595744680851,5.283862824135638,0.8332385496941219,2.744481183620895,83,75
BMAp,120 MEA Otp Foxp2 Glut,Zfp804a,False,98.20478723404256,9.021727866314826,0.7461211007212647,2.7382537597775904,84,76
BMAp,120 MEA Otp Foxp2 Glut,Tfg,False,74.60106382978724,4.45440219311004,0.8426211760515536,2.7153661967160727,85,77
BMAp,120 MEA Otp Foxp2 Glut,Kctd8,False,84.24202127659575,6.447829875540226,0.7827210152232587,2.708249793851077,86,78
BMAp,120 MEA Otp Foxp2 Glut,Stard13,False,54.255319148936174,3.3123539052111037,0.967120386162299,2.7015627086605365,87,79
BMAp,120 MEA Otp Foxp2 Glut,Cd200,False,96.60904255319149,7.278055393949468,0.7154501223038254,2.7004679003462235,88,80
BMAp,120 MEA Otp Foxp2 Glut,Gpr155,False,75.19946808510639,4.568282431744515,0.8189716632876194,2.6951864319574512,89,81
BMAp,120 MEA Otp Foxp2 Glut,Fgf9,False,68.0186170212766,3.99925848778258,0.8538440517766039,2.6864718492331408,90,82
BMAp,120 MEA Otp Foxp2 Glut,Otp,True,97.87234042553192,7.973931495179522,0.6914605975201589,2.682120571266015,91,9
BMAp,120 MEA Otp Foxp2 Glut,Sh3d19,False,82.57978723404256,5.605485632064495,0.7601800935040028,2.6770538530889407,92,83
BMAp,120 MEA Otp Foxp2 Glut,Idi1,False,59.70744680851064,3.421806497776762,0.8946573312895385,2.6706858317012196,93,84
BMAp,120 MEA Otp Foxp2 Glut,Ptprd,False,100.0,13.222499116938165,0.6683587272544305,2.6683587272544305,94,85
BMAp,120 MEA Otp Foxp2 Glut,Fdft1,False,78.25797872340425,4.807657444730718,0.7742726336842063,2.6678012602720176,95,86
BMAp,120 MEA Otp Foxp2 Glut,Cntn5,False,99.93351063829788,11.2032016186004,0.665705017450616,2.6654161617819008,96,87
BMAp,120 MEA Otp Foxp2 Glut,Ubl3,False,99.00265957446808,8.062957763671875,0.6679951833942699,2.663642044890823,97,88
BMAp,120 MEA Otp Foxp2 Glut,Dner,False,99.66755319148936,8.675224141871675,0.6629175914512437,2.6614713880439,98,89
BMAp,120 MEA Otp Foxp2 Glut,Msmo1,False,78.39095744680851,4.896863896796044,0.7530561163423464,2.647322085181812,99,90
BMAp,120 MEA Otp Foxp2 Glut,Mc4r,True,38.49734042553192,2.173604762300532,1.0591325729330023,2.644563300404815,100,10
BMAp,120 MEA Otp Foxp2 Glut,Susd4,False,97.40691489361703,7.548384646151928,0.642987484797346,2.631577273231851,101,91
BMAp,120 MEA Otp Foxp2 Glut,Scd2,False,99.13563829787235,8.14663111909907,0.629758990187212,2.6259887973845832,102,92
BMAp,120 MEA Otp Foxp2 Glut,Cckar,False,35.23936170212766,2.018472225108045,1.077094980806153,2.6241230141513183,103,93
BMAp,120 MEA Otp Foxp2 Glut,Lipa,False,56.648936170212764,3.1703955467711102,0.86476216716656,2.6179539256776367,104,94
BMAp,120 MEA Otp Foxp2 Glut,Plod2,False,32.912234042553195,1.7759813349297706,1.0938452588873195,2.6112026215652646,105,95
BMAp,120 MEA Otp Foxp2 Glut,Tmem106b,False,95.67819148936171,7.2441769863696805,0.629887490963422,2.610700448644404,106,96
BMAp,120 MEA Otp Foxp2 Glut,Runx1t1,False,97.93882978723404,8.115145419506316,0.6098885175174598,2.6008434281044672,107,97
BMAp,120 MEA Otp Foxp2 Glut,Tspan17,False,55.119680851063826,3.087592916285738,0.8352276806968626,2.5765343749915126,108,98
BMAp,120 MEA Otp Foxp2 Glut,Thy1,False,99.80053191489361,8.89696616314827,0.5710813969625121,2.570214252950159,109,99
BMAp,120 MEA Otp Foxp2 Glut,Ghr,False,86.83510638297872,6.304028450174535,0.6303870580556721,2.569082398739104,110,100
BMAp,120 MEA Otp Foxp2 Glut,Doc2b,False,75.7313829787234,4.6177683079496346,0.6893282292755631,2.5686041170990404,111,101
BMAp,120 MEA Otp Foxp2 Glut,Aff3,False,96.34308510638297,7.641695063164893,0.5831189618847725,2.5669395111003235,112,102
BMAp,120 MEA Otp Foxp2 Glut,Arhgap6,False,87.23404255319149,6.168083028590425,0.6236408950197703,2.564326893803788,113,103
BMAp,120 MEA Otp Foxp2 Glut,Efnb2,False,84.90691489361703,5.519469565533577,0.6327375789936678,2.56168064000146,114,104
BMAp,120 MEA Otp Foxp2 Glut,Triqk,False,62.63297872340426,3.571780914955951,0.759234774617648,2.556037841154902,115,105
BMAp,120 MEA Otp Foxp2 Glut,Tshz2,True,99.2686170212766,9.326770538979389,0.555301581000748,2.55211355247015,116,11
BMAp,120 MEA Otp Foxp2 Glut,Cbln4,False,49.534574468085104,3.0951885466879987,0.8483963451615324,2.543304781654202,117,106
BMAp,120 MEA Otp Foxp2 Glut,Kcnh5,False,77.3936170212766,5.022269066343916,0.6380771507781491,2.526782294836395,118,107
BMAp,120 MEA Otp Foxp2 Glut,Naaa,False,55.984042553191486,3.111427794111536,0.772213557308747,2.5202778125527727,119,108
BMAp,120 MEA Otp Foxp2 Glut,Eif2ak4,False,71.67553191489361,4.2471628391996346,0.6604986231340102,2.515869547729107,120,109
BMAp,120 MEA Otp Foxp2 Glut,Stk32c,False,90.69148936170212,6.118603645487035,0.5528618953793689,2.5104284294442056,121,110
BMAp,120 MEA Otp Foxp2 Glut,Ly6e,False,84.17553191489361,5.389556235455452,0.584849993194192,2.5100358626199046,122,111
BMAp,120 MEA Otp Foxp2 Glut,Sqle,False,63.89627659574468,3.6852488416306515,0.6983279939418776,2.5038035453547995,123,112
BMAp,120 MEA Otp Foxp2 Glut,A330102I10Rik,False,87.69946808510639,6.028606008976064,0.5440446557650551,2.487041615055797,124,113
BMAp,120 MEA Otp Foxp2 Glut,Prrc1,False,63.6968085106383,3.6158905029296875,0.6826183182309822,2.4867359910539033,125,114
BMAp,120 MEA Otp Foxp2 Glut,Slitrk3,False,78.65691489361703,4.894277369722407,0.5891785565007703,2.4849154648730774,126,115
BMAp,120 MEA Otp Foxp2 Glut,Idh1,False,54.85372340425532,3.063400593209774,0.7401087785026248,2.4793148907969265,127,116
BMAp,120 MEA Otp Foxp2 Glut,Gm12239,False,68.21808510638297,4.3466809861203455,0.6371690339291103,2.471068558449284,128,117
BMAp,120 MEA Otp Foxp2 Glut,Dhcr24,False,86.10372340425532,5.661233455576795,0.5251066719896809,2.460128604151328,129,118
BMAp,120 MEA Otp Foxp2 Glut,Oprl1,True,77.79255319148936,4.759516614548703,0.5657449098009861,2.456682935291524,130,12
BMAp,120 MEA Otp Foxp2 Glut,Lamp1,False,86.43617021276596,5.618960116771942,0.5099462458273543,2.446641761878568,131,119
BMAp,120 MEA Otp Foxp2 Glut,4930509J09Rik,False,49.66755319148936,3.0182771074010972,0.7504678331948975,2.446540598754673,132,120
BMAp,120 MEA Otp Foxp2 Glut,Fancl,False,54.388297872340424,3.0427785021193485,0.6940866143655677,2.4295920817812675,133,121
BMAp,120 MEA Otp Foxp2 Glut,Kcnk3,False,63.6968085106383,3.6481316749085773,0.6201939161444541,2.4243115889673748,134,122
BMAp,120 MEA Otp Foxp2 Glut,Pwwp3b,False,47.20744680851064,2.6451948449966753,0.746392980160856,2.420403492624308,135,123
BMAp,120 MEA Otp Foxp2 Glut,Sept4,False,44.61436170212766,2.4474198361660573,0.7674671412119289,2.4169418251252974,136,124
BMAp,120 MEA Otp Foxp2 Glut,Cdr2,False,37.034574468085104,1.9722885781146111,0.8362996237757168,2.4049069826938223,137,125
BMAp,120 MEA Otp Foxp2 Glut,Nudt11,False,79.12234042553192,4.853938650577627,0.5037345902309429,2.40203371536785,138,126
BMAp,120 MEA Otp Foxp2 Glut,Impdh1,False,55.319148936170215,3.065698501911569,0.6552966445208503,2.398172134555951,139,127
BMAp,120 MEA Otp Foxp2 Glut,Gm27151,False,44.215425531914896,2.433184359936004,0.7479845764269677,2.393558385474449,140,128
BMAp,120 MEA Otp Foxp2 Glut,Fam126a,False,69.81382978723404,4.221682609395778,0.5496005376383097,2.3935420004526247,141,129
BMAp,120 MEA Otp Foxp2 Glut,Suclg2,False,37.5,2.0380365899268615,0.7980956692268926,2.3721269369546114,142,130
BMAp,120 MEA Otp Foxp2 Glut,Islr2,False,59.441489361702125,3.4305676399393286,0.5945024318413115,2.368592114381606,143,131
BMAp,120 MEA Otp Foxp2 Glut,Stard4,False,59.50797872340426,3.3483516611951463,0.5928231342428063,2.367398333303095,144,132
BMAp,120 MEA Otp Foxp2 Glut,Fat1,False,56.9813829787234,3.504920797145113,0.6021711651089268,2.3579041507765015,145,133
BMAp,120 MEA Otp Foxp2 Glut,Eef1akmt1,False,67.95212765957447,3.9648784880942487,0.5240436154003483,2.356246674943419,146,134
BMAp,120 MEA Otp Foxp2 Glut,Epb41l4a,False,44.148936170212764,2.5331328371737865,0.7103411912574518,2.3552614343698455,147,135
BMAp,120 MEA Otp Foxp2 Glut,Slc39a12,False,46.077127659574465,2.7679021307762635,0.6760284147030564,2.3395138130592397,148,136
BMAp,120 MEA Otp Foxp2 Glut,Gnpda2,False,55.452127659574465,3.0271586966007313,0.587027052723327,2.3309452671054425,149,137
BMAp,120 MEA Otp Foxp2 Glut,Syne2,False,42.420212765957444,2.3758609852892287,0.6972808199011138,2.3248536623666527,150,138
BMAp,120 MEA Otp Foxp2 Glut,Esr2,False,36.50265957446808,2.0682285390001662,0.7503012940400207,2.312625802234489,151,139
BMAp,120 MEA Otp Foxp2 Glut,Rbm11,False,44.28191489361702,2.4000799300822804,0.6551628707001129,2.301389263614791,152,140
BMAp,120 MEA Otp Foxp2 Glut,Rbbp8,False,44.81382978723404,2.6637264819855386,0.6347086888376028,2.2861207491172992,153,141
BMAp,120 MEA Otp Foxp2 Glut,Lamb1,False,40.09308510638298,2.164987766996343,0.6682683944863828,2.2713378703709104,154,142
BMAp,120 MEA Otp Foxp2 Glut,Nsdhl,False,52.726063829787236,2.9078567180227726,0.5405031194496424,2.2625284705116226,155,143
BMAp,120 MEA Otp Foxp2 Glut,Gm15631,False,32.64627659574468,1.718448557752244,0.7324735709861658,2.246307226853511,156,144
BMAp,120 MEA Otp Foxp2 Glut,Gm1715,False,25.86436170212766,1.3979027930726395,0.7184355235951453,2.13113728866523,157,145
BMAp,120 MEA Otp Foxp2 Glut,Drd3,False,37.566489361702125,2.1690995236660573,0.5060841405668601,2.0808847521306753,158,146
BMAp,120 MEA Otp Foxp2 Glut,1700019D03Rik,False,32.712765957446805,1.708257147606383,0.5395570956425069,2.054274362154244,159,147
BMAp,120 MEA Otp Foxp2 Glut,Dcbld1,False,31.31648936170213,1.6588422085376495,0.5525476455199538,2.048320716393227,160,148
BMAp,120 MEA Otp Foxp2 Glut,Slc9a2,False,26.66223404255319,1.420596995252244,0.606802326832471,2.0326988631970297,161,149
BMAp,120 MEA Otp Foxp2 Glut,Gm17396,False,29.18882978723404,1.5226468025369848,0.5471625529670306,2.0123792369535285,162,150
BMAp,120 MEA Otp Foxp2 Glut,Prtn3,False,27.659574468085108,1.4445961485517786,0.5667211687101789,2.0085666630812984,163,151
BMAp,120 MEA Otp Foxp2 Glut,C79798,False,29.920212765957448,1.568662278195645,0.5272114338041363,2.0031761113238566,164,152
BMAp,120 MEA Otp Foxp2 Glut,Scd1,False,26.329787234042552,1.363617592669548,0.5316923638971376,1.9521397135670264,165,153
BMAp,121 MEA-BST Otp Zic2 Glut,Sim1,True,87.96812749003983,6.488266465388446,5.623864201754201,7.568189549330324,1,1
BMAp,121 MEA-BST Otp Zic2 Glut,Cbln1,True,65.89641434262948,4.911828467380478,4.528930920257848,6.3477927039933375,2,2
BMAp,121 MEA-BST Otp Zic2 Glut,Zic1,True,69.7211155378486,5.504435772534861,3.1639809990256866,5.007345326230943,3,3
BMAp,121 MEA-BST Otp Zic2 Glut,Gm2694,False,53.22709163346614,3.399813247011952,3.0220921882162224,4.748224924874711,4,1
BMAp,121 MEA-BST Otp Zic2 Glut,Pcp4l1,False,85.33864541832669,5.875822102216135,2.6158947989830903,4.547040543997889,5,2
BMAp,121 MEA-BST Otp Zic2 Glut,Pcolce2,False,75.0597609561753,5.047793202191235,2.389306030423056,4.264713207398876,6,3
BMAp,121 MEA-BST Otp Zic2 Glut,Lrrc1,False,72.90836653386454,4.626347734063745,2.2140154572011266,4.076792825450518,7,4
BMAp,121 MEA-BST Otp Zic2 Glut,Zic4,False,50.677290836653384,3.232749859935259,2.312208226119319,4.017021615950676,8,5
BMAp,121 MEA-BST Otp Zic2 Glut,Sema6a,False,95.37848605577689,7.888460999750996,1.9536490027691045,3.9330994273584583,9,6
BMAp,121 MEA-BST Otp Zic2 Glut,Zfp521,False,75.45816733067728,5.142232631972112,2.0146766906140874,3.892382943800304,10,7
BMAp,121 MEA-BST Otp Zic2 Glut,Gfra1,True,63.98406374501992,4.071961762325698,1.9502153584215032,3.7562871778831273,11,4
BMAp,121 MEA-BST Otp Zic2 Glut,Sntb1,False,46.45418326693227,3.218543793575697,2.0290184430085745,3.696043271950532,12,8
BMAp,121 MEA-BST Otp Zic2 Glut,Adamts17,False,74.02390438247012,5.081846053286853,1.7394222693149444,3.608794257491529,13,9
BMAp,121 MEA-BST Otp Zic2 Glut,Pde1c,False,59.04382470119522,4.156012279008964,1.784006249407473,3.5551807315697443,14,10
BMAp,121 MEA-BST Otp Zic2 Glut,Prag1,False,74.9003984063745,4.853350270791832,1.67410423390993,3.5485883616925715,15,11
BMAp,121 MEA-BST Otp Zic2 Glut,Cd36,False,53.147410358565736,3.431059356324701,1.800899679150732,3.526381787250224,16,12
BMAp,121 MEA-BST Otp Zic2 Glut,Fgf1,False,70.5179282868526,4.691009399900398,1.6472471267422186,3.495546671622987,17,13
BMAp,121 MEA-BST Otp Zic2 Glut,Cited2,False,81.19521912350598,5.422860511080677,1.5659800455954582,3.475510503784828,18,14
BMAp,121 MEA-BST Otp Zic2 Glut,Gm39185,False,52.430278884462155,3.207241347111554,1.5777227845801785,3.297304952377077,19,15
BMAp,121 MEA-BST Otp Zic2 Glut,Gm13986,False,38.56573705179283,2.4298026643426294,1.6725826365367977,3.2587842723641534,20,16
BMAp,121 MEA-BST Otp Zic2 Glut,Ngb,False,91.23505976095618,7.245272036852589,1.2785767227340896,3.2387384835929396,21,17
BMAp,121 MEA-BST Otp Zic2 Glut,Aff2,False,97.21115537848605,7.848365911354581,1.220472033169373,3.2081881380270643,22,18
BMAp,121 MEA-BST Otp Zic2 Glut,Abcb10,False,69.16334661354581,4.392404211279881,1.3609955163688845,3.2008715157283194,23,19
BMAp,121 MEA-BST Otp Zic2 Glut,Olfm3,False,92.27091633466135,7.5043700199203185,1.2253746249948598,3.1904394585692204,24,20
BMAp,121 MEA-BST Otp Zic2 Glut,Tmcc3,False,93.62549800796813,7.073682613296813,1.1944594999324512,3.1658536407231495,25,21
BMAp,121 MEA-BST Otp Zic2 Glut,Patj,False,79.36254980079681,5.3453883684013945,1.2450299968417617,3.1446456094484034,26,22
BMAp,121 MEA-BST Otp Zic2 Glut,Smco4,False,64.22310756972112,3.7763068818476095,1.284331348901873,3.0920226648899067,27,23
BMAp,121 MEA-BST Otp Zic2 Glut,Ddo,False,47.17131474103586,2.9063673042206175,1.4012434363614399,3.0749214172673027,28,24
BMAp,121 MEA-BST Otp Zic2 Glut,Epha7,False,81.83266932270917,5.766454105453187,1.1601764557920422,3.0731031735722634,29,25
BMAp,121 MEA-BST Otp Zic2 Glut,Kiz,False,65.97609561752988,4.063340777514941,1.2461517073886128,3.065538318356436,30,26
BMAp,121 MEA-BST Otp Zic2 Glut,1700012B09Rik,False,35.298804780876495,2.0410426652763944,1.51522212618638,3.0629821265923924,31,27
BMAp,121 MEA-BST Otp Zic2 Glut,Dock4,False,98.64541832669323,8.845596520169323,1.0541445795945243,3.0482214984615665,32,28
BMAp,121 MEA-BST Otp Zic2 Glut,Unc13c,False,98.96414342629483,9.44422388570717,1.0382482214747277,3.0337260914982322,33,29
BMAp,121 MEA-BST Otp Zic2 Glut,Syndig1,False,66.85258964143426,4.567381645293825,1.1630382384158469,2.98815647342749,34,30
BMAp,121 MEA-BST Otp Zic2 Glut,Trhde,False,86.21513944223108,7.575191421812749,1.0268859915019117,2.9624695264554055,35,31
BMAp,121 MEA-BST Otp Zic2 Glut,Tmem200a,False,81.67330677290836,5.557984857445219,1.0136399777321472,2.9257201173068634,36,32
BMAp,121 MEA-BST Otp Zic2 Glut,Enkur,False,44.223107569721115,2.5251877256598605,1.2311657945594616,2.876815051865081,37,33
BMAp,121 MEA-BST Otp Zic2 Glut,Qrfpr,False,37.76892430278885,2.6517408880104583,1.2793124823625404,2.8564470982195687,38,34
BMAp,121 MEA-BST Otp Zic2 Glut,Arhgap24,False,98.32669322709164,8.843457420318725,0.8538866403154,2.846558074195566,39,35
BMAp,121 MEA-BST Otp Zic2 Glut,Colgalt2,False,34.50199203187251,2.0509092536105578,1.2852926490085559,2.8231368195448647,40,36
BMAp,121 MEA-BST Otp Zic2 Glut,Tmtc2,False,86.85258964143426,6.515358876992032,0.8815404791776542,2.820323251301221,41,37
BMAp,121 MEA-BST Otp Zic2 Glut,Nyap2,False,98.00796812749005,7.943041894920318,0.8264736510949309,2.8177350367172718,42,38
BMAp,121 MEA-BST Otp Zic2 Glut,Gm4876,False,71.63346613545816,5.063163362176295,0.9390207958171075,2.794136761733279,43,39
BMAp,121 MEA-BST Otp Zic2 Glut,Zic3,False,41.67330677290837,2.358907922995518,1.1677511891939125,2.78760915224413,44,40
BMAp,121 MEA-BST Otp Zic2 Glut,Dach2,False,35.21912350597609,2.2495768877614544,1.2248656008491838,2.7716441443812188,45,41
BMAp,121 MEA-BST Otp Zic2 Glut,Gm9962,False,57.13147410358566,3.4067869148406373,0.9979442193203583,2.7548196491711012,46,42
BMAp,121 MEA-BST Otp Zic2 Glut,Luzp2,False,95.5378486055777,8.363702222360558,0.7137037807049733,2.6938792379867653,47,43
BMAp,121 MEA-BST Otp Zic2 Glut,Glis3,False,54.103585657370516,3.800633792953187,0.9534300365212092,2.686656084984654,48,44
BMAp,121 MEA-BST Otp Zic2 Glut,Cfap61,False,51.235059760956176,3.1043005711528884,0.9675957807162816,2.677163027823447,49,45
BMAp,121 MEA-BST Otp Zic2 Glut,Gstm7,False,38.08764940239044,2.23888625186753,1.0952705292112799,2.676054700006342,50,46
BMAp,121 MEA-BST Otp Zic2 Glut,Col25a1,False,93.86454183266932,8.366403137450199,0.6892059398414698,2.661707504475496,51,47
BMAp,121 MEA-BST Otp Zic2 Glut,Fam13a,False,71.07569721115537,4.443075743899402,0.7912722390255489,2.642993367584615,52,48
BMAp,121 MEA-BST Otp Zic2 Glut,Stat5b,False,87.80876494023904,5.947769858067729,0.6990909587772798,2.6426288274759893,53,49
BMAp,121 MEA-BST Otp Zic2 Glut,Nek10,False,84.38247011952191,5.975617841135458,0.7088246886856959,2.6350769229761237,54,50
BMAp,121 MEA-BST Otp Zic2 Glut,Eda,False,87.33067729083665,6.950754015189243,0.6899127987610294,2.6310796270923227,55,51
BMAp,121 MEA-BST Otp Zic2 Glut,Gabrg3,False,99.60159362549801,10.063927104083666,0.6322068283800473,2.630473115571047,56,52
BMAp,121 MEA-BST Otp Zic2 Glut,Ncald,False,99.7609561752988,9.452755384711155,0.620982560159959,2.6199431632173127,57,53
BMAp,121 MEA-BST Otp Zic2 Glut,Grem2,False,80.55776892430279,5.298502863545817,0.7075098345398327,2.6136172643137767,58,54
BMAp,121 MEA-BST Otp Zic2 Glut,Cask,False,98.40637450199203,7.714020480577689,0.6122704087798718,2.605293640558499,59,55
BMAp,121 MEA-BST Otp Zic2 Glut,Gm30382,False,88.28685258964144,7.143181181523905,0.6388879945172494,2.5847840290926034,60,56
BMAp,121 MEA-BST Otp Zic2 Glut,Cadps2,False,94.5019920318725,8.45023344123506,0.6064339267709533,2.5818748899821404,61,57
BMAp,121 MEA-BST Otp Zic2 Glut,Ntm,False,99.44223107569721,9.782319160856574,0.5802406140443974,2.5778114735737456,62,58
BMAp,121 MEA-BST Otp Zic2 Glut,Smc6,False,91.87250996015936,6.593232538595617,0.6007973142550211,2.5639828957326634,63,59
BMAp,121 MEA-BST Otp Zic2 Glut,Rnpep,False,67.72908366533865,4.063823611802789,0.7290157864855007,2.559790986382737,64,60
BMAp,121 MEA-BST Otp Zic2 Glut,Pdzrn4,False,97.52988047808765,9.733177446464143,0.570386634779906,2.5595243267723915,65,61
BMAp,121 MEA-BST Otp Zic2 Glut,Megf11,False,48.68525896414343,3.149827058951693,0.8675982903617081,2.5549957747872054,66,62
BMAp,121 MEA-BST Otp Zic2 Glut,Cntnap5b,False,94.8207171314741,8.67469030129482,0.5746575760621067,2.5515608116375805,67,63
BMAp,121 MEA-BST Otp Zic2 Glut,Myo10,False,50.99601593625498,2.939877988047809,0.8431183132919218,2.550654561458752,68,64
BMAp,121 MEA-BST Otp Zic2 Glut,Map3k15,False,27.808764940239044,1.5757852379544324,1.1051068214156188,2.5492885225577417,69,65
BMAp,121 MEA-BST Otp Zic2 Glut,Prodh,False,50.0398406374502,2.853400266123008,0.8357901528182263,2.5351060707383652,70,66
BMAp,121 MEA-BST Otp Zic2 Glut,Sccpdh,False,64.9402390438247,3.891488732569721,0.7141036864427264,2.526617569365646,71,67
BMAp,121 MEA-BST Otp Zic2 Glut,Pard3,False,96.17529880478088,7.633930683515937,0.5355960845761443,2.5186596288564367,72,68
BMAp,121 MEA-BST Otp Zic2 Glut,Nrp2,False,96.65338645418326,8.490590761952191,0.5306896340028944,2.5159067090524103,73,69
BMAp,121 MEA-BST Otp Zic2 Glut,Gria3,False,99.5219123505976,9.748467847360558,0.5151563195397877,2.5130750320968662,74,70
BMAp,121 MEA-BST Otp Zic2 Glut,Lmo3,False,91.47410358565737,7.692326008466136,0.5500781707543929,2.5113763329992906,75,71
BMAp,121 MEA-BST Otp Zic2 Glut,Gpld1,False,47.64940239043825,2.69474718314243,0.8302122024996914,2.5082696606710453,76,72
BMAp,121 MEA-BST Otp Zic2 Glut,Pcca,False,90.99601593625498,6.452819581050797,0.5488688170573228,2.507891195150095,77,73
BMAp,121 MEA-BST Otp Zic2 Glut,Ptn,False,83.58565737051792,5.749450245891434,0.5842207985003789,2.5063525608768797,78,74
BMAp,121 MEA-BST Otp Zic2 Glut,Resp18,False,93.54581673306772,6.733080957420318,0.5312474353541612,2.5022718064487,79,75
BMAp,121 MEA-BST Otp Zic2 Glut,Esr1,False,79.44223107569721,5.49554516309761,0.5991269707971583,2.499178403291757,80,76
BMAp,121 MEA-BST Otp Zic2 Glut,Pik3r1,False,83.74501992031873,5.5497214267928285,0.5669882479838426,2.489947238195028,81,77
BMAp,121 MEA-BST Otp Zic2 Glut,Hdac7,False,75.37848605577689,4.663874190737052,0.6094399860032631,2.4866873965879988,82,78
BMAp,121 MEA-BST Otp Zic2 Glut,Sned1,False,29.48207171314741,1.6315951039591634,1.0144938396678076,2.484051837917746,83,79
BMAp,121 MEA-BST Otp Zic2 Glut,Angpt1,False,72.58964143426294,5.413962120268924,0.6217664822480913,2.482641133404033,84,80
BMAp,121 MEA-BST Otp Zic2 Glut,Tmie,False,75.77689243027888,4.720206673306773,0.594172856365609,2.4737096474859657,85,81
BMAp,121 MEA-BST Otp Zic2 Glut,Gclc,False,86.85258964143426,5.729007407868526,0.5339360643839601,2.4727188365075268,86,82
BMAp,121 MEA-BST Otp Zic2 Glut,Rapgef3,False,42.07171314741036,2.398066328436255,0.8362557821220145,2.4602459788387696,87,83
BMAp,121 MEA-BST Otp Zic2 Glut,Rnf207,False,58.80478087649402,3.55515593874502,0.6743384442511702,2.4437510802571545,88,84
BMAp,121 MEA-BST Otp Zic2 Glut,Txndc5,False,77.13147410358566,4.822300641185259,0.5513759040692667,2.438607535560603,89,85
BMAp,121 MEA-BST Otp Zic2 Glut,Klhdc8b,False,60.876494023904385,3.593908740039841,0.597785446426975,2.382235079185608,90,86
BMAp,121 MEA-BST Otp Zic2 Glut,Plekha7,False,74.58167330677291,4.6741226500249,0.5095054091143965,2.3821375320354448,91,87
BMAp,121 MEA-BST Otp Zic2 Glut,Col6a1,False,39.7609561752988,2.4086583354083664,0.7818312410841488,2.3812880608904816,92,88
BMAp,121 MEA-BST Otp Zic2 Glut,Greb1,False,54.820717131474105,3.7243105702191235,0.6405350807438102,2.3794797931622647,93,89
BMAp,121 MEA-BST Otp Zic2 Glut,Prxl2c,False,55.1394422310757,3.3579875809262947,0.625616676774865,2.367079045414566,94,90
BMAp,121 MEA-BST Otp Zic2 Glut,Dglucy,False,36.254980079681275,2.0270297715388446,0.8067879814166703,2.366155652256726,95,91
BMAp,121 MEA-BST Otp Zic2 Glut,Bicc1,False,70.0398406374502,4.553317589018924,0.5197733651220942,2.365118514378809,96,92
BMAp,121 MEA-BST Otp Zic2 Glut,Strip2,False,37.29083665338646,2.263860767866036,0.7924244499468569,2.3640265772039237,97,93
BMAp,121 MEA-BST Otp Zic2 Glut,Nxph3,False,37.52988047808765,2.203414856200199,0.7817135544155087,2.356090735727348,98,94
BMAp,121 MEA-BST Otp Zic2 Glut,Gm20063,False,35.61752988047809,1.9994710610682271,0.8040203640355437,2.355684161350423,99,95
BMAp,121 MEA-BST Otp Zic2 Glut,Pdgfc,False,68.36653386454184,4.419138679656374,0.5157375280398515,2.3505810900715,100,96
BMAp,121 MEA-BST Otp Zic2 Glut,Epsti1,False,38.88446215139442,2.3483007423431275,0.7592529909253214,2.349029087110975,101,97
BMAp,121 MEA-BST Otp Zic2 Glut,Sgpp2,False,56.89243027888446,3.398390811752988,0.5732218549449204,2.328276340904038,102,98
BMAp,121 MEA-BST Otp Zic2 Glut,Agtrap,False,29.9601593625498,1.6249037054905378,0.8506588055657958,2.3272029246764,103,99
BMAp,121 MEA-BST Otp Zic2 Glut,H2-T23,False,26.294820717131476,1.4327466501182768,0.905028621969323,2.3248988360301537,104,100
BMAp,121 MEA-BST Otp Zic2 Glut,Hs3st1,False,43.58565737051793,2.519486701630976,0.6807495508795329,2.3200931513959064,105,101
BMAp,121 MEA-BST Otp Zic2 Glut,Gm14827,False,53.70517928286853,3.06933515936255,0.583681755767905,2.313697926486168,106,102
BMAp,121 MEA-BST Otp Zic2 Glut,Mettl24,False,27.49003984063745,1.603238218999004,0.8679289398142102,2.3071043090704273,107,103
BMAp,121 MEA-BST Otp Zic2 Glut,Armc2,False,59.28286852589641,3.526530596364542,0.5327114459476161,2.305640655676438,108,104
BMAp,121 MEA-BST Otp Zic2 Glut,9330154J02Rik,False,37.689243027888445,2.1758415556523905,0.7280611464631943,2.304278561383949,109,105
BMAp,121 MEA-BST Otp Zic2 Glut,Irs4,False,63.10756972111554,3.982461170941235,0.5003451924608124,2.300426648233249,110,106
BMAp,121 MEA-BST Otp Zic2 Glut,Lhfp,False,37.37051792828685,2.3566161136703188,0.7079274176052386,2.280456534503265,111,107
BMAp,121 MEA-BST Otp Zic2 Glut,Mid1,False,46.374501992031874,2.7341828000498007,0.6043224179259132,2.2706016767587447,112,108
BMAp,121 MEA-BST Otp Zic2 Glut,Itpr2,False,47.569721115537845,3.049231005664841,0.5837469365613606,2.2610775418736724,113,109
BMAp,121 MEA-BST Otp Zic2 Glut,Cemip,False,56.41434262948207,3.444264737923307,0.5062369921746872,2.2576265240473994,114,110
BMAp,121 MEA-BST Otp Zic2 Glut,Bok,False,50.677290836653384,2.919197234499502,0.5494471538659012,2.2542605436972583,115,111
BMAp,121 MEA-BST Otp Zic2 Glut,Irak2,False,34.26294820717131,1.9110625855951195,0.7180198296778832,2.2528445594404127,116,112
BMAp,121 MEA-BST Otp Zic2 Glut,Sulf1,False,46.93227091633466,2.9719327767056773,0.5801261945185927,2.251597763488637,117,113
BMAp,121 MEA-BST Otp Zic2 Glut,Col26a1,False,39.44223107569721,2.2563756691982073,0.6431968904860155,2.2391583636025274,118,114
BMAp,121 MEA-BST Otp Zic2 Glut,Gm16126,False,28.127490039840637,1.511178139006474,0.7669854691125182,2.216116448683284,119,115
BMAp,121 MEA-BST Otp Zic2 Glut,Cfap47,False,35.537848605577686,2.035407782930777,0.664047812404291,2.214738945299376,120,116
BMAp,121 MEA-BST Otp Zic2 Glut,Pias3,False,38.80478087649402,2.121081299800797,0.6040523288795037,2.1929375642770808,121,117
BMAp,121 MEA-BST Otp Zic2 Glut,Minar1,False,41.832669322709165,2.477556376058267,0.5011691898049426,2.1226847673938423,122,118
BMAp,121 MEA-BST Otp Zic2 Glut,4930444P10Rik,False,35.61752988047809,1.976187826817729,0.5451265236985556,2.096790321013435,123,119
BMAp,121 MEA-BST Otp Zic2 Glut,Lrrc23,False,34.581673306772906,1.8996583976593626,0.5499197449635889,2.0887657486590427,124,120
BMAp,121 MEA-BST Otp Zic2 Glut,Tns3,False,37.211155378486055,2.0751869475224103,0.513611789468319,2.084284944217374,125,121
BMAp,121 MEA-BST Otp Zic2 Glut,Rin2,False,26.772908366533866,1.4872603336653387,0.5848734911000808,2.012569042672868,126,122
BMAp,121 MEA-BST Otp Zic2 Glut,Tekt1,False,31.792828685258964,1.7570794945219124,0.5020871297961511,2.0044162996658423,127,123
BMAp,121 MEA-BST Otp Zic2 Glut,P2ry1,False,26.215139442231077,1.4569688044696214,0.5208525483909895,1.9394047205239069,128,124
ORBm,004 L6 IT CTX Glut,Blnk,False,54.506967719174455,3.5814592205336284,2.5411207267920632,4.277572749225928,1,1
ORBm,004 L6 IT CTX Glut,Bmp3,False,77.35050273416829,5.247153566299576,2.337843531983284,4.226306672694373,2,2
ORBm,004 L6 IT CTX Glut,Sema3e,True,88.85164932086788,6.69953341003784,2.129149080816279,4.07781457468302,3,1
ORBm,004 L6 IT CTX Glut,Rspo2,True,88.09313811959781,6.4252392090403605,2.026263149579715,3.971205230604074,4,2
ORBm,004 L6 IT CTX Glut,Plekha2,False,50.91726935967543,3.2794865533186446,1.9988429082448844,3.7057080130885645,5,3
ORBm,004 L6 IT CTX Glut,Oprk1,True,37.405186099841245,2.4561602311025834,2.046550079201558,3.6194818990063164,6,3
ORBm,004 L6 IT CTX Glut,Galnt14,False,92.32668901040748,7.532282562646144,1.6470813760464535,3.6124086373593456,7,4
ORBm,004 L6 IT CTX Glut,Gm2694,False,66.21097195272534,4.224712956916888,1.7591596136613021,3.5800895768727363,8,5
ORBm,004 L6 IT CTX Glut,Chst11,False,86.01164226494973,6.279067672861381,1.6052997165329588,3.5398569564883333,9,6
ORBm,004 L6 IT CTX Glut,Gm6209,False,35.74704533427412,2.3463146564169395,1.9684941904824074,3.5217343415691493,10,7
ORBm,004 L6 IT CTX Glut,Nptx2,True,64.25295466572588,4.664572413120347,1.6608706905442898,3.4687637939953477,11,4
ORBm,004 L6 IT CTX Glut,Bmpr1b,False,78.1442935261951,5.722693829713917,1.5542388928193036,3.447136162051403,12,8
ORBm,004 L6 IT CTX Glut,Car12,False,58.67877932615982,3.9407682821724985,1.6476333672456929,3.416114438036791,13,9
ORBm,004 L6 IT CTX Glut,Cdh9,False,90.51860998412418,7.42343529394893,1.3814648504638232,3.3382027267135967,14,10
ORBm,004 L6 IT CTX Glut,Slc26a4,False,55.43305697653907,3.5604946488403817,1.5242356351954838,3.268004464562509,15,11
ORBm,004 L6 IT CTX Glut,Tenm3,False,98.11254189451402,8.465739504036438,1.2671153642536934,3.2588398917908643,16,12
ORBm,004 L6 IT CTX Glut,Nnat,False,77.22702416651967,6.569703123812996,1.3708852690105235,3.2586545692514663,17,13
ORBm,004 L6 IT CTX Glut,Trpm3,False,67.48103721996824,5.040055811436725,1.189964755142145,3.0191465044511534,18,14
ORBm,004 L6 IT CTX Glut,Jun,False,63.02698888692891,4.080529457552552,1.164964379928417,2.9644909391398873,19,15
ORBm,004 L6 IT CTX Glut,Lipg,False,35.059093314517554,2.1166802016194484,1.3558950588499445,2.9006957391874826,20,16
ORBm,004 L6 IT CTX Glut,Wdr17,False,94.72570118186628,7.729335905362067,0.912295334304785,2.8887631630133708,21,17
ORBm,004 L6 IT CTX Glut,Ntng2,False,74.77509260892573,5.198870321244533,0.9727418126579472,2.846498772235198,22,18
ORBm,004 L6 IT CTX Glut,Rhou,False,72.4642794143588,4.791940450878617,0.9422312428331945,2.802355220767465,23,19
ORBm,004 L6 IT CTX Glut,Snta1,False,66.07867348738755,4.245916694954687,0.9076879004184986,2.727749216466747,24,20
ORBm,004 L6 IT CTX Glut,Dok5,False,77.13000529193862,5.204589825581571,0.8350472978115366,2.722270658971281,25,21
ORBm,004 L6 IT CTX Glut,Gse1,False,86.32033868407126,6.129028029954083,0.7748223747092897,2.7109355103731927,26,22
ORBm,004 L6 IT CTX Glut,Megf11,False,52.337272887634505,3.535897596779482,0.9797748746763406,2.6985859640022127,27,23
ORBm,004 L6 IT CTX Glut,Orai2,False,67.48985711765744,4.252566227565516,0.7969632217019984,2.6262017304023053,28,24
ORBm,004 L6 IT CTX Glut,Sntb2,False,89.11624625154349,6.707479696295673,0.6736069308471784,2.6235638157395016,29,25
ORBm,004 L6 IT CTX Glut,Cflar,False,45.5194919738931,2.792686503113084,0.9359219061143127,2.5941193125293136,30,26
ORBm,004 L6 IT CTX Glut,Slc7a4,False,58.94337625683542,3.6339779988569987,0.8087398319724186,2.5791748404411607,31,27
ORBm,004 L6 IT CTX Glut,Ptpru,True,66.65196683718469,4.427272570534849,0.749566231594879,2.573379201157703,32,5
ORBm,004 L6 IT CTX Glut,Lrfn2,False,91.30358087846182,6.821976522559063,0.6078502969422948,2.568338107611969,33,28
ORBm,004 L6 IT CTX Glut,Ehd3,False,86.3644381725172,5.980766724017714,0.6288120310122576,2.565146983158792,34,29
ORBm,004 L6 IT CTX Glut,Mgat5,False,96.3221026636091,7.657918752743298,0.527612432716313,2.5113383871661457,35,30
ORBm,004 L6 IT CTX Glut,Slc7a11,False,26.06279767154701,1.5639004309481468,1.0823626084445603,2.4983836410068836,36,31
ORBm,004 L6 IT CTX Glut,Slc20a1,False,80.71088375374846,5.483586214273815,0.5263433038958993,2.4332754065917346,37,32
ORBm,004 L6 IT CTX Glut,Cbln1,True,33.65672958193685,1.974090983952179,0.9032103191517737,2.4302822325288798,38,6
ORBm,004 L6 IT CTX Glut,2610035D17Rik,False,76.57435173751985,5.1477646947979485,0.5390637986993516,2.4231471275470815,39,33
ORBm,004 L6 IT CTX Glut,Spns2,False,55.14200035279591,3.3769588463729936,0.6351434916185523,2.37662600831075,40,34
ORBm,004 L6 IT CTX Glut,Ak4,False,70.70911977421062,4.5182575007808925,0.5068848984378054,2.3563603293802426,41,35
ORBm,004 L6 IT CTX Glut,Foxo6,False,37.74916210971953,2.209298330506523,0.7615461597455135,2.3384534761037346,42,36
ORBm,004 L6 IT CTX Glut,Slc41a1,False,47.00123478567649,2.816008330442893,0.6449203705750755,2.317029638161036,43,37
ORBm,004 L6 IT CTX Glut,Adamts18,False,46.10160522137943,3.0325008465680607,0.6481584073684084,2.311874454811208,44,38
ORBm,004 L6 IT CTX Glut,Slc41a2,False,62.13617922032105,3.864972212975314,0.5104534274792063,2.3037979722696305,45,39
ORBm,004 L6 IT CTX Glut,Inhba,False,46.21626389133886,3.077553409604005,0.6374147530961833,2.302209587424959,46,40
ORBm,004 L6 IT CTX Glut,Rasa3,False,54.198271300052916,3.325130368776266,0.5496623749715033,2.283647809539025,47,41
ORBm,004 L6 IT CTX Glut,Gm14636,False,50.08819897689187,3.030292193038814,0.5772913162941542,2.2770267323226623,48,42
ORBm,004 L6 IT CTX Glut,Ccdc80,False,32.6865408361263,1.9382433785313882,0.7442523896231188,2.2586213519510463,49,43
ORBm,004 L6 IT CTX Glut,Cwh43,False,45.03439760098783,2.774308566084865,0.5314631316284975,2.1850074894417775,50,44
ORBm,004 L6 IT CTX Glut,Pdia5,False,31.654612806491446,1.8168724387342663,0.6064353434530145,2.106872349131303,51,45
ORBm,004 L6 IT CTX Glut,Adamts13,False,25.454224730993122,1.4586138435931701,0.6208016768813218,2.026561550983846,52,46
ORBm,005 L5 IT CTX Glut,Cbln4,False,57.90902919212491,4.061026372907388,1.9734426337253428,3.736188918050235,1,1
ORBm,005 L5 IT CTX Glut,Man2a1,False,76.89522516406427,5.108558364733497,1.2686500400980414,3.154549413068775,2,2
ORBm,005 L5 IT CTX Glut,Ldlrad3,False,68.6806969902693,4.367702786268004,1.2332207556528525,3.0700554495018357,3,3
ORBm,005 L5 IT CTX Glut,Trps1,False,83.02783435166327,6.364670791893584,1.0169694058645247,2.9361931160581793,4,4
ORBm,005 L5 IT CTX Glut,Inf2,False,73.09346005883684,5.087430850389614,0.9966487476314931,2.8605272684003027,5,5
ORBm,005 L5 IT CTX Glut,Il17ra,False,63.56641774157049,4.024654794154757,1.0448593217741142,2.848087059413399,6,6
ORBm,005 L5 IT CTX Glut,Il1rapl2,False,83.68409142339895,7.150311447803077,0.860916746819572,2.7835596520804327,7,7
ORBm,005 L5 IT CTX Glut,Colq,False,39.33016519574564,2.4765823858036233,1.1580198470944387,2.752745617644793,8,8
ORBm,005 L5 IT CTX Glut,Bdnf,True,84.15931206155238,6.235335807342771,0.8274123149945707,2.75251449179125,9,1
ORBm,005 L5 IT CTX Glut,Sema3d,False,34.894772572980315,2.0833398787029513,1.158122216260419,2.700882588413064,10,9
ORBm,005 L5 IT CTX Glut,Npas2,False,96.17560534057479,7.456242984548147,0.6973103103709937,2.680375238859012,11,10
ORBm,005 L5 IT CTX Glut,Adam19,False,57.70536320434488,3.431209031152736,0.9006556930654313,2.661871871937093,12,11
ORBm,005 L5 IT CTX Glut,Onecut2,False,50.30549898167006,3.04245948176439,0.953389755188089,2.6550052163247866,13,12
ORBm,005 L5 IT CTX Glut,Fjx1,False,75.8316361167685,4.933671374643623,0.7371892181628699,2.617039644435848,14,13
ORBm,005 L5 IT CTX Glut,Cmc2,False,76.55578185109754,4.923258091912978,0.7298951976445007,2.6138731938701882,15,14
ORBm,005 L5 IT CTX Glut,Akap13,False,67.18714641321566,4.208235863458789,0.7580783102382225,2.585364506271974,16,15
ORBm,005 L5 IT CTX Glut,Tspyl5,False,81.28535867843404,5.4185580900822,0.6708333907936623,2.5808457172266355,17,16
ORBm,005 L5 IT CTX Glut,Mapk6,False,75.8316361167685,4.966787933898636,0.7008469932961594,2.5806974195691375,18,17
ORBm,005 L5 IT CTX Glut,Sytl2,False,75.08486082824169,4.890533379068955,0.6855019361302368,2.5610543162562855,19,18
ORBm,005 L5 IT CTX Glut,Hrh1,True,60.37565059968318,3.603341635440534,0.7658837672880776,2.5467455909702954,20,2
ORBm,005 L5 IT CTX Glut,Vipr1,False,66.71192577506223,4.007510420045423,0.7124203282681001,2.5366238058928205,21,19
ORBm,005 L5 IT CTX Glut,Anxa5,False,38.447612582032136,2.156800483518878,0.9490844080249106,2.533953785331663,22,20
ORBm,005 L5 IT CTX Glut,Htr2a,True,78.61507128309572,5.534072654984822,0.6225406943079204,2.518046506856707,23,3
ORBm,005 L5 IT CTX Glut,Cdh12,False,97.80493324281511,8.667572794955467,0.5232482157219653,2.5136089767068945,24,21
ORBm,005 L5 IT CTX Glut,Cdkn1a,False,85.22290110884816,5.9434081433881705,0.5453290049768595,2.4758853190952124,25,22
ORBm,005 L5 IT CTX Glut,Fmnl1,False,84.24983027834352,5.936247256094041,0.5413655283567955,2.4669345630128943,26,23
ORBm,005 L5 IT CTX Glut,Lasp1,False,85.65286263860602,5.7271162258820665,0.5185095814095178,2.451251463683316,27,24
ORBm,005 L5 IT CTX Glut,Gns,False,79.18081013804029,4.985770568882186,0.5505879861455467,2.4492079270661598,28,25
ORBm,005 L5 IT CTX Glut,Frzb,False,35.61891830730934,1.9986702806136543,0.8775584115543453,2.429239138015098,29,26
ORBm,005 L5 IT CTX Glut,Sstr2,True,54.763521158633175,3.30927648887453,0.6772473795865444,2.415738744004682,30,4
ORBm,005 L5 IT CTX Glut,Lsm11,False,61.00927811722109,3.7820524295332962,0.6300268110529137,2.4154226973539026,31,27
ORBm,005 L5 IT CTX Glut,Zfp651,False,66.87033265444671,4.022392703278838,0.5794899651716388,2.4047234488266196,32,28
ORBm,005 L5 IT CTX Glut,Mir22hg,False,70.51369088028966,4.321081754982701,0.5229012616392246,2.371174709077458,33,29
ORBm,005 L5 IT CTX Glut,Tmem141,False,60.17198461190315,3.5194144550020487,0.5701792644978356,2.3495736002671093,34,30
ORBm,005 L5 IT CTX Glut,Lrrfip2,False,62.842272007241455,3.8147168367743682,0.5339437574134283,2.3321956356013924,35,31
ORBm,005 L5 IT CTX Glut,Gm28578,False,57.97691785471826,3.46324330191991,0.5588489760072055,2.3221040998535796,36,32
ORBm,005 L5 IT CTX Glut,Arhgap42,False,62.027608056121295,3.807936125951915,0.5270732799871221,2.319658313964327,37,33
ORBm,005 L5 IT CTX Glut,2810032G03Rik,False,51.84430866711926,2.9755785549946787,0.5834158097488751,2.298116897375979,38,34
ORBm,005 L5 IT CTX Glut,Fbxo2,False,48.40461642905635,2.772647959529396,0.5877089087740921,2.2725956917833265,39,35
ORBm,005 L5 IT CTX Glut,Gm42456,False,48.74405974202308,2.8418220630947024,0.5643816644523381,2.2523033618520074,40,36
ORBm,005 L5 IT CTX Glut,Pfkfb3,False,53.8357094365241,3.23159986946156,0.5168412769929054,2.247911717467878,41,37
ORBm,005 L5 IT CTX Glut,Gm32442,False,33.98959040506902,1.9217279774755827,0.709778825682301,2.2411247567881576,42,38
ORBm,005 L5 IT CTX Glut,Jdp2,False,46.11903145508033,2.8871010277276126,0.5687534785047776,2.232633656612892,43,39
ORBm,005 L5 IT CTX Glut,Dnah14,False,31.907671418873047,1.9234849403659313,0.726858492193061,2.2307536032861472,44,40
ORBm,005 L5 IT CTX Glut,Kif22,False,40.21271780945916,2.2898187415042486,0.6222461864063735,2.2266096126493817,45,41
ORBm,005 L5 IT CTX Glut,Phf21b,False,43.8560760353021,2.570886826024225,0.5385134030705343,2.1805431742229873,46,42
ORBm,005 L5 IT CTX Glut,Zfp652os,False,40.77845666440371,2.2624542558319995,0.5402586936019482,2.150689478682699,47,43
ORBm,005 L5 IT CTX Glut,Mettl24,False,34.57795881421136,1.9944623544437903,0.5783865243997142,2.117185877077092,48,44
ORBm,005 L5 IT CTX Glut,Fam241a,False,31.43245078071962,1.6728054515159245,0.5424238423668537,2.039802086542176,49,45
ORBm,005 L5 IT CTX Glut,C030047K22Rik,False,29.48630911971034,1.6150486263707635,0.5459766469450971,2.0155970610953884,50,46
ORBm,006 L4/5 IT CTX Glut,Kcnh5,False,82.51130582249858,6.196750914733784,3.637589267323827,5.554102727630328,1,1
ORBm,006 L4/5 IT CTX Glut,Rorb,True,96.37507066139062,8.554642370557165,2.225200076776712,4.209164786256901,2,1
ORBm,006 L4/5 IT CTX Glut,Pdzrn3,False,94.94771057094404,8.008257411441404,1.7335589752819889,3.7110434725446724,3,2
ORBm,006 L4/5 IT CTX Glut,Coch,True,56.74109666478236,3.4341247972625335,1.8647390736038096,3.618636798980824,4,2
ORBm,006 L4/5 IT CTX Glut,Nxpe4,False,82.73742227247033,5.867589524669658,1.5874378232538282,3.5051398093530723,5,3
ORBm,006 L4/5 IT CTX Glut,Tnnc1,False,53.490672696438665,3.5334322224773884,1.6617106142254685,3.3899886738238747,6,4
ORBm,006 L4/5 IT CTX Glut,Plxnd1,False,50.02119841718485,3.0366354037166787,1.6617918970590086,3.3609459894861917,7,5
ORBm,006 L4/5 IT CTX Glut,Ptgfrn,False,75.82673827020916,4.93460221018341,1.4178114053776243,3.2976337803445896,8,6
ORBm,006 L4/5 IT CTX Glut,Grm2,False,70.61899378179763,4.4431751654470215,1.4171987526343957,3.2661202778392973,9,7
ORBm,006 L4/5 IT CTX Glut,Ypel2,False,89.08281514980214,6.2539328515293775,1.2257962707467707,3.175590203678894,10,8
ORBm,006 L4/5 IT CTX Glut,Lemd1,False,45.45647258338044,2.7035465445337894,1.4911608526409017,3.148756584139603,11,9
ORBm,006 L4/5 IT CTX Glut,Krt12,False,71.98982475975127,4.595502112665171,1.2760037937148092,3.1332749101047197,12,10
ORBm,006 L4/5 IT CTX Glut,Lhfp,False,89.32306387789711,6.442122731658952,1.1363702586508833,3.0873338700771837,13,11
ORBm,006 L4/5 IT CTX Glut,Prxl2b,False,90.3264556246467,6.292285666888955,1.1055549564016154,3.061369925420064,14,12
ORBm,006 L4/5 IT CTX Glut,Lcorl,False,88.39033352176371,6.474171795367925,1.0804992160013303,3.026903988619565,15,13
ORBm,006 L4/5 IT CTX Glut,Prdm8,False,58.93866591294517,3.624841658795466,1.2440544077678402,3.014454709061124,16,14
ORBm,006 L4/5 IT CTX Glut,4921539H07Rik,False,52.91124929338609,3.253853340213618,1.2665092490662515,2.9900572648946335,17,15
ORBm,006 L4/5 IT CTX Glut,Dusp14,False,83.20378745053702,5.553904100486018,1.0594475936908534,2.9795906895901205,18,16
ORBm,006 L4/5 IT CTX Glut,Extl3,False,90.26992651215376,6.440420544302484,0.9978737166534168,2.9534168055585006,19,17
ORBm,006 L4/5 IT CTX Glut,A830036E02Rik,False,77.79112492933861,5.133493599209697,1.0534377727942337,2.944367824615833,20,18
ORBm,006 L4/5 IT CTX Glut,S100a10,False,75.2543810062182,5.028766828313798,1.0575066694616204,2.9340384573347102,21,19
ORBm,006 L4/5 IT CTX Glut,BC006965,False,52.88298473713963,3.332058179304383,1.1831708741407145,2.90648683306702,22,20
ORBm,006 L4/5 IT CTX Glut,Ptn,False,93.2023742227247,7.424771564973149,0.9187413024794528,2.8881682781241516,23,21
ORBm,006 L4/5 IT CTX Glut,Gpr158,False,99.69615602035049,9.22161285590155,0.8277307093684225,2.826409122932498,24,22
ORBm,006 L4/5 IT CTX Glut,Gpr26,True,85.7687959299039,6.003011769261853,0.8926916169394286,2.82602093019221,25,3
ORBm,006 L4/5 IT CTX Glut,Medag,False,61.93470887507066,3.9588641807681224,1.033091888055405,2.825025988583552,26,23
ORBm,006 L4/5 IT CTX Glut,Tlnrd1,False,67.9479932165065,4.180104774833063,0.985761003348522,2.8179376381055197,27,24
ORBm,006 L4/5 IT CTX Glut,Trib2,False,70.37167891464104,4.479086936834237,0.9336284123119718,2.7810263247812634,28,25
ORBm,006 L4/5 IT CTX Glut,Arhgef17,False,83.01300169587337,5.533656938120496,0.8486521704732874,2.7677982884223833,29,26
ORBm,006 L4/5 IT CTX Glut,Cnih3,True,94.21989824759751,7.376888605077904,0.7933892176271735,2.767531848515052,30,4
ORBm,006 L4/5 IT CTX Glut,B4galt2,False,68.33663086489543,4.214883859309859,0.9260889591576569,2.760742522545578,31,27
ORBm,006 L4/5 IT CTX Glut,Dnajc21,False,91.66902204635387,6.973768338839033,0.7887927835986668,2.7510153817848204,32,28
ORBm,006 L4/5 IT CTX Glut,Egr1,True,98.03561334087055,8.900789992966983,0.7387504133739355,2.730134283635782,33,5
ORBm,006 L4/5 IT CTX Glut,Cacna1i,False,78.35641605426795,5.0923982903807765,0.8085764335231866,2.70265099709588,34,29
ORBm,006 L4/5 IT CTX Glut,Gm29674,False,31.31712832108536,1.7748482220586643,1.1840689242444493,2.679850856063156,35,30
ORBm,006 L4/5 IT CTX Glut,Rspo1,False,30.39146410401357,2.075696021166813,1.1962168085676579,2.678968431220083,36,31
ORBm,006 L4/5 IT CTX Glut,Pcdh15,False,97.47738835500283,9.4785098285578,0.6896067948607243,2.678510679774262,37,32
ORBm,006 L4/5 IT CTX Glut,Fbxo34,False,78.75211984171848,5.176877709146676,0.7794810698840902,2.67574332279868,38,33
ORBm,006 L4/5 IT CTX Glut,Hkdc1,False,50.89033352176371,2.953312556308296,0.9672237492849338,2.6738590464185337,39,34
ORBm,006 L4/5 IT CTX Glut,Ap3m2,False,91.01187111362351,6.47364299077648,0.7137711619803282,2.6728692051024545,40,35
ORBm,006 L4/5 IT CTX Glut,Acsl5,False,73.42425098925946,4.617012640660331,0.8057133751098049,2.67155290003034,41,36
ORBm,006 L4/5 IT CTX Glut,Fat3,False,99.58309779536461,9.402357551052855,0.6547955310676326,2.6529811630945135,42,37
ORBm,006 L4/5 IT CTX Glut,Cyp4x1,False,57.65969474279254,3.440166639432589,0.8903119598119442,2.6511842986641385,43,38
ORBm,006 L4/5 IT CTX Glut,Itm2b,False,97.65404183154324,7.701423847722495,0.6513568102234011,2.641047033359914,44,39
ORBm,006 L4/5 IT CTX Glut,Wls,False,82.36291690220463,5.62016716456265,0.717269732250684,2.633001451110951,45,40
ORBm,006 L4/5 IT CTX Glut,Tpd52l1,False,64.9095534200113,4.006827829381447,0.8117667282039149,2.624075349384153,46,41
ORBm,006 L4/5 IT CTX Glut,Sac3d1,False,73.55144149236857,4.632439595551865,0.7527200294777106,2.619311218112255,47,42
ORBm,006 L4/5 IT CTX Glut,Camk4,False,98.99660825325043,8.583510067316016,0.6199518615815238,2.6155721769656317,48,43
ORBm,006 L4/5 IT CTX Glut,Hrh3,True,81.09807801017524,5.5411542565759255,0.7025958428789458,2.6116064046182617,49,6
ORBm,006 L4/5 IT CTX Glut,Lrrk2,False,81.06981345392877,5.448112319592637,0.6988098334051731,2.607669007088262,50,44
ORBm,006 L4/5 IT CTX Glut,Slc30a3,False,84.6735443753533,5.964475572412468,0.6768054898186673,2.604553229234118,51,45
ORBm,006 L4/5 IT CTX Glut,Pmepa1,False,80.63877897117015,5.470086873487404,0.6854673783260461,2.5920113214094185,52,46
ORBm,006 L4/5 IT CTX Glut,Sidt1,False,95.08903335217637,7.187175502744753,0.6129491509741891,2.591079583481853,53,47
ORBm,006 L4/5 IT CTX Glut,Sntg2,False,59.05172413793103,3.6745182725249745,0.8174158264844844,2.5886484087499912,54,48
ORBm,006 L4/5 IT CTX Glut,Scn7a,False,38.66591294516676,2.464744382419446,0.9984103984388573,2.5857386672492506,55,49
ORBm,006 L4/5 IT CTX Glut,Glt8d2,False,48.91181458451102,2.8639956442497083,0.8793280719036423,2.5687418469600845,56,50
ORBm,006 L4/5 IT CTX Glut,Wnt9a,False,58.6984171848502,3.506603217246237,0.7954173026755114,2.5640436932390815,57,51
ORBm,006 L4/5 IT CTX Glut,Rasl11b,False,75.53702656868288,4.901091373458699,0.6850814358481623,2.5632413211552736,58,52
ORBm,006 L4/5 IT CTX Glut,Tmem145,False,58.39457320520068,3.5558152444083655,0.782008203487905,2.5483806920978025,59,53
ORBm,006 L4/5 IT CTX Glut,Myh9,False,63.08648954211419,3.835844515406391,0.7416974027449679,2.5416337644368046,60,54
ORBm,006 L4/5 IT CTX Glut,Wnt7b,False,49.78094968908988,3.0110709975842638,0.8440889268368945,2.541152104380603,61,55
ORBm,006 L4/5 IT CTX Glut,Rab31,False,56.51498021481063,3.3598693537132562,0.7867304258401981,2.5388940057360343,62,56
ORBm,006 L4/5 IT CTX Glut,Nr4a1,True,86.01611079706049,6.332391802505829,0.5920498891267458,2.5266296912420483,63,7
ORBm,006 L4/5 IT CTX Glut,Crhr1,True,65.54550593555682,4.034988877731505,0.6939371005546033,2.5104800206188864,64,8
ORBm,006 L4/5 IT CTX Glut,Osbp2,False,90.8352176370831,6.5492442267435695,0.5425016133648626,2.500755874442075,65,57
ORBm,006 L4/5 IT CTX Glut,Secisbp2l,False,85.83945732052007,5.8420230570049725,0.5668943123966184,2.500581275741179,66,58
ORBm,006 L4/5 IT CTX Glut,Ddrgk1,False,69.84171848501978,4.325276548947366,0.6553373433607392,2.4994522601891145,67,59
ORBm,006 L4/5 IT CTX Glut,Cpne9,False,74.71028829847371,4.92934713153397,0.6223378487172218,2.4957182610224233,68,60
ORBm,006 L4/5 IT CTX Glut,Deptor,False,54.741379310344826,3.4992406143179853,0.755706041900539,2.494021777965596,69,61
ORBm,006 L4/5 IT CTX Glut,Lin7b,False,80.48332391181458,5.250295221771879,0.5865216063182794,2.492227510495713,70,62
ORBm,006 L4/5 IT CTX Glut,Scube1,False,89.36546071226682,6.708243085948541,0.5391606705182124,2.490330369174845,71,63
ORBm,006 L4/5 IT CTX Glut,Prmt8,False,93.7111362351611,6.914606761770642,0.514982216069301,2.486773419743624,72,64
ORBm,006 L4/5 IT CTX Glut,Tspan17,False,87.95223289994347,5.934599208454414,0.5298237184349261,2.474070588081895,73,65
ORBm,006 L4/5 IT CTX Glut,Ramp1,False,84.82193329564726,5.757710285952295,0.5217648712971714,2.4502730381483198,74,66
ORBm,006 L4/5 IT CTX Glut,Ahdc1,False,79.68485019785189,5.174864221791752,0.5400855988517819,2.44146135938359,75,67
ORBm,006 L4/5 IT CTX Glut,Pkib,False,67.83493499152063,4.359023918466692,0.6045737094812651,2.4360271226191665,76,68
ORBm,006 L4/5 IT CTX Glut,Patj,False,47.463256076879595,3.054275547197945,0.7596081852990326,2.4359657136960586,77,69
ORBm,006 L4/5 IT CTX Glut,A330008L17Rik,False,48.21226681741096,2.95494903340186,0.7519078093619194,2.435065360740159,78,70
ORBm,006 L4/5 IT CTX Glut,Desi1,False,78.94997173544375,5.078278605718273,0.5252317609147221,2.422583739779073,79,71
ORBm,006 L4/5 IT CTX Glut,Snapc3,False,72.53391746749575,4.514687718746687,0.5571429176091436,2.4176840514140876,80,72
ORBm,006 L4/5 IT CTX Glut,Hcfc2,False,59.94912379875636,3.553679919633709,0.6388480343004113,2.4166308742432685,81,73
ORBm,006 L4/5 IT CTX Glut,Net1,False,47.569248162803845,2.80047212366737,0.7370683410663799,2.414394628468499,82,74
ORBm,006 L4/5 IT CTX Glut,Bcar3,False,43.99378179762578,2.546366758977309,0.7609217055763122,2.404313002021142,83,75
ORBm,006 L4/5 IT CTX Glut,Ddit4l,False,35.78999434708875,2.3875126835988563,0.8454697020004363,2.399231331795069,84,76
ORBm,006 L4/5 IT CTX Glut,Dtl,False,50.098925946862636,2.9203510014872016,0.6730732160498154,2.3729016313312155,85,77
ORBm,006 L4/5 IT CTX Glut,Gm20752,False,35.775862068965516,2.3261180724580117,0.7964848894653593,2.3500749969505335,86,78
ORBm,006 L4/5 IT CTX Glut,Gm33228,False,65.60910118711136,4.454527635504258,0.5144908018268128,2.3314548900009453,87,79
ORBm,006 L4/5 IT CTX Glut,Susd5,False,28.00310910118711,1.5822514630496132,0.8689920097411901,2.316198262173713,88,80
ORBm,006 L4/5 IT CTX Glut,Gm15398,False,62.99462973431317,4.150457836127402,0.5012536211175518,2.3005571487272585,89,81
ORBm,006 L4/5 IT CTX Glut,Gm13601,False,50.49462973431317,2.9674912836000433,0.5716163515929864,2.2748615435577406,90,82
ORBm,006 L4/5 IT CTX Glut,Kcnk4,False,44.95477671000565,2.5529491883876836,0.5469316711372754,2.1997075160069532,91,83
ORBm,006 L4/5 IT CTX Glut,Sox9,False,33.95986433013002,1.9619827486149264,0.5435209966878507,2.0744869432540654,92,84
ORBm,006 L4/5 IT CTX Glut,Gm34544,False,33.69135104578858,2.329362307516716,0.5220564742867653,2.0495749011172784,93,85
ORBm,006 L4/5 IT CTX Glut,Tnfrsf11a,False,32.60316563029961,1.8238831515228633,0.5253004292178796,2.038560199501288,94,86
ORBm,007 L2/3 IT CTX Glut,Ccbe1,False,74.54053444582253,5.2467606574925325,3.879084426237453,5.751476928500719,1,1
ORBm,007 L2/3 IT CTX Glut,Myh7,False,68.89164505581238,4.534317324349437,3.3292125867602884,5.167379142105144,2,2
ORBm,007 L2/3 IT CTX Glut,Evc2,False,58.0561506370504,3.611037299173071,2.9929604907234086,4.756808727652945,3,3
ORBm,007 L2/3 IT CTX Glut,Smoc2,False,82.613597925358,5.863919799956088,2.795610910932562,4.712662447573869,4,4
ORBm,007 L2/3 IT CTX Glut,Ankrd6,False,80.70808433870786,5.497393529059479,2.663399333747807,4.570316372904094,5,5
ORBm,007 L2/3 IT CTX Glut,Nectin3,False,85.89468936745969,6.096399129828198,2.51435830534778,4.448324618775009,6,6
ORBm,007 L2/3 IT CTX Glut,B230216N24Rik,False,86.68395535009584,6.188752130828214,2.452791415042377,4.3907301348051675,7,7
ORBm,007 L2/3 IT CTX Glut,Rfx3,False,95.140376592626,7.747714464284613,2.335784267680997,4.314149133829161,8,8
ORBm,007 L2/3 IT CTX Glut,Stard8,False,64.48303078137333,4.420728923691369,2.4622257425592946,4.271671184208269,9,9
ORBm,007 L2/3 IT CTX Glut,Otof,True,46.51031683391589,2.9230742448614717,2.464632069626642,4.132181367614888,10,1
ORBm,007 L2/3 IT CTX Glut,Kitl,True,79.18592851505242,5.469845905878159,2.0814594539025113,3.9801074674211,11,2
ORBm,007 L2/3 IT CTX Glut,Cux2,True,94.73446837298455,7.3804965086431675,1.9988524122816704,3.9753604345859452,12,3
ORBm,007 L2/3 IT CTX Glut,Kctd4,False,83.9327996391927,5.789274399572758,1.952015734343481,3.8759474439045123,13,10
ORBm,007 L2/3 IT CTX Glut,Prkg2,False,61.855902582027284,3.9025514925032945,1.960812474409339,3.752193622780151,14,11
ORBm,007 L2/3 IT CTX Glut,Rilpl1,False,85.54515728943511,5.930708608735924,1.7825843753844097,3.714779804550779,15,12
ORBm,007 L2/3 IT CTX Glut,Glis3,False,36.08073063479535,2.265398090675243,2.085125801789431,3.642401125211639,16,13
ORBm,007 L2/3 IT CTX Glut,Dusp18,False,87.48449656105537,6.070989955653062,1.6471203925030684,3.589051489473456,17,14
ORBm,007 L2/3 IT CTX Glut,Matn2,True,68.44063592287743,4.650818721002623,1.7314213189321799,3.5667353551097394,18,4
ORBm,007 L2/3 IT CTX Glut,Cpne6,False,81.51990077799076,5.5245084849671695,1.6469804333628018,3.5582440757596343,19,15
ORBm,007 L2/3 IT CTX Glut,Kctd1,False,97.6547525087383,8.008251321370874,1.5576313458284377,3.5473247295311223,20,16
ORBm,007 L2/3 IT CTX Glut,Acvr1c,False,83.60581801781485,5.959477146659229,1.5899967666465304,3.512233267113233,21,17
ORBm,007 L2/3 IT CTX Glut,Prex1,False,84.64313902356523,5.8458312367194,1.5449464379405082,3.472538198909196,22,18
ORBm,007 L2/3 IT CTX Glut,Prag1,False,78.20498365091893,5.2288708490588265,1.5743371067381515,3.4675715363086073,23,19
ORBm,007 L2/3 IT CTX Glut,Cacng3,False,97.73367910700192,7.978499891363065,1.4366868608309566,3.4267311085810386,24,20
ORBm,007 L2/3 IT CTX Glut,Gpc5,False,51.99007779907543,3.8287053230260697,1.6163048855464952,3.3322253528682046,25,21
ORBm,007 L2/3 IT CTX Glut,Smarca2,False,99.37986244221446,8.663788351054013,1.3227290106596223,3.3200274019358242,26,22
ORBm,007 L2/3 IT CTX Glut,Strip2,False,49.284023001465776,2.9905904506881633,1.624604181058395,3.3173103326503495,27,23
ORBm,007 L2/3 IT CTX Glut,Grb14,False,62.194159431728494,3.9213254939126707,1.5204100234982638,3.3141596261043778,28,24
ORBm,007 L2/3 IT CTX Glut,Palmd,False,70.89863569737287,4.639987462536568,1.4387086895448644,3.2893465676785176,29,25
ORBm,007 L2/3 IT CTX Glut,Slc9a9,False,93.24613823429924,7.2513627084458285,1.302380820596146,3.2720116752509947,30,26
ORBm,007 L2/3 IT CTX Glut,Alcam,False,99.56026609538843,9.177021208550324,1.2723748026401713,3.270460851320042,31,27
ORBm,007 L2/3 IT CTX Glut,Egln1,False,72.2516630961777,4.86769203274639,1.4001917121184522,3.2590395602969355,32,28
ORBm,007 L2/3 IT CTX Glut,March1,False,99.84214680347277,9.74434531540139,1.2218716781139598,3.2211855887423555,33,29
ORBm,007 L2/3 IT CTX Glut,Rps6ka2,False,87.22516630961778,6.161714198342277,1.2727930001666241,3.213434806343871,34,30
ORBm,007 L2/3 IT CTX Glut,Lifr,False,62.7015447062803,4.0094529944512445,1.4134415890634742,3.2107198292426764,35,31
ORBm,007 L2/3 IT CTX Glut,Itpkb,False,36.80234524749126,2.134315320396789,1.6279533433980378,3.193828838582163,36,32
ORBm,007 L2/3 IT CTX Glut,Ablim2,False,96.91058743939564,7.769589019716895,1.1957347498401791,3.182105975965552,37,33
ORBm,007 L2/3 IT CTX Glut,Slc24a4,False,64.46048032472657,4.163143717539675,1.3637538014879387,3.173047338804513,38,34
ORBm,007 L2/3 IT CTX Glut,Smad3,False,86.14274439057391,5.96751869710057,1.2149952496254297,3.1502139533034215,39,35
ORBm,007 L2/3 IT CTX Glut,Ppp4r4,False,70.42507610779118,4.546873668361401,1.290647049047696,3.1383743740441776,40,36
ORBm,007 L2/3 IT CTX Glut,Mdga1,False,46.5892434321795,2.862275905009119,1.4634530425238497,3.1317387004737345,41,37
ORBm,007 L2/3 IT CTX Glut,S100a6,False,60.874957717893786,4.464350070796377,1.3469386961549286,3.131377368728473,42,38
ORBm,007 L2/3 IT CTX Glut,Atp1a2,False,48.438380877212765,2.8758921748501214,1.4411730956260056,3.1263627134198066,43,39
ORBm,007 L2/3 IT CTX Glut,Bicc1,False,69.11714962227985,4.645478746132674,1.2461609373506772,3.0857467569713943,44,40
ORBm,007 L2/3 IT CTX Glut,Wfs1,False,72.98455293719698,5.094489631046368,1.2202666493748389,3.083497601495071,45,41
ORBm,007 L2/3 IT CTX Glut,Hlcs,False,58.54098545495546,3.603950187794075,1.2943838670039045,3.0618438958985195,46,42
ORBm,007 L2/3 IT CTX Glut,Zdhhc14,False,92.88533092795129,7.099070990417597,1.036053381930281,3.0040005146529816,47,43
ORBm,007 L2/3 IT CTX Glut,Ano6,False,76.52497463073627,5.024679411276176,1.1024531374792477,2.986256331773016,48,44
ORBm,007 L2/3 IT CTX Glut,Jsrp1,False,63.09617769759838,4.115916815695492,1.182855559786721,2.9828586107088126,49,45
ORBm,007 L2/3 IT CTX Glut,Rragd,False,84.68823993685872,5.875796992583344,1.0516705579981975,2.9794936650807076,50,46
ORBm,007 L2/3 IT CTX Glut,Gucy1a1,False,90.25820272860526,6.6250540363115205,1.011898049991884,2.9673847313495045,51,47
ORBm,007 L2/3 IT CTX Glut,Adam2,False,53.207802457999776,3.9690326987883866,1.2373820524988823,2.9633573749441338,52,48
ORBm,007 L2/3 IT CTX Glut,Gsg1l,False,92.27646859848912,6.962682448939953,0.9874774912820721,2.9525684570884776,53,49
ORBm,007 L2/3 IT CTX Glut,Enpp2,False,85.96234073739993,6.311666688436262,1.0066071734442108,2.9409154061767824,54,50
ORBm,007 L2/3 IT CTX Glut,Kcnh4,False,44.90923441199684,2.6109340872889857,1.286012246964131,2.9383478984757607,55,51
ORBm,007 L2/3 IT CTX Glut,Bhlhe22,True,73.3566354718683,4.9785740639771205,1.0726801846883682,2.938119588736505,56,5
ORBm,007 L2/3 IT CTX Glut,Prkg1,False,99.52644041041832,9.374809527507374,0.937362282031911,2.935300753721551,57,52
ORBm,007 L2/3 IT CTX Glut,Kcnh3,False,77.25786447175555,5.097868063119477,1.0408429752895767,2.9287856746853516,58,53
ORBm,007 L2/3 IT CTX Glut,Itga8,False,85.09414815650017,6.140604693371597,0.9870326267142664,2.916932321807966,59,54
ORBm,007 L2/3 IT CTX Glut,Epop,False,80.89976322020522,5.407501541569531,1.000704418734471,2.9086516692428024,60,55
ORBm,007 L2/3 IT CTX Glut,Limd2,False,81.12526778667268,5.431579242310162,0.9937027513807797,2.9028588947557052,61,56
ORBm,007 L2/3 IT CTX Glut,Rgl1,False,93.08828503777201,7.003307890066744,0.9237769960915525,2.8926720254769904,62,57
ORBm,007 L2/3 IT CTX Glut,Pea15a,False,98.57932123125494,8.357717923723412,0.8971172779133036,2.890903101403998,63,58
ORBm,007 L2/3 IT CTX Glut,Agfg2,False,68.74506708760852,4.3392103046585415,1.0333378388341377,2.8705793789583596,64,59
ORBm,007 L2/3 IT CTX Glut,Wipf3,False,94.22708309843274,7.155337944551202,0.8961728443485724,2.870348591618048,65,60
ORBm,007 L2/3 IT CTX Glut,Nwd2,False,96.68508287292818,7.912308035177501,0.8845861190779658,2.8699455928950757,66,61
ORBm,007 L2/3 IT CTX Glut,Sowaha,False,86.15401961889728,5.9582813816498525,0.9333753935835558,2.868650938369135,67,62
ORBm,007 L2/3 IT CTX Glut,Pop5,False,94.17070695681588,7.113152683218056,0.8896756837068898,2.8635915144673785,68,63
ORBm,007 L2/3 IT CTX Glut,Dpy19l3,False,61.461269590709215,3.8242259596014847,1.073423167115343,2.8620246942453416,69,64
ORBm,007 L2/3 IT CTX Glut,Sox11,False,69.27500281880708,4.525068170605766,1.0117892607797696,2.8523658129055267,70,65
ORBm,007 L2/3 IT CTX Glut,Gm12216,False,36.915097530725,2.1300303342713622,1.276811853681581,2.8440158738598056,71,66
ORBm,007 L2/3 IT CTX Glut,Napepld,False,51.26846318637953,3.009566766539103,1.1199598357055633,2.8298101350129734,72,67
ORBm,007 L2/3 IT CTX Glut,Map7,False,87.18006539632428,6.1791279046857275,0.8809544843818395,2.8213716748406568,73,68
ORBm,007 L2/3 IT CTX Glut,Lzts3,False,67.06505806742587,4.503513576616387,0.9873675730157117,2.81386387796793,74,69
ORBm,007 L2/3 IT CTX Glut,Synpo,False,95.0952756793325,7.320913406218949,0.8342951826230944,2.812454124404241,75,70
ORBm,007 L2/3 IT CTX Glut,Rskr,False,68.57593866275792,4.4274425551753955,0.9555181103158459,2.7916898712262608,76,71
ORBm,007 L2/3 IT CTX Glut,Mapk4,False,90.85578982974405,7.0509512420974305,0.7977729631328847,2.756125571287545,77,72
ORBm,007 L2/3 IT CTX Glut,C2cd2l,False,84.10192806404329,5.754716282834973,0.8291044295508492,2.7539103818050807,78,73
ORBm,007 L2/3 IT CTX Glut,Pitpnm2,False,93.86627579208479,7.094882472605269,0.7610351948911305,2.7335447821717898,79,74
ORBm,007 L2/3 IT CTX Glut,Rab40b,False,80.27962566241966,5.3050767737481195,0.8182453761044561,2.7228507148436143,80,75
ORBm,007 L2/3 IT CTX Glut,Ptpn14,False,26.147254481903257,1.4955640488109616,1.2944914678625261,2.7119175616028155,81,76
ORBm,007 L2/3 IT CTX Glut,Cyld,False,89.31108354944188,6.430677242969389,0.7592674585131087,2.710172816905236,82,77
ORBm,007 L2/3 IT CTX Glut,Itpka,False,89.87484496561055,6.514265249030594,0.7491852630623139,2.7028234172945558,83,78
ORBm,007 L2/3 IT CTX Glut,Fkbp1a,False,99.94362385838313,9.854469656312542,0.6958744755204993,2.6956295680071554,84,79
ORBm,007 L2/3 IT CTX Glut,Gucy1a2,False,93.0093584395084,7.11322824940739,0.7242758767364803,2.6928025254426577,85,80
ORBm,007 L2/3 IT CTX Glut,Gm48530,False,39.93685872138911,2.5707504946882556,1.0894329412036619,2.6908068431600194,86,81
ORBm,007 L2/3 IT CTX Glut,Gm15283,False,34.98703348742812,2.058867543240198,1.1308782126893817,2.6747853333758496,87,82
ORBm,007 L2/3 IT CTX Glut,Epb41l4b,False,80.08794678092231,5.417391088100549,0.7608965561814127,2.66446371595577,88,83
ORBm,007 L2/3 IT CTX Glut,Pkp2,False,37.6367121434209,2.19831616183066,1.0878526310013494,2.663464308446879,89,84
ORBm,007 L2/3 IT CTX Glut,Wnt10a,False,40.83887698725899,2.4165125988908547,1.0518182483069873,2.6628920393873288,90,85
ORBm,007 L2/3 IT CTX Glut,Ddr1,False,49.97181192919157,2.9317997725870955,0.9638921543507155,2.6626172511733905,91,86
ORBm,007 L2/3 IT CTX Glut,Itgb8,False,58.20272860525426,3.5725061406088137,0.8939674136601901,2.6589107589703422,92,87
ORBm,007 L2/3 IT CTX Glut,Zfhx4,False,63.81779231029429,4.084304564404292,0.8532255232213979,2.6581672995119714,93,88
ORBm,007 L2/3 IT CTX Glut,Ctnnd1,False,82.38809335889052,5.687462512825022,0.7369173436351542,2.652781796082673,94,89
ORBm,007 L2/3 IT CTX Glut,Tsnax,False,85.45495546284812,6.299514039310908,0.7194726006662808,2.6512098528344334,95,90
ORBm,007 L2/3 IT CTX Glut,Col4a2,False,57.95467358214004,3.537504754672393,0.8880536770255967,2.651142141123174,96,91
ORBm,007 L2/3 IT CTX Glut,Arhgap10,False,80.561506370504,5.5814748254996,0.7449275221002063,2.651055100329497,97,92
ORBm,007 L2/3 IT CTX Glut,Efcab1,False,37.17442778216259,2.1379884880496896,1.0747909371396112,2.645035229385066,98,93
ORBm,007 L2/3 IT CTX Glut,Adamts16,False,42.20317961438719,2.5332354864846733,1.0193637703719622,2.644708942588686,99,94
ORBm,007 L2/3 IT CTX Glut,Mxd4,False,72.6801217724659,4.625304523725657,0.7823112860810184,2.6437269323596357,100,95
ORBm,007 L2/3 IT CTX Glut,Gpr88,True,65.20464539406923,4.11936015181671,0.8285953609523444,2.642873898358241,101,6
ORBm,007 L2/3 IT CTX Glut,Cacna1c,False,98.91757808095613,8.686085970133748,0.6446813969616692,2.6399548714225336,102,96
ORBm,007 L2/3 IT CTX Glut,Gm9885,False,41.5604915999549,2.3994479164865914,1.0119091177812223,2.630589793766579,103,97
ORBm,007 L2/3 IT CTX Glut,Pkig,False,99.63919269365205,8.804933104739273,0.622716734316807,2.6211469344125837,104,98
ORBm,007 L2/3 IT CTX Glut,Bhlhe41,False,47.017702108467695,2.8871821886200904,0.9307791177589666,2.603040517835026,105,99
ORBm,007 L2/3 IT CTX Glut,Elk1,False,66.64787461946105,4.222976497900044,0.7738008879533149,2.597587192404504,106,100
ORBm,007 L2/3 IT CTX Glut,Lhfpl2,False,27.162025031006877,1.58820245123216,1.1634317672094467,2.5973939123100918,107,101
ORBm,007 L2/3 IT CTX Glut,4933406I18Rik,False,85.62408388769873,6.0937442046193535,0.6553329128422858,2.5879288507483658,108,102
ORBm,007 L2/3 IT CTX Glut,Pdgfc,False,62.5324162814297,3.989260511046696,0.791671254865391,2.5877764652095356,109,103
ORBm,007 L2/3 IT CTX Glut,Iqsec2,False,91.88183560717104,6.832746207451979,0.6222833084083375,2.5855129713146754,110,104
ORBm,007 L2/3 IT CTX Glut,Ngb,False,26.857593866275792,1.5623459929422052,1.1527866128571982,2.5818537151062584,111,105
ORBm,007 L2/3 IT CTX Glut,Actn1,False,90.91216597136092,6.624489206487639,0.6200353526240843,2.578657357525739,112,106
ORBm,007 L2/3 IT CTX Glut,R3hdm4,False,96.80911038448528,7.369539564310974,0.583355480899618,2.5692717101453395,113,107
ORBm,007 L2/3 IT CTX Glut,Chst1,False,97.20374337580336,7.859174750114404,0.5779116318000304,2.565594621995346,114,108
ORBm,007 L2/3 IT CTX Glut,Gabrd,False,71.68790168000902,4.617543156755349,0.7077267857395637,2.5631726544206197,115,109
ORBm,007 L2/3 IT CTX Glut,Ube2e3,False,91.94948697711129,6.655895128636151,0.5890904077376025,2.5526397182161986,116,110
ORBm,007 L2/3 IT CTX Glut,Tdrp,False,36.03562972150186,2.006701595982969,0.9900652808053223,2.546797396549578,117,111
ORBm,007 L2/3 IT CTX Glut,Sesn1,False,82.72635020859173,5.599789344924375,0.6251102626576674,2.542754126834743,118,112
ORBm,007 L2/3 IT CTX Glut,Tle1,False,57.22178374112076,3.481178031213416,0.7841761765202482,2.5417375682078003,119,113
ORBm,007 L2/3 IT CTX Glut,Arsj,False,35.539519675273425,2.1072271998456316,0.9806477718489421,2.5313593257687614,120,114
ORBm,007 L2/3 IT CTX Glut,Bhlhb9,False,73.57086481001241,4.683307902763763,0.6603656706537411,2.5270715317663615,121,115
ORBm,007 L2/3 IT CTX Glut,D630045J12Rik,False,88.57819370842259,6.305715105205368,0.5762740738402314,2.5236008937214267,122,116
ORBm,007 L2/3 IT CTX Glut,Dgki,False,98.66952305784191,8.456952681602196,0.5133036967640701,2.507486725707767,123,117
ORBm,007 L2/3 IT CTX Glut,Klf16,False,54.301499605367006,3.1963546904330458,0.7641315953441481,2.498943418696218,124,118
ORBm,007 L2/3 IT CTX Glut,Stk19,False,79.08445146014206,5.177482133573523,0.5965923672024003,2.494683473850186,125,119
ORBm,007 L2/3 IT CTX Glut,Gng10,False,79.93009358439508,5.316314394464083,0.5906177897715041,2.4933281112258374,126,120
ORBm,007 L2/3 IT CTX Glut,Man1a2,False,96.61743150298794,7.726061325597984,0.5060141150816282,2.4910696030147195,127,121
ORBm,007 L2/3 IT CTX Glut,Jph4,False,96.83166084113203,7.67709320133737,0.5043424120460456,2.4903597929125585,128,122
ORBm,007 L2/3 IT CTX Glut,Commd10,False,69.19607622054346,4.418395339736999,0.6478339964032385,2.487915464789472,129,123
ORBm,007 L2/3 IT CTX Glut,Cyp46a1,False,85.92851505242982,5.991334067617896,0.5496803992428436,2.483817705971804,130,124
ORBm,007 L2/3 IT CTX Glut,Asphd2,False,81.13654301499605,5.417072724107825,0.5740906319399777,2.4833071317157933,131,125
ORBm,007 L2/3 IT CTX Glut,Faap20,False,51.97880257075206,3.091254798733458,0.7632735325428306,2.4790998030347806,132,126
ORBm,007 L2/3 IT CTX Glut,Mettl7a1,False,51.16698613146916,3.050553822385672,0.7618567863988526,2.470846623050072,133,127
ORBm,007 L2/3 IT CTX Glut,Ctdspl,False,85.74811139925583,5.974998677135764,0.5342817686366255,2.4675063321279445,134,128
ORBm,007 L2/3 IT CTX Glut,Nat14,False,81.70030443116472,5.379840423725063,0.5524467415158343,2.464670416316654,135,129
ORBm,007 L2/3 IT CTX Glut,Lmo7,False,84.22595557560041,5.805026503530776,0.5375087056367711,2.4629546525544717,136,130
ORBm,007 L2/3 IT CTX Glut,Lratd1,False,77.5397451798399,5.207936076922217,0.5703814837989905,2.459905853243315,137,131
ORBm,007 L2/3 IT CTX Glut,Prelid3a,False,71.72172736497915,4.479383823258429,0.5985850783612494,2.4542358190400835,138,132
ORBm,007 L2/3 IT CTX Glut,Rnf169,False,85.09414815650017,5.961679740559088,0.5242656482760868,2.4541653433697865,139,133
ORBm,007 L2/3 IT CTX Glut,4933424G05Rik,False,31.356409967301836,1.7799986386489997,0.9566784494813821,2.4530047834478435,140,134
ORBm,007 L2/3 IT CTX Glut,Tspoap1,False,72.26293832450106,4.688096989584232,0.5864129967853033,2.4453286134716716,141,135
ORBm,007 L2/3 IT CTX Glut,Mink1,False,86.05254256398692,6.0279384178190005,0.5025420139126471,2.4373057207109876,142,136
ORBm,007 L2/3 IT CTX Glut,Sdc3,False,82.23024016236329,5.464953083722644,0.5215850931861405,2.4366166518514403,143,137
ORBm,007 L2/3 IT CTX Glut,Kcnk9,False,75.8259104746871,4.970094982512385,0.5343624668916398,2.4141801006683874,144,138
ORBm,007 L2/3 IT CTX Glut,Cops7b,False,58.52971022663209,3.496785839053713,0.6441906079636173,2.4115669819447683,145,139
ORBm,007 L2/3 IT CTX Glut,H2-DMa,False,43.195399706844064,2.4991228987740777,0.7739532161830123,2.409390713268392,146,140
ORBm,007 L2/3 IT CTX Glut,Mok,False,53.940692299019055,3.1893478399576307,0.6611506919832406,2.393067208065897,147,141
ORBm,007 L2/3 IT CTX Glut,Ikzf4,False,63.77269139700079,3.93520285287776,0.5824808229195382,2.387115568810683,148,142
ORBm,007 L2/3 IT CTX Glut,Tmem215,False,27.13947457436013,1.6052647292889526,0.9501020371380157,2.3837034725153474,149,143
ORBm,007 L2/3 IT CTX Glut,C130026L21Rik,False,52.35088510542339,3.0933524297477026,0.6584607644565987,2.3773847932250747,150,144
ORBm,007 L2/3 IT CTX Glut,Gm4876,False,41.49284023001466,2.5236228923945996,0.7506938404330836,2.368667004208903,151,145
ORBm,007 L2/3 IT CTX Glut,Foxk1,False,62.81429698951404,3.8473055907604405,0.5694013202456114,2.367459823807356,152,146
ORBm,007 L2/3 IT CTX Glut,P2ry14,False,58.225279061901006,3.549112964904971,0.5955101937255374,2.360621772422222,153,147
ORBm,007 L2/3 IT CTX Glut,Gm2415,False,50.18604126733566,2.918959905469763,0.6456007971101094,2.346183736494934,154,148
ORBm,007 L2/3 IT CTX Glut,Drc1,False,44.266546397564554,2.5384283221712884,0.6948303284198338,2.340905968786123,155,149
ORBm,007 L2/3 IT CTX Glut,Gstz1,False,55.00056376141617,3.273062246307363,0.6000050924434284,2.340372233523442,156,150
ORBm,007 L2/3 IT CTX Glut,Gm12371,False,46.5892434321795,2.777691906395565,0.6666173473019277,2.3349030052518125,157,151
ORBm,007 L2/3 IT CTX Glut,Tnfrsf19,False,63.07362724095163,3.909253338813674,0.5262856028460328,2.326133409983843,158,152
ORBm,007 L2/3 IT CTX Glut,Clec18a,False,28.85330927951291,1.7001905513328581,0.863284791028716,2.3234804220182035,159,153
ORBm,007 L2/3 IT CTX Glut,Serinc5,False,51.50524298117037,3.061789893394313,0.6085415741125413,2.320393014452635,160,154
ORBm,007 L2/3 IT CTX Glut,Pisd,False,60.175893561844624,3.634440719805786,0.5306928920915057,2.310115439997395,161,155
ORBm,007 L2/3 IT CTX Glut,Fndc9,False,49.3178486864359,2.8829913593653105,0.6041327646154957,2.297136888419416,162,156
ORBm,007 L2/3 IT CTX Glut,6430590A07Rik,False,58.608636824895704,3.5075949654797984,0.5258807948795279,2.2938424151468233,163,157
ORBm,007 L2/3 IT CTX Glut,Trafd1,False,55.89130679896268,3.33907225296239,0.5413324276489044,2.2886766916563572,164,158
ORBm,007 L2/3 IT CTX Glut,Col4a1,False,45.100913293494195,2.628439653039395,0.6193757319788684,2.2735610684091325,165,159
ORBm,007 L2/3 IT CTX Glut,Mcur1,False,33.025143759161125,1.8370921407749694,0.7313071192983787,2.250151836082279,166,160
ORBm,007 L2/3 IT CTX Glut,Gstm7,False,27.060547976096515,1.5360391928440205,0.8129310942171424,2.2452676810310503,167,161
ORBm,007 L2/3 IT CTX Glut,Gm20063,False,50.78362836847446,3.072617216300556,0.5278626186868132,2.2335863456324048,168,162
ORBm,007 L2/3 IT CTX Glut,Rflnb,False,35.798849926711014,2.0678643525446505,0.6784295069066559,2.232298581636952,169,163
ORBm,007 L2/3 IT CTX Glut,Metrnl,False,34.76152892096065,1.9925606405335814,0.6754543364403547,2.2165532062691646,170,164
ORBm,007 L2/3 IT CTX Glut,Apobec4,False,27.624309392265193,1.5247434555227477,0.7661257544475757,2.20741718391441,171,165
ORBm,007 L2/3 IT CTX Glut,Tubgcp2,False,41.23350997857707,2.3525694497530294,0.5917747244881653,2.2070250299285115,172,166
ORBm,007 L2/3 IT CTX Glut,Olah,False,38.910812943962114,2.30428889531914,0.6153571167201506,2.2054274211139395,173,167
ORBm,007 L2/3 IT CTX Glut,Podxl,False,27.443905739091218,1.5361935956083757,0.7570757236706788,2.195521642667027,174,168
ORBm,007 L2/3 IT CTX Glut,Hspa2,False,38.07644604803247,2.1658371991914427,0.5879756501652575,2.168632055902971,175,169
ORBm,007 L2/3 IT CTX Glut,Gm12027,False,44.89795918367347,2.629763372775895,0.5075827553609535,2.1598093561546463,176,170
ORBm,007 L2/3 IT CTX Glut,Gm45441,False,29.29304318412448,1.7166150504161815,0.6694766012556719,2.1362410930949824,177,171
ORBm,007 L2/3 IT CTX Glut,Foxn2,False,39.02356522719585,2.2168454260443844,0.520653872295632,2.1119808166920615,178,172
ORBm,007 L2/3 IT CTX Glut,5031415H12Rik,False,34.468372984552936,1.9460783823056103,0.5324200461384607,2.0698408299668514,179,173
ORBm,007 L2/3 IT CTX Glut,Kcnj2,False,28.43612583154809,1.555572256857519,0.5416234506240634,1.995493877963428,180,174
ORBm,022 L5 ET CTX Glut,Gm2164,False,89.97058036908264,6.83685683898028,5.253203800911506,7.207304322883161,1,1
ORBm,022 L5 ET CTX Glut,L3mbtl4,False,79.64696442899171,5.679020136108561,4.79289796249518,6.694067190757118,2,2
ORBm,022 L5 ET CTX Glut,Pou3f1,True,92.05669965231345,7.052876607400589,4.565403485682682,6.529458886520004,3,1
ORBm,022 L5 ET CTX Glut,Gm19410,False,94.78470179192297,7.079793508182269,4.127121635205534,6.103859883266328,4,3
ORBm,022 L5 ET CTX Glut,Raver2,False,74.64562717304092,4.827485228643344,3.877328653973575,5.750333025307986,5,4
ORBm,022 L5 ET CTX Glut,Npr3,True,70.76758491575288,4.486222884654361,3.440692689467499,5.2905270641647615,6,2
ORBm,022 L5 ET CTX Glut,Chst8,False,80.60978871355978,5.302348763077423,3.160316271863502,5.066704054687895,7,5
ORBm,022 L5 ET CTX Glut,Cacna1h,False,74.99331372024605,4.774068447254852,3.019654112611966,4.894676656752368,8,6
ORBm,022 L5 ET CTX Glut,Tcerg1l,False,86.68093073014175,6.188390095688564,2.9119394683816857,4.849863034259676,9,7
ORBm,022 L5 ET CTX Glut,Adamts2,False,56.244985290184545,3.870747080841432,3.0985066583492538,4.8485904658813554,10,8
ORBm,022 L5 ET CTX Glut,Fam126a,False,85.93206739769992,5.823601444445373,2.8619991025373,4.796154362934598,11,9
ORBm,022 L5 ET CTX Glut,Rab8b,False,86.70767584915752,5.849222636726585,2.5460345592483065,4.484092104606583,12,10
ORBm,022 L5 ET CTX Glut,Pex5l,False,99.94650976196844,10.326476405986206,2.3210695224490365,4.320837155144455,13,11
ORBm,022 L5 ET CTX Glut,Kcng1,False,88.74030489435678,6.152418740071789,2.3667913148286948,4.3149122313628165,14,12
ORBm,022 L5 ET CTX Glut,Oma1,False,56.672907194437016,3.4152963846945834,2.517288906320167,4.270664397876742,15,13
ORBm,022 L5 ET CTX Glut,Trmt9b,False,67.74538646696978,4.395930946494972,2.429345189606164,4.260224914242492,16,14
ORBm,022 L5 ET CTX Glut,Serpine2,False,73.70954800748864,4.9681548878419015,2.388918321623917,4.256442069705286,17,15
ORBm,022 L5 ET CTX Glut,Crim1,False,94.0893286975127,7.150916112556468,2.230177285621961,4.203717655589184,18,16
ORBm,022 L5 ET CTX Glut,Lratd2,True,47.25862530088259,2.789042980666465,2.484703489472062,4.159184573824606,19,3
ORBm,022 L5 ET CTX Glut,Ndst3,False,98.98368547740037,8.524732332109735,2.1407989734920143,4.1363625934329065,20,17
ORBm,022 L5 ET CTX Glut,Gm44257,False,66.54185611125969,4.125232501666346,2.309937862144904,4.133032773009465,21,18
ORBm,022 L5 ET CTX Glut,Ctbp2,False,60.25675314255148,3.525489510237517,2.2769639642654456,4.056969690835057,22,19
ORBm,022 L5 ET CTX Glut,Bhlhe40,True,93.76838726932336,7.279836776582402,1.9931950648001413,3.965251511403698,23,4
ORBm,022 L5 ET CTX Glut,Mylip,False,65.4720513506285,3.9376614752476407,2.132213611328085,3.948269559647389,24,20
ORBm,022 L5 ET CTX Glut,Rhbdl3,False,86.0925381117946,5.837710523133484,1.8913686311894935,3.8263341427208877,25,21
ORBm,022 L5 ET CTX Glut,Sec14l1,False,94.97191762503343,7.2015488638091005,1.753557340426176,3.731152547573572,26,22
ORBm,022 L5 ET CTX Glut,Fras1,False,95.50682000534903,7.414794299525353,1.730658910579967,3.7106932956185297,27,23
ORBm,022 L5 ET CTX Glut,Cdkl4,False,67.34420968173309,4.168350725768243,1.8693820056896806,3.6976822663073046,28,24
ORBm,022 L5 ET CTX Glut,Plpp6,False,75.87590264776678,4.86182166867538,1.7654389280537859,3.6455427986954185,29,25
ORBm,022 L5 ET CTX Glut,Lonrf1,False,80.95747526076491,5.299265799021204,1.720908814329694,3.6291657701320474,30,26
ORBm,022 L5 ET CTX Glut,Gm10754,False,63.947579566729075,4.215906068200446,1.7904626767628913,3.5962867877244467,31,27
ORBm,022 L5 ET CTX Glut,Ckmt1,False,83.8726932334849,5.53637786522432,1.6719799705788745,3.595600559437056,32,28
ORBm,022 L5 ET CTX Glut,Bend7,False,52.447178389943836,3.144292904368439,1.8684780199989883,3.588200148512553,33,29
ORBm,022 L5 ET CTX Glut,Cxcl12,False,82.21449585450655,5.86930290114022,1.656714091900981,3.571662489910488,34,30
ORBm,022 L5 ET CTX Glut,Cadps2,False,97.59293928857983,7.84921291582914,1.5649710122482787,3.5543894104587075,35,31
ORBm,022 L5 ET CTX Glut,Gm6260,False,40.62583578496924,2.444425528557679,1.931111864197352,3.5399141729059185,36,32
ORBm,022 L5 ET CTX Glut,Stac,False,45.89462423107783,2.864692834138424,1.8675477642539917,3.5293095826124588,37,33
ORBm,022 L5 ET CTX Glut,Galnt16,False,94.97191762503343,6.878146520238664,1.534640548173317,3.512235755320713,38,34
ORBm,022 L5 ET CTX Glut,Tmem150c,False,91.49505215298208,6.6197869504126166,1.53633341964043,3.497731028671273,39,35
ORBm,022 L5 ET CTX Glut,Ksr1,False,84.83551751805295,5.622171369839811,1.5586035055934184,3.487181219084765,40,36
ORBm,022 L5 ET CTX Glut,Tanc1,False,49.66568601230276,2.9382549907218074,1.757787449011412,3.453843887596973,41,37
ORBm,022 L5 ET CTX Glut,Rnf145,False,83.0703396630115,5.436377528135265,1.5189675315794209,3.438413517817741,42,38
ORBm,022 L5 ET CTX Glut,Clcn2,False,54.34608184006419,3.2118586848591315,1.6997933472936593,3.4349615857513216,43,39
ORBm,022 L5 ET CTX Glut,Lrrn1,False,59.42765445306232,3.5037456664467723,1.6560541925412733,3.4300427819919026,44,40
ORBm,022 L5 ET CTX Glut,Rgma,False,65.84648301684942,4.04901038162464,1.5760796881793873,3.394612271620465,45,41
ORBm,022 L5 ET CTX Glut,Pls1,False,56.2984755282161,3.3183715342837687,1.6267756552482775,3.3772722902657453,46,42
ORBm,022 L5 ET CTX Glut,Cbwd1,False,62.61032361594009,4.096604187305549,1.5799877058079894,3.3766336543503943,47,43
ORBm,022 L5 ET CTX Glut,Gm42707,False,33.32441829366141,1.8894207187437315,1.7687988797853733,3.2915614569543044,48,44
ORBm,022 L5 ET CTX Glut,Stk17b,False,32.25461353303022,1.817833483426384,1.7456573963369342,3.254249238986847,49,45
ORBm,022 L5 ET CTX Glut,Nckap5,False,61.86146028349826,4.249749819522683,1.4465348542939878,3.2379550219103876,50,46
ORBm,022 L5 ET CTX Glut,Stk39,False,94.43701524471784,6.945831143750836,1.258005016007579,3.233147268416457,51,47
ORBm,022 L5 ET CTX Glut,Bcl6,False,72.05135062851029,4.638277995009319,1.3166986875390654,3.1743408137718125,52,48
ORBm,022 L5 ET CTX Glut,Sall2,False,66.48836587322813,3.9802552437712144,1.34997255826186,3.1727182174132667,53,49
ORBm,022 L5 ET CTX Glut,Gprin3,False,67.47793527681198,4.17415650830163,1.3264362529436284,3.1555980383069837,54,50
ORBm,022 L5 ET CTX Glut,Gprc5b,False,75.42123562449854,4.729848596940674,1.2687877511579182,3.1462813943230596,55,51
ORBm,022 L5 ET CTX Glut,Fmn1,False,87.21583311045734,6.118104369986596,1.2048097660145825,3.14540509966632,56,52
ORBm,022 L5 ET CTX Glut,Dpyd,False,74.83284300615138,5.261086996751343,1.2639835971612707,3.13807584216286,57,53
ORBm,022 L5 ET CTX Glut,Cemip2,False,60.25675314255148,3.542928486018297,1.3572869816645388,3.13729270823415,58,54
ORBm,022 L5 ET CTX Glut,Ccng1,False,82.77614335383792,5.492499044152561,1.2192548106464756,3.137159998848393,59,55
ORBm,022 L5 ET CTX Glut,Nrip1,False,89.81010965498797,6.516727987219542,1.1587465595314654,3.1120717861792757,60,56
ORBm,022 L5 ET CTX Glut,Khdrbs2,False,99.75929392885799,9.197665475466316,1.0942509528355515,3.0932043194900194,61,57
ORBm,022 L5 ET CTX Glut,Igfbp4,False,78.89810109654988,5.655701914009611,1.1945221163089803,3.091588667132924,62,58
ORBm,022 L5 ET CTX Glut,Kcnk10,False,72.63974324685745,4.600914800316932,1.2211411839025121,3.082315484356757,63,59
ORBm,022 L5 ET CTX Glut,Slc1a1,False,91.94971917625034,6.471629158830094,1.102279979353499,3.0658303865503127,64,60
ORBm,022 L5 ET CTX Glut,Ets2,False,88.9810109654988,6.077578868799651,1.1064273239639917,3.0557246596785945,65,61
ORBm,022 L5 ET CTX Glut,Cacng8,False,70.52687884461086,4.372296751868633,1.1938675083246393,3.042222172963854,66,62
ORBm,022 L5 ET CTX Glut,Vat1l,False,87.88446108585183,6.2066486763679976,1.0829439474801816,3.026856041425005,67,63
ORBm,022 L5 ET CTX Glut,Kif26a,False,42.36426852099492,2.402557917857878,1.393096135216864,3.020095847316119,68,64
ORBm,022 L5 ET CTX Glut,Zbtb18,False,98.02086119283231,7.817758599460109,1.0224203413716735,3.0137388551946005,69,65
ORBm,022 L5 ET CTX Glut,Pdzd2,False,95.74752607649104,7.36665434836066,1.0180857405108075,2.999213302000462,70,66
ORBm,022 L5 ET CTX Glut,Crocc,False,65.23134527948649,3.9167080308129107,1.1791086124643924,2.993564947623903,71,67
ORBm,022 L5 ET CTX Glut,Ralgapa2,False,94.70446643487564,7.12596912491159,1.009939168831914,2.986309630435805,72,68
ORBm,022 L5 ET CTX Glut,Doc2b,False,53.86466969778016,3.2835468099409963,1.249338080721972,2.9806420817853514,73,69
ORBm,022 L5 ET CTX Glut,Gm10649,False,55.06820005349024,3.269134172560474,1.2314576176068779,2.9723584990706895,74,70
ORBm,022 L5 ET CTX Glut,Spink10,False,75.63519657662476,4.871156896043825,1.085093979087659,2.963817919058301,75,71
ORBm,022 L5 ET CTX Glut,Dipk2a,False,71.14201658197379,4.412573306054857,1.1089152396826036,2.961041411159451,76,72
ORBm,022 L5 ET CTX Glut,Egln3,False,38.512971382722654,2.185670543781861,1.3704222316699706,2.9560292586110006,77,73
ORBm,022 L5 ET CTX Glut,Tmem47,False,75.28751002941964,4.754784889353823,1.067355513963998,2.9440784479971436,78,74
ORBm,022 L5 ET CTX Glut,Gnb5,False,90.291521797272,6.532676473343618,0.977335846245099,2.932982819044497,79,75
ORBm,022 L5 ET CTX Glut,Sept4,False,77.93527681198181,5.012435483562657,1.039595466931774,2.931329549211526,80,76
ORBm,022 L5 ET CTX Glut,Ifngr2,False,78.0957475260765,4.9295413406751605,1.0351779333174194,2.9278053196116183,81,77
ORBm,022 L5 ET CTX Glut,Sorl1,False,99.67905857181064,8.793185972472378,0.9239407536355833,2.9225446812352036,82,78
ORBm,022 L5 ET CTX Glut,Rbms1,False,81.78657395025408,5.561202494337394,0.9958214304858259,2.9085034464079076,83,79
ORBm,022 L5 ET CTX Glut,Abca3,False,73.97699919764644,4.620545541580172,1.0266359971975993,2.8957327078166717,84,80
ORBm,022 L5 ET CTX Glut,Jade2,False,76.89221717036641,4.848955395706964,1.001271164072301,2.887153547943731,85,81
ORBm,022 L5 ET CTX Glut,Flrt1,False,82.10751537844344,5.506208193815466,0.9653316972421404,2.8797146075651074,86,82
ORBm,022 L5 ET CTX Glut,Prkcg,False,99.57207809574753,8.685660632353601,0.8786599972329121,2.8767975682970848,87,83
ORBm,022 L5 ET CTX Glut,Vps26b,False,83.17732013907462,5.336621899947855,0.9541527196344264,2.8741576435070444,88,84
ORBm,022 L5 ET CTX Glut,Nab1,False,68.2267986092538,4.141739237464727,1.0382609416586508,2.8722159351142214,89,85
ORBm,022 L5 ET CTX Glut,Sdcbp,False,92.83230810377106,6.644410638638313,0.901213069255193,2.8689122177723854,90,86
ORBm,022 L5 ET CTX Glut,Brinp3,False,96.09521262369617,8.12637409700943,0.8806399411434587,2.863341693193888,91,87
ORBm,022 L5 ET CTX Glut,Tns1,False,47.231880181866806,2.746990597672117,1.1874348668470238,2.861670100934354,92,88
ORBm,022 L5 ET CTX Glut,Gm15155,False,71.3827226531158,4.719966803747372,0.9990980377016432,2.852691146334931,93,89
ORBm,022 L5 ET CTX Glut,Bcr,False,86.44022465899974,5.758331280463709,0.9047896671064937,2.8415055540548226,94,90
ORBm,022 L5 ET CTX Glut,Epha6,False,99.19764642952661,9.458984258692032,0.8435403926899188,2.8400417608643096,95,91
ORBm,022 L5 ET CTX Glut,Sema6d,False,97.35223321743781,8.124310699813854,0.84576295241519,2.8341088709100264,96,92
ORBm,022 L5 ET CTX Glut,Lgalsl,False,77.50735490772934,4.8927410408340375,0.9424781204263653,2.8318210364073013,97,93
ORBm,022 L5 ET CTX Glut,Tex2,False,83.84594811446911,5.575529863184612,0.9009742086639019,2.8244562886764175,98,94
ORBm,022 L5 ET CTX Glut,Diaph2,False,92.02995453329767,6.649933324519502,0.8560248780819402,2.819954085548651,99,95
ORBm,022 L5 ET CTX Glut,Chrd,True,48.59588125167157,2.7856740948987473,1.1221666646189061,2.8087661267727206,100,5
ORBm,022 L5 ET CTX Glut,Slc6a7,False,86.03904787376304,5.687636184386309,0.8723760945745775,2.807071690322328,101,96
ORBm,022 L5 ET CTX Glut,Hap1,False,85.12971382722652,5.779660529202719,0.8741139303026699,2.8041951037694535,102,97
ORBm,022 L5 ET CTX Glut,Asxl3,False,72.693233484889,4.548701428640141,0.9286094114773671,2.790103398719623,103,98
ORBm,022 L5 ET CTX Glut,Ccdc85a,False,93.60791655522867,7.081628312271334,0.8096616556017819,2.7809742347978377,104,99
ORBm,022 L5 ET CTX Glut,Nipsnap2,False,82.00053490238031,5.300602428541365,0.8619941333909251,2.775810818755062,105,100
ORBm,022 L5 ET CTX Glut,Cds1,False,87.2693233484889,6.043432509653643,0.8298358950309455,2.770697503664601,106,101
ORBm,022 L5 ET CTX Glut,Zdbf2,True,70.76758491575288,4.627578237471845,0.9055581746885468,2.7553925493858094,107,6
ORBm,022 L5 ET CTX Glut,B3galt5,False,41.32120887937951,2.327857520242973,1.139039134573883,2.755212153180517,108,102
ORBm,022 L5 ET CTX Glut,Ap3b2,False,78.97833645359722,5.050575025772213,0.8485424335530594,2.7460504153639183,109,103
ORBm,022 L5 ET CTX Glut,Gskip,False,73.12115538914148,4.490456005952422,0.8724305462778617,2.7364735913554457,110,104
ORBm,022 L5 ET CTX Glut,Ptk2b,False,99.57207809574753,8.649173760037907,0.7330743278293372,2.73121189889351,111,105
ORBm,022 L5 ET CTX Glut,Slain1,False,63.89408932869751,3.8282156763436417,0.9240912386495457,2.7295519232452037,112,106
ORBm,022 L5 ET CTX Glut,Chst15,False,65.28483551751805,3.9491024547861553,0.9112290138596806,2.7260413281226494,113,107
ORBm,022 L5 ET CTX Glut,Rapgef5,False,99.11741107247927,8.481657460272137,0.7265948758737268,2.722744825702386,114,108
ORBm,022 L5 ET CTX Glut,Fndc4,False,79.43300347686547,5.051319068241451,0.8214807422263357,2.7214817263893285,115,109
ORBm,022 L5 ET CTX Glut,Hrk,False,81.27841668895427,5.566823087550957,0.8071206143109864,2.71709584923671,116,110
ORBm,022 L5 ET CTX Glut,Kirrel3,False,99.14415619149506,9.37176636713461,0.7046642983225073,2.7009314191978513,117,111
ORBm,022 L5 ET CTX Glut,Sh3rf1,False,94.00909334046537,6.827688418661538,0.7259696533121449,2.699139517513768,118,112
ORBm,022 L5 ET CTX Glut,Ccdc74a,False,50.307568868681464,2.866262031385815,0.9974277941686405,2.6990611245647997,119,113
ORBm,022 L5 ET CTX Glut,Tiprl,False,74.16421503075689,4.617597677389483,0.8136024422165646,2.683796846640207,120,114
ORBm,022 L5 ET CTX Glut,Robo1,False,99.94650976196844,10.500070686677013,0.6799809234260525,2.6797485561214707,121,115
ORBm,022 L5 ET CTX Glut,March11,False,66.19416956405456,4.0516391753130145,0.8555923735727915,2.676412111688159,122,116
ORBm,022 L5 ET CTX Glut,Nefl,False,96.65686012302754,7.799742679029711,0.6864024985340214,2.6716351816047146,123,117
ORBm,022 L5 ET CTX Glut,Mfsd4a,False,89.03450120353035,6.074377710342917,0.720215605380611,2.6697739353830587,124,118
ORBm,022 L5 ET CTX Glut,Trpc1,False,85.77159668360524,5.665729697167029,0.7356501792799364,2.668993674054157,125,119
ORBm,022 L5 ET CTX Glut,Shisa5,False,73.14790050815726,4.53073002737963,0.8034838404725235,2.6676857059877532,126,120
ORBm,022 L5 ET CTX Glut,Cd55,False,35.97218507622359,1.997174191838377,1.1097992864252797,2.665766105609487,127,121
ORBm,022 L5 ET CTX Glut,Ndrg1,False,47.9005081572613,3.1391441845645174,0.9828134168884897,2.6631535375833018,128,122
ORBm,022 L5 ET CTX Glut,Colgalt2,False,44.07595613800481,2.556045483254787,1.018766030994423,2.6629677732013004,129,123
ORBm,022 L5 ET CTX Glut,Magee1,False,79.45974859588125,5.122892783267767,0.7622295239890438,2.662376710638488,130,124
ORBm,022 L5 ET CTX Glut,Doc2a,False,65.04412944637603,3.9440473223408454,0.8424818258958067,2.6556899313422844,131,125
ORBm,022 L5 ET CTX Glut,Fam8a1,False,87.72399037175715,5.8718979849028505,0.7114721391108665,2.6545905176683258,132,126
ORBm,022 L5 ET CTX Glut,AC109619.1,False,57.82294731211554,3.354552264645891,0.8891332289407314,2.6512334534038033,133,127
ORBm,022 L5 ET CTX Glut,Epdr1,False,89.8903450120353,6.256537177021346,0.6965959298886579,2.650308977203916,134,128
ORBm,022 L5 ET CTX Glut,Hspa12a,False,96.44289917090131,7.335851044411263,0.6481562398961698,2.6324264971283333,135,129
ORBm,022 L5 ET CTX Glut,Atp8b1,False,54.29259160203263,3.193775523885363,0.8973011202653858,2.6320416930243793,136,130
ORBm,022 L5 ET CTX Glut,Atp9b,False,93.87536774538647,6.824733639248044,0.6568420967593722,2.6293937480709766,137,131
ORBm,022 L5 ET CTX Glut,Esyt2,False,93.79513238833913,6.751693956161381,0.6556469594133691,2.627827260140652,138,132
ORBm,022 L5 ET CTX Glut,Fam135b,False,99.67905857181064,8.90408900205577,0.6282201954477973,2.6268241230474176,139,133
ORBm,022 L5 ET CTX Glut,Aagab,False,61.16608718908799,3.602492706123346,0.8352545129273321,2.621765212379861,140,134
ORBm,022 L5 ET CTX Glut,Tafa1,False,97.78015512169029,10.06879862530023,0.62474128758479,2.614992009492364,141,135
ORBm,022 L5 ET CTX Glut,Dcdc2a,False,50.46803958277614,2.927945214817632,0.9044151847344777,2.6074316197451894,142,136
ORBm,022 L5 ET CTX Glut,Nefm,False,67.3174645627173,4.450784001703663,0.7791109953961799,2.607238745790323,143,137
ORBm,022 L5 ET CTX Glut,Impa1,False,70.68734955870553,4.3192277527263565,0.7565086475554317,2.6058503455329225,144,138
ORBm,022 L5 ET CTX Glut,Ldb2,False,99.78603904787376,9.340736450374875,0.6055925194899157,2.604662303376525,145,139
ORBm,022 L5 ET CTX Glut,Fezf2,True,94.11607381652848,7.132317288223516,0.6297382240599712,2.603402025740943,146,7
ORBm,022 L5 ET CTX Glut,Ptp4a2,False,96.844075956138,7.462195089074436,0.6145940018615077,2.6006670615243,147,140
ORBm,022 L5 ET CTX Glut,Mal2,False,98.76972452527414,8.012877530355318,0.604219884046632,2.5988437265433912,148,141
ORBm,022 L5 ET CTX Glut,Abhd17c,False,56.833377908531695,3.2975627091135626,0.838925147687517,2.5935286169196274,149,142
ORBm,022 L5 ET CTX Glut,Rap2a,False,96.04172238566461,7.270088261096482,0.608469806537193,2.5909297465090466,150,143
ORBm,022 L5 ET CTX Glut,Tub,False,96.25568333779086,7.226984173513792,0.6049575905353057,2.5883839720339976,151,144
ORBm,022 L5 ET CTX Glut,Kras,False,96.87082107515378,7.381688520212676,0.601599760393742,2.587792741217562,152,145
ORBm,022 L5 ET CTX Glut,Fam234b,False,88.90077560845145,6.053756173137166,0.6374302585313387,2.5863358084891925,153,146
ORBm,022 L5 ET CTX Glut,Rragc,False,69.35009360791655,4.211505628709776,0.7426137711377452,2.583660822752877,154,147
ORBm,022 L5 ET CTX Glut,Oprl1,True,52.82161005616475,3.0306397550531363,0.8542361882446832,2.5770478230529426,155,8
ORBm,022 L5 ET CTX Glut,Ptprf,False,87.24257822947312,5.871258010517375,0.6326718262545494,2.5734003178045866,156,148
ORBm,022 L5 ET CTX Glut,Elmod1,False,99.65231345279487,8.604385359652637,0.5741268548262486,2.5726142402322525,157,149
ORBm,022 L5 ET CTX Glut,Fbxw11,False,90.21128644022465,6.172174748076127,0.6172795941766935,2.5725404702116754,158,150
ORBm,022 L5 ET CTX Glut,Pfkfb4,False,48.00748863332442,2.7568652879174746,0.8905143262101429,2.5718233139702615,159,151
ORBm,022 L5 ET CTX Glut,Pcyox1,False,74.77935276811982,4.653395939204871,0.696134249204515,2.5699159511239396,160,152
ORBm,022 L5 ET CTX Glut,Mfsd6,False,94.67772131585986,6.875994592275362,0.5932439003527756,2.569491697224344,161,153
ORBm,022 L5 ET CTX Glut,Tarsl2,False,65.31158063653383,3.9099826246507985,0.7508410059731054,2.5658312004277493,162,154
ORBm,022 L5 ET CTX Glut,Synrg,False,88.5798341802621,6.047444933523753,0.6130700599186722,2.560404922877295,163,155
ORBm,022 L5 ET CTX Glut,Fam131a,False,98.5557635731479,8.30546186007928,0.5659382101915256,2.559620237232376,164,156
ORBm,022 L5 ET CTX Glut,Rgs19,False,46.055094945172506,2.575599270218928,0.8961462574975976,2.5594239394610137,165,157
ORBm,022 L5 ET CTX Glut,Jazf1,False,88.04493179994651,6.09627472152363,0.6058953688497501,2.5505997302357626,166,158
ORBm,022 L5 ET CTX Glut,Ccdc6,False,78.3631987162343,4.943710061884653,0.6529618904643968,2.547074045664287,167,159
ORBm,022 L5 ET CTX Glut,Miat,False,91.01364001069805,6.388780961670509,0.5873874797145575,2.546493963656147,168,160
ORBm,022 L5 ET CTX Glut,Slc22a17,False,97.1115271462958,7.631027554279663,0.5579126159753498,2.5451833997340225,169,161
ORBm,022 L5 ET CTX Glut,Sec23a,False,87.00187215833111,5.748111464690958,0.6001418297341079,2.5396704278617417,170,162
ORBm,022 L5 ET CTX Glut,Cdk17,False,99.0906659534635,8.250157913571215,0.5413256258070174,2.5373583729681446,171,163
ORBm,022 L5 ET CTX Glut,Efnb3,False,84.35410537576892,5.76876649859118,0.611106179759318,2.5372124035979824,172,164
ORBm,022 L5 ET CTX Glut,Galnt9,False,97.75341000267451,7.784656168592585,0.5463645742735821,2.5364964904132417,173,165
ORBm,022 L5 ET CTX Glut,Dync1li1,False,89.72987429794063,6.095421410780216,0.5825500738132003,2.5354871331639917,174,166
ORBm,022 L5 ET CTX Glut,Rimklb,False,72.90719443701525,4.474617717546012,0.660501022460767,2.5232714088052024,175,167
ORBm,022 L5 ET CTX Glut,Efnb2,False,81.73308371222252,5.247872826248989,0.6104794807854503,2.522877365534883,176,168
ORBm,022 L5 ET CTX Glut,Hnrnph1,False,92.08344477132923,6.371923888931621,0.5572132022359275,2.5213947597863813,177,169
ORBm,022 L5 ET CTX Glut,Cntfr,False,66.70232682535438,4.068651177405546,0.6972463463716658,2.5213873303599703,178,170
ORBm,022 L5 ET CTX Glut,Kdm5b,False,86.25300882588928,5.706754474787828,0.5848807410344277,2.520654994851495,179,171
ORBm,022 L5 ET CTX Glut,Camkmt,False,84.24712489970581,5.599846084158061,0.5938526385234582,2.519407727158839,180,172
ORBm,022 L5 ET CTX Glut,Capns1,False,80.28884728537042,5.191455009564514,0.6145469412864166,2.5192021640394486,181,173
ORBm,022 L5 ET CTX Glut,Rab3gap1,False,83.79245787643755,5.51855276535781,0.5943764608400617,2.517581390567547,182,174
ORBm,022 L5 ET CTX Glut,Ireb2,False,74.72586253008826,4.605197856502119,0.6426267232893759,2.5160976599133194,183,175
ORBm,022 L5 ET CTX Glut,Cmtm4,False,83.84594811446911,5.498068161398435,0.5918470759231944,2.51532915593571,184,176
ORBm,022 L5 ET CTX Glut,Cyb5r1,False,40.9467772131586,2.2653246553354194,0.8987623808499312,2.5109821063939726,185,177
ORBm,022 L5 ET CTX Glut,Hebp1,False,55.76357314790051,3.231481222584784,0.7643523884372505,2.5107029825928073,186,178
ORBm,022 L5 ET CTX Glut,Map1a,False,97.5127039315325,7.856072645450091,0.5189101858988714,2.5079713850636094,187,179
ORBm,022 L5 ET CTX Glut,1700037H04Rik,False,70.17919229740572,4.299233768419264,0.6617457676385068,2.50795413318791,188,180
ORBm,022 L5 ET CTX Glut,Opa1,False,90.26477667825621,6.221463317952713,0.5490967287326018,2.504615040745426,189,181
ORBm,022 L5 ET CTX Glut,Tbpl1,False,79.2725327627708,4.985031859445584,0.6011297490713883,2.5002524832244593,190,182
ORBm,022 L5 ET CTX Glut,Rap1gap,False,90.98689489168227,6.391656994468931,0.5411390441944564,2.5001178883167867,191,183
ORBm,022 L5 ET CTX Glut,Gng7,False,79.56672907194437,5.100978823771736,0.5968612211559261,2.4975927260662747,192,184
ORBm,022 L5 ET CTX Glut,Dact3,False,74.59213693500936,4.6823250259681,0.6139625052887983,2.4866555544006284,193,185
ORBm,022 L5 ET CTX Glut,Rpusd1,False,66.67558170633859,3.9875067542280926,0.6621622541544157,2.4861290675039696,194,186
ORBm,022 L5 ET CTX Glut,Sypl,False,60.470714094677724,3.551681437955307,0.6996724612639134,2.4812175584550538,195,187
ORBm,022 L5 ET CTX Glut,Tmem200c,False,47.419096014977264,2.667952609208855,0.8041504729714857,2.4801037434181836,196,188
ORBm,022 L5 ET CTX Glut,Pigp,False,72.74672372292056,4.485691786768858,0.6166104855339949,2.478423924413974,197,189
ORBm,022 L5 ET CTX Glut,B4galt3,False,56.699652313452795,3.2930325000290566,0.7206667975526995,2.474247193327231,198,190
ORBm,022 L5 ET CTX Glut,Kdm6b,False,56.77988767050013,3.402899221036166,0.7196199059001231,2.473814434911902,199,191
ORBm,022 L5 ET CTX Glut,Cul4a,False,76.73174645627174,4.766640548114313,0.5883391542037284,2.473314237295507,200,192
ORBm,022 L5 ET CTX Glut,Zfp710,False,46.3225461353303,2.623475771850684,0.8056974839301256,2.4714899064572338,201,193
ORBm,022 L5 ET CTX Glut,Ptpn9,False,85.50414549344744,5.699690128845721,0.5393128008053498,2.471299971922818,202,194
ORBm,022 L5 ET CTX Glut,Kcnf1,False,92.6450922706606,6.741028629863093,0.5039758753370629,2.4707982935281523,203,195
ORBm,022 L5 ET CTX Glut,Rcc2,False,75.58170633859321,4.732241804761088,0.5913254127813765,2.4697421051396966,204,196
ORBm,022 L5 ET CTX Glut,Bcap29,False,84.86226263706874,5.626246211298585,0.5366397197898252,2.465354326736018,205,197
ORBm,022 L5 ET CTX Glut,Abl2,False,86.06579299277882,5.73337313541597,0.5265665985693166,2.461397173178108,206,198
ORBm,022 L5 ET CTX Glut,Thpo,False,28.483551751805294,1.5399295350835105,0.9991867393746064,2.453780881995143,207,199
ORBm,022 L5 ET CTX Glut,Rab36,False,70.55362396362663,4.3500616926023365,0.5962817426738747,2.4448010687300012,208,200
ORBm,022 L5 ET CTX Glut,Lsm14b,False,73.01417491307836,4.459762563039734,0.5730628865260625,2.436470068412599,209,201
ORBm,022 L5 ET CTX Glut,Ecd,False,66.16742444503878,3.9676650935680864,0.6152254183622419,2.435869648501124,210,202
ORBm,022 L5 ET CTX Glut,Kpnb1,False,84.05990906659535,5.418182934181803,0.5106536005308122,2.4352425163941724,211,203
ORBm,022 L5 ET CTX Glut,Rnf217,False,77.10617812249265,5.021281347200812,0.5481370558252641,2.435226233059252,212,204
ORBm,022 L5 ET CTX Glut,Tomm34,False,68.92217170366408,4.222397209712291,0.5968094615967074,2.4351684149933925,213,205
ORBm,022 L5 ET CTX Glut,Abcg1,False,76.08986359989302,4.747680626313423,0.5533421899329216,2.434668995509792,214,206
ORBm,022 L5 ET CTX Glut,Irs2,False,71.22225193902113,4.541732836037467,0.5800451280556009,2.432660829340323,215,207
ORBm,022 L5 ET CTX Glut,Mtmr7,False,67.85236694303289,4.1317178573669615,0.5966923792292325,2.428257381296744,216,208
ORBm,022 L5 ET CTX Glut,Spcs3,False,81.73308371222252,5.401241453486542,0.5135744227497954,2.425972307499228,217,209
ORBm,022 L5 ET CTX Glut,Cep170,False,78.3631987162343,4.977567483473985,0.5263998177951059,2.420511972994996,218,210
ORBm,022 L5 ET CTX Glut,Lmtk3,False,80.93073014174914,5.20839727890941,0.5108104524425787,2.418923910975527,219,211
ORBm,022 L5 ET CTX Glut,Trpc7,False,59.454399572078096,3.769846291553531,0.6339678355523959,2.408151833097167,220,212
ORBm,022 L5 ET CTX Glut,Gpr137,False,62.85102968708211,3.7003271486007394,0.6042529252326947,2.4025653223502115,221,213
ORBm,022 L5 ET CTX Glut,Zmym3,False,74.96656860123028,4.627890550889379,0.5263006482100705,2.4011682808161368,222,214
ORBm,022 L5 ET CTX Glut,Zfp703,False,61.487028617277346,3.785268670832228,0.6121283989321653,2.4009119050472245,223,215
ORBm,022 L5 ET CTX Glut,Kcng2,False,28.83123829901043,1.5971398405864232,0.9386831361505851,2.3985464318470853,224,216
ORBm,022 L5 ET CTX Glut,Dnah9,False,36.96175447980743,2.1112401227193516,0.8241123558215839,2.391864933705544,225,217
ORBm,022 L5 ET CTX Glut,Dhx57,False,70.9815458678791,4.348224617447181,0.535792213473838,2.386937666848035,226,218
ORBm,022 L5 ET CTX Glut,Pabpc4,False,73.70954800748864,4.57924783099109,0.5159761930659457,2.3834999411473143,227,219
ORBm,022 L5 ET CTX Glut,Degs1,False,57.95667290719444,3.3733604667849257,0.616580389676137,2.3796838358417354,228,220
ORBm,022 L5 ET CTX Glut,Strn,False,74.4049211018989,4.692386621075793,0.5075083898352881,2.379110050337096,229,221
ORBm,022 L5 ET CTX Glut,Kpna6,False,71.94437015244718,4.4158977060657225,0.5210972514380616,2.37809406628625,230,222
ORBm,022 L5 ET CTX Glut,Galnt2,False,66.86279753944905,4.038582415400931,0.5526827787447997,2.3778673222626177,231,223
ORBm,022 L5 ET CTX Glut,Tmem9,False,70.90131051083178,4.336602034751156,0.527206215004878,2.3778604775837517,232,224
ORBm,022 L5 ET CTX Glut,Knop1,False,63.14522599625568,3.7734946174142068,0.576749873863164,2.3770903957876715,233,225
ORBm,022 L5 ET CTX Glut,Heatr5b,False,55.41588660069537,3.2580423036275876,0.632719760626852,2.3763540465458277,234,226
ORBm,022 L5 ET CTX Glut,Dtx1,False,64.99063920834448,3.906703866334738,0.5632400882899304,2.376090896734023,235,227
ORBm,022 L5 ET CTX Glut,Prrg1,False,36.66755817063386,2.127275184566052,0.8092908531773788,2.373572842812672,236,228
ORBm,022 L5 ET CTX Glut,Drosha,False,73.28162610323616,4.503826581083157,0.50552778511461,2.3705228827807785,237,229
ORBm,022 L5 ET CTX Glut,Dbnl,False,60.28349826156727,3.543051611264462,0.5901079841924988,2.370306430748367,238,230
ORBm,022 L5 ET CTX Glut,Rpa1,False,49.2110189890345,2.7854122820943714,0.6756746763877297,2.3677370342430466,239,231
ORBm,022 L5 ET CTX Glut,Wdr48,False,65.23134527948649,3.883980162611107,0.5461832607099426,2.3606395958694533,240,232
ORBm,022 L5 ET CTX Glut,Creld1,False,62.61032361594009,3.6776314679554165,0.5590700356615246,2.355715984203929,241,233
ORBm,022 L5 ET CTX Glut,Slco4c1,False,39.87697245252741,2.2207235626818567,0.7537313690599754,2.3544535473587502,242,234
ORBm,022 L5 ET CTX Glut,Snrpb2,False,62.85102968708211,3.707664915188394,0.5548509719432917,2.3531633690608085,243,235
ORBm,022 L5 ET CTX Glut,Tasor2,False,63.7871088526344,3.804400373378773,0.5462864989144292,2.3510194171363423,244,236
ORBm,022 L5 ET CTX Glut,Zfp955b,False,54.640278149237766,3.1461150329296013,0.6124250495027557,2.3499379509809835,245,237
ORBm,022 L5 ET CTX Glut,Polr2h,False,47.95399839529286,2.731753838766893,0.666944560346661,2.347769384754624,246,238
ORBm,022 L5 ET CTX Glut,Hacd2,False,67.63840599090666,4.100385361350326,0.5163139180035583,2.3465072821937434,247,239
ORBm,022 L5 ET CTX Glut,Mrps23,False,60.65792992778818,3.5585697987207787,0.5574637109147824,2.340351295981432,248,240
ORBm,022 L5 ET CTX Glut,Hspa13,False,66.48836587322813,3.9866356759123636,0.507726681900031,2.330472341051437,249,241
ORBm,022 L5 ET CTX Glut,Ppid,False,61.9416956405456,3.679205244318882,0.5333047959666959,2.325287885867875,250,242
ORBm,022 L5 ET CTX Glut,Inafm2,False,63.7871088526344,3.7918474095873287,0.5195209378883163,2.3242538561102295,251,243
ORBm,022 L5 ET CTX Glut,Ier5l,False,64.91040385129713,4.002534101149015,0.5101565192015585,2.322470830379274,252,244
ORBm,022 L5 ET CTX Glut,Fhit,False,49.98662744049211,3.033799288010782,0.6122119427326127,2.311065778957225,253,245
ORBm,022 L5 ET CTX Glut,Cyp7b1,False,56.96710350361059,3.436540103207364,0.550208460031949,2.305832598316467,254,246
ORBm,022 L5 ET CTX Glut,Adam18,False,43.327092805562984,2.481653928182826,0.6682623462428683,2.3050218956312793,255,247
ORBm,022 L5 ET CTX Glut,Vegfc,False,39.6362663813854,2.252107279987442,0.6975191324422159,2.295611870931306,256,248
ORBm,022 L5 ET CTX Glut,Ago1,False,58.732281358652045,3.41347778210126,0.5244718554993555,2.29334872612319,257,249
ORBm,022 L5 ET CTX Glut,Slc9a1,False,59.90906659534635,3.5068304506206487,0.5125868233827058,2.290079376562649,258,250
ORBm,022 L5 ET CTX Glut,Sec24c,False,58.759026477667824,3.437734664586433,0.5173525244737278,2.2864271162400183,259,251
ORBm,022 L5 ET CTX Glut,Scarb1,False,48.78309708478203,2.7589567041103775,0.5979821293070149,2.2862514981451927,260,252
ORBm,022 L5 ET CTX Glut,Morc2b,False,42.711955068200055,2.3964576466130074,0.6550558908072559,2.285605341791519,261,253
ORBm,022 L5 ET CTX Glut,Grp,False,44.85156458946242,2.7726480029234435,0.6105759125717305,2.2623535100235967,262,254
ORBm,022 L5 ET CTX Glut,Zrsr1,False,55.62984755282161,3.2234022753160247,0.5060297099267785,2.2513375797353206,263,255
ORBm,022 L5 ET CTX Glut,Ap5m1,False,51.858785771596686,2.9607281262748986,0.5353261386738057,2.2501484825982914,264,256
ORBm,022 L5 ET CTX Glut,Fzr1,False,54.56004279219042,3.1381310868244117,0.5077560292527887,2.2446307315244676,265,257
ORBm,022 L5 ET CTX Glut,Zfp120,False,45.89462423107783,2.5779862680611174,0.5699045222204959,2.231666340578963,266,258
ORBm,022 L5 ET CTX Glut,2310033P09Rik,False,49.130783631987164,2.770849759453087,0.537597319840974,2.2289510109925628,267,259
ORBm,022 L5 ET CTX Glut,Nol8,False,52.12623696175448,2.9789225549486176,0.510585426220266,2.227641800183668,268,260
ORBm,022 L5 ET CTX Glut,Bend5,False,50.5215298208077,2.9010068243536344,0.51532586442841,2.218802357196024,269,261
ORBm,022 L5 ET CTX Glut,Zdhhc15,False,34.287242578229474,1.8755148739443643,0.6832658384836243,2.2183983985122033,270,262
ORBm,022 L5 ET CTX Glut,Cd83,False,46.803958277614335,2.6456714649511612,0.545162882352412,2.215445465884487,271,263
ORBm,022 L5 ET CTX Glut,Snx19,False,50.73549077293394,2.8911341585300607,0.5012963936954722,2.206608259429915,272,264
ORBm,022 L5 ET CTX Glut,Ccnd3,False,33.4581438887403,1.8448176255166195,0.6812229185495076,2.205724763088708,273,265
ORBm,022 L5 ET CTX Glut,Mas1,True,44.771329232415084,2.5649512286618545,0.5449923785360711,2.195992367039093,274,9
ORBm,022 L5 ET CTX Glut,Gba2,False,45.84113399304627,2.568860468490776,0.5288176613245841,2.190073013757544,275,266
ORBm,022 L5 ET CTX Glut,Zfp286,False,47.60631184808772,2.6768924746802862,0.5109628193518496,2.188627356506524,276,267
ORBm,022 L5 ET CTX Glut,Mchr1,True,31.987162342872427,1.7523120845438611,0.6737299578735252,2.1787056723716978,277,10
ORBm,022 L5 ET CTX Glut,Gm11266,False,32.30810377106178,1.7550457484838828,0.6648860081801986,2.174197477311092,278,268
ORBm,022 L5 ET CTX Glut,Cep41,False,30.783631987162345,1.6669294355259314,0.6454337191607638,2.1337535776363357,279,269
ORBm,022 L5 ET CTX Glut,L3mbtl1,False,29.954533297673176,1.6038890625901896,0.598767353841172,2.075229911357134,280,270
ORBm,022 L5 ET CTX Glut,Zbbx,False,27.039315324953197,1.5103764244501972,0.6248051293875814,2.056800819824363,281,271
ORBm,022 L5 ET CTX Glut,Mroh5,False,28.938218775073548,1.5631504826572498,0.5881662038024688,2.0496379994188,282,272
ORBm,022 L5 ET CTX Glut,4921504A21Rik,False,32.17437817598288,1.734339005744977,0.5242143499241181,2.031724512109743,283,273
ORBm,029 L6b CTX Glut,Nxph4,True,65.44766708701135,4.913303986172958,4.6146067237998665,6.43050089433072,1,1
ORBm,029 L6b CTX Glut,Ccn2,True,76.92307692307692,6.137059215338804,4.136122155353803,6.022178803046966,2,2
ORBm,029 L6b CTX Glut,Lhfpl3,False,90.1639344262295,7.4189952643491885,2.4938737920955854,4.448906646579062,3,1
ORBm,029 L6b CTX Glut,Clic5,False,55.359394703656996,3.6698642264097967,2.4589563526085296,4.202147685533047,4,2
ORBm,029 L6b CTX Glut,Atp10a,False,65.06935687263557,4.197801087272423,2.0873433084584576,3.9007198227680653,5,3
ORBm,029 L6b CTX Glut,Ptger3,False,53.53089533417402,3.460334402615907,2.09395500170167,3.822559508964038,6,4
ORBm,029 L6b CTX Glut,Galnt10,False,56.11601513240858,3.7377845023348835,2.058725575398011,3.807812399061339,7,5
ORBm,029 L6b CTX Glut,Cldnd1,False,94.89281210592686,7.188117228119551,1.796480159041793,3.7737134759900703,8,6
ORBm,029 L6b CTX Glut,Tmem40,False,43.88398486759142,2.765765205758517,2.1033909907106496,3.7456970473396267,9,7
ORBm,029 L6b CTX Glut,Gfra1,True,55.73770491803279,3.656720501778255,1.9873865063588947,3.733535588390383,10,3
ORBm,029 L6b CTX Glut,Hipk2,False,86.00252206809584,6.14213063647738,1.729630448873686,3.664141636212561,11,8
ORBm,029 L6b CTX Glut,Prss12,False,90.1639344262295,6.727662373310681,1.6914871839009118,3.6465200383843888,12,9
ORBm,029 L6b CTX Glut,Rai14,True,86.50693568726355,6.409937458110487,1.6249481192975948,3.5619990476867427,13,4
ORBm,029 L6b CTX Glut,Insig1,False,72.82471626733921,5.0189648468286965,1.6862168694485273,3.5484956706951056,14,10
ORBm,029 L6b CTX Glut,Drd1,True,67.21311475409836,4.357462860145906,1.6798964552195095,3.507350476928478,15,5
ORBm,029 L6b CTX Glut,Dlg5,False,62.16897856242119,3.9836968016654515,1.6828135545472733,3.4763872865069,16,11
ORBm,029 L6b CTX Glut,Phyhipl,False,96.9735182849937,8.07121977319032,1.48537479188066,3.4720279443644873,17,12
ORBm,029 L6b CTX Glut,Tmod1,False,93.82093316519546,7.057450783959252,1.497216792285383,3.469516540513658,18,13
ORBm,029 L6b CTX Glut,Olfr111,False,29.886506935687265,2.223388493887864,1.9728130309647254,3.4482881896572257,19,14
ORBm,029 L6b CTX Glut,Fam163b,False,97.79319041614123,8.14492817995377,1.424953437549271,3.4152620523812907,20,15
ORBm,029 L6b CTX Glut,Igfbp5,False,72.50945775535939,5.796340730722434,1.5450298717365873,3.405424529108614,21,16
ORBm,029 L6b CTX Glut,Dip2a,False,83.98486759142497,5.9066312965498895,1.4281714902930922,3.3523725321457896,22,17
ORBm,029 L6b CTX Glut,6530403H02Rik,False,74.33795712484238,5.513098130460645,1.4598603281119296,3.331070950225434,23,18
ORBm,029 L6b CTX Glut,Srcin1,False,99.49558638083228,9.292131092629546,1.3331010610003826,3.330904876892199,24,19
ORBm,029 L6b CTX Glut,Pkp4,False,98.17150063051703,8.171034879672423,1.3280343251708393,3.3200197547573747,25,20
ORBm,029 L6b CTX Glut,Cpox,False,81.0844892812106,5.473010012060216,1.3795695606129241,3.2885073462195424,26,21
ORBm,029 L6b CTX Glut,Chga,False,80.0126103404792,5.522230804943647,1.369787480899702,3.2729459200128215,27,22
ORBm,029 L6b CTX Glut,Fbxl7,False,53.84615384615385,4.366056646705426,1.510436904974633,3.241591592682053,28,23
ORBm,029 L6b CTX Glut,Gm41414,False,38.71374527112232,2.40255507845596,1.619704219469353,3.2075694076289354,29,24
ORBm,029 L6b CTX Glut,Ly6g6e,False,33.73266078184111,2.0521118337239175,1.654678796936936,3.1827293959765797,30,25
ORBm,029 L6b CTX Glut,Gabra5,False,92.81210592686003,6.767066291722494,1.1840020219070118,3.151606648926907,31,26
ORBm,029 L6b CTX Glut,Glra2,False,88.2093316519546,6.388262697607091,1.1932884927774197,3.1388030242876623,32,27
ORBm,029 L6b CTX Glut,Bag1,False,98.99117276166457,8.888382612832107,1.1091340545252066,3.1047305239528553,33,28
ORBm,029 L6b CTX Glut,Nr4a2,True,57.69230769230769,3.909969488579268,1.3359974646349788,3.0971153757198424,34,6
ORBm,029 L6b CTX Glut,Hpcal1,False,59.331651954602776,4.064979062555417,1.3202077931282208,3.0934942335738924,35,29
ORBm,029 L6b CTX Glut,Nhsl2,False,95.7124842370744,7.520499576987114,1.111982004676002,3.0929505932538786,36,30
ORBm,029 L6b CTX Glut,Gm9844,False,58.44892812105927,3.594968548037516,1.266681092553911,3.0334576437168232,37,31
ORBm,029 L6b CTX Glut,Arhgef3,False,88.96595208070617,6.483534669815968,1.0570513489050368,3.0062751796777993,38,32
ORBm,029 L6b CTX Glut,Ndn,False,75.66204287515762,5.55320726276797,1.1075444400899244,2.986422503155964,39,33
ORBm,029 L6b CTX Glut,Sec24d,False,74.71626733921816,4.921280292664921,1.1128679888886248,2.9862831562531627,40,34
ORBm,029 L6b CTX Glut,Cdh6,False,85.81336696090794,6.501697649119931,1.050694227845586,2.9842491700673355,41,35
ORBm,029 L6b CTX Glut,Osbpl10,False,82.97604035308953,5.864840686697076,1.0546285623497722,2.973581268646124,42,36
ORBm,029 L6b CTX Glut,Ddah1,False,89.09205548549811,6.773285162854766,1.0177090212583586,2.9675480001253325,43,37
ORBm,029 L6b CTX Glut,Rftn1,False,44.13619167717528,2.7360042659812436,1.3189962229938568,2.9637910800265286,44,38
ORBm,029 L6b CTX Glut,Adra2a,False,40.98360655737705,2.664698106493956,1.3323545915380737,2.9449647651993445,45,39
ORBm,029 L6b CTX Glut,Focad,False,83.10214375788146,5.862762643590401,0.9928009820874255,2.9124132093638315,46,40
ORBm,029 L6b CTX Glut,Pak1,False,100.0,9.614739614657466,0.8960747934612421,2.896074793461242,47,41
ORBm,029 L6b CTX Glut,Vopp1,False,95.64943253467844,7.35422501497882,0.9128946945559075,2.893577092361053,48,42
ORBm,029 L6b CTX Glut,N4bp2l1,False,83.16519546027743,5.835225301913325,0.9618828548660501,2.8818244674308304,49,43
ORBm,029 L6b CTX Glut,Inpp4b,False,70.61790668348046,5.833998453421671,1.0104624338011776,2.859377273489774,50,44
ORBm,029 L6b CTX Glut,Atp6ap2,False,97.79319041614123,7.944034976285764,0.8679000115224706,2.8582086263544904,51,45
ORBm,029 L6b CTX Glut,Cd164,False,78.7515762925599,5.50429801411767,0.9566131685951307,2.852872423987681,52,46
ORBm,029 L6b CTX Glut,Mapk8,False,97.54098360655738,7.932642305333257,0.862563898181488,2.8517510288992707,53,47
ORBm,029 L6b CTX Glut,Myocd,False,33.79571248423707,2.1172258472081844,1.3165587141444994,2.8454203208556845,54,48
ORBm,029 L6b CTX Glut,Hnrnpll,False,87.51576292559899,6.198358620551014,0.8800876141254141,2.8221738972626653,55,49
ORBm,029 L6b CTX Glut,A2ml1,False,51.13493064312736,3.186403503033132,1.110852580529356,2.819570251758927,56,50
ORBm,029 L6b CTX Glut,Dtnb,False,97.22572509457756,7.698308790767328,0.8296065445961922,2.8173877353295453,57,51
ORBm,029 L6b CTX Glut,Slc9a3r2,False,55.989911727616644,3.4995552438204407,1.0655657023850038,2.81367548518202,58,52
ORBm,029 L6b CTX Glut,Tmsb10,False,100.0,11.831996782430334,0.7871488013419601,2.78714880134196,59,53
ORBm,029 L6b CTX Glut,Gng12,False,97.22572509457756,7.899357106616488,0.7923489782375768,2.78013016897093,60,54
ORBm,029 L6b CTX Glut,Pth2r,False,32.219419924337956,2.003552680959617,1.2623804448713847,2.7704981620245124,61,55
ORBm,029 L6b CTX Glut,Arhgap44,False,98.23455233291298,8.02020300772572,0.770347240374881,2.7626115107298417,62,56
ORBm,029 L6b CTX Glut,Kcnip3,False,98.9281210592686,8.798263672471498,0.7649471083716612,2.7602668689770127,63,57
ORBm,029 L6b CTX Glut,Sgcd,False,90.66834804539722,7.702756814367383,0.7939973344241773,2.751453037489456,64,58
ORBm,029 L6b CTX Glut,Slc1a2,False,100.0,11.054383921893818,0.7366047395118365,2.7366047395118365,65,59
ORBm,029 L6b CTX Glut,Galnt18,False,89.40731399747793,6.73166665213105,0.7780183560615379,2.729391403927001,66,60
ORBm,029 L6b CTX Glut,Hs3st5,False,84.30012610340479,6.413376720375552,0.8028785711712638,2.7287067954516635,67,61
ORBm,029 L6b CTX Glut,Smad7,False,63.68221941992434,4.067687526476789,0.9241355642538349,2.728153755054892,68,62
ORBm,029 L6b CTX Glut,Slc35f4,False,96.65825977301387,7.933916423840902,0.7362695442722984,2.7215085161450885,69,63
ORBm,029 L6b CTX Glut,Cdh18,False,99.8108448928121,10.577074234302227,0.6777307697674644,2.676908501648235,70,64
ORBm,029 L6b CTX Glut,Cadm4,False,94.07313997477932,6.997873448784384,0.6902002056235945,2.6636658457786595,71,65
ORBm,029 L6b CTX Glut,Sdk2,False,98.99117276166457,8.66713194167629,0.6590517257847601,2.654648195212409,72,66
ORBm,029 L6b CTX Glut,Svil,False,66.2673392181589,5.103511218615769,0.8221682690078662,2.6434678020545235,73,67
ORBm,029 L6b CTX Glut,Rnf130,False,97.41488020176544,7.7965805016429846,0.6535459245233488,2.6421712253026173,74,68
ORBm,029 L6b CTX Glut,Kcnmb4,False,96.5952080706179,7.670898386990137,0.6549626006003582,2.639918182915358,75,69
ORBm,029 L6b CTX Glut,Nxph3,False,98.61286254728877,8.459875946838649,0.6453584158215246,2.639291981563769,76,70
ORBm,029 L6b CTX Glut,Oprm1,True,80.26481715006305,5.5075672631907135,0.7346385423260742,2.6391637629981446,77,7
ORBm,029 L6b CTX Glut,Fign,False,40.16393442622951,2.5032965622814127,1.0335931797431634,2.6374294290969287,78,71
ORBm,029 L6b CTX Glut,Msmo1,False,77.36443883984867,5.111224257480001,0.7391495687436862,2.6276909484891053,79,72
ORBm,029 L6b CTX Glut,Ctnnal1,False,56.494325346784365,3.537154093065298,0.8682618071555681,2.620266633836108,80,73
ORBm,029 L6b CTX Glut,Fads2,False,62.42118537200504,3.937209657883133,0.8200864210978049,2.6154184327137697,81,74
ORBm,029 L6b CTX Glut,Grem2,False,71.56368221941993,4.722418305251518,0.7568174284768303,2.6115101070243867,82,75
ORBm,029 L6b CTX Glut,Lmbrd1,False,96.15384615384616,7.629561837353893,0.6269608465802428,2.6099275072814625,83,76
ORBm,029 L6b CTX Glut,Pls3,False,95.77553593947036,7.519552779829066,0.6284744644268025,2.609729055308004,84,77
ORBm,029 L6b CTX Glut,Nipal3,False,85.81336696090794,5.907472146865248,0.6626991121220991,2.5962540543438486,85,78
ORBm,029 L6b CTX Glut,Chrna4,False,80.7061790668348,5.460586297707479,0.6856606960044846,2.592567482670768,86,79
ORBm,029 L6b CTX Glut,Serpini1,False,99.8108448928121,9.855356832771253,0.5931367119347293,2.5923144438155,87,80
ORBm,029 L6b CTX Glut,Cep112,False,80.5170239596469,5.788956802700086,0.6856750454386846,2.5915627597205146,88,81
ORBm,029 L6b CTX Glut,Slc25a22,False,96.02774274905423,7.459077745488132,0.6089164157274753,2.591313136081933,89,82
ORBm,029 L6b CTX Glut,St3gal5,False,98.48675914249685,8.164046748138466,0.5809966903290071,2.574374536888704,90,83
ORBm,029 L6b CTX Glut,Hivep1,True,89.97477931904162,6.555308396097691,0.6186789602547975,2.5727997503878592,91,8
ORBm,029 L6b CTX Glut,Etl4,False,100.0,11.371049669321067,0.5683646223949239,2.568364622394924,92,84
ORBm,029 L6b CTX Glut,Omg,True,67.33921815889029,4.340169993805855,0.7373800482746558,2.5656481179856083,93,9
ORBm,029 L6b CTX Glut,C130073E24Rik,False,62.042875157629254,4.685127046640403,0.7559480743396492,2.5486399897894056,94,85
ORBm,029 L6b CTX Glut,Acat2,False,52.96343001261034,3.240008975939372,0.8242897301654404,2.548265833245737,95,86
ORBm,029 L6b CTX Glut,Maob,False,39.218158890290034,2.3524396590897894,0.9527841902045777,2.5462713919138116,96,87
ORBm,029 L6b CTX Glut,Map4k3,False,91.04665825977301,6.52783970935047,0.5853050586341872,2.5445690688862226,97,88
ORBm,029 L6b CTX Glut,Nampt,False,72.88776796973518,4.847896542254492,0.677388746809374,2.5400433979122994,98,89
ORBm,029 L6b CTX Glut,Tmem163,False,70.93316519546028,5.740289560633078,0.6883360354928625,2.5391853749586586,99,90
ORBm,029 L6b CTX Glut,Heca,False,67.27616645649432,4.316803825157137,0.7020255404513529,2.5298867768942377,100,91
ORBm,029 L6b CTX Glut,Igf1r,False,97.98234552332913,8.101383251921376,0.534660596317206,2.5258084278005164,101,92
ORBm,029 L6b CTX Glut,Ctnnb1,False,93.75788146279949,7.042663600676297,0.5501332798830907,2.52214106542346,102,93
ORBm,029 L6b CTX Glut,Ids,False,98.17150063051703,8.110213772195284,0.5297590848487284,2.5217445144352637,103,94
ORBm,029 L6b CTX Glut,Dcaf12l1,False,80.26481715006305,5.3769828344203185,0.6121894168600797,2.51671463753215,104,95
ORBm,029 L6b CTX Glut,Lrrc3b,False,72.76166456494326,4.7625442729771965,0.6527914001500346,2.5146940259881623,105,96
ORBm,029 L6b CTX Glut,Pcdh11x,False,76.92307692307692,5.849481318667437,0.627425260894114,2.513481908587277,106,97
ORBm,029 L6b CTX Glut,1810037I17Rik,False,98.42370744010088,8.222245607821067,0.5105734717750723,2.5036731918559045,107,98
ORBm,029 L6b CTX Glut,Gdpd5,False,66.33039092055486,4.205998616741705,0.6746477151272927,2.496360271963428,108,99
ORBm,029 L6b CTX Glut,Mien1,False,94.38839848675914,7.120214474306431,0.5211093705046936,2.496027987866161,109,100
ORBm,029 L6b CTX Glut,Kcnn3,False,53.65699873896595,3.3462628320066203,0.7496560811828488,2.4792824582858515,110,101
ORBm,029 L6b CTX Glut,Itgb1,False,67.33921815889029,4.262473838777289,0.6459742815020393,2.474242351212992,111,102
ORBm,029 L6b CTX Glut,Ttc9,False,81.52585119798235,5.494308183051899,0.5627691477274945,2.4740644896263033,112,103
ORBm,029 L6b CTX Glut,Mcu,False,91.23581336696091,6.6879832104205486,0.5133413518098191,2.4735066999472717,113,104
ORBm,029 L6b CTX Glut,Prune2,False,90.41614123581337,6.7146155975505355,0.5162952007455344,2.472541169095731,114,105
ORBm,029 L6b CTX Glut,Glt1d1,False,67.96973518284993,4.366391138050325,0.6361853768681542,2.468500954737289,115,106
ORBm,029 L6b CTX Glut,Sulf2,False,92.6860025220681,6.9201363645315475,0.5002051073555496,2.4672192591221407,116,107
ORBm,029 L6b CTX Glut,Rdh11,False,38.83984867591425,2.2772921433514934,0.8525035254524111,2.4417810546352516,117,108
ORBm,029 L6b CTX Glut,Herc4,False,80.39092055485499,5.3771687666374675,0.51936128856648,2.424568290354869,118,109
ORBm,029 L6b CTX Glut,Rgs20,False,72.44640605296343,5.5744992192425915,0.563953951843148,2.423970797549848,119,110
ORBm,029 L6b CTX Glut,Hexa,False,52.33291298865069,3.189987740630911,0.7027176050096728,2.4214925144041617,120,111
ORBm,029 L6b CTX Glut,Nfe2l3,False,34.67843631778058,2.069705679317441,0.8783205456707981,2.4183800521834566,121,112
ORBm,029 L6b CTX Glut,Antxr1,False,65.76292559899117,4.403477083088321,0.5976136365432962,2.415594761988242,122,113
ORBm,029 L6b CTX Glut,Cyp51,False,53.65699873896595,3.2874856301845248,0.6789296363643653,2.4085560134673685,123,114
ORBm,029 L6b CTX Glut,Pcnx4,False,63.87137452711223,4.036914339582677,0.6022755186294302,2.4075817810081257,124,115
ORBm,029 L6b CTX Glut,Mitf,False,77.99495586380833,5.641773796923374,0.5107658218295494,2.402832338477085,125,116
ORBm,029 L6b CTX Glut,Sqle,False,53.909205548549814,3.288063078179185,0.6404379366854758,2.3721008684320637,126,117
ORBm,029 L6b CTX Glut,Usp35,False,34.1109709962169,2.002974405565298,0.8265561967763333,2.359450278901318,127,118
ORBm,029 L6b CTX Glut,Abcd4,False,40.41614123581337,2.43427795179254,0.7234652772827208,2.330020123819953,128,119
ORBm,029 L6b CTX Glut,Mpi,False,43.69482976040353,2.6223893231732247,0.6800611631747291,2.320491214804951,129,120
ORBm,029 L6b CTX Glut,Stk26,False,34.237074401008826,1.9989843765393482,0.7849844895680476,2.31948113617531,130,121
ORBm,029 L6b CTX Glut,Idi1,False,46.21689785624212,2.791434886326255,0.6428904048943571,2.3076911965539,131,122
ORBm,029 L6b CTX Glut,Aldh1b1,False,28.121059268600252,1.6341456909949361,0.85626033755697,2.3052920132875268,132,123
ORBm,029 L6b CTX Glut,Usp53,False,55.989911727616644,3.386666065807751,0.5518126288701066,2.2999224116671226,133,124
ORBm,029 L6b CTX Glut,Hsdl1,False,53.65699873896595,3.284895080936812,0.5474471137543984,2.2770734908574015,134,125
ORBm,029 L6b CTX Glut,Synpo2,False,38.77679697351829,2.375855492763832,0.6846249790180048,2.2731969118118363,135,126
ORBm,029 L6b CTX Glut,Ulk3,False,30.706179066834803,1.7802893703552092,0.7505377878282016,2.237763566061251,136,127
ORBm,029 L6b CTX Glut,Idh1,False,42.938209331651954,2.556370623325189,0.5873519503371163,2.2201958792683163,137,128
ORBm,029 L6b CTX Glut,Shb,False,43.94703656998739,2.6415412585341462,0.5186264753986576,2.161556070515082,138,129
ORBm,029 L6b CTX Glut,Cabp7,False,34.30012610340479,2.0039361807016225,0.6144641834076723,2.149759900124267,139,130
ORBm,029 L6b CTX Glut,Adgrg6,False,33.0390920554855,2.28742458781258,0.5330503354846186,2.05207843948676,140,131
ORBm,029 L6b CTX Glut,Gm36251,False,27.049180327868854,1.615145833615547,0.5500213765703115,1.9821754857734508,141,132
ORBm,029 L6b CTX Glut,2810459M11Rik,False,28.688524590163933,1.6376039906678554,0.5171250875647095,1.9748333012402368,142,133
ORBm,030 L6 CT CTX Glut,Syt6,True,91.70745350300658,6.901799282116117,3.7584672823794607,5.720871916671937,1,1
ORBm,030 L6 CT CTX Glut,Foxp2,True,98.67151447350021,8.497885892570466,3.123117525991316,5.1173093200742095,2,2
ORBm,030 L6 CT CTX Glut,Trbc2,False,92.84482356779938,7.358377134039236,2.4891486000788268,4.456906295353234,3,1
ORBm,030 L6 CT CTX Glut,Rprm,True,91.25996364144875,7.3825589110955425,2.4923655941183966,4.452645885529384,4,3
ORBm,030 L6 CT CTX Glut,Ramp3,False,73.83116580431641,4.957876762632322,2.2603906662898674,4.128630392336391,5,2
ORBm,030 L6 CT CTX Glut,Garnl3,False,98.58761012445812,9.150298382182035,1.7007385920111897,3.694560930961719,6,3
ORBm,030 L6 CT CTX Glut,Thsd7b,True,91.79601920477323,7.39900922575225,1.586764517632104,3.5495883657735847,7,4
ORBm,030 L6 CT CTX Glut,Sla,False,68.06973383675943,4.496509652823906,1.655997094513396,3.48895114696238,8,4
ORBm,030 L6 CT CTX Glut,Trabd2b,False,65.94415699435976,4.489577697439526,1.6037423391094117,3.4229186598784405,9,5
ORBm,030 L6 CT CTX Glut,Pdzrn4,False,97.03071831445486,8.442681804668185,1.3891887160711907,3.3760979625281697,10,6
ORBm,030 L6 CT CTX Glut,Cpa6,False,44.69304992308768,3.2911484418301873,1.7143795749089823,3.3646195675100667,11,7
ORBm,030 L6 CT CTX Glut,Limk1,False,80.32909150235399,5.479213148876431,1.3992760596507372,3.3041489149031293,12,8
ORBm,030 L6 CT CTX Glut,Lrrtm2,False,91.1480911760593,6.700197736516686,1.2955409805473632,3.255288558635619,13,9
ORBm,030 L6 CT CTX Glut,Arhgap25,False,72.56793921596048,4.799089507690339,1.359836401146162,3.2205811913099067,14,10
ORBm,030 L6 CT CTX Glut,Gm13391,False,31.920943457791452,1.9258981819937002,1.6585752153832019,3.162650934291767,15,11
ORBm,030 L6 CT CTX Glut,Ndst1,False,89.55856989698411,6.437491522865329,1.2041397330220232,3.1562468830160277,16,12
ORBm,030 L6 CT CTX Glut,Gadd45a,False,61.31543373887102,4.060686301113714,1.3497257683359152,3.1372955730986205,17,13
ORBm,030 L6 CT CTX Glut,Nrp1,False,96.46203328205846,7.725381660843731,1.142192473262984,3.126548885253486,18,14
ORBm,030 L6 CT CTX Glut,Prss35,False,55.8896191674824,3.6645069956273812,1.3622079290573446,3.1095390793956614,19,15
ORBm,030 L6 CT CTX Glut,Htr1f,True,93.65589894187293,7.53081133722042,1.1328174480491642,3.104352584776144,20,5
ORBm,030 L6 CT CTX Glut,Nfia,False,97.11928401622151,8.442161938807727,1.0734553139255203,3.0607607859582853,21,16
ORBm,030 L6 CT CTX Glut,Plcb4,False,93.22239313848878,7.2813834687054575,1.0853180235755246,3.0548382712119926,22,17
ORBm,030 L6 CT CTX Glut,Cyp26b1,False,27.16636367873957,1.7605518072028097,1.6153023789466685,3.049333889284089,23,18
ORBm,030 L6 CT CTX Glut,Sptbn5,False,41.06185615065492,2.511588804550573,1.4144874511039234,3.027926028329607,24,19
ORBm,030 L6 CT CTX Glut,Epb41,False,76.87036778072996,5.271593347438392,1.1262192875172365,3.0119782464420974,25,20
ORBm,030 L6 CT CTX Glut,Col5a1,False,33.16086328252459,1.9486917758807043,1.4706145331033194,2.991240361192549,26,21
ORBm,030 L6 CT CTX Glut,Raet1e,False,30.326760825991702,1.7778997323910117,1.4228471355567738,2.9046731617420765,27,22
ORBm,030 L6 CT CTX Glut,Serinc2,False,63.450333286719804,4.047518760436833,1.0428524944185766,2.8452864020818165,28,23
ORBm,030 L6 CT CTX Glut,Fam131b,False,77.32251899501236,5.0966179899773065,0.9392134862163823,2.8275194801478305,29,24
ORBm,030 L6 CT CTX Glut,Tmem56,False,85.9926350626952,6.046265006382105,0.8894176384615955,2.8238788956516876,30,25
ORBm,030 L6 CT CTX Glut,Clvs2,False,78.90737892136298,5.315827218857099,0.9106126999095698,2.8077303175041295,31,26
ORBm,030 L6 CT CTX Glut,Plxna2,False,97.78585745583368,8.007427707416596,0.795874566148572,2.786150614463537,32,27
ORBm,030 L6 CT CTX Glut,Slc35f3,False,95.20812939915163,7.550277970239832,0.7915610262031434,2.7702350586470645,33,28
ORBm,030 L6 CT CTX Glut,Ptk7,False,48.73910408800634,3.0017275169880047,1.07376314412462,2.761640685936576,34,29
ORBm,030 L6 CT CTX Glut,Nck2,False,72.40945322332541,4.7543597905301205,0.8844032526556509,2.744198520713635,35,30
ORBm,030 L6 CT CTX Glut,Zfpm2,False,99.37071738218431,9.159848888698438,0.7464148276023241,2.7436732527147636,36,31
ORBm,030 L6 CT CTX Glut,Ppp1r1b,True,73.32773971006387,4.949381743889725,0.8425035281913287,2.7077718264887833,37,6
ORBm,030 L6 CT CTX Glut,Plekha7,False,72.35351699063068,4.733492333055604,0.835815559094379,2.695275205434034,38,32
ORBm,030 L6 CT CTX Glut,Bcl2,False,78.60439099426654,5.408283404168596,0.785768835777203,2.6812156430292715,39,33
ORBm,030 L6 CT CTX Glut,Ighm,False,42.82384748053885,3.000584424539462,1.0450746787234335,2.676760362338153,40,34
ORBm,030 L6 CT CTX Glut,Mylk,False,33.04432946441057,2.0652257799018665,1.1449292677871021,2.6640262113786015,41,35
ORBm,030 L6 CT CTX Glut,Ttc9b,False,99.21689274227381,8.87461182536909,0.6577043819860684,2.6542900037386916,42,36
ORBm,030 L6 CT CTX Glut,Ccdc12,False,93.67920570549573,7.076716752395271,0.6740145102891608,2.6456577100393917,43,37
ORBm,030 L6 CT CTX Glut,Madd,False,96.2662564676269,7.421957329881779,0.646105344870243,2.629579428484896,44,38
ORBm,030 L6 CT CTX Glut,Rps6kl1,False,62.99352071971286,3.9637378883246237,0.814957596525586,2.6142534783540103,45,39
ORBm,030 L6 CT CTX Glut,Zyx,False,48.47340698270638,2.9296006571355804,0.9026667271821593,2.588170272627832,46,40
ORBm,030 L6 CT CTX Glut,Slc16a10,False,53.12543700181793,3.3456934939474126,0.860617243873524,2.585919759387375,47,41
ORBm,030 L6 CT CTX Glut,Ephb6,False,77.1873397660001,5.1128368336787755,0.6892279721945203,2.5767740455787926,48,42
ORBm,030 L6 CT CTX Glut,Zfhx3,False,39.686757096909524,2.4413016825207285,0.9454754306421713,2.544121043722757,49,43
ORBm,030 L6 CT CTX Glut,Fstl1,False,69.44483289050483,4.570719838114611,0.6947445070931733,2.5363844442708494,50,44
ORBm,030 L6 CT CTX Glut,Lpgat1,False,99.26350626951941,8.64560957541306,0.5342809316004189,2.5310705432496547,51,45
ORBm,030 L6 CT CTX Glut,Stim2,False,90.79848972171725,6.671517132234669,0.5500595237723216,2.508138148604208,52,46
ORBm,030 L6 CT CTX Glut,Stxbp5,False,95.1055796392113,7.324548044121583,0.5194709624105318,2.497676959215842,53,47
ORBm,030 L6 CT CTX Glut,Col23a1,True,46.48300936931898,3.2132722987709905,0.8300423852638872,2.497336622335091,54,7
ORBm,030 L6 CT CTX Glut,Fxyd2,False,46.24994173309094,2.7961305477722194,0.8321792926184817,2.4972904825581166,55,48
ORBm,030 L6 CT CTX Glut,St6gal2,False,88.13219596326854,6.331203427619491,0.519741491061275,2.4648760825024505,56,49
ORBm,030 L6 CT CTX Glut,Carmil1,False,78.7628769869016,5.329610219742153,0.5625243508679345,2.458845922182618,57,50
ORBm,030 L6 CT CTX Glut,Brd9,False,77.9331562019298,5.270626301254886,0.5410559051233239,2.4327781701386546,58,51
ORBm,030 L6 CT CTX Glut,Rell1,False,66.72260289936139,4.436305414561774,0.6068256222691324,2.4310986023865238,59,52
ORBm,030 L6 CT CTX Glut,Paqr9,False,80.33375285507854,5.418462198797386,0.5235835756792415,2.428481631528264,60,53
ORBm,030 L6 CT CTX Glut,Sil1,False,54.999300797091315,3.456245517472879,0.6744509390859124,2.41480810745479,61,54
ORBm,030 L6 CT CTX Glut,Med10,False,69.58001211951708,4.451526601836992,0.5399673645407277,2.382451864598158,62,55
ORBm,030 L6 CT CTX Glut,Zdhhc13,False,55.95021675290169,3.3974282231991237,0.615682242015597,2.363484015353724,63,56
ORBm,030 L6 CT CTX Glut,Ripor1,False,66.01873863795274,4.191067382460601,0.5048493901277866,2.324516612518172,64,57
ORBm,030 L6 CT CTX Glut,Gm9899,False,38.42353050855358,2.245891566421693,0.6802079072127529,2.2648051742959234,65,58
ORBm,030 L6 CT CTX Glut,Slc50a1,False,48.36619587004149,2.9226106265950067,0.5388934516560879,2.2234353819715795,66,59
ORBm,030 L6 CT CTX Glut,Ccn4,False,45.9702605696173,2.85034998994782,0.5548453562018594,2.217322321636446,67,60
ORBm,030 L6 CT CTX Glut,Gm13561,False,26.25273854472568,1.579202505367839,0.7796070730141879,2.1987816863877114,68,61
ORBm,030 L6 CT CTX Glut,Sebox,False,31.781102876054632,1.9364581088533448,0.5326493605019291,2.0348183246342693,69,62
ORBm,030 L6 CT CTX Glut,N4bp3,False,32.54090337015802,1.9041192925115824,0.5131693739883207,2.0255989792341813,70,63
ORBm,032 L5 NP CTX Glut,Tshz2,True,99.94984954864594,11.912571617928048,8.83496060363899,10.83474274836384,1,1
ORBm,032 L5 NP CTX Glut,Lypd1,False,99.14744232698094,9.957836167145159,5.972476165557584,7.968757680895619,2,1
ORBm,032 L5 NP CTX Glut,Vwc2l,False,97.06619859578736,8.827382422258765,4.938913798947122,6.925981820626459,3,2
ORBm,032 L5 NP CTX Glut,Myl4,False,92.42728184553661,7.962698993137631,4.699926791913768,6.665726973157205,4,3
ORBm,032 L5 NP CTX Glut,Trhr,True,71.16349047141425,5.316868931264313,4.290426767885899,6.142684009367736,5,2
ORBm,032 L5 NP CTX Glut,Lcp1,False,68.1544633901705,4.926359668299332,4.286369400491613,6.11986370324847,6,4
ORBm,032 L5 NP CTX Glut,Abi3bp,False,67.00100300902709,5.213010165612461,3.959039802117241,5.785121106281131,7,5
ORBm,032 L5 NP CTX Glut,Stard5,False,75.80240722166499,5.622172560710965,3.6041627150593167,5.483845712597516,8,6
ORBm,032 L5 NP CTX Glut,Gm28905,False,94.95987963891675,8.136053335224254,3.4364732762207506,5.414013431701958,9,7
ORBm,032 L5 NP CTX Glut,Slc17a6,True,70.68706118355065,5.134154965191213,3.5240785094285556,5.37341843566054,10,3
ORBm,032 L5 NP CTX Glut,Kremen1,False,67.75325977933801,4.759657391573984,3.414131024826227,5.245061219872621,11,8
ORBm,032 L5 NP CTX Glut,Etv1,True,99.82447342026079,9.893721149104051,3.1587686963722614,5.158005724316741,12,4
ORBm,032 L5 NP CTX Glut,Htr2c,True,90.19558676028085,8.336243016310895,3.1849194112649544,5.140104699443848,13,5
ORBm,032 L5 NP CTX Glut,Mcc,False,92.40220661985958,7.693708607760691,3.13296908058604,5.098651423141492,14,9
ORBm,032 L5 NP CTX Glut,Il11ra1,False,85.35606820461385,6.501495026657311,2.968788494845964,4.900022896618896,15,10
ORBm,032 L5 NP CTX Glut,Trpc3,False,81.74523570712137,6.1729309038747635,2.945359339895291,4.857821790323612,16,11
ORBm,032 L5 NP CTX Glut,Tmtc1,False,92.40220661985958,7.4975271394762135,2.8177031052286985,4.78338544778415,17,12
ORBm,032 L5 NP CTX Glut,9330158H04Rik,False,56.39418254764293,4.030272194590707,2.927540530589533,4.678774836385546,18,13
ORBm,032 L5 NP CTX Glut,Rnf152,False,94.63390170511535,7.820628254439909,2.6433011332695022,4.619347879458797,19,14
ORBm,032 L5 NP CTX Glut,Sla2,False,45.486459378134406,3.022670252272932,2.864914881289292,4.522797014373751,20,15
ORBm,032 L5 NP CTX Glut,Myzap,False,43.204613841524576,2.8408620805893405,2.7389800672227183,4.374510195031129,21,16
ORBm,032 L5 NP CTX Glut,Mirt1,False,45.63691073219659,3.054420714153569,2.6263365569714567,4.2856527953169135,22,17
ORBm,032 L5 NP CTX Glut,Chrm2,True,90.7221664994985,7.835376521768637,2.2255716028970536,4.18328501578123,23,6
ORBm,032 L5 NP CTX Glut,Traip,False,65.69709127382147,4.889042298557048,2.3130107542203535,4.130556895900481,24,18
ORBm,032 L5 NP CTX Glut,Dcc,False,99.84954864593782,10.602659233833627,2.0584894147246473,4.05783552077642,25,19
ORBm,032 L5 NP CTX Glut,Plcxd3,False,94.58375125376128,8.117091963738352,1.9161878437840913,3.892004378209764,26,20
ORBm,032 L5 NP CTX Glut,Slit1,False,87.91374122367101,6.833091204001408,1.924546153885152,3.8686029160033097,27,21
ORBm,032 L5 NP CTX Glut,Gm15942,False,41.17352056168505,2.7240585740375423,2.086588218035562,3.7012062211793655,28,22
ORBm,032 L5 NP CTX Glut,Sfmbt2,False,58.80140421263791,4.031757535403567,1.9316919897680114,3.7010796871794955,29,23
ORBm,032 L5 NP CTX Glut,Adcy2,False,99.74924774322969,10.07744689021211,1.6814402729726954,3.680349902121494,30,24
ORBm,032 L5 NP CTX Glut,Tmem159,False,71.74022066198596,5.0392844894585185,1.6805307262355718,3.536293434401216,31,25
ORBm,032 L5 NP CTX Glut,Amigo2,False,48.8716148445336,3.275562344606566,1.7481383272187043,3.4371950166967076,32,26
ORBm,032 L5 NP CTX Glut,Pdk1,False,80.39117352056168,5.964750082227387,1.4801392798278004,3.3853476482063085,33,27
ORBm,032 L5 NP CTX Glut,Xkr6,False,87.71313941825477,7.00722084576292,1.3641419867584208,3.3072066422614603,34,28
ORBm,032 L5 NP CTX Glut,Ccdc134,False,45.135406218655966,2.946502241351779,1.639718275182353,3.2942356306460407,35,29
ORBm,032 L5 NP CTX Glut,Cntn6,False,93.1544633901705,8.14315684126277,1.3220602515010587,3.291263919958035,36,30
ORBm,032 L5 NP CTX Glut,Rit2,False,96.2136409227683,8.038975141949974,1.3054892108657326,3.2887258604244307,37,31
ORBm,032 L5 NP CTX Glut,Unc13b,False,92.80341023069208,7.478637086830981,1.307110942944516,3.2746748784000097,38,32
ORBm,032 L5 NP CTX Glut,Tbc1d23,False,78.53560682046138,5.7873418747242855,1.3441847416264032,3.2392513453726908,39,33
ORBm,032 L5 NP CTX Glut,Pid1,False,97.96890672016048,8.83101600749323,1.246207374255654,3.2372956358408205,40,34
ORBm,032 L5 NP CTX Glut,Dcbld1,False,53.88665997993982,3.684509421781886,1.497958065514831,3.229439331366656,41,35
ORBm,032 L5 NP CTX Glut,Hlf,False,97.26680040120361,8.493738170373165,1.208643137674951,3.1966077676353892,42,36
ORBm,032 L5 NP CTX Glut,Trp53i11,False,88.46539618856569,7.093524218562135,1.2314095052709328,3.178182932091097,43,37
ORBm,032 L5 NP CTX Glut,4930598N05Rik,False,37.71313941825476,2.480266630111511,1.5967007888593634,3.173193475475369,44,38
ORBm,032 L5 NP CTX Glut,Gm17634,False,32.52256770310933,2.0710479770763706,1.6052246104002537,3.1174094368447154,45,39
ORBm,032 L5 NP CTX Glut,Rnf182,False,52.60782347041123,3.549817850023,1.3827850292124895,3.1038353634304103,46,40
ORBm,032 L5 NP CTX Glut,Spon1,False,92.72818455366098,7.75046931513573,1.1359446533903128,3.103156410573849,47,41
ORBm,032 L5 NP CTX Glut,Rnpep,False,62.98896690070211,4.276493704187476,1.2888660276053971,3.0881305130309373,48,42
ORBm,032 L5 NP CTX Glut,Irak2,False,55.66700100300903,3.741068853298903,1.3029580976574997,3.04855592246852,49,43
ORBm,032 L5 NP CTX Glut,Samd4,False,82.12136409227683,6.211835639287859,1.1339559635916139,3.0484121182797974,50,44
ORBm,032 L5 NP CTX Glut,Prkca,False,99.24774322968906,9.550874251659321,1.048440924705007,3.0451615649357664,51,45
ORBm,032 L5 NP CTX Glut,Olfm3,False,99.32296890672016,9.562130123346954,1.047596960778968,3.0446466535436425,52,46
ORBm,032 L5 NP CTX Glut,Neto2,False,98.31995987963892,8.811306039213298,1.0470140904805039,3.039655783141092,53,47
ORBm,032 L5 NP CTX Glut,Plcxd2,False,87.93881644934804,7.144645566806392,1.0890771395529644,3.033257755794849,54,48
ORBm,032 L5 NP CTX Glut,Efr3a,False,99.44834503510532,9.197605678047555,1.0126676405659953,3.0102652007956614,55,49
ORBm,032 L5 NP CTX Glut,Slc17a8,False,26.35406218655968,1.8377382513752194,1.5795404669513913,3.0003880333400152,56,50
ORBm,032 L5 NP CTX Glut,Camk2d,False,97.39217652958877,8.531009887381567,1.0074929845590601,2.9960170561554094,57,51
ORBm,032 L5 NP CTX Glut,Cbln2,True,89.21765295887663,7.070262014566955,0.9897713253961333,2.9402221195044214,58,7
ORBm,032 L5 NP CTX Glut,Senp7,False,85.20561685055165,6.459091751123503,1.0036367558852257,2.9341049807786344,59,52
ORBm,032 L5 NP CTX Glut,Gm15270,False,58.29989969909729,3.950644319609869,1.1352553665103837,2.9009231740967385,60,53
ORBm,032 L5 NP CTX Glut,Wscd1,False,54.839518555667,3.71218747731556,1.1516542230934048,2.8907478564914237,61,54
ORBm,032 L5 NP CTX Glut,Col24a1,False,40.17051153460381,2.6964257105422713,1.2781150241662353,2.882022386274836,62,55
ORBm,032 L5 NP CTX Glut,Ube2cbp,False,34.478435305917756,2.2365656386885266,1.3366366379687067,2.87418418649537,63,56
ORBm,032 L5 NP CTX Glut,Lrrc1,False,41.875626880641924,2.7242567622912683,1.2108541385338303,2.8328154600417954,64,57
ORBm,032 L5 NP CTX Glut,Grm4,False,45.486459378134406,2.971589933068248,1.1596667092568498,2.817548842341308,65,58
ORBm,032 L5 NP CTX Glut,Kcnk2,False,97.19157472417251,8.287740118166388,0.8257503568914801,2.81337897563059,66,59
ORBm,032 L5 NP CTX Glut,Armh4,False,63.81644934804413,4.465765959281501,0.9904529867016025,2.795385623734762,67,60
ORBm,032 L5 NP CTX Glut,Stxbp4,False,61.860581745235706,4.2726833088586895,0.9894478063733394,2.7808618062234576,68,61
ORBm,032 L5 NP CTX Glut,Rapgef3,False,38.51554663991976,2.5522811859995573,1.164860811077388,2.750496877133263,69,62
ORBm,032 L5 NP CTX Glut,Marcks,False,99.19759277833501,9.037542071481168,0.7516086962574686,2.748109829542992,70,63
ORBm,032 L5 NP CTX Glut,Sept3,False,98.97191574724172,9.338894121864495,0.7411136252336874,2.7366256019895845,71,64
ORBm,032 L5 NP CTX Glut,Rgs6,False,99.42326980942829,9.855274245397018,0.7143789227614246,2.711866964775429,72,65
ORBm,032 L5 NP CTX Glut,Lrch1,False,77.3319959879639,5.714316993443633,0.7839667833957158,2.672326003135017,73,66
ORBm,032 L5 NP CTX Glut,Agbl4,False,99.32296890672016,9.70599129015847,0.67403542935023,2.6710851221149046,74,67
ORBm,032 L5 NP CTX Glut,Scai,False,96.28886659979939,8.247014863799544,0.6834549961042127,2.6670310708321256,75,68
ORBm,032 L5 NP CTX Glut,Cpne4,False,96.89067201604814,8.72873141868423,0.6719552673451972,2.658237235449035,76,69
ORBm,032 L5 NP CTX Glut,Gm16638,False,40.496489468405215,2.600412572637843,1.0371850766770925,2.644602453704596,77,70
ORBm,032 L5 NP CTX Glut,Ssbp2,False,96.86559679037111,8.324655705493097,0.6415644202425925,2.627733978747795,78,71
ORBm,032 L5 NP CTX Glut,Ascl1,False,30.792377131394183,1.9462648772428124,1.1315510627749625,2.619994279940493,79,72
ORBm,032 L5 NP CTX Glut,Dync1i1,False,98.72116349047141,8.928294469026051,0.604945720982963,2.5993559861335744,80,73
ORBm,032 L5 NP CTX Glut,Zeb1,False,90.62186559679037,7.334672120652921,0.6383910313099026,2.5956240298951974,81,74
ORBm,032 L5 NP CTX Glut,Zfp444,False,58.65095285857573,3.9423888848801196,0.8245633981271712,2.592838470296706,82,75
ORBm,032 L5 NP CTX Glut,Gm17167,False,81.3691073219659,6.105316393951714,0.6708504840506411,2.581310035547411,83,76
ORBm,032 L5 NP CTX Glut,Htr4,False,61.9358074222668,4.526141637904474,0.7862959881564766,2.578237791776524,84,77
ORBm,032 L5 NP CTX Glut,Grm5,True,99.97492477432297,11.055101147625846,0.5717427848776371,2.5716338709004134,85,8
ORBm,032 L5 NP CTX Glut,Fam189a1,False,96.71514543630893,8.372635700518533,0.5722508512591524,2.5577453404855763,86,78
ORBm,032 L5 NP CTX Glut,Kcnd2,False,99.94984954864594,10.715420048837078,0.5508979562099796,2.55068010093483,87,79
ORBm,032 L5 NP CTX Glut,Tceal9,False,92.35205616850551,7.258596164412579,0.5823094570621477,2.5477560262774426,88,80
ORBm,032 L5 NP CTX Glut,Sh3gl3,False,74.47342026078235,5.383075809765723,0.6565147721465152,2.5285160718241095,89,81
ORBm,032 L5 NP CTX Glut,Fra10ac1,False,51.90571715145436,3.4523990137526837,0.8039481521098009,2.5191633479271003,90,82
ORBm,032 L5 NP CTX Glut,Kif2a,False,86.50952858575727,6.635465575077589,0.5679624550195168,2.505026400453173,91,83
ORBm,032 L5 NP CTX Glut,Prr16,False,94.48345035105316,8.08762945502309,0.5240495916424717,2.4994053361236936,92,84
ORBm,032 L5 NP CTX Glut,Slc35d1,False,52.08124373119358,3.4689993290389434,0.7656531480147097,2.482334494910191,93,85
ORBm,032 L5 NP CTX Glut,Dcx,False,71.91574724172517,5.148051268836799,0.5950469939186291,2.451870991274774,94,86
ORBm,032 L5 NP CTX Glut,Cdc5l,False,55.29087261785356,3.718420405564839,0.6977655079173184,2.440418952081558,95,87
ORBm,032 L5 NP CTX Glut,D030068K23Rik,False,45.18555667001003,2.9721252827371734,0.7693366660245489,2.424336303027975,96,88
ORBm,032 L5 NP CTX Glut,Rnd3,False,49.14744232698094,3.292316050323823,0.7290637599771195,2.4205646816939774,97,89
ORBm,032 L5 NP CTX Glut,B3glct,False,77.9839518555667,5.679442898918657,0.5202308466226881,2.4122360860099077,98,90
ORBm,032 L5 NP CTX Glut,Hrh2,False,54.4383149448345,3.6842124885398384,0.6703950428844636,2.4062997166992655,99,91
ORBm,032 L5 NP CTX Glut,Wdr35,False,60.130391173520565,4.108753889111602,0.6110792143992754,2.3901732435224874,100,92
ORBm,032 L5 NP CTX Glut,Wwtr1,False,25.025075225677032,1.7376582963296858,0.9898737427263556,2.388249134374109,101,93
ORBm,032 L5 NP CTX Glut,Fbxo10,False,65.79739217652958,4.5479054637514835,0.5514110006428412,2.369619681706846,102,94
ORBm,032 L5 NP CTX Glut,Nova1,False,61.81043129388164,4.289333606435878,0.5779082737200953,2.3689700476937263,103,95
ORBm,032 L5 NP CTX Glut,Gm30648,False,31.569709127382147,2.027204982256339,0.793137417809354,2.2924079982775982,104,96
ORBm,032 L5 NP CTX Glut,Minar2,False,53.88665997993982,3.5806085598265516,0.5567584760244353,2.288239741876261,105,97
ORBm,032 L5 NP CTX Glut,Zfp64,False,45.01003009027081,2.9628776772211163,0.5871574425945623,2.2404667458692824,106,98
ORBm,032 L5 NP CTX Glut,Tead1,False,40.12036108324975,2.64686260012949,0.6047265745851247,2.2080914076014313,107,99
ORBm,032 L5 NP CTX Glut,Nudt16,False,37.236710130391174,2.3814085907299996,0.6337414921735387,2.2047127961871515,108,100
ORBm,032 L5 NP CTX Glut,Arhgef15,False,39.56870611835507,2.526424453633958,0.604748015389327,2.2020998646231105,109,101
ORBm,032 L5 NP CTX Glut,Dusp5,True,40.59679037111334,2.669163857682897,0.587141196578675,2.1956328956924307,110,9
ORBm,032 L5 NP CTX Glut,Plekhb1,False,33.149448345035104,2.1903411421397982,0.6730864518966944,2.1935627574066974,111,102
ORBm,032 L5 NP CTX Glut,Aldh2,False,38.44032096288866,2.466218594323429,0.5716808264861781,2.156467831700935,112,103
ORBm,032 L5 NP CTX Glut,Gm13483,False,32.64794383149448,2.1225368839089827,0.6327437825350408,2.146599617127596,113,104
ORBm,032 L5 NP CTX Glut,Dkk2,False,30.616850551654966,2.1768954340648747,0.6214593363066716,2.1074198506119357,114,105
ORBm,032 L5 NP CTX Glut,Stxbp2,False,34.85456369107322,2.2279192520120557,0.5548498717413275,2.0971095223558045,115,106
ORBm,032 L5 NP CTX Glut,Plek,False,31.59478435305918,1.9920891371509855,0.5554517878839615,2.0550671833619063,116,107
ORBm,046 Vip Gaba,Vip,True,88.31448572967152,10.118196667171514,9.505026170922882,11.451058115230799,1,1
ORBm,046 Vip Gaba,Calb2,True,66.5589660743134,5.518992747038234,4.326536305023605,6.149742872036622,2,2
ORBm,046 Vip Gaba,Tac2,True,45.745826602046314,4.049838015258986,3.5665404413925903,5.226891920857875,3,3
ORBm,046 Vip Gaba,Crh,True,56.08508346795907,4.853512962723395,3.461570578459771,5.210417949003755,4,4
ORBm,046 Vip Gaba,Cxcl14,False,59.18147549811524,5.622738806868858,3.3491115180185207,5.121297306702231,5,1
ORBm,046 Vip Gaba,Ptprz1,False,85.05654281098546,7.413247120271271,3.0681915044036785,4.997899230905066,6,2
ORBm,046 Vip Gaba,Cpne2,False,59.396876682821755,4.3339679411937935,3.021974610039484,4.795738218739894,7,3
ORBm,046 Vip Gaba,Grpr,False,45.82660204631126,3.225256143877053,3.0519483911303826,4.71306604747519,8,4
ORBm,046 Vip Gaba,Slc5a7,False,40.41464728056004,3.0615855408536534,3.039570944869006,4.646109737708515,9,5
ORBm,046 Vip Gaba,Penk,True,59.98922994076467,4.863674313776841,2.814688882141362,4.5927621692392915,10,5
ORBm,046 Vip Gaba,Asic4,False,60.33925686591276,4.257908637766307,2.6543848903791147,4.434984847510414,11,6
ORBm,046 Vip Gaba,Rgs12,False,60.123855681206244,4.714708499774923,2.528127310183312,4.307174133850989,12,7
ORBm,046 Vip Gaba,Ap1s2,False,91.4647280560043,7.559369951534733,2.3447132083075672,4.305966855773834,13,8
ORBm,046 Vip Gaba,Htr3a,False,43.32256327409801,3.2298009787186155,2.5729943260486055,4.209708470743873,14,9
ORBm,046 Vip Gaba,Cnr1,True,98.59989229940764,9.593472531616014,2.1520531493574566,4.145929589919373,15,6
ORBm,046 Vip Gaba,Prox1os,False,57.37749057619817,4.12104947732608,2.3416519358895407,4.100393486199981,16,10
ORBm,046 Vip Gaba,Gm42303,False,47.711362412493266,3.470206791184959,2.406922421284448,4.0855442394317185,17,11
ORBm,046 Vip Gaba,Sall1,False,39.66074313408724,2.6543964967332223,2.2798650422878333,3.8782258897267026,18,12
ORBm,046 Vip Gaba,Pthlh,False,42.46095853527194,3.0855660795459325,2.247186051402707,3.875175845327848,19,13
ORBm,046 Vip Gaba,Dennd2a,False,65.67043618739903,4.856269273567919,2.0159697780216277,3.8333396789315968,20,14
ORBm,046 Vip Gaba,Adra1b,True,76.17124394184168,6.131064567504291,1.9514938081664024,3.8332848562196316,21,7
ORBm,046 Vip Gaba,Npy2r,True,41.49165320409262,3.088658905440142,2.185300597749573,3.8032613370642308,22,8
ORBm,046 Vip Gaba,Igsf3,False,87.04900376952074,6.9765124097586835,1.8338740776656044,3.773637882873399,23,15
ORBm,046 Vip Gaba,Dlx1,True,81.9870759289176,6.489057451534733,1.7321591926549091,3.6459045902200415,24,9
ORBm,046 Vip Gaba,Fxyd6,False,98.24986537425956,9.252499253247846,1.6085249733872597,3.6008569373481465,25,16
ORBm,046 Vip Gaba,Slc44a5,False,78.16370490037696,6.622913169552706,1.64579395021297,3.538799086640882,26,17
ORBm,046 Vip Gaba,Plpp4,False,45.39579967689822,3.584500790926225,1.8524154777613466,3.509431148646309,27,18
ORBm,046 Vip Gaba,Gpd1,False,76.81744749596123,6.289725143933849,1.602188550698357,3.487648422951672,28,19
ORBm,046 Vip Gaba,Shisa6,False,90.57619816908993,7.798097280770396,1.4250876252638607,3.382101712985974,29,20
ORBm,046 Vip Gaba,Cp,False,29.88691437802908,2.13748519807075,1.8740115894772118,3.3494926688601074,30,21
ORBm,046 Vip Gaba,Mir670hg,False,70.24771136241249,5.634738837895884,1.4945904791894353,3.3412226588858944,31,22
ORBm,046 Vip Gaba,Lima1,False,47.60366182014001,3.3300217570447126,1.6226993197882702,3.300339681061563,32,23
ORBm,046 Vip Gaba,Dach2,False,29.10608508346796,2.0857079854625233,1.827339579908799,3.291323374458348,33,24
ORBm,046 Vip Gaba,Wnt5b,False,48.16908992999461,3.6564497036130184,1.6051193921613143,3.287887833324926,34,25
ORBm,046 Vip Gaba,Asic1,False,70.11308562197092,5.119344732873081,1.3603858411812744,3.206184921673667,35,26
ORBm,046 Vip Gaba,Pde3a,False,28.056004308023695,2.1312145752873417,1.7397356440455451,3.1877614636052893,36,27
ORBm,046 Vip Gaba,Adarb2,False,100.0,12.753180533117932,1.168591562577852,3.168591562577852,37,28
ORBm,046 Vip Gaba,Nr2e1,True,44.0495422724825,3.025620172405089,1.4992705194548672,3.1432119193864096,38,10
ORBm,046 Vip Gaba,Dpf3,False,37.50673128702208,2.643041689805466,1.5491865817405093,3.123295798760711,39,29
ORBm,046 Vip Gaba,Nbea,False,99.91922455573506,10.479847880801527,1.1077855783789463,3.107434633323968,40,30
ORBm,046 Vip Gaba,Thsd7a,False,72.24017232094776,6.613516746442936,1.2481477249210213,3.106926498189199,41,31
ORBm,046 Vip Gaba,Prox1,True,87.93753365643511,7.472785616922455,1.1538315382134963,3.098005819210384,42,11
ORBm,046 Vip Gaba,Adam12,False,43.88799138395261,3.3210378553383313,1.4408535338565487,3.0831992388567446,43,32
ORBm,046 Vip Gaba,Zfp804a,False,92.89176090468497,9.134126547144252,1.077538127922729,3.0455153235922414,44,33
ORBm,046 Vip Gaba,Igf1,False,93.88799138395261,8.74634906561322,1.0423787830615918,3.014988831033807,45,34
ORBm,046 Vip Gaba,Aff2,False,78.78298330640818,6.387918220647381,1.107147091577902,3.0035795139634325,46,35
ORBm,046 Vip Gaba,Sobp,False,99.03069466882067,9.704348464004443,0.9768578366309448,2.972627662129242,47,36
ORBm,046 Vip Gaba,Npy1r,True,69.6822832525579,5.174936519493387,1.1171515059592592,2.9602738785521603,48,12
ORBm,046 Vip Gaba,Tcf12,False,87.31825525040388,7.229021063143679,1.0019878057841565,2.9430928550533677,49,37
ORBm,046 Vip Gaba,Rgs8,False,77.35595045772752,6.033279377860797,1.0399224672911371,2.9284161938793227,50,38
ORBm,046 Vip Gaba,Synpr,True,99.64997307485191,10.51117419939755,0.9181502459803568,2.916627431671707,51,13
ORBm,046 Vip Gaba,Cacng4,False,50.45772751750135,3.5245638730773763,1.1575420612486562,2.860469748396654,52,39
ORBm,046 Vip Gaba,Ogt,False,96.4458804523425,8.357512129463684,0.8687819658550557,2.853065647964307,53,40
ORBm,046 Vip Gaba,Nell1,False,72.05169628432957,6.045206311317818,0.9932671184806745,2.8509113281726983,54,41
ORBm,046 Vip Gaba,Wnt7a,False,37.77598276790523,2.50053146929271,1.2607941317570388,2.838009903381637,55,42
ORBm,046 Vip Gaba,Csmd3,False,99.73074851911686,10.511041742919527,0.8262589982698678,2.825088076876003,56,43
ORBm,046 Vip Gaba,Fstl5,False,88.90683898761444,7.611906266302336,0.8529761439137928,2.801911313436806,57,44
ORBm,046 Vip Gaba,Traf6,False,41.06085083467959,2.8048414847641525,1.1834710401513613,2.7968989844304044,58,45
ORBm,046 Vip Gaba,Fgf1,False,42.03015616585891,2.88071469177016,1.1472319795252457,2.7707929831839015,59,46
ORBm,046 Vip Gaba,Magi3,False,90.44157242864836,7.649961965598917,0.8131074362907,2.7694755407286027,60,47
ORBm,046 Vip Gaba,Bmper,False,43.8610662358643,3.176114297516576,1.0959254794470232,2.738004664351771,61,48
ORBm,046 Vip Gaba,Gm10605,False,27.652127086698975,1.842400620172405,1.2781069520751465,2.7198354962686633,62,49
ORBm,046 Vip Gaba,Gm17750,False,35.164243403338716,2.4759733151798935,1.168942303948231,2.7150435814835245,63,50
ORBm,046 Vip Gaba,Mob3b,False,27.92137856758212,2.019228769362968,1.2651657903339912,2.7111026473192705,64,51
ORBm,046 Vip Gaba,Rgs10,False,84.67959073774905,7.173049359791499,0.7790386247670487,2.706817375144575,65,52
ORBm,046 Vip Gaba,Pard6g,False,36.268174474959615,2.404534327065874,1.1026447767094336,2.6621704730286577,66,53
ORBm,046 Vip Gaba,Enho,False,68.57835218093699,5.150717592008279,0.7999445763985431,2.6361316219583966,67,54
ORBm,046 Vip Gaba,Gm5087,False,63.62412493268713,4.942502253403507,0.8314292349089758,2.6350510571375834,68,55
ORBm,046 Vip Gaba,Limch1,False,97.89983844911147,9.12879574908707,0.6255822512341087,2.616364226380277,69,56
ORBm,046 Vip Gaba,Cit,False,96.76898222940225,9.112343076871298,0.6295574794022976,2.615293652771491,70,57
ORBm,046 Vip Gaba,Kif6,False,27.78675282714055,1.8787290278338717,1.171300773618102,2.615138571505533,71,58
ORBm,046 Vip Gaba,Cers5,False,71.27086698976845,5.222209151868353,0.7450017215341314,2.597913763431718,72,59
ORBm,046 Vip Gaba,Uchl3,False,65.07808292945612,4.658329468102114,0.7570035376578499,2.5704382886617387,73,60
ORBm,046 Vip Gaba,Eva1c,False,26.46742057081314,1.734272453049273,1.1430514361144581,2.565763054542832,74,61
ORBm,046 Vip Gaba,Dlx2,False,43.45718901453958,2.9046687062992227,0.9163280413566908,2.5543896723389805,75,62
ORBm,046 Vip Gaba,Wnt5a,False,43.02638664512655,3.1673891296551058,0.9134338385028822,2.547168714077093,76,63
ORBm,046 Vip Gaba,Rgs16,False,35.164243403338716,2.4018248525690375,0.9927981254139624,2.538899402949256,77,64
ORBm,046 Vip Gaba,Mir99ahg,False,98.73451803984922,9.387970414415893,0.5230756873758562,2.5175446979326974,78,65
ORBm,046 Vip Gaba,Amer2,False,72.18632202477113,5.3940540122677705,0.6587420240734314,2.5171969386525492,79,66
ORBm,046 Vip Gaba,Gphn,False,96.52665589660744,8.593135901529685,0.517309940800283,2.5019572014003404,80,67
ORBm,046 Vip Gaba,E130308A19Rik,False,54.68497576736672,3.8315592053505316,0.7531264338677102,2.490994457868755,81,68
ORBm,046 Vip Gaba,Amotl1,False,57.08131394722671,4.00575597349135,0.7045231936641159,2.461017155189106,82,69
ORBm,046 Vip Gaba,Zfp618,False,33.19870759289176,2.19395603720193,0.938390572196919,2.4595117493888887,83,70
ORBm,046 Vip Gaba,Chd7,False,29.563812600969307,2.0335667393961194,0.9817308943673506,2.452491335077662,84,71
ORBm,046 Vip Gaba,Pbx3,False,43.26871297792138,3.4133226993460135,0.7855720909165931,2.421746068276176,85,72
ORBm,046 Vip Gaba,Htra1,False,34.464189553042544,2.2830134624425735,0.8771854961382435,2.4145535663823505,86,73
ORBm,046 Vip Gaba,Airn,False,45.98815293484114,3.302894834683798,0.7469354882336692,2.409581455182894,87,74
ORBm,046 Vip Gaba,Pcdh8,False,49.94614970382337,3.5846499112837407,0.5987351682637856,2.297237182811089,88,75
ORBm,046 Vip Gaba,Pcbd1,False,30.37156704361874,1.9995503381945847,0.7993184216557159,2.281785621899278,89,76
ORBm,046 Vip Gaba,Gm47710,False,32.01400107700592,2.1781324017863155,0.7693809286962598,2.27472088391119,90,77
ORBm,046 Vip Gaba,Cacng5,False,42.1917070543888,3.0512917826236032,0.6291920988199187,2.254419195884747,91,78
ORBm,046 Vip Gaba,Sncaip,False,39.337641357027465,2.711087113371702,0.5187166134392451,2.1135249299697803,92,79
ORBm,046 Vip Gaba,Scml4,False,28.513731825525042,1.9467736132759912,0.6480534606820445,2.103107521385768,93,80
ORBm,046 Vip Gaba,Amotl2,False,28.56758212170167,1.8671698336583282,0.566801109257705,2.0226745937552844,94,81
ORBm,046 Vip Gaba,Npy5r,False,27.679052234787292,1.7893582756441,0.5055185198648298,1.9476697351203252,95,82
ORBm,049 Lamp5 Gaba,Hapln1,False,90.08033531260915,7.7025228774177,6.476683014613736,8.431313008730076,1,1
ORBm,049 Lamp5 Gaba,Sv2c,False,89.27698218651764,7.922897695953764,6.078353327472973,8.029092828937737,2,2
ORBm,049 Lamp5 Gaba,Kit,False,96.08801955990221,9.2236479060699,5.212359327381154,7.1950285697492395,3,3
ORBm,049 Lamp5 Gaba,Pde11a,False,71.56828501571778,6.173250433535081,5.270647962015524,7.125368572395121,4,4
ORBm,049 Lamp5 Gaba,Ndnf,True,61.43904994760741,5.524983738170734,4.9922084066261005,6.780652898061963,5,1
ORBm,049 Lamp5 Gaba,Gm16070,False,72.79077890324834,5.291687629958195,4.356053451622174,6.2181298182280615,6,5
ORBm,049 Lamp5 Gaba,Crispld1,False,79.49703108627314,6.032240973874651,4.159901601559124,6.0602525112605585,7,6
ORBm,049 Lamp5 Gaba,Pip5k1b,False,98.14879497031086,8.579759326632356,3.769642512582954,5.761527484466435,8,7
ORBm,049 Lamp5 Gaba,Fgf13,False,99.61578763534754,10.739625771562828,3.6646438138029156,5.662971986961145,9,8
ORBm,049 Lamp5 Gaba,Pnoc,True,84.31714984282222,6.737791646996704,3.6022947011867195,5.528210618926451,10,2
ORBm,049 Lamp5 Gaba,Myo3b,False,58.47013622074747,4.100543918536337,3.5176770116606173,5.28461111729626,11,9
ORBm,049 Lamp5 Gaba,Atp11c,False,74.67691232972406,5.314474699424773,3.1944781031947143,5.067664456045875,12,10
ORBm,049 Lamp5 Gaba,Tnfaip8l3,False,74.11805798113866,5.158955927458086,2.9937231795097734,4.863647211053497,13,11
ORBm,049 Lamp5 Gaba,Hcrtr2,True,70.24100593782745,5.296429206722898,2.7649464711594054,4.611537193734549,14,3
ORBm,049 Lamp5 Gaba,Resp18,False,84.56164862032833,6.212039799611968,2.628588570152911,4.555762011573045,15,12
ORBm,049 Lamp5 Gaba,Igsf11,False,81.41809290953545,6.192218531356422,2.5222507081912005,4.432971633690179,16,13
ORBm,049 Lamp5 Gaba,Ddr2,False,46.34998253580161,2.9808020450167003,2.702814723961533,4.36886429880437,17,14
ORBm,049 Lamp5 Gaba,Cryab,False,96.57701711491443,7.937233901215399,2.3670077359095645,4.351881523528683,18,15
ORBm,049 Lamp5 Gaba,Rassf2,False,67.16730702060775,4.537005425498821,2.5216233171545492,4.34878125337143,19,16
ORBm,049 Lamp5 Gaba,Npy,True,78.03003842123647,8.120635570615395,2.379953271004191,4.272215091762183,20,4
ORBm,049 Lamp5 Gaba,Gm3510,False,58.19070904645477,4.171251921232372,2.5012781327094933,4.266131781758664,21,17
ORBm,049 Lamp5 Gaba,Tent5a,False,74.53719874257771,5.744373722589395,2.3857265923000757,4.258099659366928,22,18
ORBm,049 Lamp5 Gaba,Adamts17,False,85.57457212713936,6.705502791542962,2.3119403262774005,4.244285062620334,23,19
ORBm,049 Lamp5 Gaba,Pld5,True,90.88368843870066,7.5474274928778815,2.263448125218364,4.221934069422333,24,5
ORBm,049 Lamp5 Gaba,Acss1,False,53.54523227383863,3.5204143730693875,2.471090284014986,4.199811090847763,25,20
ORBm,049 Lamp5 Gaba,Thrsp,False,50.57631854697869,3.292863649294337,2.4305212116848893,4.134468425524419,26,21
ORBm,049 Lamp5 Gaba,Eepd1,False,74.11805798113866,5.228912449449332,2.203705960706289,4.073629992250012,27,22
ORBm,049 Lamp5 Gaba,Tnnt1,False,38.21166608452672,2.693802897846037,2.450204477522651,4.032400451498464,28,23
ORBm,049 Lamp5 Gaba,Kctd6,False,70.83478868319943,4.8131283444622115,2.1698211907096248,4.020067793349325,29,24
ORBm,049 Lamp5 Gaba,Jam2,False,44.91791826755152,2.9654135322637423,2.3499341777934983,4.002353798360103,30,25
ORBm,049 Lamp5 Gaba,Disp3,False,68.84387006636395,4.700246178683309,2.161438003160734,3.9993032794185783,31,26
ORBm,049 Lamp5 Gaba,Homer2,False,92.63010827803004,7.546692043761461,1.988512031807124,3.955264203518261,32,27
ORBm,049 Lamp5 Gaba,Vcan,False,40.93608103388055,2.7654488017581538,2.3374882047584875,3.949594468418961,33,28
ORBm,049 Lamp5 Gaba,Nyap2,False,98.53300733496333,9.743238592331034,1.940478685383253,3.9340604235170207,34,29
ORBm,049 Lamp5 Gaba,Tmeff1,False,94.06217254628012,7.5551768471800775,1.9516057316720596,3.9250207370619714,35,30
ORBm,049 Lamp5 Gaba,Plekho1,False,77.645826056584,5.5337255160124865,1.9854397568616262,3.8755578715390184,36,31
ORBm,049 Lamp5 Gaba,Chst7,False,37.443241355221794,2.320220169136668,2.282374939336417,3.8557483766715697,37,32
ORBm,049 Lamp5 Gaba,Alk,False,95.63395040167656,8.832202651556496,1.8751361048694122,3.8557482006457846,38,33
ORBm,049 Lamp5 Gaba,Dner,False,99.75550122249389,9.757595476636178,1.8509812023310666,3.8499180574136047,39,34
ORBm,049 Lamp5 Gaba,Epha3,False,84.77121900104785,6.535885559359173,1.7894073568967839,3.71765578520712,40,35
ORBm,049 Lamp5 Gaba,Srgap1,False,77.54104086622424,5.600275325475353,1.826275596323642,3.715807222752682,41,36
ORBm,049 Lamp5 Gaba,Mpdz,False,87.9846315054139,6.972473293761461,1.7705668819179055,3.71497370139442,42,37
ORBm,049 Lamp5 Gaba,Cachd1,False,43.171498428222144,2.7461383058772486,2.066984818301469,3.7021819410326673,43,38
ORBm,049 Lamp5 Gaba,Popdc3,False,39.78344393992316,2.587680348973569,2.095055286557973,3.6947576626154746,44,39
ORBm,049 Lamp5 Gaba,Tox2,False,75.61997904296193,5.6316348178129365,1.8088401857477958,3.6874767384155813,45,40
ORBm,049 Lamp5 Gaba,Egfr,False,88.36884387006637,7.477814967841316,1.713962485311109,3.6602616584653287,46,41
ORBm,049 Lamp5 Gaba,Cplx3,False,89.31191058330423,6.995506379889975,1.653503665172452,3.6044130451771887,47,42
ORBm,049 Lamp5 Gaba,Mgll,False,93.99231575270696,7.946284415044861,1.5938650579134226,3.5669574076555786,48,43
ORBm,049 Lamp5 Gaba,Pdlim5,False,35.90639189661194,2.485079281320948,1.9812542861727263,3.5364260528103846,49,44
ORBm,049 Lamp5 Gaba,Pnp,False,38.00209570380719,2.352098225797759,1.9561032327583172,3.5359107800988796,50,45
ORBm,049 Lamp5 Gaba,Sema3c,False,62.97589940621725,4.614065731899996,1.7197944445353692,3.5189688232361727,51,46
ORBm,049 Lamp5 Gaba,Lamp5,True,92.31575270695075,7.9885027076329465,1.5492635222450701,3.514539337355182,52,6
ORBm,049 Lamp5 Gaba,Colec12,False,38.141809290953546,2.5040838339509475,1.893667520524072,3.475068810871192,53,47
ORBm,049 Lamp5 Gaba,Sox1ot,False,68.42472930492491,4.889322369489227,1.6279886964362515,3.4632017844093896,54,48
ORBm,049 Lamp5 Gaba,Fat1,False,56.89835836535103,3.924745762885304,1.7077851857037984,3.4628849219907094,55,49
ORBm,049 Lamp5 Gaba,Gabrb2,False,97.4851554313657,8.72632671626681,1.4589958095841578,3.44793429805119,56,50
ORBm,049 Lamp5 Gaba,Eps8,False,64.19839329374781,4.4246917415489655,1.6327347153800225,3.4402588744085163,57,51
ORBm,049 Lamp5 Gaba,Gad2,True,100.0,11.405345920745285,1.4021041744158484,3.4021041744158484,58,7
ORBm,049 Lamp5 Gaba,Rapgef4os1,False,76.91232972406567,5.385360371346162,1.469229128998705,3.3552250956128393,59,52
ORBm,049 Lamp5 Gaba,Gm31087,False,44.708347886831994,2.796472142386428,1.697138003665224,3.3475266252914935,60,53
ORBm,049 Lamp5 Gaba,Sema5a,True,92.49039469088369,8.396697433103935,1.3803089338331622,3.346405566579226,61,8
ORBm,049 Lamp5 Gaba,Chrna7,False,67.62137617883339,4.870112028398424,1.5123093163734005,3.3423933213241765,62,54
ORBm,049 Lamp5 Gaba,Zmat4,False,99.02200488997555,9.86001072069835,1.3382223202835348,3.3339540354908617,63,55
ORBm,049 Lamp5 Gaba,Unc5c,False,97.13587146349983,10.059370514566233,1.346447452122364,3.333827092964925,64,56
ORBm,049 Lamp5 Gaba,Gm28153,False,37.37338456164862,2.3500995429462375,1.76079326309711,3.333355692760721,65,57
ORBm,049 Lamp5 Gaba,Gm28756,False,46.524624519734544,2.9350589135290233,1.6582320569607658,3.3259149337734497,66,58
ORBm,049 Lamp5 Gaba,Pvt1,False,93.5731749912679,7.650875793734173,1.352491438675239,3.323642804261849,67,59
ORBm,049 Lamp5 Gaba,Nos1,True,68.1453021306322,4.796818697573295,1.4857644211693999,3.3192003425423193,68,9
ORBm,049 Lamp5 Gaba,Adra1a,True,93.53824659448131,8.004420667855506,1.3321804772942105,3.303169701948602,69,10
ORBm,049 Lamp5 Gaba,Fgf9,False,85.81907090464547,6.325260590057959,1.3637792087167995,3.2973630171752815,70,60
ORBm,049 Lamp5 Gaba,Dlx1as,False,92.59517988124345,7.475162891170756,1.3147266419806138,3.2813150216921088,71,61
ORBm,049 Lamp5 Gaba,Irs1,False,57.52706950750961,3.775905319997326,1.5085499280697583,3.268422179217914,72,62
ORBm,049 Lamp5 Gaba,Ghr,False,68.98358365351031,4.989244594967037,1.4257877549981472,3.2645335069390278,73,63
ORBm,049 Lamp5 Gaba,Tbl1x,False,87.49563395040168,6.5338378650426785,1.3121922231291334,3.2541786053107993,74,64
ORBm,049 Lamp5 Gaba,Plekhg1,False,36.011177086971706,2.359689598603137,1.692788068195074,3.2492253854569917,75,65
ORBm,049 Lamp5 Gaba,Parm1,False,96.82151589242054,8.655844093826406,1.2594979600272884,3.2454698379454587,76,66
ORBm,049 Lamp5 Gaba,Gad1,True,99.96507160321342,10.881668714389408,1.2426839170786028,3.242532198480762,77,11
ORBm,049 Lamp5 Gaba,Apba1,False,97.24065665385959,8.550429748897573,1.2235676364239803,3.211415519340906,78,67
ORBm,049 Lamp5 Gaba,Ndst4,False,27.523576667830948,2.018203932548627,1.7563926503742389,3.1960975198421955,79,68
ORBm,049 Lamp5 Gaba,Arl4c,False,95.42438002095703,7.964719547827345,1.1938091399429043,3.1734684869308003,80,69
ORBm,049 Lamp5 Gaba,Fmo1,False,28.676213761788333,1.7715640426140085,1.7112573507073976,3.16877915980524,81,70
ORBm,049 Lamp5 Gaba,Vldlr,False,83.05972755850506,6.054530467180951,1.2484083182370105,3.167798820498085,82,71
ORBm,049 Lamp5 Gaba,Col14a1,False,26.92979392245896,1.8112712384436125,1.7236190246032161,3.1538520546325746,83,72
ORBm,049 Lamp5 Gaba,Nt5dc3,False,89.9406217254628,7.072922621662701,1.1969423617936474,3.1508982471492586,84,73
ORBm,049 Lamp5 Gaba,Cald1,False,50.99545930841774,3.311412793957933,1.4404757916438045,3.148007299406643,85,74
ORBm,049 Lamp5 Gaba,A830018L16Rik,False,99.54593084177436,9.790215409972058,1.1472557533653553,3.1452792653522668,86,75
ORBm,049 Lamp5 Gaba,Gm11906,False,69.68215158924205,4.871611280371333,1.3012572340806208,3.144378786081789,87,76
ORBm,049 Lamp5 Gaba,Nfix,False,99.02200488997555,9.068005997860636,1.1282039212635544,3.1239356364708812,88,77
ORBm,049 Lamp5 Gaba,Gm3764,False,94.65595529165212,7.707147351104065,1.1464570659135882,3.1226050087663952,89,78
ORBm,049 Lamp5 Gaba,Zfp608,False,90.7789032483409,7.075770744193154,1.1529518520998918,3.110936783579306,90,79
ORBm,049 Lamp5 Gaba,Pag1,False,60.77541040866224,4.095110595788399,1.3085373272623264,3.0922652275233276,91,80
ORBm,049 Lamp5 Gaba,C030017B01Rik,False,93.67796018162767,7.521117439230047,1.0972377622675413,3.068875187761523,92,81
ORBm,049 Lamp5 Gaba,Has2os,False,40.202584701362206,2.7058172195972867,1.4619043383921444,3.0661583140003374,93,82
ORBm,049 Lamp5 Gaba,Pcbp3,False,81.62766329025497,5.883074462975899,1.1509904550633028,3.062827819433931,94,83
ORBm,049 Lamp5 Gaba,Qk,False,96.54208871812784,8.101825912640805,1.071438713605973,3.0561554042865353,95,84
ORBm,049 Lamp5 Gaba,Insyn1,False,84.52672022354174,6.162048190613539,1.1280786614072937,3.0550726793661265,96,85
ORBm,049 Lamp5 Gaba,Trim24,False,62.38211666084527,4.17278133902648,1.2566233143056587,3.0516834208365875,97,86
ORBm,049 Lamp5 Gaba,Tox3,False,83.82815228780998,6.642222104354043,1.125846253235344,3.0492361469253515,98,87
ORBm,049 Lamp5 Gaba,Necab2,False,62.69647223192455,4.220634308554183,1.248122787368425,3.0453658922611644,99,88
ORBm,049 Lamp5 Gaba,Necab1,False,92.1760391198044,7.800942333353344,1.0765230596767639,3.041141101875215,100,89
ORBm,049 Lamp5 Gaba,Pola1,False,62.03283269297939,4.2175655384976425,1.2298497496893752,3.022471363110359,101,90
ORBm,049 Lamp5 Gaba,Dock10,False,78.51903597624869,5.964998011400847,1.1260472415624818,3.0210222004379066,102,91
ORBm,049 Lamp5 Gaba,Fbxo32,False,44.35906391896612,2.8111545191001026,1.3468187980338882,2.993801170968246,103,92
ORBm,049 Lamp5 Gaba,Xrcc5,False,47.747118407265106,3.0830960715104347,1.3114329112705083,2.9903800778167318,104,93
ORBm,049 Lamp5 Gaba,Phka2,False,71.39364303178485,5.001649761299882,1.1326064837538734,2.98626602719495,105,94
ORBm,049 Lamp5 Gaba,5730522E02Rik,False,95.04016765630458,8.00582535051192,0.9904639424832995,2.9683711362414584,106,95
ORBm,049 Lamp5 Gaba,Robo2,False,99.02200488997555,9.312881006046979,0.9623435668023532,2.95807528200968,107,96
ORBm,049 Lamp5 Gaba,Snx7,False,72.51135172895565,5.332996471003973,1.0889430151000807,2.949349016254902,108,97
ORBm,049 Lamp5 Gaba,Kctd16,False,100.0,11.020867499945425,0.9426294827108421,2.942629482710842,109,98
ORBm,049 Lamp5 Gaba,Luzp2,False,85.4697869367796,7.53920870296946,1.0012379960573092,2.9330506173875,110,99
ORBm,049 Lamp5 Gaba,Bach2,False,95.11002444987776,7.822872096577017,0.9547427685159882,2.932969061834354,111,100
ORBm,049 Lamp5 Gaba,Id2,False,96.01816276632903,8.17886771449583,0.9377754607422837,2.9201288525641536,112,101
ORBm,049 Lamp5 Gaba,Rims1,False,99.96507160321342,11.014910656299119,0.894427318289047,2.894275599691206,113,102
ORBm,049 Lamp5 Gaba,Tnrc18,False,78.41425078588892,5.65094516446363,0.9867815418281181,2.8811765391458612,114,103
ORBm,049 Lamp5 Gaba,March4,False,75.27069507509606,5.299900237472166,0.9951599777444189,2.8717859042195704,115,104
ORBm,049 Lamp5 Gaba,Rgmb,False,78.7635347537548,5.52165321832431,0.9706942724053258,2.8670194705977066,116,105
ORBm,049 Lamp5 Gaba,Cdh20,False,79.25253230876703,6.170962265393054,0.9642338904414345,2.863247038304772,117,106
ORBm,049 Lamp5 Gaba,Tnks,False,77.71568285015718,5.5503474164583695,0.9714668557842314,2.8619755230795834,118,107
ORBm,049 Lamp5 Gaba,Nmnat2,False,98.35836535103039,8.452773797357994,0.8636164162641755,2.856427718712651,119,108
ORBm,049 Lamp5 Gaba,Unc5d,False,97.03108627314006,9.291972915484195,0.8555405576581254,2.842451451038124,120,109
ORBm,049 Lamp5 Gaba,Slc39a6,False,69.8218651763884,4.741751918333042,0.9862962701554037,2.830287716251922,121,110
ORBm,049 Lamp5 Gaba,Marcksl1,False,87.87984631505414,6.571172364475092,0.8795433455528237,2.8234326343044565,122,111
ORBm,049 Lamp5 Gaba,Pank1,False,66.7481662591687,4.491801079028226,0.9969645053965466,2.8214038444299607,123,112
ORBm,049 Lamp5 Gaba,Pdxk,False,92.10618232623122,7.224356152650738,0.8392705067916264,2.803559288563462,124,113
ORBm,049 Lamp5 Gaba,Cntn5,False,99.1617184771219,10.846684121769123,0.7934164395841847,2.7897604840884433,125,114
ORBm,049 Lamp5 Gaba,Ngf,False,45.26720223541739,2.8948095643432916,1.1339360893059416,2.7897197428189173,126,115
ORBm,049 Lamp5 Gaba,Tceal5,False,84.3520782396088,6.128370854640565,0.8514858426851992,2.7775816297511318,127,116
ORBm,049 Lamp5 Gaba,C530008M17Rik,False,94.62102689486552,7.844664823829898,0.8003589465153773,2.776346603526947,128,117
ORBm,049 Lamp5 Gaba,Scaper,False,88.89276982186517,6.758348961289513,0.8257831153293909,2.77464955398057,129,118
ORBm,049 Lamp5 Gaba,6430548M08Rik,False,92.07125392944464,7.129550839236596,0.809997676136998,2.7741217340373714,130,119
ORBm,049 Lamp5 Gaba,Cul1,False,84.31714984282222,6.170848338786348,0.8461948102213723,2.7721107279611044,131,120
ORBm,049 Lamp5 Gaba,Gcnt2,False,51.973454418442195,3.5328484687445423,1.0504017324064923,2.7661833155947537,132,121
ORBm,049 Lamp5 Gaba,Rab3c,False,100.0,10.535805358780125,0.7610974248170628,2.7610974248170628,133,122
ORBm,049 Lamp5 Gaba,Arhgef37,False,37.51309814879497,2.531024363921149,1.1816261019015362,2.755809035243474,134,123
ORBm,049 Lamp5 Gaba,Sesn3,False,90.84876004191408,7.0518974493401805,0.7857302195579496,2.744049223732224,135,124
ORBm,049 Lamp5 Gaba,Chn2,False,75.7247642333217,5.654905947446407,0.8594357911191208,2.7386737209638716,136,125
ORBm,049 Lamp5 Gaba,Krt1,False,52.63709395738736,3.3974630267229524,1.009321470649228,2.730613374942261,137,126
ORBm,049 Lamp5 Gaba,Atxn1,False,99.23157527069507,9.551232436883296,0.7279341481034418,2.724584033804779,138,127
ORBm,049 Lamp5 Gaba,Gm28154,False,26.05658400279427,1.5471454371200173,1.3049063788379194,2.7208238582889894,139,128
ORBm,049 Lamp5 Gaba,Acsl1,False,70.55536150890674,4.793783589588609,0.8708597962218776,2.7193898176469027,140,129
ORBm,049 Lamp5 Gaba,Zfp536,False,99.61578763534754,10.020298804930361,0.7193901600646502,2.7177183332228796,141,130
ORBm,049 Lamp5 Gaba,Apbb1ip,False,35.068110373733845,2.287921336577399,1.1718093798921794,2.7167217446795813,142,131
ORBm,049 Lamp5 Gaba,Sox1,False,50.78588892769822,3.279351109522354,1.0109322309968425,2.716675289498263,143,132
ORBm,049 Lamp5 Gaba,Hist1h2be,False,52.84666433810688,3.4563024736058656,0.9916318617671069,2.714649441768695,144,133
ORBm,049 Lamp5 Gaba,Itgbl1,False,28.641285365001746,1.9447275708698535,1.2531549443260612,2.710147448688179,145,134
ORBm,049 Lamp5 Gaba,Chd6,False,87.53056234718827,6.702246972076384,0.7641133949965635,2.706273113633096,146,135
ORBm,049 Lamp5 Gaba,Kdm4c,False,77.99511002444987,5.499691093463478,0.8126091420456341,2.704676517095473,147,136
ORBm,049 Lamp5 Gaba,Mei4,False,47.53754802654558,3.2469709038609524,1.0270557746577884,2.7040925518395245,148,137
ORBm,049 Lamp5 Gaba,Maf,True,90.63918966119455,7.459275842920451,0.7324753037286751,2.689791317891553,149,12
ORBm,049 Lamp5 Gaba,Elovl4,False,83.02479916171848,6.093600258142683,0.7639423375032077,2.6831501712097894,150,138
ORBm,049 Lamp5 Gaba,Tmem132e,False,39.46908836884387,2.422815981754006,1.0772370762691441,2.6734941717309653,151,139
ORBm,049 Lamp5 Gaba,Lmo2,False,53.195948305972756,3.432646799037559,0.9451766440003491,2.671055199314793,152,140
ORBm,049 Lamp5 Gaba,Selenoh,False,85.22528815927349,6.090194398358365,0.7364720773784041,2.667040555695535,153,141
ORBm,049 Lamp5 Gaba,Il1rap,False,89.9406217254628,7.097288077751157,0.7113621675593826,2.665318052914994,154,142
ORBm,049 Lamp5 Gaba,Sema6a,False,82.18651763884037,6.560217886340814,0.7491178494239117,2.6639184285783344,155,143
ORBm,049 Lamp5 Gaba,Errfi1,False,54.52322738386308,3.5222140894126026,0.9248697571951894,2.661451312236008,156,144
ORBm,049 Lamp5 Gaba,Tmod3,False,64.93188962626616,4.303703817087081,0.8423711085468546,2.6548291502971546,157,145
ORBm,049 Lamp5 Gaba,Car4,False,60.35626964722319,4.090990712082224,0.8695796422386808,2.6503020323599564,158,146
ORBm,049 Lamp5 Gaba,Osbpl8,False,94.93538246594481,7.788241094282112,0.6697500553987839,2.6471781597736608,159,147
ORBm,049 Lamp5 Gaba,Mtus2,False,90.63918966119455,7.026151869624301,0.6894618417456249,2.646777855908503,160,148
ORBm,049 Lamp5 Gaba,Prmt5,False,62.48690185120503,4.0771054165620635,0.8460089779707762,2.6417979705165506,161,149
ORBm,049 Lamp5 Gaba,Ivd,False,59.41320293398533,3.8445163610886746,0.8486869718217327,2.6225699374127034,162,150
ORBm,049 Lamp5 Gaba,Nfib,True,99.79042961928047,10.121321006292568,0.6232646817803786,2.622353574141523,163,13
ORBm,049 Lamp5 Gaba,Rapgef4,False,98.49807893817673,9.061907513425602,0.6153048405789523,2.6087326008767144,164,151
ORBm,049 Lamp5 Gaba,Vrk1,False,42.82221446035627,2.7439987283880547,0.9725466064034753,2.604215728564273,165,152
ORBm,049 Lamp5 Gaba,Bbx,False,63.709395738735594,4.305548174581951,0.7990358733429055,2.6032393593137044,166,153
ORBm,049 Lamp5 Gaba,Klf8,False,45.72127139364303,2.937260826609162,0.9388589779135443,2.5989772764427013,167,154
ORBm,049 Lamp5 Gaba,Arid5a,False,31.575270695075098,1.9506761428987567,1.0975524699084231,2.5968995523621876,168,155
ORBm,049 Lamp5 Gaba,Mindy2,False,94.65595529165212,7.624335499189552,0.6199388475207552,2.5960867903735623,169,156
ORBm,049 Lamp5 Gaba,Bex4,False,64.93188962626616,4.299522940861858,0.7806370452949456,2.5930950870452456,170,157
ORBm,049 Lamp5 Gaba,Eef1b2,False,92.21096751659098,7.139290540817107,0.6269296524912988,2.5917122313395313,171,158
ORBm,049 Lamp5 Gaba,Rasgrf2,False,96.82151589242054,8.552047361746311,0.6011425972769118,2.587114475195082,172,159
ORBm,049 Lamp5 Gaba,Cacnb2,False,97.58994062172546,8.740133495377444,0.5907567047499196,2.5801617585064838,173,160
ORBm,049 Lamp5 Gaba,Aplp2,False,98.53300733496333,8.701421046814966,0.5804170482729791,2.573998786406747,174,161
ORBm,049 Lamp5 Gaba,Pla2g4e,False,48.41075794621027,3.1249661886979347,0.8889447980692404,2.5738866803234295,175,162
ORBm,049 Lamp5 Gaba,Foxo1,False,35.626964722319244,2.2007094105764824,1.0212316776349724,2.5730105013752915,176,163
ORBm,049 Lamp5 Gaba,Ptprm,False,97.65979741529864,9.952639021158967,0.5768026578873595,2.5665184769394047,177,164
ORBm,049 Lamp5 Gaba,Kcnq4,False,41.87914774711841,2.593725504926814,0.9406369583957408,2.562634793472991,178,165
ORBm,049 Lamp5 Gaba,Grk5,False,61.40412155082082,4.277549026814366,0.7631964580105972,2.5513939807267514,179,166
ORBm,049 Lamp5 Gaba,Add3,False,73.31470485504715,5.1434929914671015,0.6860205257884093,2.551211616349211,180,167
ORBm,049 Lamp5 Gaba,Atp1b2,False,90.7789032483409,6.865080923706012,0.5880542146953429,2.546039146174757,181,168
ORBm,049 Lamp5 Gaba,Mrpl52,False,84.45686342996856,5.99123754311474,0.6177978157905093,2.5444327642936635,182,169
ORBm,049 Lamp5 Gaba,Slc6a1,False,99.96507160321342,10.679303935720835,0.5410470414761228,2.540895322878282,183,170
ORBm,049 Lamp5 Gaba,Rnf180,False,65.24624519734544,4.3906421401556495,0.7189691638769276,2.5335246877494035,184,171
ORBm,049 Lamp5 Gaba,Cnnm1,False,89.59133775759693,6.778300486200554,0.5806083872650527,2.5328744086912893,185,172
ORBm,049 Lamp5 Gaba,Rpl18,False,96.22773314704855,7.723098824168267,0.5477310111369302,2.5310312663031356,186,173
ORBm,049 Lamp5 Gaba,Egfem1,False,98.21865176388404,9.581769628121725,0.5354505509180694,2.527644519244257,187,174
ORBm,049 Lamp5 Gaba,Pip4p2,False,76.70275934334614,5.318825314355571,0.636189031243739,2.5210000190001947,188,175
ORBm,049 Lamp5 Gaba,Gdf10,False,33.35661893119106,2.036258229832944,0.9901684638280133,2.513350487390161,189,176
ORBm,049 Lamp5 Gaba,Pip4p1,False,70.83478868319943,4.746719919964853,0.6562520094399611,2.506498612079661,190,177
ORBm,049 Lamp5 Gaba,Gpr155,False,57.91128187216207,3.7720262512143075,0.7423317381673109,2.505094916359967,191,178
ORBm,049 Lamp5 Gaba,Cyth3,False,64.19839329374781,4.317058002286719,0.686970198289576,2.49449435731807,192,179
ORBm,049 Lamp5 Gaba,Nalcn,False,95.70380719524974,8.007219885513994,0.5089154962001725,2.4898447109989617,193,180
ORBm,049 Lamp5 Gaba,Kirrel,False,41.66957736639888,2.6600147797600857,0.8694271270909815,2.489246222739725,194,181
ORBm,049 Lamp5 Gaba,Purg,False,96.19280475026196,8.225366185355178,0.5057449714923212,2.4888875593916273,195,182
ORBm,049 Lamp5 Gaba,Sox2,False,68.63429968564444,4.639476652208676,0.6446114985689402,2.481152705258787,196,183
ORBm,049 Lamp5 Gaba,Rack1,False,82.9549423681453,5.951293348391657,0.5571438059355982,2.475986071874885,197,184
ORBm,049 Lamp5 Gaba,Slc25a17,False,51.48445686342997,3.2371382105404622,0.753497111771182,2.4651732472726158,198,185
ORBm,049 Lamp5 Gaba,Dock11,False,63.988822913028294,4.3475759215093435,0.6577255161576079,2.463829637467841,199,186
ORBm,049 Lamp5 Gaba,Tex9,False,49.1442542787286,3.1708677387137616,0.7571809818391748,2.448653731252322,200,187
ORBm,049 Lamp5 Gaba,Vgll4,False,67.3070206077541,4.660598824168267,0.620270398018679,2.448330764652533,201,188
ORBm,049 Lamp5 Gaba,Nkain3,False,84.38700663639538,7.103114451555951,0.517596205047834,2.4438717869753295,202,189
ORBm,049 Lamp5 Gaba,Suz12,False,63.709395738735594,4.202981909546367,0.6361503896678098,2.4403538756386087,203,190
ORBm,049 Lamp5 Gaba,Ezh2,False,33.35661893119106,2.0157265724771056,0.9127002159642854,2.435882239526433,204,191
ORBm,049 Lamp5 Gaba,Gm38505,False,43.171498428222144,2.9241108949310166,0.7959167546215458,2.431113877352744,205,192
ORBm,049 Lamp5 Gaba,Lrrc8d,False,60.35626964722319,3.956540623703829,0.625596730790742,2.406319120912018,206,193
ORBm,049 Lamp5 Gaba,Ubr5,False,79.84631505413901,5.762336690984653,0.5040007765666834,2.4062556546043474,207,194
ORBm,049 Lamp5 Gaba,Tasp1,False,76.07404820118757,5.3119644767289556,0.5247020957657469,2.4059386231639044,208,195
ORBm,049 Lamp5 Gaba,Fyco1,False,68.98358365351031,4.596915727056409,0.5622746101430858,2.4010203620839663,209,196
ORBm,049 Lamp5 Gaba,Ptpro,False,78.69367796018163,5.57929880220158,0.504021090597262,2.399960934299494,210,197
ORBm,049 Lamp5 Gaba,Nxn,False,27.523576667830948,1.7167435784961143,0.9590081201796091,2.398712989647566,211,198
ORBm,049 Lamp5 Gaba,Kcnk13,False,37.12888578414251,2.3668412645921566,0.824687256335199,2.394399172836897,212,199
ORBm,049 Lamp5 Gaba,Tceal8,False,64.58260565840028,4.282297723991988,0.5718427465080076,2.381958309645582,213,200
ORBm,049 Lamp5 Gaba,Abcd2,False,53.475375480265456,3.524108460346719,0.6417186727084974,2.36987251538516,214,201
ORBm,049 Lamp5 Gaba,2810013P06Rik,False,55.815578064966815,3.5579666420166784,0.6139994626001033,2.3607548895564774,215,202
ORBm,049 Lamp5 Gaba,Trim62,False,46.559552916521135,2.9158907193134933,0.6861893703095139,2.354198171701775,216,203
ORBm,049 Lamp5 Gaba,Arhgap29,False,25.95179881243451,1.5570877027228458,0.9381789386928813,2.352346404431858,217,204
ORBm,049 Lamp5 Gaba,Klhl13,False,60.076842472930494,4.016557859366814,0.5712234341331874,2.349930533019138,218,205
ORBm,049 Lamp5 Gaba,Baiap2l2,False,28.955640936081036,1.8013418865836754,0.8835303252777238,2.345263507806399,219,206
ORBm,049 Lamp5 Gaba,Rb1,False,63.60461054837583,4.277184670595202,0.5361402255465779,2.3396288233198996,220,207
ORBm,049 Lamp5 Gaba,Klhl33,False,51.90359762486902,3.449068347266034,0.6061498350498509,2.321347296452809,221,208
ORBm,049 Lamp5 Gaba,Zhx1,False,60.11177086971708,3.9165853006707345,0.541084735367229,2.3200442576731906,222,209
ORBm,049 Lamp5 Gaba,Osbpl7,False,33.39154732797765,2.01718846360079,0.790538864427897,2.3141754086823987,223,210
ORBm,049 Lamp5 Gaba,Tbc1d2b,False,45.337059028990566,2.824984855265456,0.6573181574460789,2.313771501888831,224,211
ORBm,049 Lamp5 Gaba,Bcar1,False,47.01362207474677,2.962284643750819,0.6308168648619028,2.3030405767282622,225,212
ORBm,049 Lamp5 Gaba,Nrtn,False,36.77960181627663,2.3780713389480277,0.7270241916069913,2.2926312147708794,226,213
ORBm,049 Lamp5 Gaba,Taf1b,False,57.352427523576665,3.6943160685633516,0.5164596487569848,2.2750114535188084,227,214
ORBm,049 Lamp5 Gaba,Mrap2,False,35.94132029339853,2.2472114949387936,0.7101789855390277,2.265773012279862,228,215
ORBm,049 Lamp5 Gaba,Npc2,False,42.647572476423335,2.635830958156872,0.6110171684846453,2.2409114844079294,229,216
ORBm,049 Lamp5 Gaba,Aard,False,25.77715682850157,1.5565759763407865,0.819573633165365,2.230808646966808,230,217
ORBm,049 Lamp5 Gaba,Ttll4,False,34.6489696122948,2.0838192837495635,0.6862221827618908,2.225912506894471,231,218
ORBm,049 Lamp5 Gaba,2900060N12Rik,False,44.77820468040517,2.7927762430279643,0.5708051054055789,2.2218717825667786,232,219
ORBm,049 Lamp5 Gaba,Poc5,False,47.67726161369193,3.001773259958686,0.5425436139018673,2.2208549172570438,233,220
ORBm,049 Lamp5 Gaba,A330093E20Rik,False,29.339853300733495,1.8732076812115241,0.7492253135595024,2.216683251599785,234,221
ORBm,049 Lamp5 Gaba,Prex2,False,30.317848410757946,1.9449612760393926,0.7144533957395576,2.196151772894451,235,222
ORBm,049 Lamp5 Gaba,Hist1h2bc,False,36.98917219699616,2.3536738303421347,0.6226089517511693,2.1906835638370556,236,223
ORBm,049 Lamp5 Gaba,Trdmt1,False,25.39294446384911,1.4861619784787865,0.7768422151852591,2.181555278022698,237,224
ORBm,049 Lamp5 Gaba,Fam122a,False,44.91791826755152,2.784757080504497,0.5166541234556501,2.1690737440222545,238,225
ORBm,049 Lamp5 Gaba,Nasp,False,38.8403772266853,2.367090841460553,0.5721189887231222,2.1614024279475625,239,226
ORBm,049 Lamp5 Gaba,4933413L06Rik,False,37.61788333915473,2.3347764676407503,0.5820589350953307,2.1574532903717136,240,227
ORBm,049 Lamp5 Gaba,Micall1,False,37.54802654558156,2.2832938036717114,0.5626778835306727,2.1372649997606983,241,228
ORBm,049 Lamp5 Gaba,Lins1,False,27.837932238910234,1.6366254384809968,0.6763676993733645,2.121004672747878,242,229
ORBm,049 Lamp5 Gaba,Cnn3,False,26.79008033531261,1.5941951643783565,0.6929427094963854,2.1209167254237675,243,230
ORBm,049 Lamp5 Gaba,Sowahc,False,28.501571777855396,1.6909037279241617,0.6586513462619796,2.113520156994242,244,231
ORBm,049 Lamp5 Gaba,Osgep,False,32.62312259867272,1.9585001975807992,0.5936963056424314,2.107221833850926,245,232
ORBm,049 Lamp5 Gaba,Tgfb2,False,32.20398183723367,1.9940752728269353,0.5839730192308352,2.091882592262866,246,233
ORBm,049 Lamp5 Gaba,Gm35438,False,28.74607055536151,1.7618699841594263,0.5112082851694348,1.9697867723601061,247,234
ORBm,049 Lamp5 Gaba,Srd5a1,False,25.56758644778205,1.5385398958014975,0.5023179550405423,1.9100076880773356,248,235
ORBm,052 Pvalb Gaba,Pvalb,True,70.76083248038212,6.112378164998748,5.514436473679829,7.364229407294415,1,1
ORBm,052 Pvalb Gaba,Tac1,True,69.73729102695326,5.746234999220349,5.376958056508264,7.220423129532504,2,2
ORBm,052 Pvalb Gaba,Nek7,False,89.83282156260663,7.660268241494477,3.913932515102105,5.867367555769738,3,1
ORBm,052 Pvalb Gaba,Gm13629,False,83.48686455134767,6.137710597319067,3.7982904286740333,5.719908579587387,4,2
ORBm,052 Pvalb Gaba,Gpr176,False,91.40225179119754,7.309348391087459,3.616095868695412,5.5770527638651854,5,3
ORBm,052 Pvalb Gaba,6330411D24Rik,False,55.441828727396796,4.287895525408784,3.5967112468292117,5.340548793705669,6,4
ORBm,052 Pvalb Gaba,Phlda1,False,94.98464687819856,7.577378594806193,3.244186486496634,5.221839898996723,7,5
ORBm,052 Pvalb Gaba,St3gal6,False,62.9136813374275,4.141669750701686,3.173380674965676,4.972125773244851,8,6
ORBm,052 Pvalb Gaba,Cox6a2,False,76.90208120095531,5.535502875961569,3.059615941126224,4.945554034397876,9,7
ORBm,052 Pvalb Gaba,Rnd2,False,82.32685090412828,6.064765693302734,2.6962657377648096,4.61180724123516,10,8
ORBm,052 Pvalb Gaba,Ankrd29,False,76.86796315250767,5.302896948000629,2.7017850505265653,4.587530423811961,11,9
ORBm,052 Pvalb Gaba,Kcnab3,False,60.86659843056977,3.9693443743452934,2.660292585839321,4.44467161744099,12,10
ORBm,052 Pvalb Gaba,Rnf144b,False,89.11634254520641,6.687280827356012,2.488266645375667,4.438223999540268,13,11
ORBm,052 Pvalb Gaba,Frmpd1,False,50.3582395087001,3.2420450481934093,2.5737731670248487,4.275843706073436,14,12
ORBm,052 Pvalb Gaba,Man1c1,False,87.23984988058683,6.545413040374579,2.3296907650351555,4.270405674623055,15,13
ORBm,052 Pvalb Gaba,Tm6sf1,False,76.83384510406005,5.2984221818625254,2.3280008347288175,4.213553402469691,16,14
ORBm,052 Pvalb Gaba,Tafa2,False,96.51995905834187,8.634831262261173,2.1919279911186207,4.176545120137176,17,15
ORBm,052 Pvalb Gaba,Lbh,False,88.12691914022518,6.4202235315245435,2.2175330413606362,4.162641629095518,18,16
ORBm,052 Pvalb Gaba,Fam210b,False,63.391334015694305,4.0191527997540435,2.330178303830559,4.1322081950497465,19,17
ORBm,052 Pvalb Gaba,Cemip,False,79.11975435005118,6.079786276581425,2.186337806822084,4.084622737021636,20,18
ORBm,052 Pvalb Gaba,Inpp5j,False,61.61719549641761,3.973938430791339,2.233268921815014,4.022970849354065,21,19
ORBm,052 Pvalb Gaba,Myo1e,False,60.9007164790174,4.175540935785768,2.163042421502015,3.9476648235117917,22,20
ORBm,052 Pvalb Gaba,Cerk,False,77.51620607301263,5.372119727861918,2.026636482918349,3.9160289915188953,23,21
ORBm,052 Pvalb Gaba,Btbd11,False,96.3152507676561,8.445053845044088,1.9156385809041776,3.8993336406126615,24,22
ORBm,052 Pvalb Gaba,Snhg4,False,91.36813374274992,6.923719246694148,1.935896748308716,3.896691502546271,25,23
ORBm,052 Pvalb Gaba,Nacc2,False,74.61617195496417,5.461676616792344,1.9528959532223467,3.8257289178215483,26,24
ORBm,052 Pvalb Gaba,Tspan9,False,66.66666666666667,4.380336869499131,1.9947529196957685,3.818661660640087,27,25
ORBm,052 Pvalb Gaba,Pacsin2,False,78.4373933810986,5.5334692245374075,1.8779856643912543,3.7725088172220977,28,26
ORBm,052 Pvalb Gaba,Pcp4l1,False,90.54930058000683,7.295904788821275,1.813906684982972,3.7707917850729533,29,27
ORBm,052 Pvalb Gaba,Nog,False,46.12760150119413,2.8948789327797813,2.099318917741739,3.7632797909089204,30,28
ORBm,052 Pvalb Gaba,Clic4,False,52.64414875469123,3.349558538399797,2.007203206011482,3.728553313636195,31,29
ORBm,052 Pvalb Gaba,Sox5os4,False,42.579324462640734,2.598638008089043,2.092806853074699,3.7220056199826685,32,30
ORBm,052 Pvalb Gaba,Rarb,False,56.32889798703514,3.61850695575882,1.9708221052840413,3.721553360108399,33,31
ORBm,052 Pvalb Gaba,Cartpt,True,53.77004435346298,3.906158593033654,1.988543250824748,3.719083645539849,34,3
ORBm,052 Pvalb Gaba,Manba,False,65.4042988741044,4.215486529743009,1.90215749818625,3.717763792625877,35,32
ORBm,052 Pvalb Gaba,Creb5,False,50.32412146025247,3.3260185426512257,1.993134390434476,3.6949105923102223,36,33
ORBm,052 Pvalb Gaba,Slit2,False,93.51757079495053,8.054681075794711,1.6876087800834165,3.658501997184479,37,34
ORBm,052 Pvalb Gaba,Furin,False,65.8819515523712,4.22919538296843,1.8222534758092168,3.641019931150176,38,35
ORBm,052 Pvalb Gaba,Trpc4,False,86.489252814739,6.589115617869861,1.7039730979233303,3.6409352431542494,39,36
ORBm,052 Pvalb Gaba,Fndc5,False,93.34698055271238,7.39764987368992,1.656005551333072,3.626105825942715,40,37
ORBm,052 Pvalb Gaba,Flt3,False,50.32412146025247,3.1074340362184407,1.904761088837781,3.6065372907135274,41,38
ORBm,052 Pvalb Gaba,Akain1,False,74.34322756738315,5.067261064959565,1.7300843929832501,3.6013258047910703,42,39
ORBm,052 Pvalb Gaba,Cplx1,False,99.7611736608666,9.880851545174428,1.5669802048108448,3.5659417546582324,43,40
ORBm,052 Pvalb Gaba,Arhgap5,False,97.85056294779939,8.456964509066605,1.5745020113196952,3.5650653398770222,44,41
ORBm,052 Pvalb Gaba,Bcan,False,45.3770044353463,2.7530519244045335,1.8721195562167252,3.5289553787453753,45,42
ORBm,052 Pvalb Gaba,Usp6nl,False,56.77243261685432,3.6275778243013796,1.7674458007601859,3.5215833042764553,46,43
ORBm,052 Pvalb Gaba,Lrrc38,False,37.461617195496416,2.2909738103996076,1.9341238184335579,3.5077103401091954,47,44
ORBm,052 Pvalb Gaba,Klf3,False,63.97134083930399,4.280530051703503,1.6835467989352617,3.489532252560564,48,45
ORBm,052 Pvalb Gaba,Nxph2,False,44.72876151484135,2.922801574477967,1.8288390012973426,3.4794258745489914,49,46
ORBm,052 Pvalb Gaba,Ankrd34b,False,83.48686455134767,6.02479537084053,1.5370506239857589,3.4586687748991123,50,47
ORBm,052 Pvalb Gaba,Syt2,False,30.501535312180142,2.218608683101637,1.957120813598164,3.4414425139556464,51,48
ORBm,052 Pvalb Gaba,Kcnk3,False,83.4186284544524,5.972416232527827,1.5018613145629471,3.4231243595841505,52,49
ORBm,052 Pvalb Gaba,Ptpre,False,89.93517570794951,6.772319532099619,1.467596033039059,3.421525620522596,53,50
ORBm,052 Pvalb Gaba,Vwc2,False,82.36096895257592,6.419231236489386,1.5018552509986662,3.417576698321561,54,51
ORBm,052 Pvalb Gaba,Lgi2,False,89.42340498123508,6.9605967151716035,1.4656138774985985,3.4170650800067635,55,52
ORBm,052 Pvalb Gaba,Ppargc1a,False,96.69054930058,8.069193709551454,1.423997096361096,3.409381123834102,56,53
ORBm,052 Pvalb Gaba,Map3k20,False,37.66632548618219,2.2725046366727706,1.832839599468149,3.4087928544228934,57,54
ORBm,052 Pvalb Gaba,Timm8a1,False,58.10303650631184,3.638590432319654,1.6398366857886169,3.404035515312782,58,55
ORBm,052 Pvalb Gaba,Oprd1,True,67.86079836233367,4.546773399683609,1.5701103799715068,3.4017293446575065,59,4
ORBm,052 Pvalb Gaba,Stambpl1,False,72.1596724667349,4.8658651549106,1.5268695156347176,3.3851640689073434,60,56
ORBm,052 Pvalb Gaba,Stard9,False,48.48174684408052,3.020011154794319,1.6930605631725946,3.378638822661629,61,57
ORBm,052 Pvalb Gaba,Fam189a2,False,40.77106789491641,2.4256151681546667,1.763315473244992,3.373667560090713,62,58
ORBm,052 Pvalb Gaba,Ppif,False,59.80893892869328,3.789979078955961,1.5795213468762657,3.356287444531625,63,59
ORBm,052 Pvalb Gaba,St8sia4,False,73.35380416240191,5.055564305107978,1.4579100164193215,3.3233326578964912,64,60
ORBm,052 Pvalb Gaba,Chchd3,False,92.97168201978847,7.150984025823098,1.3524257282427214,3.3207764164169475,65,61
ORBm,052 Pvalb Gaba,Acsl6,False,85.63630160354828,6.164585838461036,1.3701480739481529,3.302805976990755,66,62
ORBm,052 Pvalb Gaba,Kcnc2,False,100.0,11.517678080220062,1.2568566187142824,3.2568566187142824,67,63
ORBm,052 Pvalb Gaba,Gng5,False,48.754691231661546,3.0658485206960613,1.5582427618971488,3.2462591722496836,68,64
ORBm,052 Pvalb Gaba,Adamts15,False,32.24155578300921,1.912346669733626,1.7242958636900925,3.23271185376092,69,65
ORBm,052 Pvalb Gaba,Rbms3,True,98.7035141589901,9.29932900477253,1.2368539597085313,3.2311865749180786,70,5
ORBm,052 Pvalb Gaba,Ntn4,False,52.43944046400546,3.2960850778434594,1.5032492551334167,3.2229073041947265,71,66
ORBm,052 Pvalb Gaba,St5,False,56.67007847151143,3.661765992377082,1.4519680355859643,3.2053218495989233,72,67
ORBm,052 Pvalb Gaba,Car2,False,43.261685431593314,2.6002456264176983,1.5545291208448544,3.1906325559521327,73,68
ORBm,052 Pvalb Gaba,Dock4,False,97.4070283179802,9.284150398538122,1.185959153268433,3.1745494474118643,74,69
ORBm,052 Pvalb Gaba,Cacna2d2,False,94.06345957011258,7.362899920835465,1.1834444687601993,3.1568654164275376,75,70
ORBm,052 Pvalb Gaba,Aldh5a1,False,74.27499147048789,4.976885032588734,1.2850380256507776,3.1558806362534364,76,71
ORBm,052 Pvalb Gaba,Kcnc1,False,97.44114636642784,8.767289525126078,1.1570205082512963,3.1457628929169976,77,72
ORBm,052 Pvalb Gaba,Gm35188,False,61.719549641760494,4.014713252213008,1.3458029907119449,3.136225739133323,78,73
ORBm,052 Pvalb Gaba,Tsc22d3,False,77.55032412146025,5.206874497308539,1.2401932395164428,3.129776856802978,79,74
ORBm,052 Pvalb Gaba,Vamp1,False,62.94779938587513,4.207087224923234,1.3175433123269853,3.116523864383629,80,75
ORBm,052 Pvalb Gaba,Cntnap4,False,95.93995223473217,8.338408330567905,1.1336157315595665,3.1156152294689177,81,76
ORBm,052 Pvalb Gaba,Tmem44,False,80.14329580348004,5.879996147142747,1.2022329870500608,3.106100185389231,82,77
ORBm,052 Pvalb Gaba,Dcbld2,False,59.43364039576936,3.8048228768511705,1.3285075787346479,3.102539910967857,83,78
ORBm,052 Pvalb Gaba,Tmem132c,False,75.4691231661549,5.672053774075881,1.2216498954763892,3.0994191996706144,84,79
ORBm,052 Pvalb Gaba,Klf12,False,98.53292391675197,8.851090940425356,1.0930656076982812,3.0866469781574475,85,80
ORBm,052 Pvalb Gaba,Ro60,False,90.71989082224496,6.890309422628662,1.1236196453402805,3.081322164233412,86,81
ORBm,052 Pvalb Gaba,Ppip5k2,False,57.557147731149776,3.6841853599587386,1.3182105228981182,3.078309787048808,87,82
ORBm,052 Pvalb Gaba,Nebl,False,97.9870351415899,8.444565022369979,1.0849403586102575,3.076108975742085,88,83
ORBm,052 Pvalb Gaba,Adamts6,False,48.99351757079495,3.1900623937142827,1.3782158887333213,3.0683545102011673,89,84
ORBm,052 Pvalb Gaba,Steap2,False,55.95359945411123,3.489827099126258,1.3197427412059852,3.0675707708152475,90,85
ORBm,052 Pvalb Gaba,Hunk,True,63.32309791879904,4.273661675610993,1.2639606641071848,3.0655228175515923,91,6
ORBm,052 Pvalb Gaba,Sipa1l2,False,69.36199249402934,4.6465716275775115,1.2239359637507095,3.065057523950313,92,86
ORBm,052 Pvalb Gaba,Srrm4,False,95.63288979870352,8.085712382102818,1.0826518815054165,3.063259160827267,93,87
ORBm,052 Pvalb Gaba,Msrb3,False,48.03821221426134,3.002408478293391,1.3771090068614353,3.058695843229093,94,88
ORBm,052 Pvalb Gaba,Atp5g3,False,95.08700102354145,7.6682881798121105,1.0740684874319095,3.0521896377067783,95,89
ORBm,052 Pvalb Gaba,Ppp1cc,False,94.19993176390311,7.373149631048624,1.0739101958664428,3.0479607840672704,96,90
ORBm,052 Pvalb Gaba,Ank1,False,81.71272603207096,5.940761892838675,1.1354511855677476,3.047740884879894,97,91
ORBm,052 Pvalb Gaba,Mrpl12,False,83.38451040600478,5.85686578038039,1.1234358809078744,3.0445212640399557,98,92
ORBm,052 Pvalb Gaba,Vegfa,False,50.01705902422381,3.113987902169828,1.343267138158902,3.0423852900255755,99,93
ORBm,052 Pvalb Gaba,Ndufa12,False,96.24701467076083,7.691636209478154,1.0499578208853215,3.0333450886022524,100,94
ORBm,052 Pvalb Gaba,Dclk2,False,82.1221426134425,5.7828708363653085,1.1174519311565998,3.031912202993194,101,95
ORBm,052 Pvalb Gaba,Ttc39b,False,88.0245649948823,6.70047791506072,1.0869639883822435,3.0315678759070384,102,96
ORBm,052 Pvalb Gaba,A930029G22Rik,False,44.251108836574545,2.6639384201710965,1.3704142249644846,3.016338382610129,103,97
ORBm,052 Pvalb Gaba,Dnajc27,False,86.7280791538724,6.2957463493854755,1.0777004207959928,3.0158601485755465,104,98
ORBm,052 Pvalb Gaba,Ddit3,False,75.09382463323098,5.1083976045398325,1.140100794972334,3.0157050190872465,105,99
ORBm,052 Pvalb Gaba,Ndufaf2,False,76.45854657113613,5.246415355920548,1.1242882933032101,3.0077143313998356,106,100
ORBm,052 Pvalb Gaba,Myo5b,False,60.49129989764585,3.968645692563065,1.224736812717504,3.0064297298799865,107,101
ORBm,052 Pvalb Gaba,Myo6,False,51.82531559194814,3.2321307554215712,1.2861719096161268,3.0007138650404777,108,102
ORBm,052 Pvalb Gaba,Selenom,False,97.16820197884681,8.239107400717812,1.012379383095344,2.9999035496217274,109,103
ORBm,052 Pvalb Gaba,Cux1,False,82.22449675878539,5.850715868874078,1.0776464740416776,2.9926476981781107,110,104
ORBm,052 Pvalb Gaba,Shisa9,False,95.63288979870352,7.9691626484668205,1.0119291690438832,2.9925364483657337,111,105
ORBm,052 Pvalb Gaba,Fam43a,False,44.79699761173661,2.694387539382357,1.3408915273993007,2.9921404350503447,112,106
ORBm,052 Pvalb Gaba,Plekhh2,False,62.538382804503584,4.099526032129273,1.1902400717806652,2.9863867183044466,113,107
ORBm,052 Pvalb Gaba,Glrx5,False,90.17400204708291,6.731362995211478,1.0269638158985224,2.982045160591797,114,108
ORBm,052 Pvalb Gaba,Lpp,False,75.16206073012624,5.191762954779592,1.1054025212628256,2.9814011999751577,115,109
ORBm,052 Pvalb Gaba,Fgf12,False,100.0,11.019779034825731,0.9739070209064398,2.9739070209064398,116,110
ORBm,052 Pvalb Gaba,Slc4a4,False,77.78915046059366,5.7396385117384074,1.0820166478470945,2.972935676409113,117,111
ORBm,052 Pvalb Gaba,Dhx32,False,58.34186284544524,3.7052154124535543,1.1886482794950646,2.954628571448783,118,112
ORBm,052 Pvalb Gaba,Rims4,False,86.83043329921529,6.3014897555062,1.0015045847254411,2.940176552959783,119,113
ORBm,052 Pvalb Gaba,9630014M24Rik,False,83.89628113271921,6.152471671857675,1.0089695546237385,2.93271226492402,120,114
ORBm,052 Pvalb Gaba,Cacng2,False,97.33879222108496,8.506658027620293,0.9438279479690692,2.9321139011877104,121,115
ORBm,052 Pvalb Gaba,Cox5a,False,94.33640395769362,7.5741937611949846,0.9563823979294224,2.9310617151317038,122,116
ORBm,052 Pvalb Gaba,Ints6l,False,67.24667349027635,4.497031944272299,1.1020614883527413,2.929732294193749,123,117
ORBm,052 Pvalb Gaba,Vwa8,False,79.66564312521324,5.589936343934584,1.026507246313754,2.9277783127774493,124,118
ORBm,052 Pvalb Gaba,Msi2,False,94.57523029682702,7.661981036662242,0.9461349712915643,2.9219123787928982,125,119
ORBm,052 Pvalb Gaba,Mcrip2,False,45.24053224155578,2.672593360466178,1.2660474893222806,2.9215751949525997,126,120
ORBm,052 Pvalb Gaba,Enox1,False,98.83998635278063,9.160691947507516,0.9184504028226979,2.9133830795880242,127,121
ORBm,052 Pvalb Gaba,Aldh1l2,False,38.792221084953944,2.325862956103999,1.3233343340016739,2.912078980250973,128,122
ORBm,052 Pvalb Gaba,Trmt2b,False,42.23814397816445,2.505445477092929,1.2761169258142513,2.9018217520599148,129,123
ORBm,052 Pvalb Gaba,Cox7b,False,97.0317297850563,8.234502370021564,0.9089311302497745,2.895844903869068,130,124
ORBm,052 Pvalb Gaba,Scn1a,False,98.05527123848516,8.679856382673895,0.901683893357073,2.8931548387168444,131,125
ORBm,052 Pvalb Gaba,Sirt3,False,85.70453770044354,5.981201525883071,0.9533467888706086,2.8863506054973316,132,126
ORBm,052 Pvalb Gaba,Abat,False,94.95052882975094,7.6298004743874746,0.9062814607242844,2.883778848619892,133,127
ORBm,052 Pvalb Gaba,Tspan2,False,66.18901398839986,4.350714588197821,1.0619187102697114,2.882704621761502,134,128
ORBm,052 Pvalb Gaba,Hs3st1,False,46.19583759808939,2.8663355118990026,1.2163029379640022,2.8809057838746925,135,129
ORBm,052 Pvalb Gaba,Cycs,False,96.79290344592289,8.00008026612411,0.8934088578757171,2.8792523752331336,136,130
ORBm,052 Pvalb Gaba,Atpaf1,False,72.50085295121119,4.8551626267265595,1.0143193138159803,2.874662429763875,137,131
ORBm,052 Pvalb Gaba,Dusp10,False,64.79017400204708,4.23662169139892,1.057569592318246,2.869078738616828,138,132
ORBm,052 Pvalb Gaba,Atp13a3,False,73.21733196861139,4.981311143441072,0.992684526115537,2.8572984253070337,139,133
ORBm,052 Pvalb Gaba,Ppp1r14b,False,65.54077106789492,4.262448558462475,1.0380347176759317,2.8545462640991897,140,134
ORBm,052 Pvalb Gaba,Cygb,False,81.64448993517571,5.770874200441535,0.9388064699941348,2.8507333501691363,141,135
ORBm,052 Pvalb Gaba,Uqcc1,False,73.31968611395428,4.872123090938593,0.9735897851432078,2.8388103821962156,142,136
ORBm,052 Pvalb Gaba,Etfa,False,58.61480723302627,3.671525646093883,1.0681280678352039,2.836135408891992,143,137
ORBm,052 Pvalb Gaba,Scrt1,False,75.40088706925964,5.301211598870372,0.9571693208430627,2.8345457760897377,144,138
ORBm,052 Pvalb Gaba,Kcns3,False,62.77720914363698,4.13950469460515,1.0325146065610311,2.8303166111321323,145,139
ORBm,052 Pvalb Gaba,Adcy8,False,91.74343227567383,7.096882044760614,0.8641068358177453,2.8266818196026113,146,140
ORBm,052 Pvalb Gaba,Ndufb8,False,97.2705561241897,8.05058309918823,0.83394152829859,2.8219229271696147,147,141
ORBm,052 Pvalb Gaba,Rerg,False,46.02524735585124,2.9697370265621004,1.1538258736977047,2.8168220049311734,148,142
ORBm,052 Pvalb Gaba,Ldhb,False,85.1927669737291,6.186485641932414,0.8862295795367565,2.8166323034496688,149,143
ORBm,052 Pvalb Gaba,Esrrg,False,89.62811327192085,7.325027231550266,0.8531001936224794,2.805544447970114,150,144
ORBm,052 Pvalb Gaba,Ndufa11,False,90.65165472534972,6.853933479467865,0.8412020106196287,2.7985777465914707,151,145
ORBm,052 Pvalb Gaba,Manea,False,67.79256226543842,4.422467484566914,0.9654511277607782,2.7966331764321577,152,146
ORBm,052 Pvalb Gaba,Bola3,False,83.89628113271921,5.805072535837279,0.8573457313840596,2.781088441684341,153,147
ORBm,052 Pvalb Gaba,Ltbp1,False,37.97338792221085,2.598769256581385,1.199355316663344,2.7788346625596168,154,148
ORBm,052 Pvalb Gaba,Depdc5,False,76.86796315250767,5.314499395937287,0.8906025359602685,2.776347909245664,155,149
ORBm,052 Pvalb Gaba,Cdr2l,False,45.445240532241556,2.7133426620707257,1.1183010462520315,2.7757894526478784,156,150
ORBm,052 Pvalb Gaba,Yes1,False,60.184237461617194,3.8459777519671188,0.9959578407864633,2.775440603143829,157,151
ORBm,052 Pvalb Gaba,Kcnc3,False,76.45854657113613,5.34213802424847,0.8862223028708689,2.7696483409674943,158,152
ORBm,052 Pvalb Gaba,Gm20033,False,32.958034800409415,1.936049191628817,1.2513551155332936,2.769316423510351,159,153
ORBm,052 Pvalb Gaba,Alkal2,False,37.39338109860116,2.4310607337496135,1.193515555421421,2.7663102911313358,160,154
ORBm,052 Pvalb Gaba,Hcn2,False,62.94779938587513,4.088031561860286,0.9669129008977388,2.7658934529543826,161,155
ORBm,052 Pvalb Gaba,Gk,False,58.78539747526442,3.7589726417148452,0.9875079054170826,2.7567773644266755,162,156
ORBm,052 Pvalb Gaba,Atf5,False,63.18662572500853,4.1248697042058495,0.9550990633652758,2.755724227272756,163,157
ORBm,052 Pvalb Gaba,Ppp3cc,False,73.52439440464005,4.979230929543564,0.8889934192361864,2.7554248752945014,164,158
ORBm,052 Pvalb Gaba,Mkx,False,88.63868986693961,6.645499878554408,0.8066604338387817,2.754283762137355,165,159
ORBm,052 Pvalb Gaba,Tmem241,False,50.32412146025247,3.1108581584616757,1.0508330614914114,2.752609263367158,166,160
ORBm,052 Pvalb Gaba,Tstd3,False,56.94302285909246,3.519496801891086,0.9963649770618739,2.751805495302685,167,161
ORBm,052 Pvalb Gaba,Eif2ak4,False,60.218355510064825,3.810484184335418,0.9711721459000451,2.750901037185451,168,162
ORBm,052 Pvalb Gaba,Pla2g3,False,48.44762879563289,2.965779377713784,1.0638274422917509,2.7490999682363717,169,163
ORBm,052 Pvalb Gaba,Got1,False,93.68816103718868,7.505771060398275,0.7767668541961497,2.7484515686584503,170,164
ORBm,052 Pvalb Gaba,Btbd3,False,83.11156601842374,6.264600469406373,0.8239849185349435,2.743646384057346,171,165
ORBm,052 Pvalb Gaba,Cd164l2,False,37.0863186625725,2.186217428758583,1.1718482996546282,2.7410620253024875,172,166
ORBm,052 Pvalb Gaba,Zfyve9,False,93.82463323097919,7.343573735216623,0.7684260195161601,2.7407428949079873,173,167
ORBm,052 Pvalb Gaba,Mtss2,False,75.19617877857387,5.1382131638359345,0.8614321861195711,2.737627957860883,174,168
ORBm,052 Pvalb Gaba,Wbp1l,False,57.28420334356875,3.5932313625579075,0.9719672109517461,2.7300020886513594,175,169
ORBm,052 Pvalb Gaba,Idnk,False,65.13135448652336,4.1483173871438925,0.9151826144831396,2.728972724438371,176,170
ORBm,052 Pvalb Gaba,Cntnap5c,False,86.7280791538724,7.771605789356368,0.7896054414855582,2.727765169265112,177,171
ORBm,052 Pvalb Gaba,Wwox,False,92.73285568065506,7.590693650494578,0.7588651282589938,2.726098762217034,178,172
ORBm,052 Pvalb Gaba,Atp5o,False,92.7669737291027,7.07401541401119,0.7443231784404949,2.7117165675895594,179,173
ORBm,052 Pvalb Gaba,Man2a2,False,87.85397475264415,6.437644466528995,0.7671412144370509,2.710902629375825,180,174
ORBm,052 Pvalb Gaba,Erbin,False,69.08904810644832,4.65912632598929,0.8708383307837586,2.7102475398960104,181,175
ORBm,052 Pvalb Gaba,Cort,False,62.02661207778915,4.799738404694697,0.9154211770205478,2.7079992374680613,182,176
ORBm,052 Pvalb Gaba,Ndufb5,False,95.496417604913,7.546635982080028,0.7263372112594295,2.7063242912871566,183,177
ORBm,052 Pvalb Gaba,Micos10,False,95.9740702831798,7.618272909569846,0.7237152650562617,2.7058691787830274,184,178
ORBm,052 Pvalb Gaba,Sema4g,False,51.85943364039577,3.164579195603703,0.9893538690216435,2.7041816385279804,185,179
ORBm,052 Pvalb Gaba,Ndufb10,False,94.71170249061754,7.413237879846496,0.7201134653040722,2.696517108648454,186,180
ORBm,052 Pvalb Gaba,Slc25a28,False,57.76185602183555,3.64706199122793,0.9347478981665156,2.6963890378370152,187,181
ORBm,052 Pvalb Gaba,Nfyc,False,72.05731832139202,4.790361595088734,0.8368639459335645,2.694542041356904,188,182
ORBm,052 Pvalb Gaba,Snx25,False,77.7209143636984,5.3053801896750254,0.789995599262876,2.680533500567522,189,183
ORBm,052 Pvalb Gaba,Mrps36,False,82.4633230979188,5.7670284129376705,0.7641164876487903,2.680377319618005,190,184
ORBm,052 Pvalb Gaba,Itsn1,False,86.07983623336744,6.373419635086814,0.7448365460113688,2.679737978090508,191,185
ORBm,052 Pvalb Gaba,Esrra,False,61.856021835551005,3.888599266903427,0.8878035887325382,2.6791855743896114,192,186
ORBm,052 Pvalb Gaba,Gm5820,False,60.252473558512456,3.900119090397502,0.8918052665518887,2.671780147355003,193,187
ORBm,052 Pvalb Gaba,Selenon,False,43.773456158307745,2.5878230302824337,1.0288550716727125,2.6700659096092054,194,188
ORBm,052 Pvalb Gaba,Kcnmb2,False,98.97645854657114,9.15188476812388,0.6741388984626084,2.669670808826837,195,189
ORBm,052 Pvalb Gaba,Ndufs7,False,79.3926987376322,5.432627068489984,0.7687487727629474,2.6685293376112416,196,190
ORBm,052 Pvalb Gaba,Sars,False,88.77516206073012,6.608049958202058,0.7111540136451984,2.6594454874323303,197,191
ORBm,052 Pvalb Gaba,Tuba8,False,31.45684066871375,1.8063426803542013,1.159762665493262,2.657477768108456,198,192
ORBm,052 Pvalb Gaba,Asns,False,49.36881610371887,3.0236419032190245,0.9632443982558985,2.6566971109365003,199,193
ORBm,052 Pvalb Gaba,Mthfd2,False,47.11702490617537,2.868570999983674,0.9789709827548743,2.65214884289507,200,194
ORBm,052 Pvalb Gaba,Kcna2,False,96.00818833162744,8.153197305107312,0.6601631994161652,2.6424714740764568,201,195
ORBm,052 Pvalb Gaba,Atp5h,False,97.47526441487547,7.998411024361086,0.6521862758182557,2.641080697762563,202,196
ORBm,052 Pvalb Gaba,Lrrc4,False,88.19515523712043,6.67564502977666,0.6935984744090433,2.6390432034005693,203,197
ORBm,052 Pvalb Gaba,Ccdc184,False,46.98055271238485,2.887526841100187,0.9664778858674903,2.6383960076859783,204,198
ORBm,052 Pvalb Gaba,Lekr1,False,64.89252814738997,4.316740860511158,0.822907084268941,2.635101778431901,205,199
ORBm,052 Pvalb Gaba,Luzp1,False,91.74343227567383,7.084524966148499,0.67031881560691,2.632893799391776,206,200
ORBm,052 Pvalb Gaba,Pxk,False,69.15728420334356,4.591722460421065,0.7928370736572896,2.6326750039118627,207,201
ORBm,052 Pvalb Gaba,Fam135a,False,75.50324121460253,5.147960203412205,0.7514171303764066,2.629382725865229,208,202
ORBm,052 Pvalb Gaba,Cox6b1,False,97.85056294779939,8.347020961692495,0.6371949267011603,2.6277582552584873,209,203
ORBm,052 Pvalb Gaba,Cend1,False,96.41760491299898,7.971932626266766,0.6433927322479613,2.6275490713220657,210,204
ORBm,052 Pvalb Gaba,Dlat,False,85.02217673149096,6.067384176472274,0.6944137362114411,2.6239459557601377,211,205
ORBm,052 Pvalb Gaba,Fmc1,False,60.79836233367451,3.8296380617316776,0.8392350334998011,2.6231269147622216,212,206
ORBm,052 Pvalb Gaba,Ndrg2,False,53.22415557830092,3.2876315160807956,0.8970059251036919,2.6231147050197183,213,207
ORBm,052 Pvalb Gaba,Slc6a8,False,62.197202320027294,3.9618396427150637,0.8262741907635158,2.620045040980057,214,208
ORBm,052 Pvalb Gaba,Mroh1,False,58.17127260320709,3.6632406494390515,0.8514428175766597,2.616151382466741,215,209
ORBm,052 Pvalb Gaba,Slc3a2,False,63.11838962811327,4.024891713095866,0.8138610603294971,2.6140169702940756,216,210
ORBm,052 Pvalb Gaba,Gm13832,False,37.39338109860116,2.3069402121391285,1.0399308848747748,2.6127256205846896,217,211
ORBm,052 Pvalb Gaba,Ndufc1,False,96.07642442852269,7.790295312283431,0.6300986299612488,2.612715461992888,218,212
ORBm,052 Pvalb Gaba,Dnajc15,False,81.84919822586149,5.808223780329746,0.6990180656138669,2.612032495143262,219,213
ORBm,052 Pvalb Gaba,Iscu,False,90.82224496758785,6.75877192434456,0.6530489700196869,2.6112412027199077,220,214
ORBm,052 Pvalb Gaba,Sorbs1,False,97.85056294779939,8.33096370742574,0.6186923781203824,2.6092557066777093,221,215
ORBm,052 Pvalb Gaba,Atp5c1,False,91.29989764585466,6.9856450560149055,0.6445843951417736,2.6050546857991232,222,216
ORBm,052 Pvalb Gaba,Dmac2,False,56.6359604230638,3.5105904898355536,0.8494094559755312,2.6025017255771505,223,217
ORBm,052 Pvalb Gaba,Pdss1,False,60.83248038212214,3.8664187037956994,0.8159226876148749,2.6000582123517937,224,218
ORBm,052 Pvalb Gaba,Lancl1,False,88.50221767314909,6.4661007285402805,0.6530768878628876,2.6000310411725134,225,219
ORBm,052 Pvalb Gaba,Mpp6,False,88.77516206073012,6.790649205822458,0.6499613003342928,2.5982527741214247,226,220
ORBm,052 Pvalb Gaba,Atp5g1,False,98.36233367451382,8.676506841601629,0.6000078409884324,2.5928366649382046,227,221
ORBm,052 Pvalb Gaba,Slc25a5,False,81.64448993517571,5.674544658159811,0.6761396658284644,2.588066546003466,228,222
ORBm,052 Pvalb Gaba,Uqcrh,False,99.7611736608666,9.342917206424856,0.5874414598014788,2.5864030096488664,229,223
ORBm,052 Pvalb Gaba,Nrep,False,68.30433299215285,4.496566189388821,0.7513954817274091,2.5858437364322735,230,224
ORBm,052 Pvalb Gaba,Gm13205,False,61.58307744796998,3.989850880139031,0.7921373028580012,2.5815986906612425,231,225
ORBm,052 Pvalb Gaba,Atf4,False,94.16581371545547,7.4709005990316335,0.6064964982877674,2.5803897619145495,232,226
ORBm,052 Pvalb Gaba,Ttll5,False,71.4431934493347,4.7854581876486,0.7155111242517602,2.5694719831561486,233,227
ORBm,052 Pvalb Gaba,Ndufb11,False,82.97509382463323,5.866349323419775,0.6494139450158452,2.5683616971781067,234,228
ORBm,052 Pvalb Gaba,Paip2,False,94.302285909246,7.375904147025466,0.5937423559653778,2.568264576229103,235,229
ORBm,052 Pvalb Gaba,Zfp385a,False,78.94916410781303,5.498237956062351,0.6708748141291903,2.5682223503064856,236,230
ORBm,052 Pvalb Gaba,Iars,False,67.51961787785739,4.3991117396073225,0.738147429352217,2.567577405120178,237,231
ORBm,052 Pvalb Gaba,Slc7a5,False,56.8747867621972,3.5901040708762473,0.8121121246585976,2.5670319060481672,238,232
ORBm,052 Pvalb Gaba,Casz1,False,41.794609348345276,2.569603421833685,0.9455711016956718,2.5666913719577877,239,233
ORBm,052 Pvalb Gaba,Zfp804b,False,88.7410440122825,8.115676957972829,0.617794396902358,2.5659189306597954,240,234
ORBm,052 Pvalb Gaba,Nars,False,92.11873080859775,7.239514666179551,0.6005195378420316,2.5648674835625833,241,235
ORBm,052 Pvalb Gaba,Fkbp2,False,93.4834527465029,7.112829421169316,0.5924942603078742,2.563229004689827,242,236
ORBm,052 Pvalb Gaba,Shd,False,53.19003752985329,3.2351733714962365,0.8362381029732098,2.562068399723616,243,237
ORBm,052 Pvalb Gaba,Nt5m,False,63.6301603548277,4.044112008653457,0.7581771426634418,2.5618401603697127,244,238
ORBm,052 Pvalb Gaba,Cox10,False,63.59604230638008,4.047993769624542,0.7550074555911701,2.558437545170697,245,239
ORBm,052 Pvalb Gaba,Capn2,False,56.43125213237803,3.54876150901063,0.803473363708965,2.5549930504870577,246,240
ORBm,052 Pvalb Gaba,Mme,False,30.84271579665643,1.902438660605049,1.0644004177455246,2.5535530297824525,247,241
ORBm,052 Pvalb Gaba,Slc38a1,False,97.64585465711362,8.258115260196766,0.5618661487560788,2.551519959741401,248,242
ORBm,052 Pvalb Gaba,Rgcc,False,29.13681337427499,1.7649369082000221,1.086315700926111,2.5507577531766805,249,243
ORBm,052 Pvalb Gaba,Chchd10,False,99.14704878880929,9.048981243902732,0.5492762005424954,2.5455559920660624,250,244
ORBm,052 Pvalb Gaba,Vegfb,False,80.48447628795633,5.562394942898915,0.6391892621616808,2.544901384608841,251,245
ORBm,052 Pvalb Gaba,4930517O19Rik,False,47.83350392357557,2.9687406708461275,0.862634778455857,2.542366973648061,252,246
ORBm,052 Pvalb Gaba,Mast2,False,88.53633572159673,6.643750558083312,0.5943044939131568,2.541426037659198,253,247
ORBm,052 Pvalb Gaba,Auh,False,80.72330262708974,5.610089190459341,0.6341161071551147,2.5411150290085907,254,248
ORBm,052 Pvalb Gaba,Slbp,False,52.1323780279768,3.1713693879725215,0.8224176579864242,2.53952519378766,255,249
ORBm,052 Pvalb Gaba,Mtfp1,False,72.91026953258273,4.809801521418405,0.6740979290717526,2.5368866327973865,256,250
ORBm,052 Pvalb Gaba,Ndufb9,False,95.83759808938929,7.78254055724702,0.5552332279459158,2.5367691487090585,257,251
ORBm,052 Pvalb Gaba,Ets1,False,26.134425110883658,1.538429195178893,1.1163029995626244,2.533515950756793,258,252
ORBm,052 Pvalb Gaba,Cbx4,False,58.37598089389287,3.655880769581894,0.7665439060009209,2.532778097103586,259,253
ORBm,052 Pvalb Gaba,Clip4,False,77.482088024565,5.4293786904300205,0.6420879351961126,2.5312892509774123,260,254
ORBm,052 Pvalb Gaba,Ndufb2,False,92.05049471170248,7.0720977731143115,0.5668180335514199,2.53084416044887,261,255
ORBm,052 Pvalb Gaba,Osbpl3,False,90.992835209826,6.961941862545579,0.57121320608465,2.5302204033360907,262,256
ORBm,052 Pvalb Gaba,mt-Co2,False,100.0,12.19588703427531,0.5297133447077869,2.529713344707787,263,257
ORBm,052 Pvalb Gaba,Phb,False,64.31252132378027,4.087778695977535,0.7197596249537206,2.5280551610570967,264,258
ORBm,052 Pvalb Gaba,mt-Atp6,False,100.0,13.311160037803065,0.5268207268006861,2.526820726800686,265,259
ORBm,052 Pvalb Gaba,Brip1os,False,40.122824974411465,2.3997426236379433,0.9220614513399823,2.5254529546416666,266,260
ORBm,052 Pvalb Gaba,Blm,False,32.105083589218694,1.8822829195437112,1.0141377923094388,2.52071159729826,267,261
ORBm,052 Pvalb Gaba,Bend6,False,96.24701467076083,7.79741569526852,0.5350120546623023,2.518399322379233,268,262
ORBm,052 Pvalb Gaba,Endod1,False,79.22210849539407,5.632412960243811,0.618482103577576,2.5173285005416957,269,263
ORBm,052 Pvalb Gaba,Pnkd,False,92.11873080859775,7.085143355776612,0.5524713745731553,2.516819320293707,270,264
ORBm,052 Pvalb Gaba,Zfp641,True,52.09825997952917,3.1985791823596363,0.7982000234381608,2.5150232420561465,271,7
ORBm,052 Pvalb Gaba,Msantd4,False,68.44080518594336,4.475792480385454,0.6762778060869046,2.5115929163328685,272,265
ORBm,052 Pvalb Gaba,Zfp260,False,84.51040600477653,6.053431167003849,0.5837617749708119,2.5106719631182135,273,266
ORBm,052 Pvalb Gaba,Moxd1,False,55.20300238826339,4.169734948326483,0.7681432881883175,2.5101059870261357,274,267
ORBm,052 Pvalb Gaba,Gars,False,69.77140907540088,4.739545090049658,0.6659601514506734,2.5096376453555984,275,268
ORBm,052 Pvalb Gaba,Cox5b,False,98.56704196519959,8.524168755730766,0.5153032972609211,2.5090350206666825,276,269
ORBm,052 Pvalb Gaba,Atp5j,False,99.2835209825998,8.905780293761728,0.511827891052512,2.5087050615999837,277,270
ORBm,052 Pvalb Gaba,Hspa9,False,83.52098259979529,5.9145343406987,0.586167657844685,2.5079632528797733,278,271
ORBm,052 Pvalb Gaba,Uqcrb,False,91.40225179119754,6.8690080906254,0.5468319184775217,2.507788813647295,279,272
ORBm,052 Pvalb Gaba,Lnx1,False,53.053565336062775,3.3297719704905537,0.7777113341311641,2.502425909055585,280,273
ORBm,052 Pvalb Gaba,Trp53bp1,False,78.36915728420334,5.334264593212241,0.607642230579077,2.5017874073356676,281,274
ORBm,052 Pvalb Gaba,Ndufs5,False,94.37052200614124,7.470427279828637,0.5263085709005697,2.501144928235426,282,275
ORBm,052 Pvalb Gaba,Slc38a2,False,79.80211531900375,5.5933690873155495,0.5987494814513905,2.500763884822108,283,276
ORBm,052 Pvalb Gaba,Blcap,False,79.46093483452746,5.426891710846874,0.6003683450089055,2.5005220151051506,284,277
ORBm,052 Pvalb Gaba,Uqcrq,False,97.4070283179802,8.178985304167066,0.5103866059893525,2.4989769001327837,285,278
ORBm,052 Pvalb Gaba,Cthrc1,False,45.82053906516547,2.776156136217641,0.8353768058101327,2.4964370000404124,286,279
ORBm,052 Pvalb Gaba,Nfkb1,False,60.45718184919823,3.8514611495716586,0.713867437740618,2.4953153368532144,287,280
ORBm,052 Pvalb Gaba,Mdh1,False,97.91879904469464,8.460080217395939,0.5043209262109984,2.495187004506555,288,281
ORBm,052 Pvalb Gaba,St8sia1,False,74.85499829409758,5.245920244397177,0.6200050248676154,2.4942258296678723,289,282
ORBm,052 Pvalb Gaba,Fkbp3,False,87.03514158990106,6.485934676265034,0.5495659373815229,2.4892605775528773,290,283
ORBm,052 Pvalb Gaba,Mrps11,False,51.074718526100305,3.086328267644429,0.7803310674995898,2.488537049404207,291,284
ORBm,052 Pvalb Gaba,Hmbox1,False,77.0044353462982,5.234787346518759,0.6016186197019975,2.488134360341324,292,285
ORBm,052 Pvalb Gaba,Amn,False,32.41214602524735,1.9365964776946594,0.9750485993489288,2.4857563861993413,293,286
ORBm,052 Pvalb Gaba,Bach1,False,44.38758103036506,2.6597016463707592,0.83781728772009,2.485078765843241,294,287
ORBm,052 Pvalb Gaba,Spata1,False,32.27567383145684,1.9310126172849564,0.9752787875997783,2.4841541055631353,295,288
ORBm,052 Pvalb Gaba,Fundc2,False,67.99727055612419,4.427769931987137,0.6511966299077905,2.483688110169843,296,289
ORBm,052 Pvalb Gaba,Atp5f1,False,92.45991129307404,7.185106645139644,0.510273398932541,2.476226871368511,297,290
ORBm,052 Pvalb Gaba,Ndufv2,False,86.28454452405322,6.179981430818993,0.5401286565450549,2.476061667451024,298,291
ORBm,052 Pvalb Gaba,Osbpl9,False,91.12930740361651,6.804110269016148,0.5162963028724326,2.47595437245537,299,292
ORBm,052 Pvalb Gaba,Abca5,False,69.87376322074377,4.651184758811386,0.6296357879989563,2.473949921864314,300,293
ORBm,052 Pvalb Gaba,Slc7a1,False,72.84203343568748,4.965776592503225,0.6063496010176683,2.4687316619402755,301,294
ORBm,052 Pvalb Gaba,Ndufab1,False,88.36574547935858,6.576598413077608,0.5214573181281263,2.4677412637709426,302,295
ORBm,052 Pvalb Gaba,Cnih4,False,59.058341862845445,3.7234681258629467,0.6963463572696367,2.467627606706595,303,296
ORBm,052 Pvalb Gaba,Smyd4,False,54.588877516206075,3.413451560159382,0.729977770604552,2.4670819348220414,304,297
ORBm,052 Pvalb Gaba,Zfp398,False,74.95735243944047,4.992197526758012,0.5915606459410938,2.4663748844231685,305,298
ORBm,052 Pvalb Gaba,Krt222,False,68.64551347662913,4.540017582539689,0.6284704588687333,2.4650826168141875,306,299
ORBm,052 Pvalb Gaba,Cyc1,False,82.56567724326169,5.846039849147582,0.5423822490528636,2.4591817965948595,307,300
ORBm,052 Pvalb Gaba,Ndufs2,False,77.51620607301263,5.231874089158057,0.5665568571058008,2.4559493657063465,308,301
ORBm,052 Pvalb Gaba,Sdhc,False,75.84442169907881,5.134563423919418,0.5657860340053578,2.4457096782659127,309,302
ORBm,052 Pvalb Gaba,Aars,False,66.93961105424769,4.377764886330923,0.6186643268654435,2.4443475114709377,310,303
ORBm,052 Pvalb Gaba,Xxylt1,False,49.095871716137836,2.9807881694001086,0.7481716403864347,2.4392166158846047,311,304
ORBm,052 Pvalb Gaba,Hapln4,False,61.27601501194132,4.04273113249431,0.6501015513804238,2.437392065273274,312,305
ORBm,052 Pvalb Gaba,Chac1,False,33.776867963152505,1.9576963114274806,0.907944518497779,2.4365638946568935,313,306
ORBm,052 Pvalb Gaba,Cirbp,False,65.7454793585807,4.223899151513455,0.6184909924690962,2.436356888686114,314,307
ORBm,052 Pvalb Gaba,Gm1604a,False,72.56908904810645,5.173563118722813,0.5735350240133776,2.434286695477671,315,308
ORBm,052 Pvalb Gaba,Rbm20,False,28.761514841351076,1.7394729583021806,0.9704589944055279,2.4292707505918347,316,309
ORBm,052 Pvalb Gaba,Ilvbl,False,31.559194814056635,1.7987544652912162,0.9279183557670583,2.4270442700676553,317,310
ORBm,052 Pvalb Gaba,Dbt,False,54.31593312862504,3.3494249576189867,0.6918389848153828,2.4267662297785977,318,311
ORBm,052 Pvalb Gaba,Clec16a,False,78.23268509041283,5.473597120156836,0.5332258547584079,2.4266140910499114,319,312
ORBm,052 Pvalb Gaba,Ndufb7,False,84.33981576253838,5.935041111998491,0.5002151867483056,2.4262478347266483,320,313
ORBm,052 Pvalb Gaba,Fgd3,False,29.443875810303652,1.698432836464264,0.9562973625588161,2.42529233983559,321,314
ORBm,052 Pvalb Gaba,Spats2,False,65.50665301944728,4.285839568873145,0.6063440861847984,2.4226294964499124,322,315
ORBm,052 Pvalb Gaba,Ndufaf4,False,79.22210849539407,5.4492792853801495,0.5205110456432918,2.4193574426074114,323,316
ORBm,052 Pvalb Gaba,Tgfbr2,False,31.593312862504266,1.9093372939756323,0.9164709564056391,2.416066124649138,324,317
ORBm,052 Pvalb Gaba,Ugp2,False,71.88672807915387,4.751660370737243,0.5560788882793091,2.412727605448974,325,318
ORBm,052 Pvalb Gaba,Sclt1,False,80.07505970658478,5.618576887970856,0.5090693081112754,2.4125665792714326,326,319
ORBm,052 Pvalb Gaba,Anapc13,False,80.04094165813716,5.416311565335397,0.5091668663795694,2.4124790557206444,327,320
ORBm,052 Pvalb Gaba,E2f6,True,55.407710678949165,3.4342599931897175,0.6664501065551653,2.410020313021886,328,8
ORBm,052 Pvalb Gaba,Coprs,False,78.33503923575572,5.258047113643088,0.5157936112526764,2.409749676540177,329,321
ORBm,052 Pvalb Gaba,Relt,False,36.26748549982941,2.1174722109911426,0.8495740190924101,2.4090914651772715,330,322
ORBm,052 Pvalb Gaba,Myof,False,29.375639713408393,1.7895860831430852,0.9377004544345012,2.4056877874497204,331,323
ORBm,052 Pvalb Gaba,Bcat1,False,77.75503241214602,5.4606300231662885,0.5116559883154972,2.4023844950574373,332,324
ORBm,052 Pvalb Gaba,Gm15417,False,29.819174343227566,1.7195740318753865,0.9274696836480288,2.4019652978439963,333,325
ORBm,052 Pvalb Gaba,Kansl1l,False,60.49129989764585,3.9578375242058224,0.6127394919503364,2.3944324091128184,334,326
ORBm,052 Pvalb Gaba,Adgra3,False,39.815762538382806,2.4630754068010865,0.7935046235800474,2.3935596611869823,335,327
ORBm,052 Pvalb Gaba,Tbc1d4,False,42.47697031729785,2.623635491508138,0.7601929930016422,2.3883465259949617,336,328
ORBm,052 Pvalb Gaba,Msantd2,False,58.17127260320709,3.635664472316402,0.6181736446075319,2.382882209497613,337,329
ORBm,052 Pvalb Gaba,A730060N03Rik,False,40.73694984646878,2.421272686503113,0.7671057408343744,2.3770942491892892,338,330
ORBm,052 Pvalb Gaba,Stac2,False,73.1149778232685,4.915437399669948,0.509832336688266,2.3738386892916594,339,331
ORBm,052 Pvalb Gaba,mt-Atp8,False,69.12316615489594,5.1095818656575185,0.5332835984889739,2.3729072210748,340,332
ORBm,052 Pvalb Gaba,Mypn,False,28.38621630842716,1.6683789386313266,0.9145063522523416,2.3676138601046297,341,333
ORBm,052 Pvalb Gaba,Tomm40,False,68.37256908904811,4.480845497883615,0.5276528515376668,2.362534750294439,342,334
ORBm,052 Pvalb Gaba,Coq7,False,49.744114636642784,3.03928396849045,0.6657657185301966,2.362507424073717,343,335
ORBm,052 Pvalb Gaba,Arhgap12,False,65.02900034118048,4.21644640700966,0.548717565189567,2.3618246430534393,344,336
ORBm,052 Pvalb Gaba,Ppargc1b,False,68.09962470146708,4.511377007267411,0.5264870138096636,2.3596317323225806,345,337
ORBm,052 Pvalb Gaba,Smim4,False,49.16410781303309,2.99124656216515,0.6660235234782306,2.3576716858537843,346,338
ORBm,052 Pvalb Gaba,Slc25a36,False,63.903104742408736,4.099959468158265,0.5491140938667654,2.354636052803567,347,339
ORBm,052 Pvalb Gaba,Gm26902,False,27.635619242579324,1.5997896067561732,0.9123522634335952,2.3538214638738095,348,340
ORBm,052 Pvalb Gaba,Fam131c,False,31.695667007847153,1.8310348500330185,0.8469027594012641,2.3479026549564703,349,341
ORBm,052 Pvalb Gaba,Lsm4,False,62.367792562265436,3.963878317930234,0.551573234889549,2.346533607848926,350,342
ORBm,052 Pvalb Gaba,Vstm2b,False,67.96315250767655,4.582736683965583,0.5135889708052748,2.3458624864545192,351,343
ORBm,052 Pvalb Gaba,Lypla1,False,56.738314568406686,3.5152103368107754,0.5901944759507822,2.344070906731866,352,344
ORBm,052 Pvalb Gaba,Gm31218,False,45.17229614466053,2.8351049042528946,0.6890397501910139,2.3439119168562597,353,345
ORBm,052 Pvalb Gaba,Mrps16,False,68.78198567041966,4.433292124711462,0.5034901068399464,2.3409648161749987,354,346
ORBm,052 Pvalb Gaba,Gcsh,False,62.538382804503584,3.945807538639356,0.541746106274922,2.3378927527987035,355,347
ORBm,052 Pvalb Gaba,Miga2,False,66.25725008529513,4.314435028940368,0.509470034455243,2.3307034415887937,356,348
ORBm,052 Pvalb Gaba,Tcap,False,42.23814397816445,2.7099877692293854,0.6963021513997223,2.322006977645386,357,349
ORBm,052 Pvalb Gaba,Pex5,False,53.32650972364381,3.3159330713590314,0.5884310179513297,2.315374177532081,358,350
ORBm,052 Pvalb Gaba,Rwdd4a,False,48.072330262708974,2.898163789289065,0.6240533370465902,2.305948511717511,359,351
ORBm,052 Pvalb Gaba,9530036O11Rik,False,32.821562606618905,1.9455042370184823,0.782526913804449,2.298686167403827,360,352
ORBm,052 Pvalb Gaba,Mtx2,False,57.59126577959741,3.5981518925354776,0.5287776915242084,2.289134315375409,361,353
ORBm,052 Pvalb Gaba,Fundc1,False,58.4100989423405,3.6257380964161388,0.5186899148328434,2.285177856735542,362,354
ORBm,052 Pvalb Gaba,Ddt,False,40.464005458887755,2.4323492190082177,0.6767899885995008,2.2838588591893094,363,355
ORBm,052 Pvalb Gaba,Optn,False,45.64994882292733,2.742990910905248,0.622234734129846,2.281675029123215,364,356
ORBm,052 Pvalb Gaba,Cep164,False,57.079495052882976,3.5391464884148567,0.5243441393545121,2.280824261878471,365,357
ORBm,052 Pvalb Gaba,Kcnh2,False,33.87922210849539,1.9470477955042806,0.7461060116102447,2.2760394416671903,366,358
ORBm,052 Pvalb Gaba,Npc1,False,43.02285909245991,2.538801887587694,0.6392464848683721,2.272945753003018,367,359
ORBm,052 Pvalb Gaba,Ralb,False,43.39815762538383,2.5908983036016533,0.6328600425287925,2.2703313354027523,368,360
ORBm,052 Pvalb Gaba,Clec2l,False,56.738314568406686,3.5953456601442553,0.5158201989754128,2.2696966297564964,369,361
ORBm,052 Pvalb Gaba,Gm9962,False,39.06516547253497,2.3211986837188605,0.6760261382062045,2.267815806443676,370,362
ORBm,052 Pvalb Gaba,Ttc39c,False,41.760491299897645,2.5315807268343784,0.6456972965952754,2.266462895966382,371,363
ORBm,052 Pvalb Gaba,Bag2,False,37.90515182531559,2.2190297080241383,0.6864363024682154,2.2651345429706478,372,364
ORBm,052 Pvalb Gaba,Txndc12,False,47.35585124530877,2.847268694458216,0.5873706809425636,2.262744328622964,373,365
ORBm,052 Pvalb Gaba,Cbx7,False,48.03821221426134,2.8834881087855972,0.5748035294051568,2.2563903657728144,374,366
ORBm,052 Pvalb Gaba,Lama3,False,26.953258273626748,1.7260919445328076,0.8257711632091841,2.25638243606119,375,367
ORBm,052 Pvalb Gaba,Azin2,False,54.213578983282154,3.3315484975231096,0.5193689473971017,2.2534770261660455,376,368
ORBm,052 Pvalb Gaba,Cables2,False,43.091095189355165,2.5734370793551156,0.6182505846672597,2.252638116784155,377,369
ORBm,052 Pvalb Gaba,Gm1604b,False,34.86864551347663,2.079621800787414,0.7089439902064156,2.251379067566674,378,370
ORBm,052 Pvalb Gaba,Abca1,False,35.005117707267146,2.066254260799495,0.7047987611889241,2.2489303035262864,379,371
ORBm,052 Pvalb Gaba,Fibp,False,44.251108836574545,2.640191647267024,0.6011344982360143,2.2470586558816588,380,372
ORBm,052 Pvalb Gaba,Anapc4,False,48.20880245649949,2.9101129152473026,0.554271788967311,2.237398132377434,381,373
ORBm,052 Pvalb Gaba,mt-Nd6,False,43.739338109860114,2.7570633460376417,0.5462687357575424,2.1871409425019053,382,374
ORBm,052 Pvalb Gaba,Mrps35,False,39.5769361992494,2.32303008460543,0.5804866469664738,2.1779288177549567,383,375
ORBm,052 Pvalb Gaba,Tsc22d4,False,40.73694984646878,2.3966623004977103,0.5568419113959509,2.1668304197508657,384,376
ORBm,052 Pvalb Gaba,Fdx1,False,45.3770044353463,2.7018368375134605,0.5021444563808841,2.1589802789095343,385,377
ORBm,052 Pvalb Gaba,Gm11944,False,32.37802797679973,1.8877690294747953,0.6443653995891685,2.1546157935780257,386,378
ORBm,052 Pvalb Gaba,Plch1,False,32.75332650972364,2.0516256405932225,0.6190787464926388,2.1343341610937716,387,379
ORBm,052 Pvalb Gaba,Gm17354,False,32.88979870351416,1.90615119790917,0.6156869450744653,2.1327481605388607,388,380
ORBm,052 Pvalb Gaba,Nbn,False,33.94745820539065,1.9772624520464832,0.5975917729925528,2.128399035299843,389,381
ORBm,052 Pvalb Gaba,Aen,False,40.156943022859096,2.3552583182317655,0.5244145779251641,2.1281752223301633,390,382
ORBm,052 Pvalb Gaba,Zcchc4,False,34.42511088365745,2.0123865341660268,0.5905185692136317,2.127393917012107,391,383
ORBm,052 Pvalb Gaba,Spsb4,False,28.863868986693962,1.6638706015954852,0.6624225732261642,2.122777117826752,392,384
ORBm,052 Pvalb Gaba,Acadm,False,37.25690890481064,2.169016785688345,0.5400917356277637,2.1112985555580464,393,385
ORBm,052 Pvalb Gaba,Sesn2,False,30.092118730808597,1.7429573894645198,0.6192436360555875,2.097696402748972,394,386
ORBm,052 Pvalb Gaba,Rangrf,False,29.13681337427499,1.6619752007350708,0.6322351342271553,2.0966771864777245,395,387
ORBm,052 Pvalb Gaba,Aldh18a1,False,32.41214602524735,1.8663710949161443,0.5803325639315182,2.09104035078193,396,388
ORBm,052 Pvalb Gaba,Bloc1s5,False,35.24394404640054,2.0407653517057693,0.5329972923792456,2.0800817954604307,397,389
ORBm,052 Pvalb Gaba,Prkra,False,36.949846468781985,2.146305189650037,0.5036132448571273,2.0712258830440122,398,390
ORBm,052 Pvalb Gaba,Scrt2,False,29.034459228932104,1.6572731353853474,0.5748833966847031,2.0377971383308555,399,391
ORBm,052 Pvalb Gaba,Ikbip,False,29.47799385875128,1.7068562294508727,0.5649640730930858,2.0344619971335436,400,392
ORBm,052 Pvalb Gaba,Uhrf1bp1,False,31.66154895939952,1.8095139679506915,0.5317840265743434,2.03231618435477,401,393
ORBm,052 Pvalb Gaba,Kctd9,False,28.795632889798704,1.638914974424791,0.5698643161774781,2.0291909443646974,402,394
ORBm,052 Pvalb Gaba,Kyat1,False,30.262708973046742,1.7464379031110728,0.5481683641217447,2.0290761655150353,403,395
ORBm,052 Pvalb Gaba,Hbegf,False,29.887410440122824,1.7247489556970144,0.5176754790319673,1.9931637667616124,404,396
ORBm,052 Pvalb Gaba,Fam114a1,False,25.52030023882634,1.5070979190905807,0.5609160927326979,1.9678018721587238,405,397
ORBm,053 Sst Gaba,Sst,True,98.70317002881845,10.904335986640337,8.065175394127449,10.059506495165019,1,1
ORBm,053 Sst Gaba,Grin3a,False,97.56844380403459,9.694928608126187,4.217849287430947,6.207158665571351,2,1
ORBm,053 Sst Gaba,Frmd4b,False,82.8350144092219,6.50223895649745,3.7004285165328876,5.618642468660127,3,2
ORBm,053 Sst Gaba,Tmcc3,False,83.35734870317003,6.434179222721188,3.445429255623114,5.366373148456027,4,3
ORBm,053 Sst Gaba,Lypd6,False,91.10230547550432,7.93037078007841,3.1480967544668834,5.107626122028471,5,4
ORBm,053 Sst Gaba,Lypd6b,False,87.64409221902017,6.857371573832949,2.9224632044490995,4.865185851597101,6,5
ORBm,053 Sst Gaba,Trhde,False,97.37031700288185,9.330502997987209,2.86775039570933,4.856176979625238,7,6
ORBm,053 Sst Gaba,B3gat2,False,67.43515850144092,4.961351889354694,2.6425473127633405,4.4714336953826095,8,7
ORBm,053 Sst Gaba,Gm16083,False,86.20317002881845,6.391629584584525,2.4710408792813907,4.406564116112011,9,8
ORBm,053 Sst Gaba,Klf5,False,81.06988472622479,5.869945767977052,2.478510797510488,4.387370353002169,10,9
ORBm,053 Sst Gaba,Masp1,False,63.40057636887608,4.220538829176845,2.2597090450673516,4.061802251098684,11,10
ORBm,053 Sst Gaba,Kctd8,False,89.03097982708934,7.251169324178861,1.818290410182331,3.7678315631963093,12,11
ORBm,053 Sst Gaba,Rasgrp2,False,65.79610951008645,4.341060049252139,1.9402281219555677,3.758428336720686,13,12
ORBm,053 Sst Gaba,Glce,False,81.55619596541787,5.754873010456047,1.732363167782231,3.6438201285156477,14,13
ORBm,053 Sst Gaba,Baiap3,True,42.99351585014409,2.960533366423175,1.9500835363355844,3.5834864978955405,15,2
ORBm,053 Sst Gaba,Zcchc12,False,86.1671469740634,6.275066368775684,1.645429110208017,3.580770823741573,16,14
ORBm,053 Sst Gaba,Elfn1,False,84.4920749279539,6.998544856862995,1.482284887458798,3.409100862959158,17,15
ORBm,053 Sst Gaba,Unc13c,False,54.70100864553314,4.523629492143389,1.6680121701829624,3.406007504654429,18,16
ORBm,053 Sst Gaba,Trpc6,False,67.30907780979827,5.1516539043926715,1.569767286860969,3.397840927263808,19,17
ORBm,053 Sst Gaba,Tunar,False,36.419308357348704,2.1944273033471893,1.7575457506486294,3.318877444456813,20,18
ORBm,053 Sst Gaba,Neto1,False,98.3249279538905,8.822393765109418,1.2686883109360831,3.261351947795246,21,19
ORBm,053 Sst Gaba,Gm15723,False,43.38976945244957,2.7601947939018006,1.6237189766420443,3.261106319193589,22,20
ORBm,053 Sst Gaba,Rab3b,False,98.82925072046109,8.752796163562396,1.2643851175443448,3.2592706202936257,23,21
ORBm,053 Sst Gaba,Klhl1,False,48.21685878962536,3.226236112523148,1.5655114479020646,3.248710361642199,24,22
ORBm,053 Sst Gaba,Cdh4,False,83.39337175792507,6.403385964869079,1.282037284358454,3.2031688179296083,25,23
ORBm,053 Sst Gaba,Cers6,False,97.31628242074927,8.147488798720692,1.1926703074048017,3.180855817497199,26,24
ORBm,053 Sst Gaba,Nipsnap3b,False,47.24423631123919,2.884730308818542,1.4724798511902262,3.146828684333781,27,25
ORBm,053 Sst Gaba,Fam3c,False,80.60158501440922,5.701501028166724,1.2321195427294436,3.138463124934576,28,26
ORBm,053 Sst Gaba,Smc2,False,42.435158501440924,2.6398684246739323,1.5070229997375262,3.134748828405792,29,27
ORBm,053 Sst Gaba,Fhl1,False,74.96397694524495,5.014382784321947,1.251986501359676,3.1268391197884857,30,28
ORBm,053 Sst Gaba,Tmem255a,False,43.44380403458213,2.785670805389668,1.4878133529910682,3.125741199012383,31,29
ORBm,053 Sst Gaba,Kif26b,False,70.06484149855908,5.039259204259867,1.2358331632242585,3.0813333071031677,32,30
ORBm,053 Sst Gaba,9630002D21Rik,False,51.96325648414986,3.6979270953609897,1.3532242422912484,3.0689206023362,33,31
ORBm,053 Sst Gaba,Pgap1,False,79.03458213256484,5.523234104818157,1.159944073898278,3.0577612353541532,34,32
ORBm,053 Sst Gaba,Gm20754,False,92.84942363112393,7.863626099972628,1.057109517341873,3.02488872951461,35,33
ORBm,053 Sst Gaba,Bcl9,False,87.42795389048992,6.366599618873266,1.0818177948804149,3.0234681094295324,36,34
ORBm,053 Sst Gaba,Ifit2,False,40.86815561959654,2.5288524600202136,1.400538621703113,3.0119236601412505,37,35
ORBm,053 Sst Gaba,Satb1,False,98.46902017291066,9.38610789394516,1.0154903264487327,3.0087899428934914,38,36
ORBm,053 Sst Gaba,Runx1t1,False,97.87463976945244,8.36570715706699,1.012015951925667,3.0026861285607405,39,37
ORBm,053 Sst Gaba,Rgs9,True,63.85086455331412,4.250166784360017,1.1971908470741934,3.00235762914648,40,3
ORBm,053 Sst Gaba,Vcl,False,55.205331412103746,3.545382226149012,1.1951869105254112,2.937167931933047,41,38
ORBm,053 Sst Gaba,Siah3,False,64.10302593659942,4.26915778344234,1.1268405768067633,2.9337191073638107,42,39
ORBm,053 Sst Gaba,Fibcd1,False,30.871757925072046,1.9403647703121307,1.436485085559863,2.9260464457002437,43,40
ORBm,053 Sst Gaba,Dgkg,False,95.62319884726224,7.985100867081788,0.9336865956681937,2.914249863562552,44,41
ORBm,053 Sst Gaba,Gpx3,False,52.98991354466859,3.7693810586627006,1.1891614349606332,2.913354645905346,45,42
ORBm,053 Sst Gaba,Mthfs,False,56.21397694524496,3.6609078157875654,1.1512557549780453,2.9011000661965793,46,43
ORBm,053 Sst Gaba,Ugdh,False,64.73342939481267,4.228477416533215,1.0855175823306045,2.896646197656761,47,44
ORBm,053 Sst Gaba,Ece2,False,59.11383285302594,3.720648663875349,1.0912165452978053,2.862905664568081,48,45
ORBm,053 Sst Gaba,Tmem130,False,98.43299711815563,8.369590015765226,0.8553894323519584,2.8485301411908814,49,46
ORBm,053 Sst Gaba,Lama4,False,38.76080691642651,2.5313433419043463,1.2499516492980258,2.8383444588455786,50,47
ORBm,053 Sst Gaba,Col19a1,False,78.06195965417868,6.542679057341144,0.9395029950267011,2.831942444563702,51,48
ORBm,053 Sst Gaba,Barx2,False,50.63040345821326,3.318682711818376,1.1262848695933596,2.830696257754002,52,49
ORBm,053 Sst Gaba,Rpp25,False,82.29466858789625,5.881800531911575,0.9110506778461964,2.826422378455103,53,50
ORBm,053 Sst Gaba,Ankrd44,False,70.3350144092219,4.806310824083663,0.9741909887698839,2.8213625695364044,54,51
ORBm,053 Sst Gaba,Grm1,True,94.21829971181556,8.524591782680506,0.8453410351942541,2.8194762977748917,55,4
ORBm,053 Sst Gaba,Gm47033,False,48.63112391930836,3.2194457541968706,1.1090539377413613,2.79596824445355,56,52
ORBm,053 Sst Gaba,Rab27b,False,96.28962536023054,8.111393649485338,0.796355584695891,2.7799350816696107,57,53
ORBm,053 Sst Gaba,Peg3,False,99.54971181556196,9.235088421047935,0.7787131051310112,2.776753112265988,58,54
ORBm,053 Sst Gaba,Rgs17,False,96.39769452449568,8.332337812405155,0.7628847152501494,2.7469513625631174,59,55
ORBm,053 Sst Gaba,Spats2l,False,76.6750720461095,5.437147552754075,0.8453717761136268,2.7300259688439645,60,56
ORBm,053 Sst Gaba,Slitrk3,False,68.44380403458213,4.5052804974382825,0.8916627041700345,2.726996843340046,61,57
ORBm,053 Sst Gaba,Mafb,False,85.89697406340058,6.521909212688204,0.7868616181772117,2.7208394831642804,62,58
ORBm,053 Sst Gaba,Ache,False,54.178674351585016,3.3905048645195426,0.9804598516690639,2.7142882261418704,63,59
ORBm,053 Sst Gaba,Minar1,False,56.39409221902017,3.7350756840334847,0.9375890257647224,2.688822635934839,64,60
ORBm,053 Sst Gaba,Arx,False,87.04971181556196,6.455142282271591,0.7322002019902243,2.6719675396823064,65,61
ORBm,053 Sst Gaba,Celf6,False,67.84942363112393,4.436422995600302,0.8281411723891416,2.6596873351456107,66,62
ORBm,053 Sst Gaba,Mir100hg,False,96.37968299711815,8.055583548563014,0.6563221774206118,2.640307670948068,67,63
ORBm,053 Sst Gaba,Tmem91,False,78.89048991354467,5.335671856355255,0.7328630615663796,2.6298877146236803,68,64
ORBm,053 Sst Gaba,Gnai2,False,83.86167146974063,5.908455932432362,0.7015645999418476,2.6251281141368814,69,65
ORBm,053 Sst Gaba,Plppr1,False,77.17939481268012,5.528254715097741,0.7329935758726052,2.6204949446850234,70,66
ORBm,053 Sst Gaba,Gm32647,False,54.46685878962536,4.328426317110529,0.8842156229806659,2.620347952363036,71,67
ORBm,053 Sst Gaba,Dact1,False,33.95172910662824,2.0138483817020822,1.0722322856089654,2.6030941827039786,72,68
ORBm,053 Sst Gaba,Sema3a,False,64.78746397694525,4.632969247418797,0.7865240117546879,2.5980149921264006,73,69
ORBm,053 Sst Gaba,Sash1,False,62.518011527377524,4.123736598649698,0.7851846671106424,2.581189823335256,74,70
ORBm,053 Sst Gaba,Gaa,False,88.47262247838617,6.477447403868612,0.6265354196764408,2.5733443203627537,75,71
ORBm,053 Sst Gaba,Dnm3,False,99.3335734870317,9.006029905262873,0.572694322597064,2.5697903819264747,76,72
ORBm,053 Sst Gaba,Rbp4,True,87.8422190201729,7.153165284082594,0.6235171914281032,2.567220489572871,77,5
ORBm,053 Sst Gaba,Eif4a2,False,99.7478386167147,9.723929768336953,0.5621210919573052,2.5610245859200624,78,73
ORBm,053 Sst Gaba,Cct5,False,75.21613832853026,5.024049753414451,0.6667644027388047,2.543075435286212,79,74
ORBm,053 Sst Gaba,Gm4258,False,87.914265129683,6.610953640525554,0.5986119189707759,2.5426712691804987,80,75
ORBm,053 Sst Gaba,Arnt2,False,96.86599423631124,8.08286515986198,0.5530205302560427,2.539191870696527,81,76
ORBm,053 Sst Gaba,Vgf,False,83.69956772334294,6.615782054253889,0.6064486226275729,2.529171837659643,82,77
ORBm,053 Sst Gaba,Sh3kbp1,False,84.94236311239193,6.265718074284644,0.5885543411208118,2.517678680097065,83,78
ORBm,053 Sst Gaba,1500009L16Rik,False,68.82204610951008,4.530669170085567,0.6726046032045088,2.510332183446119,84,79
ORBm,053 Sst Gaba,C1d,False,78.98054755043228,5.311131044835797,0.6123096466171889,2.5098297868724497,85,80
ORBm,053 Sst Gaba,Pakap,False,88.85086455331412,6.72919548107499,0.5555633898330408,2.504225047848384,86,81
ORBm,053 Sst Gaba,Bend4,False,52.9178674351585,3.3267624044968005,0.7803141389441133,2.5039164729515524,87,82
ORBm,053 Sst Gaba,Gprasp2,False,78.98054755043228,5.475001666662672,0.585275253679022,2.482795393934283,88,83
ORBm,053 Sst Gaba,Vstm5,False,51.67507204610951,3.178124265643293,0.7546278670298721,2.467908957829072,89,84
ORBm,053 Sst Gaba,Gm14296,False,56.502161383285305,3.5761791416135233,0.7052693326631934,2.45733439391414,90,85
ORBm,053 Sst Gaba,Ell2,False,76.36887608069165,5.329313395088619,0.5740522957298708,2.4569686948758047,91,86
ORBm,053 Sst Gaba,Slc9a6,False,80.45749279538904,5.565596571229721,0.5349076768226304,2.4404741718476703,92,87
ORBm,053 Sst Gaba,Ablim3,False,68.69596541786744,4.555470924556084,0.5999276899728345,2.4368589212360225,93,88
ORBm,053 Sst Gaba,Snx8,False,44.164265129682995,2.660692741616659,0.782877034019869,2.427948042419448,94,89
ORBm,053 Sst Gaba,Pxdc1,False,37.13976945244957,2.2526649167970554,0.8538596117803534,2.4236988152810524,95,90
ORBm,053 Sst Gaba,Timp3,False,37.788184438040346,2.6579037577515034,0.8453626128505036,2.422718639261244,96,91
ORBm,053 Sst Gaba,Oxtr,True,29.394812680115272,1.8751333604972027,0.952545373620883,2.420816070591927,97,6
ORBm,053 Sst Gaba,Npas1,False,57.13256484149856,3.819311730112741,0.6551138484172139,2.4119975696159814,98,92
ORBm,053 Sst Gaba,Tmx1,False,63.778818443804035,4.060494715954453,0.5966651938720129,2.4013416631833255,99,93
ORBm,053 Sst Gaba,Kiz,False,45.01080691642651,2.766705740082161,0.7284147590250076,2.381731557704659,100,94
ORBm,053 Sst Gaba,BC030500,False,65.38184438040346,4.294783160734589,0.5627055689956881,2.3781627365850024,101,95
ORBm,053 Sst Gaba,AW554918,False,62.914265129682995,4.116915912982023,0.5560485877937071,2.3547977159845557,102,96
ORBm,053 Sst Gaba,4930452B06Rik,False,51.476945244956774,3.3530972285641716,0.6338835769051148,2.3454963439132674,103,97
ORBm,053 Sst Gaba,Cyfip1,False,65.59798270893371,4.3057054349943265,0.5202354182373274,2.33712590224943,104,98
ORBm,053 Sst Gaba,Sstr1,False,28.92651296829971,1.7360873263576189,0.8432499716780144,2.304546055173878,105,99
ORBm,053 Sst Gaba,Smim17,False,46.63184438040346,2.83273467138109,0.5922845753157939,2.2609671683038677,106,100
ORBm,053 Sst Gaba,Stard13,False,42.65129682997118,2.8811074182691767,0.6092995094964717,2.239231750100555,107,101
ORBm,053 Sst Gaba,Edem1,False,34.85230547550432,2.0522162357737077,0.68660032635471,2.228831838262842,108,102
ORBm,053 Sst Gaba,Ppp2r1b,False,38.63472622478386,2.2940671849319503,0.6404595065631948,2.2274373456371395,109,103
ORBm,053 Sst Gaba,Zswim5,False,42.72334293948127,2.6089569927979617,0.5912016291980273,2.221866856443454,110,104
ORBm,053 Sst Gaba,Rab27a,False,47.7485590778098,2.9686114176549556,0.5363622111328108,2.215322481419106,111,105
ORBm,053 Sst Gaba,AW551984,False,35.26657060518732,2.2625676355719224,0.6601960371340305,2.207559267154351,112,106
ORBm,053 Sst Gaba,Gm6710,False,43.533861671469744,2.6261263031093804,0.5572258300240298,2.1960530229848816,113,107
ORBm,053 Sst Gaba,Lgals8,False,42.68731988472622,2.56599952851661,0.5317490029603928,2.1620478915236983,114,108
ORBm,053 Sst Gaba,Pard3b,False,25.70244956772334,1.9994466105524333,0.7368409922444352,2.146815507912284,115,109
ORBm,053 Sst Gaba,Gxylt2,False,25.576368876080693,1.6283825258013152,0.6860263508939572,2.093865237830215,116,110
