order_rank,gene,block,serves,why,max_pct,max_mean,max_spec_panel,tenx_ensembl_ids,tenx_designable_matches,tenx_on_no_probe_list,ncbi_gene_id,ncbi_description,ncbi_gene_type,ncbi_nomenclature_status,ncbi_modified,gtf_ensembl_ids,gtf_gene_types,gtf_transcript_count,gtf_transcript_types,allen_max_pct_full,allen_max_pct_anchor,allen_median_pct_across_anchors,allen_n_anchors_ge50,allen_max_pct_ORBm,allen_max_pct_BMAp,target_type,symbol_qc,tenx_design_qc,isoform_qc,detectability_tier,overall_pre_vendor_status
1,Vip,1_celltype_separator,046 Vip Gaba :: Cortical interneurons,UNIQUE separator for 046 Vip Gaba,92.86,10.68,10.06,ENSMUSG00000019772,1.0,False,22353,vasoactive intestinal polypeptide,protein-coding,O,20260915,ENSMUSG00000019772,protein_coding,2.0,protein_coding; retained_intron,92.85932255111382,046 Vip Gaba,8.315398147643958,1.0,92.85932255111382,1.263297872340425,STANDARD_MOUSE_GENE,PASS_CURRENT_NCBI_SYMBOL,PASS_V1_STANDARD_DESIGNABLE,MULTI_TRANSCRIPT_GENE_LEVEL_OK,HIGH_ge50pct,PASS_PRE_VENDOR_QC
2,Tshz2,1_celltype_separator,032 L5 NP CTX Glut :: L5 IT / L5 ET/PT output neurons | cortical_L5NP,UNIQUE separator for 032 L5 NP CTX Glut,99.95,11.91,8.84,ENSMUSG00000047907,1.0,False,228911,teashirt zinc finger family member 2,protein-coding,O,20260818,ENSMUSG00000047907,protein_coding,5.0,protein_coding,99.94984954864594,032 L5 NP CTX Glut,24.70962010652936,8.0,99.94984954864594,99.2686170212766,STANDARD_MOUSE_GENE,PASS_CURRENT_NCBI_SYMBOL,PASS_V1_STANDARD_DESIGNABLE,MULTI_TRANSCRIPT_GENE_LEVEL_OK,HIGH_ge50pct,PASS_PRE_VENDOR_QC
3,Sst,1_celltype_separator,053 Sst Gaba :: Cortical interneurons,UNIQUE separator for 053 Sst Gaba,99.05,10.96,8.11,ENSMUSG00000004366,1.0,False,20604,somatostatin,protein-coding,O,20260915,ENSMUSG00000004366,protein_coding,1.0,protein_coding,99.05151571508276,053 Sst Gaba,19.27162594286137,2.0,99.05151571508276,52.38300315819696,STANDARD_MOUSE_GENE,PASS_CURRENT_NCBI_SYMBOL,PASS_V1_STANDARD_DESIGNABLE,SINGLE_TRANSCRIPT_GENE_LEVEL,HIGH_ge50pct,PASS_PRE_VENDOR_QC
4,Slc17a7,1_celltype_separator,012 MEA Slc17a7 Glut :: Posterior BMA glutamatergic / pallial amygdala VGLUT1 | glutamatergic | glutamatergic,UNIQUE separator for 012 MEA Slc17a7 Glut,100.0,10.06,6.55,ENSMUSG00000070570,1.0,False,72961,"solute carrier family 17 (sodium-dependent inorganic phosphate cotransporter), member 7",protein-coding,O,20260910,ENSMUSG00000070570,protein_coding,5.0,protein_coding; retained_intron,100.0,029 L6b CTX Glut,41.92181070465695,9.0,100.0,93.52409638554217,STANDARD_MOUSE_GENE,PASS_CURRENT_NCBI_SYMBOL,PASS_V1_STANDARD_DESIGNABLE,MULTI_TRANSCRIPT_GENE_LEVEL_OK,HIGH_ge50pct,PASS_PRE_VENDOR_QC
5,Lhx6,1_celltype_separator,074 MEA-BST Lhx6 Sp9 Gaba :: Amygdala GABA / striatal-like inhibitory neighbors | MGE_interneuron | MGE_interneuron,UNIQUE separator for 074 MEA-BST Lhx6 Sp9 Gaba,88.66,6.19,5.9,ENSMUSG00000026890,1.0,False,16874,LIM homeobox protein 6,protein-coding,O,20260910,ENSMUSG00000026890,protein_coding,9.0,lncRNA; protein_coding; retained_intron,88.65500696486612,074 MEA-BST Lhx6 Sp9 Gaba,2.048006492983821,3.0,84.84284917240097,88.65500696486612,STANDARD_MOUSE_GENE,PASS_CURRENT_NCBI_SYMBOL,PASS_V1_STANDARD_DESIGNABLE,MULTI_TRANSCRIPT_GENE_LEVEL_OK,HIGH_ge50pct,PASS_PRE_VENDOR_QC
6,Sim1,1_celltype_separator,121 MEA-BST Otp Zic2 Glut :: BMA/MEA VGLUT2-like excitatory | amygdala_hypothalamic,UNIQUE separator for 121 MEA-BST Otp Zic2 Glut,87.97,6.49,5.62,ENSMUSG00000019913,1.0,False,20464,single-minded family bHLH transcription factor 1,protein-coding,O,20260818,ENSMUSG00000019913,protein_coding,2.0,protein_coding,87.96812749003983,121 MEA-BST Otp Zic2 Glut,0.1728467024359419,1.0,0.2489250961756053,87.96812749003983,STANDARD_MOUSE_GENE,PASS_CURRENT_NCBI_SYMBOL,PASS_V1_STANDARD_DESIGNABLE,MULTI_TRANSCRIPT_GENE_LEVEL_OK,HIGH_ge50pct,PASS_PRE_VENDOR_QC
7,Pvalb,1_celltype_separator,052 Pvalb Gaba :: Cortical interneurons,UNIQUE separator for 052 Pvalb Gaba,71.28,6.18,5.58,ENSMUSG00000005716,1.0,False,19293,parvalbumin,protein-coding,O,20260825,ENSMUSG00000005716,protein_coding,2.0,protein_coding,71.27919135587312,052 Pvalb Gaba,1.454433771491495,1.0,71.27919135587312,3.623853211009175,STANDARD_MOUSE_GENE,PASS_CURRENT_NCBI_SYMBOL,PASS_V1_STANDARD_DESIGNABLE,MULTI_TRANSCRIPT_GENE_LEVEL_OK,HIGH_ge50pct,PASS_PRE_VENDOR_QC
8,Ebf1,1_celltype_separator,082 CEA-BST Ebf1 Pdyn Gaba :: Amygdala GABA / striatal-like inhibitory neighbors | striatal,UNIQUE separator for 082 CEA-BST Ebf1 Pdyn Gaba,73.28,6.31,4.77,ENSMUSG00000057098,1.0,False,13591,early B cell factor 1,protein-coding,O,20260818,ENSMUSG00000057098,protein_coding,7.0,lncRNA; protein_coding,73.28452483491243,082 CEA-BST Ebf1 Pdyn Gaba,1.246707472491837,1.0,1.879592990390051,73.28452483491243,STANDARD_MOUSE_GENE,PASS_CURRENT_NCBI_SYMBOL,PASS_V1_STANDARD_DESIGNABLE,MULTI_TRANSCRIPT_GENE_LEVEL_OK,HIGH_ge50pct,PASS_PRE_VENDOR_QC
9,Nxph4,1_celltype_separator,029 L6b CTX Glut :: L6 CT / L6b | VGLUT2_clade,UNIQUE separator for 029 L6b CTX Glut,65.45,4.91,4.61,ENSMUSG00000040258,1.0,False,104080,neurexophilin 4,protein-coding,O,20260807,ENSMUSG00000040258,protein_coding,1.0,protein_coding,65.44766708701135,029 L6b CTX Glut,1.292860800870102,2.0,65.44766708701135,64.95412844036697,STANDARD_MOUSE_GENE,PASS_CURRENT_NCBI_SYMBOL,PASS_V1_STANDARD_DESIGNABLE,SINGLE_TRANSCRIPT_GENE_LEVEL,HIGH_ge50pct,PASS_PRE_VENDOR_QC
10,Pou3f1,1_celltype_separator,022 L5 ET CTX Glut :: L5 IT / L5 ET/PT output neurons | cortical_L5,UNIQUE separator for 022 L5 ET CTX Glut,92.06,7.05,4.57,ENSMUSG00000090125,1.0,False,18991,"POU domain, class 3, transcription factor 1",protein-coding,O,20260910,ENSMUSG00000090125,protein_coding,1.0,protein_coding,92.05669965231345,022 L5 ET CTX Glut,1.402125670833434,1.0,92.05669965231345,9.761699684180304,STANDARD_MOUSE_GENE,PASS_CURRENT_NCBI_SYMBOL,PASS_V1_STANDARD_DESIGNABLE,SINGLE_TRANSCRIPT_GENE_LEVEL,HIGH_ge50pct,PASS_PRE_VENDOR_QC
11,Syt6,1_celltype_separator,030 L6 CT CTX Glut :: L6 CT / L6b,UNIQUE separator for 030 L6 CT CTX Glut,91.71,6.9,3.76,ENSMUSG00000027849,1.0,False,54524,synaptotagmin VI,protein-coding,O,20260818,ENSMUSG00000027849,protein_coding,10.0,nonsense_mediated_decay; protein_coding,91.70745350300658,030 L6 CT CTX Glut,7.505600513763811,1.0,91.70745350300658,37.15188056273328,STANDARD_MOUSE_GENE,PASS_CURRENT_NCBI_SYMBOL,PASS_V1_STANDARD_DESIGNABLE,MULTI_TRANSCRIPT_GENE_LEVEL_OK,HIGH_ge50pct,PASS_PRE_VENDOR_QC
12,Foxp2,1_celltype_separator,120 MEA Otp Foxp2 Glut :: BMA/MEA VGLUT2-like excitatory | deep_and_amygdala | 030 L6 CT CTX Glut :: L6 CT / L6b | deep_and_amygdala,UNIQUE separator for 120 MEA Otp Foxp2 Glut,99.0,9.27,3.5,ENSMUSG00000029563,1.0,False,114142,forkhead box P2,protein-coding,O,20260825,ENSMUSG00000029563,protein_coding,20.0,lncRNA; nonsense_mediated_decay; protein_coding; retained_intron,99.00265957446808,120 MEA Otp Foxp2 Glut,14.90082877716477,5.0,98.67151447350021,99.00265957446808,STANDARD_MOUSE_GENE,PASS_CURRENT_NCBI_SYMBOL,PASS_V1_STANDARD_DESIGNABLE,MULTI_TRANSCRIPT_GENE_LEVEL_OK,HIGH_ge50pct,PASS_PRE_VENDOR_QC
13,Skor1,1_celltype_separator,119 SI-MA-LPO-LHA Skor1 Glut :: BMA/MEA VGLUT2-like excitatory | boundary,UNIQUE separator for 119 SI-MA-LPO-LHA Skor1 Glut,53.58,3.15,3.14,ENSMUSG00000022245,1.0,False,207667,SKI family transcriptional corepressor 1,protein-coding,O,20260807,ENSMUSG00000022245,protein_coding,3.0,protein_coding,53.57798165137615,119 SI-MA-LPO-LHA Skor1 Glut,0.1143005386258713,1.0,0.2091321017776229,53.57798165137615,STANDARD_MOUSE_GENE,PASS_CURRENT_NCBI_SYMBOL,PASS_V1_STANDARD_DESIGNABLE,MULTI_TRANSCRIPT_GENE_LEVEL_OK,HIGH_ge50pct,PASS_PRE_VENDOR_QC
14,Otof,1_celltype_separator,007 L2/3 IT CTX Glut :: L2/3 IT excitatory | PFC_L2_3,UNIQUE separator for 007 L2/3 IT CTX Glut,46.51,2.92,2.46,ENSMUSG00000062372,1.0,False,83762,otoferlin,protein-coding,O,20260910,ENSMUSG00000062372,protein_coding,5.0,protein_coding; retained_intron,71.54255319148936,120 MEA Otp Foxp2 Glut,6.026800872038092,4.0,46.51031683391589,71.54255319148936,STANDARD_MOUSE_GENE,PASS_CURRENT_NCBI_SYMBOL,PASS_V1_STANDARD_DESIGNABLE,MULTI_TRANSCRIPT_GENE_LEVEL_OK,HIGH_ge50pct,PASS_PRE_VENDOR_QC
15,Rorb,1_celltype_separator,006 L4/5 IT CTX Glut :: L4/5 IT excitatory | cortical_L4_5,UNIQUE separator for 006 L4/5 IT CTX Glut,96.38,8.55,2.23,ENSMUSG00000036192,1.0,False,225998,RAR-related orphan receptor beta,protein-coding,O,20260910,ENSMUSG00000036192,protein_coding,5.0,protein_coding; retained_intron,96.37507066139062,006 L4/5 IT CTX Glut,12.94331090649434,3.0,96.37507066139062,55.62248995983936,STANDARD_MOUSE_GENE,PASS_CURRENT_NCBI_SYMBOL,PASS_V1_STANDARD_DESIGNABLE,MULTI_TRANSCRIPT_GENE_LEVEL_OK,HIGH_ge50pct,PASS_PRE_VENDOR_QC
16,Oprk1,1_celltype_separator,004 L6 IT CTX Glut :: L6 CT / L6b | 004 L6 IT CTX Glut | receptor | receptor | 119 SI-MA-LPO-LHA Skor1 Glut,UNIQUE separator for 004 L6 IT CTX Glut,39.27,2.46,2.05,ENSMUSG00000025905,1.0,False,18387,"opioid receptor, kappa 1",protein-coding,O,20260910,ENSMUSG00000025905,protein_coding,6.0,protein_coding; retained_intron,39.26605504587156,119 SI-MA-LPO-LHA Skor1 Glut,4.845292458657394,0.0,37.40518609984125,39.26605504587156,STANDARD_MOUSE_GENE,PASS_CURRENT_NCBI_SYMBOL,PASS_V1_STANDARD_DESIGNABLE,MULTI_TRANSCRIPT_GENE_LEVEL_OK,MODERATE_20-50pct,PASS_PRE_VENDOR_QC
17,Ccdc42,1_celltype_separator,113 MEA-COA-BMA Ccdc42 Glut :: Posterior BMA glutamatergic / pallial amygdala VGLUT1,UNIQUE separator for 113 MEA-COA-BMA Ccdc42 Glut,47.98,2.73,1.87,ENSMUSG00000045915,1.0,False,276920,coiled-coil domain containing 42,protein-coding,O,20260812,ENSMUSG00000045915,protein_coding,3.0,protein_coding,47.98011187072716,113 MEA-COA-BMA Ccdc42 Glut,0.9649484729353456,0.0,1.131477709889115,47.98011187072716,STANDARD_MOUSE_GENE,PASS_CURRENT_NCBI_SYMBOL,PASS_V1_STANDARD_DESIGNABLE,MULTI_TRANSCRIPT_GENE_LEVEL_OK,MODERATE_20-50pct,PASS_PRE_VENDOR_QC
18,Lamp5,1_celltype_separator,049 Lamp5 Gaba :: Cortical interneurons,UNIQUE separator for 049 Lamp5 Gaba,91.49,7.97,1.53,ENSMUSG00000027270,1.0,False,76161,"lysosomal-associated membrane protein family, member 5",protein-coding,O,20260910,ENSMUSG00000027270,protein_coding,5.0,lncRNA; protein_coding; retained_intron,91.49209063702438,049 Lamp5 Gaba,27.03585257364118,6.0,91.49209063702438,69.26500143554406,STANDARD_MOUSE_GENE,PASS_CURRENT_NCBI_SYMBOL,PASS_V1_STANDARD_DESIGNABLE,MULTI_TRANSCRIPT_GENE_LEVEL_OK,HIGH_ge50pct,PASS_PRE_VENDOR_QC
19,Sox6,1_celltype_separator,073 MEA-BST Sox6 Gaba :: Amygdala GABA / striatal-like inhibitory neighbors | interneuron_MGE,UNIQUE separator for 073 MEA-BST Sox6 Gaba,58.17,5.02,1.22,ENSMUSG00000051910,1.0,False,20679,SRY (sex determining region Y)-box 6,protein-coding,O,20260910,ENSMUSG00000051910,protein_coding,16.0,lncRNA; protein_coding; retained_intron,94.49285465318926,052 Pvalb Gaba,4.774514327080677,3.0,94.49285465318926,58.17346352670879,STANDARD_MOUSE_GENE,PASS_CURRENT_NCBI_SYMBOL,PASS_V1_STANDARD_DESIGNABLE,MULTI_TRANSCRIPT_GENE_LEVEL_OK,HIGH_ge50pct,PASS_PRE_VENDOR_QC
20,Bdnf,1_celltype_separator,005 L5 IT CTX Glut :: L5 IT / L5 ET/PT output neurons | plasticity | plasticity,UNIQUE separator for 005 L5 IT CTX Glut,84.16,6.24,1.17,ENSMUSG00000048482,1.0,False,12064,brain derived neurotrophic factor,protein-coding,O,20260910,ENSMUSG00000048482,protein_coding,11.0,protein_coding,84.15931206155238,005 L5 IT CTX Glut,36.95719725257887,9.0,84.15931206155238,70.08493888543609,STANDARD_MOUSE_GENE,PASS_CURRENT_NCBI_SYMBOL,PASS_V1_STANDARD_DESIGNABLE,MULTI_TRANSCRIPT_GENE_LEVEL_OK,HIGH_ge50pct,PASS_PRE_VENDOR_QC
21,Tac1,1_celltype_separator,052 Pvalb Gaba :: Cortical interneurons | VGLUT1_subtype,UNIQUE separator for 052 Pvalb Gaba,70.06,5.78,5.45,ENSMUSG00000061762,1.0,False,21333,tachykinin 1,protein-coding,O,20260910,ENSMUSG00000061762,protein_coding,5.0,lncRNA; protein_coding,70.05925409550366,052 Pvalb Gaba,3.778274895676577,2.0,70.05925409550366,50.44110818758706,STANDARD_MOUSE_GENE,PASS_CURRENT_NCBI_SYMBOL,PASS_V1_STANDARD_DESIGNABLE,MULTI_TRANSCRIPT_GENE_LEVEL_OK,HIGH_ge50pct,PASS_PRE_VENDOR_QC
22,Nfib,1_celltype_separator,012 MEA Slc17a7 Glut :: Posterior BMA glutamatergic / pallial amygdala VGLUT1 | patterning | patterning,UNIQUE separator for 012 MEA Slc17a7 Glut,99.97,10.15,5.42,ENSMUSG00000008575,1.0,False,18028,nuclear factor I/B,protein-coding,O,20260901,ENSMUSG00000008575,protein_coding,12.0,lncRNA; protein_coding; retained_intron,99.97325488098421,022 L5 ET CTX Glut,83.63360906466514,11.0,99.97325488098421,92.92168674698796,STANDARD_MOUSE_GENE,PASS_CURRENT_NCBI_SYMBOL,PASS_V1_STANDARD_DESIGNABLE,MULTI_TRANSCRIPT_GENE_LEVEL_OK,HIGH_ge50pct,PASS_PRE_VENDOR_QC
23,Cbln1,1_celltype_separator,121 MEA-BST Otp Zic2 Glut :: BMA/MEA VGLUT2-like excitatory | adhesion | adhesion,UNIQUE separator for 121 MEA-BST Otp Zic2 Glut,65.9,4.91,4.53,ENSMUSG00000031654,1.0,False,12404,cerebellin 1 precursor protein,protein-coding,O,20260910,ENSMUSG00000031654,protein_coding,3.0,lncRNA; protein_coding,65.89641434262948,121 MEA-BST Otp Zic2 Glut,3.436571436478039,1.0,33.65672958193685,65.89641434262948,STANDARD_MOUSE_GENE,PASS_CURRENT_NCBI_SYMBOL,PASS_V1_STANDARD_DESIGNABLE,MULTI_TRANSCRIPT_GENE_LEVEL_OK,HIGH_ge50pct,PASS_PRE_VENDOR_QC
24,Tcf7l2,1_celltype_separator,119 SI-MA-LPO-LHA Skor1 Glut :: BMA/MEA VGLUT2-like excitatory | thalamic,UNIQUE separator for 119 SI-MA-LPO-LHA Skor1 Glut,44.82,4.57,4.45,ENSMUSG00000024985,1.0,False,21416,"transcription factor 7 like 2, T cell specific, HMG box",protein-coding,O,20260910,ENSMUSG00000024985,protein_coding,22.0,lncRNA; protein_coding; retained_intron,44.81651376146789,119 SI-MA-LPO-LHA Skor1 Glut,0.8091753913270507,0.0,0.8681925808997633,44.81651376146789,STANDARD_MOUSE_GENE,PASS_CURRENT_NCBI_SYMBOL,PASS_V1_STANDARD_DESIGNABLE,MULTI_TRANSCRIPT_GENE_LEVEL_OK,MODERATE_20-50pct,PASS_PRE_VENDOR_QC
25,Sp9,1_celltype_separator,074 MEA-BST Lhx6 Sp9 Gaba :: Amygdala GABA / striatal-like inhibitory neighbors | interneuron_striatal,UNIQUE separator for 074 MEA-BST Lhx6 Sp9 Gaba,79.0,5.2,4.42,ENSMUSG00000068859,1.0,False,381373,trans-acting transcription factor 9,protein-coding,O,20260910,ENSMUSG00000068859,protein_coding,2.0,lncRNA; protein_coding,78.99705927874942,074 MEA-BST Lhx6 Sp9 Gaba,1.98589693538942,2.0,51.16765423492507,78.99705927874942,STANDARD_MOUSE_GENE,PASS_CURRENT_NCBI_SYMBOL,PASS_V1_STANDARD_DESIGNABLE,MULTI_TRANSCRIPT_GENE_LEVEL_OK,HIGH_ge50pct,PASS_PRE_VENDOR_QC
26,Ndnf,1_celltype_separator,049 Lamp5 Gaba :: Cortical interneurons,UNIQUE separator for 049 Lamp5 Gaba,54.47,4.85,4.32,ENSMUSG00000049001,1.0,False,68169,neuron-derived neurotrophic factor,protein-coding,O,20260910,ENSMUSG00000049001,protein_coding,2.0,protein_coding; retained_intron,54.46772124839675,049 Lamp5 Gaba,1.234659962023593,1.0,54.46772124839675,17.98165137614679,STANDARD_MOUSE_GENE,PASS_CURRENT_NCBI_SYMBOL,PASS_V1_STANDARD_DESIGNABLE,MULTI_TRANSCRIPT_GENE_LEVEL_OK,HIGH_ge50pct,PASS_PRE_VENDOR_QC
27,Trhr,1_celltype_separator,032 L5 NP CTX Glut :: L5 IT / L5 ET/PT output neurons,UNIQUE separator for 032 L5 NP CTX Glut,71.16,5.32,4.29,ENSMUSG00000038760,1.0,False,22045,thyrotropin releasing hormone receptor,protein-coding,O,20260910,ENSMUSG00000038760,protein_coding,4.0,nonsense_mediated_decay; protein_coding,87.27409638554217,012 MEA Slc17a7 Glut,10.37520132489105,4.0,71.16349047141425,87.27409638554217,STANDARD_MOUSE_GENE,PASS_CURRENT_NCBI_SYMBOL,PASS_V1_STANDARD_DESIGNABLE,MULTI_TRANSCRIPT_GENE_LEVEL_OK,HIGH_ge50pct,PASS_PRE_VENDOR_QC
28,Calb2,1_celltype_separator,046 Vip Gaba :: Cortical interneurons | VGLUT1_posterior_BMA,UNIQUE separator for 046 Vip Gaba,91.16,7.27,4.24,ENSMUSG00000003657,1.0,False,12308,calbindin 2,protein-coding,O,20260910,ENSMUSG00000003657,protein_coding,2.0,protein_coding,91.15691489361703,120 MEA Otp Foxp2 Glut,9.396553321221617,6.0,64.63228562709796,91.15691489361703,STANDARD_MOUSE_GENE,PASS_CURRENT_NCBI_SYMBOL,PASS_V1_STANDARD_DESIGNABLE,MULTI_TRANSCRIPT_GENE_LEVEL_OK,HIGH_ge50pct,PASS_PRE_VENDOR_QC
29,Ccn2,1_celltype_separator,029 L6b CTX Glut :: L6 CT / L6b,UNIQUE separator for 029 L6b CTX Glut,76.92,6.14,4.14,ENSMUSG00000019997,1.0,False,14219,cellular communication network factor 2,protein-coding,O,20260910,ENSMUSG00000019997,protein_coding,3.0,protein_coding,76.92307692307693,029 L6b CTX Glut,1.166644612767602,1.0,76.92307692307693,0.8256880733944955,STANDARD_MOUSE_GENE,PASS_CURRENT_NCBI_SYMBOL,PASS_V1_STANDARD_DESIGNABLE,MULTI_TRANSCRIPT_GENE_LEVEL_OK,HIGH_ge50pct,PASS_PRE_VENDOR_QC
30,Npr3,1_celltype_separator,022 L5 ET CTX Glut :: L5 IT / L5 ET/PT output neurons | PFC_deep_L5,UNIQUE separator for 022 L5 ET CTX Glut,70.77,4.49,3.44,ENSMUSG00000022206,1.0,False,18162,natriuretic peptide receptor 3,protein-coding,O,20260910,ENSMUSG00000022206,protein_coding,5.0,lncRNA; protein_coding,70.76758491575288,022 L5 ET CTX Glut,8.228606557299189,2.0,70.76758491575288,50.40160642570282,STANDARD_MOUSE_GENE,PASS_CURRENT_NCBI_SYMBOL,PASS_V1_STANDARD_DESIGNABLE,MULTI_TRANSCRIPT_GENE_LEVEL_OK,HIGH_ge50pct,PASS_PRE_VENDOR_QC
31,Prox1,1_celltype_separator,073 MEA-BST Sox6 Gaba :: Amygdala GABA / striatal-like inhibitory neighbors | CGE_interneuron | CGE_interneuron,UNIQUE separator for 073 MEA-BST Sox6 Gaba,89.32,7.58,2.76,ENSMUSG00000010175,1.0,False,19130,prospero homeobox 1,protein-coding,O,20260901,ENSMUSG00000010175,protein_coding,3.0,protein_coding,89.31949954226427,046 Vip Gaba,1.388714315821108,3.0,89.31949954226427,56.99023549684089,STANDARD_MOUSE_GENE,PASS_CURRENT_NCBI_SYMBOL,PASS_V1_STANDARD_DESIGNABLE,MULTI_TRANSCRIPT_GENE_LEVEL_OK,HIGH_ge50pct,PASS_PRE_VENDOR_QC
32,Penk,1_celltype_separator,113 MEA-COA-BMA Ccdc42 Glut :: Posterior BMA glutamatergic / pallial amygdala VGLUT1 | peptide | peptide,UNIQUE separator for 113 MEA-COA-BMA Ccdc42 Glut,75.68,5.2,2.93,ENSMUSG00000045573,1.0,False,18619,preproenkephalin,protein-coding,O,20260910,ENSMUSG00000045573,protein_coding,2.0,protein_coding,75.67847524342241,113 MEA-COA-BMA Ccdc42 Glut,10.72386443648417,2.0,60.51266402197132,75.67847524342241,STANDARD_MOUSE_GENE,PASS_CURRENT_NCBI_SYMBOL,PASS_V1_STANDARD_DESIGNABLE,MULTI_TRANSCRIPT_GENE_LEVEL_OK,HIGH_ge50pct,PASS_PRE_VENDOR_QC
33,Baiap3,1_celltype_separator,053 Sst Gaba :: Cortical interneurons | amygdala_hypothalamic,UNIQUE separator for 053 Sst Gaba,97.74,7.63,2.16,ENSMUSG00000047507,1.0,False,545192,BAI1-associated protein 3,protein-coding,O,20260910,ENSMUSG00000047507,protein_coding,9.0,protein_coding; retained_intron,97.73936170212765,120 MEA Otp Foxp2 Glut,11.08697425671258,7.0,42.06806769574112,97.73936170212765,STANDARD_MOUSE_GENE,PASS_CURRENT_NCBI_SYMBOL,PASS_V1_STANDARD_DESIGNABLE,MULTI_TRANSCRIPT_GENE_LEVEL_OK,HIGH_ge50pct,PASS_PRE_VENDOR_QC
34,Pdyn,1_celltype_separator,082 CEA-BST Ebf1 Pdyn Gaba :: Amygdala GABA / striatal-like inhibitory neighbors | peptide | peptide,UNIQUE separator for 082 CEA-BST Ebf1 Pdyn Gaba,63.05,4.61,2.12,ENSMUSG00000027400,1.0,False,18610,prodynorphin,protein-coding,O,20260910,ENSMUSG00000027400,protein_coding,3.0,protein_coding; retained_intron,63.04909560723514,082 CEA-BST Ebf1 Pdyn Gaba,4.640903061788438,1.0,28.93223587777652,63.04909560723514,STANDARD_MOUSE_GENE,PASS_CURRENT_NCBI_SYMBOL,PASS_V1_STANDARD_DESIGNABLE,MULTI_TRANSCRIPT_GENE_LEVEL_OK,HIGH_ge50pct,PASS_PRE_VENDOR_QC
35,Rspo2,1_celltype_separator,004 L6 IT CTX Glut :: L6 CT / L6b | BLA_exclusion,UNIQUE separator for 004 L6 IT CTX Glut,88.09,6.43,2.03,ENSMUSG00000051920,1.0,False,239405,R-spondin 2,protein-coding,O,20260910,ENSMUSG00000051920,protein_coding,3.0,protein_coding; retained_intron,88.09313811959781,004 L6 IT CTX Glut,17.10977488156083,4.0,88.09313811959781,11.77208835341366,STANDARD_MOUSE_GENE,PASS_CURRENT_NCBI_SYMBOL,PASS_V1_STANDARD_DESIGNABLE,MULTI_TRANSCRIPT_GENE_LEVEL_OK,HIGH_ge50pct,PASS_PRE_VENDOR_QC
36,Cux2,1_celltype_separator,007 L2/3 IT CTX Glut :: L2/3 IT excitatory | cortical_upper,UNIQUE separator for 007 L2/3 IT CTX Glut,94.73,7.38,2.0,ENSMUSG00000042589,1.0,False,13048,cut-like homeobox 2,protein-coding,O,20260818,ENSMUSG00000042589,protein_coding,11.0,lncRNA; protein_coding; retained_intron,94.73446837298455,007 L2/3 IT CTX Glut,34.62488952875889,5.0,94.73446837298455,47.09163346613546,STANDARD_MOUSE_GENE,PASS_CURRENT_NCBI_SYMBOL,PASS_V1_STANDARD_DESIGNABLE,MULTI_TRANSCRIPT_GENE_LEVEL_OK,HIGH_ge50pct,PASS_PRE_VENDOR_QC
37,Coch,1_celltype_separator,006 L4/5 IT CTX Glut :: L4/5 IT excitatory,UNIQUE separator for 006 L4/5 IT CTX Glut,56.74,3.43,1.86,ENSMUSG00000020953,1.0,False,12810,cochlin,protein-coding,O,20260818,ENSMUSG00000020953,protein_coding,4.0,protein_coding; retained_intron,56.74109666478236,006 L4/5 IT CTX Glut,8.918627278621791,1.0,56.74109666478236,35.04016064257029,STANDARD_MOUSE_GENE,PASS_CURRENT_NCBI_SYMBOL,PASS_V1_STANDARD_DESIGNABLE,MULTI_TRANSCRIPT_GENE_LEVEL_OK,HIGH_ge50pct,PASS_PRE_VENDOR_QC
38,Otp,1_celltype_separator,120 MEA Otp Foxp2 Glut :: BMA/MEA VGLUT2-like excitatory | amygdala_hypothalamic,UNIQUE separator for 120 MEA Otp Foxp2 Glut,97.87,7.97,0.69,ENSMUSG00000021685,1.0,False,18420,orthopedia homeobox,protein-coding,O,20260910,ENSMUSG00000021685,protein_coding,2.0,lncRNA; protein_coding,97.87234042553192,120 MEA Otp Foxp2 Glut,0.1232009386241002,2.0,0.1891551071878941,97.87234042553192,STANDARD_MOUSE_GENE,PASS_CURRENT_NCBI_SYMBOL,PASS_V1_STANDARD_DESIGNABLE,MULTI_TRANSCRIPT_GENE_LEVEL_OK,HIGH_ge50pct,PASS_PRE_VENDOR_QC
39,iCre,2_reporter_transgene,driver,Fos2A-iCreER driver transcript. Independent readout of the same tagged cells if tdTomato reads weakly.,,,,,,,,,,,,,,,,,,,,,,ADVANCED_EXOGENOUS,NOT_APPLICABLE_EXOGENOUS,ADVANCED_FASTA_REQUIRED,EXACT_CONSTRUCT_SEQUENCE_REQUIRED,NOT_IN_ALLEN,BLOCKED_EXACT_FASTA_REQUIRED
40,tdTomato,2_reporter_transgene,reporter,"Permanent TRAP tag that Xenium reads. Custom sequence probe against the tdTomato coding sequence, which is shared across tdTomato reporter lines (Ai9 / Ai14 / any Rosa26-CAG-LSL-tdTomato), so the probe is line-agnostic. CONFIRM the reporter strain number: if the line carries a different fluorophore, this probe reads nothing. Ask 10x to reduce the probe-set count because tdTomato is a very high expressor.",,,,,,,,,,,,,,,,,,,,,,ADVANCED_EXOGENOUS,NOT_APPLICABLE_EXOGENOUS,ADVANCED_FASTA_REQUIRED,EXACT_CONSTRUCT_SEQUENCE_REQUIRED,NOT_IN_ALLEN,BLOCKED_EXACT_FASTA_REQUIRED
41,Slc17a6,3_class_backbone,glutamatergic | 032 L5 NP CTX Glut :: L5 IT / L5 ET/PT output neurons | glutamatergic,VGLUT2. Subcortical/MEA excitatory backbone; separates BMAp VGLUT2 populations from VGLUT1.,99.45,8.38,3.52,ENSMUSG00000030500,1.0,False,140919,"solute carrier family 17 (sodium-dependent inorganic phosphate cotransporter), member 6",protein-coding,O,20260910,ENSMUSG00000030500,protein_coding,4.0,lncRNA; nonsense_mediated_decay; protein_coding,99.44954128440368,119 SI-MA-LPO-LHA Skor1 Glut,16.59438739700272,5.0,70.68706118355065,99.44954128440368,STANDARD_MOUSE_GENE,PASS_CURRENT_NCBI_SYMBOL,PASS_V1_STANDARD_DESIGNABLE,MULTI_TRANSCRIPT_GENE_LEVEL_OK,HIGH_ge50pct,PASS_PRE_VENDOR_QC
42,Gad2,3_class_backbone,gabaergic,GAD65. Inhibitory backbone; the pair is more robust than either alone.,100.0,11.44,1.45,ENSMUSG00000026787,1.0,False,14417,glutamic acid decarboxylase 2,protein-coding,O,20260910,ENSMUSG00000026787,protein_coding,2.0,lncRNA; protein_coding,100.0,049 Lamp5 Gaba,30.94995613155416,7.0,100.0,99.95356755920136,STANDARD_MOUSE_GENE,PASS_CURRENT_NCBI_SYMBOL,PASS_V1_STANDARD_DESIGNABLE,MULTI_TRANSCRIPT_GENE_LEVEL_OK,HIGH_ge50pct,PASS_PRE_VENDOR_QC
43,Gad1,3_class_backbone,gabaergic,GAD67. Inhibitory backbone.,99.96,10.87,1.23,ENSMUSG00000070880,1.0,False,14415,glutamate decarboxylase 1,protein-coding,O,20260910,ENSMUSG00000070880,protein_coding,8.0,lncRNA; nonsense_mediated_decay; protein_coding; retained_intron,99.95724668661822,049 Lamp5 Gaba,22.03421254740076,7.0,99.95724668661822,98.82285386161355,STANDARD_MOUSE_GENE,PASS_CURRENT_NCBI_SYMBOL,PASS_V1_STANDARD_DESIGNABLE,MULTI_TRANSCRIPT_GENE_LEVEL_OK,HIGH_ge50pct,PASS_PRE_VENDOR_QC
44,Slc32a1,3_class_backbone,gabaergic,VGAT. Definitive GABAergic call independent of GAD level.,98.67,7.87,0.2,ENSMUSG00000037771,1.0,False,22348,"solute carrier family 32 (GABA vesicular transporter), member 1",protein-coding,O,20260910,ENSMUSG00000037771,protein_coding,1.0,protein_coding,98.6689366971057,074 MEA-BST Lhx6 Sp9 Gaba,7.449418772507482,7.0,95.36423841059603,98.6689366971057,STANDARD_MOUSE_GENE,PASS_CURRENT_NCBI_SYMBOL,PASS_V1_STANDARD_DESIGNABLE,SINGLE_TRANSCRIPT_GENE_LEVEL,HIGH_ge50pct,PASS_PRE_VENDOR_QC
45,Npy2r,4_GPCR_cell_type_specific,046 Vip Gaba | 012 MEA Slc17a7 Glut,"GPCR, cell_type_specific in this region's anchor panel; top in 046 Vip Gaba; has a catalogued drug/ligand",75.7,5.07,-0.62,ENSMUSG00000028004,1.0,False,18167,neuropeptide Y receptor Y2,protein-coding,O,20260910,ENSMUSG00000028004,protein_coding,4.0,protein_coding,75.70281124497991,012 MEA Slc17a7 Glut,14.68692217313925,1.0,39.57888312480928,75.70281124497991,STANDARD_MOUSE_GENE,PASS_CURRENT_NCBI_SYMBOL,PASS_V1_STANDARD_DESIGNABLE,MULTI_TRANSCRIPT_GENE_LEVEL_OK,HIGH_ge50pct,PASS_PRE_VENDOR_QC
46,Oxtr,4_GPCR_cell_type_specific,012 MEA Slc17a7 Glut | 053 Sst Gaba,"GPCR, cell_type_specific in this region's anchor panel; top in 012 MEA Slc17a7 Glut; has a catalogued drug/ligand",58.18,3.34,-1.44,ENSMUSG00000049112,1.0,False,18430,oxytocin receptor,protein-coding,O,20260910,ENSMUSG00000049112,protein_coding,2.0,protein_coding,58.18273092369478,012 MEA Slc17a7 Glut,7.323118038336712,1.0,28.28714896782592,58.18273092369478,STANDARD_MOUSE_GENE,PASS_CURRENT_NCBI_SYMBOL,PASS_V1_STANDARD_DESIGNABLE,MULTI_TRANSCRIPT_GENE_LEVEL_OK,HIGH_ge50pct,PASS_PRE_VENDOR_QC
47,Drd2,4_GPCR_cell_type_specific,119 SI-MA-LPO-LHA Skor1 Glut | 053 Sst Gaba,"GPCR, cell_type_specific in this region's anchor panel; top in 119 SI-MA-LPO-LHA Skor1 Glut; has a catalogued drug/ligand",28.85,1.86,1.07,ENSMUSG00000032259,1.0,False,13489,dopamine receptor D2,protein-coding,O,20260910,ENSMUSG00000032259,protein_coding,1.0,protein_coding,28.85321100917431,119 SI-MA-LPO-LHA Skor1 Glut,4.414127584135618,0.0,10.71229310024177,28.85321100917431,STANDARD_MOUSE_GENE,PASS_CURRENT_NCBI_SYMBOL,PASS_V1_STANDARD_DESIGNABLE,SINGLE_TRANSCRIPT_GENE_LEVEL,MODERATE_20-50pct,PASS_PRE_VENDOR_QC
48,Mc4r,4_GPCR_cell_type_specific,120 MEA Otp Foxp2 Glut | 022 L5 ET CTX Glut | OFC_behaviour_GPCR,"GPCR, cell_type_specific in this region's anchor panel; top in 120 MEA Otp Foxp2 Glut; has a catalogued drug/ligand",38.5,2.17,1.06,ENSMUSG00000047259,1.0,False,17202,melanocortin 4 receptor,protein-coding,O,20260910,ENSMUSG00000047259,protein_coding,1.0,protein_coding,38.49734042553192,120 MEA Otp Foxp2 Glut,3.848946586579276,0.0,20.40652580903985,38.49734042553192,STANDARD_MOUSE_GENE,PASS_CURRENT_NCBI_SYMBOL,PASS_V1_STANDARD_DESIGNABLE,SINGLE_TRANSCRIPT_GENE_LEVEL,MODERATE_20-50pct,PASS_PRE_VENDOR_QC
49,Gpr88,4_GPCR_cell_type_specific,007 L2/3 IT CTX Glut | 082 CEA-BST Ebf1 Pdyn Gaba,"GPCR, cell_type_specific in this region's anchor panel; top in 007 L2/3 IT CTX Glut; has a catalogued drug/ligand",75.33,4.89,0.83,ENSMUSG00000068696,1.0,False,64378,G-protein coupled receptor 88,protein-coding,O,20260910,ENSMUSG00000068696,protein_coding,3.0,lncRNA; protein_coding,75.33244680851064,120 MEA Otp Foxp2 Glut,16.27683427863563,6.0,65.20464539406923,75.33244680851064,STANDARD_MOUSE_GENE,PASS_CURRENT_NCBI_SYMBOL,PASS_V1_STANDARD_DESIGNABLE,MULTI_TRANSCRIPT_GENE_LEVEL_OK,HIGH_ge50pct,PASS_PRE_VENDOR_QC
50,Galr1,4_GPCR_cell_type_specific,113 MEA-COA-BMA Ccdc42 Glut,"GPCR, cell_type_specific in this region's anchor panel; top in 113 MEA-COA-BMA Ccdc42 Glut; has a catalogued drug/ligand",35.61,2.08,-3.39,ENSMUSG00000024553,1.0,False,14427,galanin receptor 1,protein-coding,O,20260910,ENSMUSG00000024553,protein_coding,1.0,protein_coding,35.61218147917962,113 MEA-COA-BMA Ccdc42 Glut,0.6156699537911791,0.0,1.708880073237717,35.61218147917962,STANDARD_MOUSE_GENE,PASS_CURRENT_NCBI_SYMBOL,PASS_V1_STANDARD_DESIGNABLE,SINGLE_TRANSCRIPT_GENE_LEVEL,MODERATE_20-50pct,PASS_PRE_VENDOR_QC
51,Hcrtr1,4_GPCR_cell_type_specific,030 L6 CT CTX Glut | 113 MEA-COA-BMA Ccdc42 Glut,"GPCR, cell_type_specific in this region's anchor panel; top in 030 L6 CT CTX Glut; has a catalogued drug/ligand",15.86,0.84,-0.53,ENSMUSG00000028778,1.0,False,230777,hypocretin (orexin) receptor 1,protein-coding,O,20260910,ENSMUSG00000028778,protein_coding,4.0,protein_coding,15.85871141495753,113 MEA-COA-BMA Ccdc42 Glut,2.814190941142354,0.0,14.24975527898196,15.85871141495753,STANDARD_MOUSE_GENE,PASS_CURRENT_NCBI_SYMBOL,PASS_V1_STANDARD_DESIGNABLE,MULTI_TRANSCRIPT_GENE_LEVEL_OK,LOW_5-20pct,PASS_PRE_VENDOR_QC
52,Ntsr1,4_GPCR_cell_type_specific,012 MEA Slc17a7 Glut | 029 L6b CTX Glut,"GPCR, cell_type_specific in this region's anchor panel; top in 012 MEA Slc17a7 Glut; has a catalogued drug/ligand",34.99,1.87,0.32,ENSMUSG00000027568,1.0,False,18216,neurotensin receptor 1,protein-coding,O,20260818,ENSMUSG00000027568,protein_coding,2.0,protein_coding,34.98995983935743,012 MEA Slc17a7 Glut,10.73699646142053,0.0,29.88650693568726,34.98995983935743,STANDARD_MOUSE_GENE,PASS_CURRENT_NCBI_SYMBOL,PASS_V1_STANDARD_DESIGNABLE,MULTI_TRANSCRIPT_GENE_LEVEL_OK,MODERATE_20-50pct,PASS_PRE_VENDOR_QC
53,Hcrtr2,4_GPCR_cell_type_specific,119 SI-MA-LPO-LHA Skor1 Glut | 049 Lamp5 Gaba,"GPCR, cell_type_specific in this region's anchor panel; top in 119 SI-MA-LPO-LHA Skor1 Glut; has a catalogued drug/ligand",67.29,5.08,-1.94,ENSMUSG00000032360,1.0,False,387285,hypocretin (orexin) receptor 2,protein-coding,O,20260910,ENSMUSG00000032360,protein_coding,3.0,protein_coding; retained_intron,67.29371526293288,049 Lamp5 Gaba,11.87913033947208,2.0,67.29371526293288,50.2788844621514,STANDARD_MOUSE_GENE,PASS_CURRENT_NCBI_SYMBOL,PASS_V1_STANDARD_DESIGNABLE,MULTI_TRANSCRIPT_GENE_LEVEL_OK,HIGH_ge50pct,PASS_PRE_VENDOR_QC
54,Tacr1,4_GPCR_cell_type_specific,004 L6 IT CTX Glut | 012 MEA Slc17a7 Glut | VGLUT2_BMA_subtype,"GPCR, cell_type_specific in this region's anchor panel; top in 004 L6 IT CTX Glut; has a catalogued drug/ligand",61.62,3.94,1.37,ENSMUSG00000030043,1.0,False,21336,tachykinin receptor 1,protein-coding,O,20260818,ENSMUSG00000030043,protein_coding,3.0,protein_coding; retained_intron,61.6214859437751,012 MEA Slc17a7 Glut,5.716189445668583,1.0,10.78673487387546,61.6214859437751,STANDARD_MOUSE_GENE,PASS_CURRENT_NCBI_SYMBOL,PASS_V1_STANDARD_DESIGNABLE,MULTI_TRANSCRIPT_GENE_LEVEL_OK,HIGH_ge50pct,PASS_PRE_VENDOR_QC
55,Homer1,5_IEG,plasticity,Homer1a is the activity-induced short form; scaffold for mGluR signalling.,99.56,9.1,0.31,ENSMUSG00000007617,1.0,False,26556,homer scaffolding protein 1,protein-coding,O,20260910,ENSMUSG00000007617,protein_coding,12.0,lncRNA; protein_coding,99.56189937817976,006 L4/5 IT CTX Glut,87.68155079907271,20.0,99.56189937817976,93.19779116465864,STANDARD_MOUSE_GENE,PASS_CURRENT_NCBI_SYMBOL,PASS_V1_STANDARD_DESIGNABLE,MULTI_TRANSCRIPT_GENE_LEVEL_OK,HIGH_ge50pct,PASS_PRE_VENDOR_QC
56,Egr1,5_IEG,activity,Zif268. Second independent activity axis; different induction kinetics from Fos.,98.04,8.9,0.74,ENSMUSG00000038418,1.0,False,13653,early growth response 1,protein-coding,O,20260910,ENSMUSG00000038418,protein_coding,2.0,protein_coding,98.03561334087055,006 L4/5 IT CTX Glut,69.81867129809045,17.0,98.03561334087055,72.86646586345381,STANDARD_MOUSE_GENE,PASS_CURRENT_NCBI_SYMBOL,PASS_V1_STANDARD_DESIGNABLE,MULTI_TRANSCRIPT_GENE_LEVEL_OK,HIGH_ge50pct,PASS_PRE_VENDOR_QC
57,Arc,5_IEG,activity,Arg3.1. Synaptic-activity IEG; nuclear vs cytoplasmic signal can time two epochs.,83.63,6.09,0.2,ENSMUSG00000022602,1.0,False,11838,activity regulated cytoskeletal-associated protein,protein-coding,O,20260910,ENSMUSG00000022602,protein_coding,2.0,protein_coding,83.63482193329564,006 L4/5 IT CTX Glut,13.44767363857542,5.0,83.63482193329564,16.68006892590465,STANDARD_MOUSE_GENE,PASS_CURRENT_NCBI_SYMBOL,PASS_V1_STANDARD_DESIGNABLE,MULTI_TRANSCRIPT_GENE_LEVEL_OK,HIGH_ge50pct,PASS_PRE_VENDOR_QC
58,Fos,5_IEG,activity,TRAP2 driver locus. Reports endogenous transcript and confirms tagged cells were Fos+ at 4-OHT.,62.35,4.07,0.49,ENSMUSG00000021250,1.0,False,14281,"Fos proto-oncogene, AP-1 transcription factor subunit",protein-coding,O,20260910,ENSMUSG00000021250,protein_coding,4.0,lncRNA; protein_coding,62.35161107970605,006 L4/5 IT CTX Glut,29.30401813519271,2.0,62.35161107970605,29.19012062033314,STANDARD_MOUSE_GENE,PASS_CURRENT_NCBI_SYMBOL,PASS_V1_STANDARD_DESIGNABLE,MULTI_TRANSCRIPT_GENE_LEVEL_OK,HIGH_ge50pct,PASS_PRE_VENDOR_QC
59,Fosb,5_IEG,activity,FosB/deltaFosB. The canonical chronic-drug accumulating IEG; central to addiction plasticity.,34.47,2.08,0.2,ENSMUSG00000003545,1.0,False,14282,"Fos B proto-oncogene, AP-1 transcription factor subunit",protein-coding,O,20260915,ENSMUSG00000003545,protein_coding,7.0,protein_coding; retained_intron,34.47445841133993,022 L5 ET CTX Glut,12.36413137476694,0.0,34.47445841133993,17.04767375071798,STANDARD_MOUSE_GENE,PASS_CURRENT_NCBI_SYMBOL,PASS_V1_STANDARD_DESIGNABLE,MULTI_TRANSCRIPT_GENE_LEVEL_OK,MODERATE_20-50pct,PASS_PRE_VENDOR_QC
60,Npas4,5_IEG,activity,The only strictly neuron-specific activity IEG. Cleanest control that Fos is activity-driven not stress/growth-factor driven.,34.19,2.06,0.27,ENSMUSG00000045903,1.0,False,225872,neuronal PAS domain protein 4,protein-coding,O,20260910,ENSMUSG00000045903,protein_coding,3.0,nonsense_mediated_decay; protein_coding; retained_intron,34.18598078010176,006 L4/5 IT CTX Glut,11.16476940862749,0.0,34.18598078010176,17.7599080987938,STANDARD_MOUSE_GENE,PASS_CURRENT_NCBI_SYMBOL,PASS_V1_STANDARD_DESIGNABLE,MULTI_TRANSCRIPT_GENE_LEVEL_OK,MODERATE_20-50pct,PASS_PRE_VENDOR_QC
61,Oprm1,6_GPCR_druggable,receptor | 120 MEA Otp Foxp2 Glut | receptor | 029 L6b CTX Glut,Mu opioid receptor. The direct pharmacological target of morphine; must be on the panel.,91.56,6.73,0.73,ENSMUSG00000000766,1.0,False,18390,"opioid receptor, mu 1",protein-coding,O,20260910,ENSMUSG00000000766,protein_coding,31.0,lncRNA; nonsense_mediated_decay; protein_coding,91.55585106382979,120 MEA Otp Foxp2 Glut,56.29802295733695,14.0,80.26481715006305,91.55585106382979,STANDARD_MOUSE_GENE,PASS_CURRENT_NCBI_SYMBOL,PASS_V1_STANDARD_DESIGNABLE,MULTI_TRANSCRIPT_GENE_LEVEL_OK,HIGH_ge50pct,PASS_PRE_VENDOR_QC
62,Gria1,7_plasticity,AMPA_receptor,GluA1. Trafficking of GluA1 is the canonical substrate of drug-induced plasticity.,99.97,10.59,0.27,ENSMUSG00000020524,1.0,False,14799,"glutamate receptor, ionotropic, AMPA1 (alpha 1)",protein-coding,O,20260910,ENSMUSG00000020524,protein_coding,5.0,lncRNA; protein_coding,99.97489959839358,012 MEA Slc17a7 Glut,99.68894552843275,20.0,99.94650976196844,99.97489959839358,STANDARD_MOUSE_GENE,PASS_CURRENT_NCBI_SYMBOL,PASS_V1_STANDARD_DESIGNABLE,MULTI_TRANSCRIPT_GENE_LEVEL_OK,HIGH_ge50pct,PASS_PRE_VENDOR_QC
63,Gria2,7_plasticity,AMPA_receptor,GluA2. Ca-permeable AMPAR switch during incubation of craving.,100.0,10.42,0.24,ENSMUSG00000033981,1.0,False,14800,"glutamate receptor, ionotropic, AMPA2 (alpha 2)",protein-coding,O,20260910,ENSMUSG00000033981,protein_coding,8.0,nonsense_mediated_decay; protein_coding; retained_intron,100.0,022 L5 ET CTX Glut,99.980946482768,20.0,100.0,100.0,STANDARD_MOUSE_GENE,PASS_CURRENT_NCBI_SYMBOL,PASS_V1_STANDARD_DESIGNABLE,MULTI_TRANSCRIPT_GENE_LEVEL_OK,HIGH_ge50pct,PASS_PRE_VENDOR_QC
64,Camk2a,7_plasticity,postsynaptic,Excitatory postsynaptic kinase; also a broad excitatory-neuron marker in cortex.,100.0,10.06,0.81,ENSMUSG00000024617,1.0,False,12322,calcium/calmodulin-dependent protein kinase II alpha,protein-coding,O,20260910,ENSMUSG00000024617,protein_coding,7.0,protein_coding; retained_intron,100.0,022 L5 ET CTX Glut,99.06308277528186,20.0,100.0,99.94979919678715,STANDARD_MOUSE_GENE,PASS_CURRENT_NCBI_SYMBOL,PASS_V1_STANDARD_DESIGNABLE,MULTI_TRANSCRIPT_GENE_LEVEL_OK,HIGH_ge50pct,PASS_PRE_VENDOR_QC
65,Grin1,7_plasticity,NMDA_receptor,Obligatory NMDAR subunit. Plasticity capacity.,99.25,8.44,0.14,ENSMUSG00000026959,1.0,False,14810,"glutamate receptor, ionotropic, NMDA1 (zeta 1)",protein-coding,O,20260910,ENSMUSG00000026959,protein_coding,14.0,lncRNA; protein_coding,99.25113666755817,022 L5 ET CTX Glut,98.6109606486497,20.0,99.25113666755817,99.12844036697248,STANDARD_MOUSE_GENE,PASS_CURRENT_NCBI_SYMBOL,PASS_V1_STANDARD_DESIGNABLE,MULTI_TRANSCRIPT_GENE_LEVEL_OK,HIGH_ge50pct,PASS_PRE_VENDOR_QC
66,Ppp1r1b,7_plasticity,signal_integration,DARPP-32. Dopamine/GPCR signal integration; also the striatal-like sAMY marker for BMAp neighbours.,73.33,4.95,0.84,ENSMUSG00000061718,1.0,False,19049,"protein phosphatase 1, regulatory inhibitor subunit 1B",protein-coding,O,20260818,ENSMUSG00000061718,protein_coding,7.0,lncRNA; protein_coding; retained_intron,73.32773971006385,030 L6 CT CTX Glut,17.9574925880518,2.0,73.32773971006385,37.9654255319149,STANDARD_MOUSE_GENE,PASS_CURRENT_NCBI_SYMBOL,PASS_V1_STANDARD_DESIGNABLE,MULTI_TRANSCRIPT_GENE_LEVEL_OK,HIGH_ge50pct,PASS_PRE_VENDOR_QC
67,Isl1,8_TF_identity,striatal | 082 CEA-BST Ebf1 Pdyn Gaba :: Amygdala GABA / striatal-like inhibitory neighbors,LGE/striatal lineage; separates striatal-like from pallial in BMAp.,54.77,3.67,3.6,ENSMUSG00000042258,1.0,False,16392,"ISL1 transcription factor, LIM/homeodomain",protein-coding,O,20260910,ENSMUSG00000042258,protein_coding,5.0,lncRNA; protein_coding; retained_intron,54.76600631639391,082 CEA-BST Ebf1 Pdyn Gaba,0.02736212465701367,1.0,0.06305170239596469,54.76600631639391,STANDARD_MOUSE_GENE,PASS_CURRENT_NCBI_SYMBOL,PASS_V1_STANDARD_DESIGNABLE,MULTI_TRANSCRIPT_GENE_LEVEL_OK,HIGH_ge50pct,PASS_PRE_VENDOR_QC
68,Dlx1,8_TF_identity,GABAergic_lineage | 073 MEA-BST Sox6 Gaba :: Amygdala GABA / striatal-like inhibitory neighbors | GABAergic_lineage,Pan-GABAergic lineage TF; separates 073 MEA-BST Sox6 Gaba.,80.74,6.39,2.24,ENSMUSG00000041911,1.0,False,13390,distal-less homeobox 1,protein-coding,O,20260706,ENSMUSG00000041911,protein_coding,6.0,nonsense_mediated_decay; protein_coding; retained_intron,80.74458346048215,046 Vip Gaba,2.68009577152613,4.0,80.74458346048215,76.18609994256175,STANDARD_MOUSE_GENE,PASS_CURRENT_NCBI_SYMBOL,PASS_V1_STANDARD_DESIGNABLE,MULTI_TRANSCRIPT_GENE_LEVEL_OK,HIGH_ge50pct,PASS_PRE_VENDOR_QC
69,Bcl11b,8_TF_identity,cortical_ET,Ctip2. ET/PT identity; also striatal.,99.68,8.87,0.49,ENSMUSG00000048251,1.0,False,58208,B cell leukemia/lymphoma 11B,protein-coding,O,20260908,ENSMUSG00000048251,protein_coding,3.0,protein_coding,99.67905857181064,022 L5 ET CTX Glut,69.72192279388554,12.0,99.67905857181064,97.84668389319552,STANDARD_MOUSE_GENE,PASS_CURRENT_NCBI_SYMBOL,PASS_V1_STANDARD_DESIGNABLE,MULTI_TRANSCRIPT_GENE_LEVEL_OK,HIGH_ge50pct,PASS_PRE_VENDOR_QC
70,Satb2,8_TF_identity,cortical_IT,Callosal/IT identity TF. Separates IT from ET/CT in ORBm.,98.85,8.41,0.07,ENSMUSG00000038331,1.0,False,212712,special AT-rich sequence binding protein 2,protein-coding,O,20260910,ENSMUSG00000038331,protein_coding,5.0,protein_coding,98.8458927359131,005 L5 IT CTX Glut,8.65990745024789,8.0,98.8458927359131,5.873493975903615,STANDARD_MOUSE_GENE,PASS_CURRENT_NCBI_SYMBOL,PASS_V1_STANDARD_DESIGNABLE,MULTI_TRANSCRIPT_GENE_LEVEL_OK,HIGH_ge50pct,PASS_PRE_VENDOR_QC
71,Fezf2,8_TF_identity,cortical_ET,Subcerebral/ET identity TF. Core ORBm L5 ET call.,94.12,7.13,0.63,ENSMUSG00000021743,1.0,False,54713,Fez family zinc finger 2,protein-coding,O,20260910,ENSMUSG00000021743,protein_coding,3.0,protein_coding,94.11607381652848,022 L5 ET CTX Glut,2.773045754433047,4.0,94.11607381652848,36.69678714859438,STANDARD_MOUSE_GENE,PASS_CURRENT_NCBI_SYMBOL,PASS_V1_STANDARD_DESIGNABLE,MULTI_TRANSCRIPT_GENE_LEVEL_OK,HIGH_ge50pct,PASS_PRE_VENDOR_QC
72,Zic2,8_TF_identity,amygdala,Named separator of 121 MEA-BST Otp Zic2 Glut.,60.56,3.53,0.36,ENSMUSG00000061524,1.0,False,22772,zinc finger protein of the cerebellum 2,protein-coding,O,20260910,ENSMUSG00000061524,protein_coding,2.0,protein_coding; retained_intron,60.55776892430279,121 MEA-BST Otp Zic2 Glut,0.04585722026955043,2.0,0.07772752967778405,60.55776892430279,STANDARD_MOUSE_GENE,PASS_CURRENT_NCBI_SYMBOL,PASS_V1_STANDARD_DESIGNABLE,MULTI_TRANSCRIPT_GENE_LEVEL_OK,HIGH_ge50pct,PASS_PRE_VENDOR_QC
73,Cartpt,9_published_regional,VGLUT1_subtype | 052 Pvalb Gaba :: Cortical interneurons,"CART peptide. GLUT1-14 was validated by multiplex FISH in posterior BMA, so it is the best FISH-proven BMAp type marker. Hochgerner 2023 Nat Neurosci amygdala atlas",54.2,3.94,1.98,ENSMUSG00000021647,1.0,False,27220,CART prepropeptide,protein-coding,O,20260910,ENSMUSG00000021647,protein_coding,2.0,protein_coding,54.2000697107006,052 Pvalb Gaba,6.30663198394004,1.0,54.2000697107006,35.73750193468504,STANDARD_MOUSE_GENE,PASS_CURRENT_NCBI_SYMBOL,PASS_V1_STANDARD_DESIGNABLE,MULTI_TRANSCRIPT_GENE_LEVEL_OK,HIGH_ge50pct,PASS_PRE_VENDOR_QC
74,Htr2c,9_published_regional,VGLUT1_subtype_GPCR | 120 MEA Otp Foxp2 Glut | 032 L5 NP CTX Glut,Serotonin 2C receptor. Both a posterior-BMA VGLUT1 type marker and a druggable GPCR. Hochgerner 2023 Nat Neurosci amygdala atlas,98.34,9.19,3.48,ENSMUSG00000041380,1.0,False,15560,5-hydroxytryptamine (serotonin) receptor 2C,protein-coding,O,20260910,ENSMUSG00000041380,protein_coding,7.0,lncRNA; protein_coding; retained_intron,98.3377659574468,120 MEA Otp Foxp2 Glut,45.06367654341986,10.0,90.19558676028085,98.3377659574468,STANDARD_MOUSE_GENE,PASS_CURRENT_NCBI_SYMBOL,PASS_V1_STANDARD_DESIGNABLE,MULTI_TRANSCRIPT_GENE_LEVEL_OK,HIGH_ge50pct,PASS_PRE_VENDOR_QC
75,Pld5,9_published_regional,OFC_enriched,Enriched in OFC relative to dmPFC/vmPFC. One of only two genes reported to distinguish OFC from medial PFC. Lui 2021 Cell PFC projection classes,90.42,7.43,2.14,ENSMUSG00000055214,1.0,False,319455,phospholipase D family member 5,protein-coding,O,20260910,ENSMUSG00000055214,protein_coding,6.0,nonsense_mediated_decay; protein_coding; retained_intron,90.4232578024797,049 Lamp5 Gaba,35.45183686329616,5.0,90.4232578024797,88.04780876494024,STANDARD_MOUSE_GENE,PASS_CURRENT_NCBI_SYMBOL,PASS_V1_STANDARD_DESIGNABLE,MULTI_TRANSCRIPT_GENE_LEVEL_OK,HIGH_ge50pct,PASS_PRE_VENDOR_QC
76,Fezf1,9_published_regional,MEA_vs_BMA_discriminator,THE single gene that separates molecularly similar VGLUT2 types of MEA (Fezf1+) from BMA (Fezf1-). Directly resolves our BMAp-vs-MEA boundary problem. Hochgerner 2023 Nat Neurosci amygdala atlas,71.68,4.49,1.31,ENSMUSG00000029697,1.0,False,73191,Fez family zinc finger 1,protein-coding,O,20260910,ENSMUSG00000029697,protein_coding,1.0,protein_coding,71.67553191489363,120 MEA Otp Foxp2 Glut,0.1231138844197069,2.0,0.1337255950788981,71.67553191489363,STANDARD_MOUSE_GENE,PASS_CURRENT_NCBI_SYMBOL,PASS_V1_STANDARD_DESIGNABLE,SINGLE_TRANSCRIPT_GENE_LEVEL,HIGH_ge50pct,PASS_PRE_VENDOR_QC
77,Ackr3,9_published_regional,OFC_enriched,"Formerly Cxcr7. The second OFC-vs-mPFC enriched gene, and an atypical chemokine GPCR. Lui 2021 Cell PFC projection classes",21.28,1.21,0.08,ENSMUSG00000044337,1.0,False,12778,atypical chemokine receptor 3,protein-coding,O,20260910,ENSMUSG00000044337,protein_coding,2.0,protein_coding,21.28241312400776,004 L6 IT CTX Glut,5.846923541869785,0.0,21.28241312400776,17.64035632898281,STANDARD_MOUSE_GENE,PASS_CURRENT_NCBI_SYMBOL,PASS_V1_STANDARD_DESIGNABLE,MULTI_TRANSCRIPT_GENE_LEVEL_OK,MODERATE_20-50pct,PASS_PRE_VENDOR_QC
78,Crh,9_published_regional,VGLUT2_BMA_subtype,CRF. Marks a BMA subtype with Tacr1; also the central stress peptide for withdrawal. Hochgerner 2023 Nat Neurosci amygdala atlas,12.4,0.8,0.58,ENSMUSG00000049796,1.0,False,12918,corticotropin releasing hormone,protein-coding,O,20260910,ENSMUSG00000049796,protein_coding,1.0,protein_coding,56.54562099481233,046 Vip Gaba,2.090588068481638,1.0,56.54562099481233,12.4031007751938,STANDARD_MOUSE_GENE,PASS_CURRENT_NCBI_SYMBOL,PASS_V1_STANDARD_DESIGNABLE,SINGLE_TRANSCRIPT_GENE_LEVEL,HIGH_ge50pct,PASS_PRE_VENDOR_QC
79,Neurod2,1_celltype_separator,012 MEA Slc17a7 Glut :: Posterior BMA glutamatergic / pallial amygdala VGLUT1 | pallial_excitatory | pallial_excitatory,UNIQUE separator for 012 MEA Slc17a7 Glut,94.96,7.16,5.07,ENSMUSG00000038255,1.0,False,18013,neurogenic differentiation 2,protein-coding,O,20260910,ENSMUSG00000038255,protein_coding,1.0,protein_coding,94.95586380832283,029 L6b CTX Glut,11.39515333162762,9.0,94.95586380832283,88.30321285140562,STANDARD_MOUSE_GENE,PASS_CURRENT_NCBI_SYMBOL,PASS_V1_STANDARD_DESIGNABLE,SINGLE_TRANSCRIPT_GENE_LEVEL,HIGH_ge50pct,PASS_PRE_VENDOR_QC
80,Sox5,1_celltype_separator,119 SI-MA-LPO-LHA Skor1 Glut :: BMA/MEA VGLUT2-like excitatory | cortical_deep,UNIQUE separator for 119 SI-MA-LPO-LHA Skor1 Glut,96.31,7.99,3.91,ENSMUSG00000041540,1.0,False,20678,SRY (sex determining region Y)-box 5,protein-coding,O,20260910,ENSMUSG00000041540,protein_coding,14.0,lncRNA; protein_coding; retained_intron,96.31328276591992,004 L6 IT CTX Glut,54.7816281786631,10.0,96.31328276591992,74.12844036697248,STANDARD_MOUSE_GENE,PASS_CURRENT_NCBI_SYMBOL,PASS_V1_STANDARD_DESIGNABLE,MULTI_TRANSCRIPT_GENE_LEVEL_OK,HIGH_ge50pct,PASS_PRE_VENDOR_QC
81,Tac2,1_celltype_separator,046 Vip Gaba :: Cortical interneurons,UNIQUE separator for 046 Vip Gaba,47.67,4.23,3.68,ENSMUSG00000025400,1.0,False,21334,tachykinin 2,protein-coding,O,20260910,ENSMUSG00000025400,protein_coding,4.0,protein_coding; retained_intron,47.66554775709491,046 Vip Gaba,1.779821874662129,0.0,47.66554775709491,17.42750502440425,STANDARD_MOUSE_GENE,PASS_CURRENT_NCBI_SYMBOL,PASS_V1_STANDARD_DESIGNABLE,MULTI_TRANSCRIPT_GENE_LEVEL_OK,MODERATE_20-50pct,PASS_PRE_VENDOR_QC
82,Npy,1_celltype_separator,049 Lamp5 Gaba :: Cortical interneurons,UNIQUE separator for 049 Lamp5 Gaba,88.03,9.36,3.61,ENSMUSG00000029819,1.0,False,109648,neuropeptide Y,protein-coding,O,20260910,ENSMUSG00000029819,protein_coding,1.0,protein_coding,88.02907225309961,049 Lamp5 Gaba,13.97395955579954,2.0,88.02907225309961,7.838070628768304,STANDARD_MOUSE_GENE,PASS_CURRENT_NCBI_SYMBOL,PASS_V1_STANDARD_DESIGNABLE,SINGLE_TRANSCRIPT_GENE_LEVEL,HIGH_ge50pct,PASS_PRE_VENDOR_QC
83,Zic1,1_celltype_separator,121 MEA-BST Otp Zic2 Glut :: BMA/MEA VGLUT2-like excitatory | amygdala,UNIQUE separator for 121 MEA-BST Otp Zic2 Glut,69.72,5.5,3.16,ENSMUSG00000032368,1.0,False,22771,zinc finger protein of the cerebellum 1,protein-coding,O,20260910,ENSMUSG00000032368,protein_coding,3.0,lncRNA; protein_coding,69.7211155378486,121 MEA-BST Otp Zic2 Glut,1.105546284596487,1.0,5.482749398234822,69.7211155378486,STANDARD_MOUSE_GENE,PASS_CURRENT_NCBI_SYMBOL,PASS_V1_STANDARD_DESIGNABLE,MULTI_TRANSCRIPT_GENE_LEVEL_OK,HIGH_ge50pct,PASS_PRE_VENDOR_QC
84,Trh,1_celltype_separator,120 MEA Otp Foxp2 Glut :: BMA/MEA VGLUT2-like excitatory | COA_MEA_exclusion,UNIQUE separator for 120 MEA Otp Foxp2 Glut,63.96,4.29,2.64,ENSMUSG00000005892,1.0,False,22044,thyrotropin releasing hormone,protein-coding,O,20260910,ENSMUSG00000005892,protein_coding,1.0,protein_coding,63.96276595744681,120 MEA Otp Foxp2 Glut,0.8650404191261882,1.0,17.40220661985958,63.96276595744681,STANDARD_MOUSE_GENE,PASS_CURRENT_NCBI_SYMBOL,PASS_V1_STANDARD_DESIGNABLE,SINGLE_TRANSCRIPT_GENE_LEVEL,HIGH_ge50pct,PASS_PRE_VENDOR_QC
85,Rprm,1_celltype_separator,030 L6 CT CTX Glut :: L6 CT / L6b,UNIQUE separator for 030 L6 CT CTX Glut,91.26,7.38,2.49,ENSMUSG00000075334,1.0,False,67874,"reprimo, TP53 dependent G2 arrest mediator candidate",protein-coding,O,20260910,ENSMUSG00000075334,protein_coding,1.0,protein_coding,91.25996364144875,030 L6 CT CTX Glut,27.94787074238085,6.0,91.25996364144875,83.51063829787235,STANDARD_MOUSE_GENE,PASS_CURRENT_NCBI_SYMBOL,PASS_V1_STANDARD_DESIGNABLE,SINGLE_TRANSCRIPT_GENE_LEVEL,HIGH_ge50pct,PASS_PRE_VENDOR_QC
86,Lratd2,1_celltype_separator,022 L5 ET CTX Glut :: L5 IT / L5 ET/PT output neurons,UNIQUE separator for 022 L5 ET CTX Glut,47.26,2.79,2.48,ENSMUSG00000072568,1.0,False,399603,LRAT domain containing 2,protein-coding,O,20260807,ENSMUSG00000072568,protein_coding,2.0,lncRNA; protein_coding,47.25862530088259,022 L5 ET CTX Glut,2.592508218655685,0.0,47.25862530088259,7.201834862385321,STANDARD_MOUSE_GENE,PASS_CURRENT_NCBI_SYMBOL,PASS_V1_STANDARD_DESIGNABLE,MULTI_TRANSCRIPT_GENE_LEVEL_OK,MODERATE_20-50pct,PASS_PRE_VENDOR_QC
87,Nr2e1,1_celltype_separator,074 MEA-BST Lhx6 Sp9 Gaba :: Amygdala GABA / striatal-like inhibitory neighbors | pallial,UNIQUE separator for 074 MEA-BST Lhx6 Sp9 Gaba,58.63,3.5,2.43,ENSMUSG00000019803,1.0,False,21907,"nuclear receptor subfamily 2, group E, member 1",protein-coding,O,20260910,ENSMUSG00000019803,protein_coding,4.0,lncRNA; protein_coding,58.62869524841356,074 MEA-BST Lhx6 Sp9 Gaba,0.4196731576729291,1.0,41.53188892279524,58.62869524841356,STANDARD_MOUSE_GENE,PASS_CURRENT_NCBI_SYMBOL,PASS_V1_STANDARD_DESIGNABLE,MULTI_TRANSCRIPT_GENE_LEVEL_OK,HIGH_ge50pct,PASS_PRE_VENDOR_QC
88,Matn2,1_celltype_separator,007 L2/3 IT CTX Glut :: L2/3 IT excitatory,UNIQUE separator for 007 L2/3 IT CTX Glut,68.44,4.65,1.73,ENSMUSG00000022324,1.0,False,17181,matrilin 2,protein-coding,O,20260910,ENSMUSG00000022324,protein_coding,6.0,lncRNA; protein_coding,68.44063592287743,007 L2/3 IT CTX Glut,25.67912414942518,3.0,68.44063592287743,59.95442303708307,STANDARD_MOUSE_GENE,PASS_CURRENT_NCBI_SYMBOL,PASS_V1_STANDARD_DESIGNABLE,MULTI_TRANSCRIPT_GENE_LEVEL_OK,HIGH_ge50pct,PASS_PRE_VENDOR_QC
89,Drd1,1_celltype_separator,029 L6b CTX Glut :: L6 CT / L6b | 029 L6b CTX Glut | 113 MEA-COA-BMA Ccdc42 Glut,UNIQUE separator for 029 L6b CTX Glut,67.21,4.36,1.68,ENSMUSG00000021478,1.0,False,13488,dopamine receptor D1,protein-coding,O,20260910,ENSMUSG00000021478,protein_coding,3.0,lncRNA; protein_coding,67.21311475409836,029 L6b CTX Glut,18.99979446551692,2.0,67.21311475409836,51.54340169877771,STANDARD_MOUSE_GENE,PASS_CURRENT_NCBI_SYMBOL,PASS_V1_STANDARD_DESIGNABLE,MULTI_TRANSCRIPT_GENE_LEVEL_OK,HIGH_ge50pct,PASS_PRE_VENDOR_QC
90,Nptx2,1_celltype_separator,004 L6 IT CTX Glut :: L6 CT / L6b | plasticity | plasticity,UNIQUE separator for 004 L6 IT CTX Glut,64.25,4.66,1.66,ENSMUSG00000059991,1.0,False,53324,neuronal pentraxin 2,protein-coding,O,20260910,ENSMUSG00000059991,protein_coding,1.0,protein_coding,64.25295466572588,004 L6 IT CTX Glut,12.48257481511558,1.0,64.25295466572588,31.83136523720738,STANDARD_MOUSE_GENE,PASS_CURRENT_NCBI_SYMBOL,PASS_V1_STANDARD_DESIGNABLE,SINGLE_TRANSCRIPT_GENE_LEVEL,HIGH_ge50pct,PASS_PRE_VENDOR_QC
91,Krt9,1_celltype_separator,113 MEA-COA-BMA Ccdc42 Glut :: Posterior BMA glutamatergic / pallial amygdala VGLUT1,UNIQUE separator for 113 MEA-COA-BMA Ccdc42 Glut,52.74,3.14,1.57,ENSMUSG00000051617,1.0,False,107656,keratin 9,protein-coding,O,20260910,ENSMUSG00000051617,protein_coding,1.0,protein_coding,52.74497617567847,113 MEA-COA-BMA Ccdc42 Glut,4.828813169338622,1.0,15.43482095607691,52.74497617567847,STANDARD_MOUSE_GENE,PASS_CURRENT_NCBI_SYMBOL,PASS_V1_STANDARD_DESIGNABLE,SINGLE_TRANSCRIPT_GENE_LEVEL,HIGH_ge50pct,PASS_PRE_VENDOR_QC
92,Rgs9,1_celltype_separator,053 Sst Gaba :: Cortical interneurons | GPCR_signalling | GPCR_signalling,UNIQUE separator for 053 Sst Gaba,80.48,5.03,1.33,ENSMUSG00000020599,1.0,False,19739,regulator of G-protein signaling 9,protein-coding,O,20260910,ENSMUSG00000020599,protein_coding,5.0,lncRNA; protein_coding,80.4766006316394,082 CEA-BST Ebf1 Pdyn Gaba,38.81052351352358,6.0,63.9947926352985,80.4766006316394,STANDARD_MOUSE_GENE,PASS_CURRENT_NCBI_SYMBOL,PASS_V1_STANDARD_DESIGNABLE,MULTI_TRANSCRIPT_GENE_LEVEL_OK,HIGH_ge50pct,PASS_PRE_VENDOR_QC
93,Cnih3,1_celltype_separator,006 L4/5 IT CTX Glut :: L4/5 IT excitatory,UNIQUE separator for 006 L4/5 IT CTX Glut,94.22,7.38,0.79,ENSMUSG00000026514,1.0,False,72978,cornichon family AMPA receptor auxiliary protein 3,protein-coding,O,20260807,ENSMUSG00000026514,protein_coding,4.0,protein_coding,94.21989824759751,006 L4/5 IT CTX Glut,64.1510523434848,13.0,94.21989824759751,86.64658634538152,STANDARD_MOUSE_GENE,PASS_CURRENT_NCBI_SYMBOL,PASS_V1_STANDARD_DESIGNABLE,MULTI_TRANSCRIPT_GENE_LEVEL_OK,HIGH_ge50pct,PASS_PRE_VENDOR_QC
94,Snap25,3_class_backbone,pan_neuronal,Pan-neuronal SNARE. Confirms a segmented object is a neuron before any subclass call.,100.0,11.13,0.2,ENSMUSG00000027273,1.0,False,20614,synaptosomal-associated protein 25,protein-coding,O,20260910,ENSMUSG00000027273,protein_coding,3.0,protein_coding; retained_intron,100.0,007 L2/3 IT CTX Glut,100.0,20.0,100.0,100.0,STANDARD_MOUSE_GENE,PASS_CURRENT_NCBI_SYMBOL,PASS_V1_STANDARD_DESIGNABLE,MULTI_TRANSCRIPT_GENE_LEVEL_OK,HIGH_ge50pct,PASS_PRE_VENDOR_QC
95,Rbfox3,3_class_backbone,pan_neuronal,NeuN. Standard neuron call in histology so it links Xenium to IHC.,99.55,9.0,0.32,ENSMUSG00000025576,1.0,False,52897,"RNA binding protein, fox-1 homolog (C. elegans) 3",protein-coding,O,20260910,ENSMUSG00000025576,protein_coding,10.0,lncRNA; protein_coding,99.54819277108435,012 MEA Slc17a7 Glut,98.86199595397505,20.0,99.36858721389108,99.54819277108435,STANDARD_MOUSE_GENE,PASS_CURRENT_NCBI_SYMBOL,PASS_V1_STANDARD_DESIGNABLE,MULTI_TRANSCRIPT_GENE_LEVEL_OK,HIGH_ge50pct,PASS_PRE_VENDOR_QC
96,Mbp,3_class_backbone,oligodendrocyte,Myelin. Oligodendrocyte gate; high expressor so request reduced probe sets.,90.24,6.27,0.83,ENSMUSG00000041607,1.0,False,17196,myelin basic protein,protein-coding,O,20260910,ENSMUSG00000041607,protein_coding,16.0,lncRNA; nonsense_mediated_decay; protein_coding,90.24238657551274,113 MEA-COA-BMA Ccdc42 Glut,70.86497245190463,12.0,87.88446108585183,90.24238657551274,STANDARD_MOUSE_GENE,PASS_CURRENT_NCBI_SYMBOL,PASS_V1_STANDARD_DESIGNABLE,MULTI_TRANSCRIPT_GENE_LEVEL_OK,HIGH_ge50pct,PASS_PRE_VENDOR_QC
97,Chat,3_class_backbone,cholinergic,Cholinergic. Basal forebrain cholinergic neighbours BMAp.,12.21,0.88,0.88,ENSMUSG00000021919,1.0,False,12647,choline O-acetyltransferase,protein-coding,O,20260910,ENSMUSG00000021919,protein_coding,8.0,protein_coding; retained_intron,12.20628623741227,046 Vip Gaba,0.08537678691923403,0.0,12.20628623741227,2.470119521912351,STANDARD_MOUSE_GENE,PASS_CURRENT_NCBI_SYMBOL,PASS_V1_STANDARD_DESIGNABLE,MULTI_TRANSCRIPT_GENE_LEVEL_OK,LOW_5-20pct,PASS_PRE_VENDOR_QC
98,Th,3_class_backbone,dopaminergic,Tyrosine hydroxylase. Catecholaminergic; also labels a cortical interneuron population.,11.33,0.79,0.48,ENSMUSG00000000214,1.0,False,21823,tyrosine hydroxylase,protein-coding,O,20260910,ENSMUSG00000000214,protein_coding,6.0,nonsense_mediated_decay; protein_coding,11.32798884628791,052 Pvalb Gaba,0.131859041845506,0.0,11.32798884628791,3.917288914417002,STANDARD_MOUSE_GENE,PASS_CURRENT_NCBI_SYMBOL,PASS_V1_STANDARD_DESIGNABLE,MULTI_TRANSCRIPT_GENE_LEVEL_OK,LOW_5-20pct,PASS_PRE_VENDOR_QC
99,Cx3cr1,3_class_backbone,microglia,Microglia.,15.0,0.77,0.02,ENSMUSG00000052336,1.0,False,13051,C-X3-C motif chemokine receptor 1,protein-coding,O,20260910,ENSMUSG00000052336,protein_coding,3.0,protein_coding,15.0,119 SI-MA-LPO-LHA Skor1 Glut,10.82353278023832,0.0,11.36667558170634,15.0,STANDARD_MOUSE_GENE,PASS_CURRENT_NCBI_SYMBOL,PASS_V1_STANDARD_DESIGNABLE,MULTI_TRANSCRIPT_GENE_LEVEL_OK,LOW_5-20pct,PASS_PRE_VENDOR_QC
100,Nr4a1,5_IEG,activity,Nur77.,86.02,6.33,0.59,ENSMUSG00000023034,1.0,False,15370,"nuclear receptor subfamily 4, group A, member 1",protein-coding,O,20260825,ENSMUSG00000023034,protein_coding,4.0,protein_coding; retained_intron,86.01611079706049,006 L4/5 IT CTX Glut,41.26737493167732,7.0,86.01611079706049,33.94600804135554,STANDARD_MOUSE_GENE,PASS_CURRENT_NCBI_SYMBOL,PASS_V1_STANDARD_DESIGNABLE,MULTI_TRANSCRIPT_GENE_LEVEL_OK,HIGH_ge50pct,PASS_PRE_VENDOR_QC
101,Junb,5_IEG,activity,AP-1 partner of Fos. Rises with Fos and stabilises the activity call.,72.77,4.89,0.47,ENSMUSG00000052837,1.0,False,16477,"jun B proto-oncogene, AP-1 transcription factor subunit",protein-coding,O,20260910,ENSMUSG00000052837,protein_coding,2.0,lncRNA; protein_coding,72.77416619559072,006 L4/5 IT CTX Glut,44.53475256805362,7.0,72.77416619559072,51.88253012048193,STANDARD_MOUSE_GENE,PASS_CURRENT_NCBI_SYMBOL,PASS_V1_STANDARD_DESIGNABLE,MULTI_TRANSCRIPT_GENE_LEVEL_OK,HIGH_ge50pct,PASS_PRE_VENDOR_QC
102,Nr4a2,5_IEG,activity,Nurr1. Also a dopaminergic/claustral identity TF.,57.69,3.91,1.34,ENSMUSG00000026826,1.0,False,18227,"nuclear receptor subfamily 4, group A, member 2",protein-coding,O,20260910,ENSMUSG00000026826,protein_coding,6.0,lncRNA; nonsense_mediated_decay; protein_coding,57.69230769230769,029 L6b CTX Glut,13.29428625370915,1.0,57.69230769230769,19.77911646586345,STANDARD_MOUSE_GENE,PASS_CURRENT_NCBI_SYMBOL,PASS_V1_STANDARD_DESIGNABLE,MULTI_TRANSCRIPT_GENE_LEVEL_OK,HIGH_ge50pct,PASS_PRE_VENDOR_QC
103,Chrm2,6_GPCR_druggable,032 L5 NP CTX Glut | 119 SI-MA-LPO-LHA Skor1 Glut,"GPCR, universal in this region's anchor panel; top in 032 L5 NP CTX Glut; has a catalogued drug/ligand",90.72,7.84,-1.33,ENSMUSG00000045613,1.0,False,243764,"cholinergic receptor, muscarinic 2, cardiac",protein-coding,O,20260807,ENSMUSG00000045613,protein_coding,2.0,lncRNA; protein_coding,90.72216649949848,032 L5 NP CTX Glut,32.98224749847901,6.0,90.72216649949848,58.30275229357799,STANDARD_MOUSE_GENE,PASS_CURRENT_NCBI_SYMBOL,PASS_V1_STANDARD_DESIGNABLE,MULTI_TRANSCRIPT_GENE_LEVEL_OK,HIGH_ge50pct,PASS_PRE_VENDOR_QC
104,Cnr1,6_GPCR_druggable,046 Vip Gaba | 082 CEA-BST Ebf1 Pdyn Gaba,"GPCR, universal in this region's anchor panel; top in 046 Vip Gaba; has a catalogued drug/ligand",98.47,9.53,-2.64,ENSMUSG00000044288,1.0,False,12801,cannabinoid receptor 1,protein-coding,O,20260910,ENSMUSG00000044288,protein_coding,3.0,lncRNA; protein_coding,98.47421422032346,046 Vip Gaba,65.65388427183814,13.0,98.47421422032346,83.20413436692506,STANDARD_MOUSE_GENE,PASS_CURRENT_NCBI_SYMBOL,PASS_V1_STANDARD_DESIGNABLE,MULTI_TRANSCRIPT_GENE_LEVEL_OK,HIGH_ge50pct,PASS_PRE_VENDOR_QC
105,Htr2a,6_GPCR_druggable,120 MEA Otp Foxp2 Glut | 005 L5 IT CTX Glut,"GPCR, intermediate in this region's anchor panel; top in 120 MEA Otp Foxp2 Glut; has a catalogued drug/ligand",78.62,5.53,-2.21,ENSMUSG00000034997,1.0,False,15558,5-hydroxytryptamine (serotonin) receptor 2A,protein-coding,O,20260825,ENSMUSG00000034997,protein_coding,1.0,protein_coding,78.61507128309573,005 L5 IT CTX Glut,28.73116152171178,7.0,78.61507128309573,70.27925531914893,STANDARD_MOUSE_GENE,PASS_CURRENT_NCBI_SYMBOL,PASS_V1_STANDARD_DESIGNABLE,SINGLE_TRANSCRIPT_GENE_LEVEL,HIGH_ge50pct,PASS_PRE_VENDOR_QC
106,Oprd1,6_GPCR_druggable,052 Pvalb Gaba | receptor | 113 MEA-COA-BMA Ccdc42 Glut | receptor,"GPCR, intermediate in this region's anchor panel; top in 052 Pvalb Gaba; has a catalogued drug/ligand",68.14,4.58,1.54,ENSMUSG00000050511,1.0,False,18386,"opioid receptor, delta 1",protein-coding,O,20260910,ENSMUSG00000050511,protein_coding,1.0,protein_coding,68.1422098292088,052 Pvalb Gaba,17.76072713777291,1.0,68.1422098292088,36.01615910503418,STANDARD_MOUSE_GENE,PASS_CURRENT_NCBI_SYMBOL,PASS_V1_STANDARD_DESIGNABLE,SINGLE_TRANSCRIPT_GENE_LEVEL,HIGH_ge50pct,PASS_PRE_VENDOR_QC
107,Sstr2,6_GPCR_druggable,120 MEA Otp Foxp2 Glut | 005 L5 IT CTX Glut,"GPCR, universal in this region's anchor panel; top in 120 MEA Otp Foxp2 Glut; has a catalogued drug/ligand",62.43,3.61,-1.14,ENSMUSG00000047904,1.0,False,20606,somatostatin receptor 2,protein-coding,O,20260818,ENSMUSG00000047904,protein_coding,3.0,protein_coding,62.43351063829788,120 MEA Otp Foxp2 Glut,28.93742422705766,2.0,54.76352115863317,62.43351063829788,STANDARD_MOUSE_GENE,PASS_CURRENT_NCBI_SYMBOL,PASS_V1_STANDARD_DESIGNABLE,MULTI_TRANSCRIPT_GENE_LEVEL_OK,HIGH_ge50pct,PASS_PRE_VENDOR_QC
108,Htr1f,6_GPCR_druggable,030 L6 CT CTX Glut | 119 SI-MA-LPO-LHA Skor1 Glut,"GPCR, universal in this region's anchor panel; top in 030 L6 CT CTX Glut; has a catalogued drug/ligand",93.66,7.53,-1.8,ENSMUSG00000050783,1.0,False,15557,5-hydroxytryptamine (serotonin) receptor 1F,protein-coding,O,20260910,ENSMUSG00000050783,protein_coding,1.0,protein_coding,93.65589894187293,030 L6 CT CTX Glut,49.17922555074306,9.0,93.65589894187293,54.86238532110092,STANDARD_MOUSE_GENE,PASS_CURRENT_NCBI_SYMBOL,PASS_V1_STANDARD_DESIGNABLE,SINGLE_TRANSCRIPT_GENE_LEVEL,HIGH_ge50pct,PASS_PRE_VENDOR_QC
109,Npy1r,6_GPCR_druggable,046 Vip Gaba | 120 MEA Otp Foxp2 Glut,"GPCR, intermediate in this region's anchor panel; top in 046 Vip Gaba; has a catalogued drug/ligand",68.22,5.11,-1.29,ENSMUSG00000036437,1.0,False,18166,neuropeptide Y receptor Y1,protein-coding,O,20260910,ENSMUSG00000036437,protein_coding,2.0,protein_coding,68.21808510638297,120 MEA Otp Foxp2 Glut,33.22809977503539,8.0,68.20262435154105,68.21808510638297,STANDARD_MOUSE_GENE,PASS_CURRENT_NCBI_SYMBOL,PASS_V1_STANDARD_DESIGNABLE,MULTI_TRANSCRIPT_GENE_LEVEL_OK,HIGH_ge50pct,PASS_PRE_VENDOR_QC
110,Grm1,6_GPCR_druggable,119 SI-MA-LPO-LHA Skor1 Glut | 053 Sst Gaba,"GPCR, universal in this region's anchor panel; top in 119 SI-MA-LPO-LHA Skor1 Glut; has a catalogued drug/ligand",98.19,9.21,-0.02,ENSMUSG00000019828,1.0,False,14816,"glutamate receptor, metabotropic 1",protein-coding,O,20260910,ENSMUSG00000019828,protein_coding,6.0,lncRNA; protein_coding,98.19277108433735,012 MEA Slc17a7 Glut,87.52843821384499,17.0,94.3834852148038,98.19277108433735,STANDARD_MOUSE_GENE,PASS_CURRENT_NCBI_SYMBOL,PASS_V1_STANDARD_DESIGNABLE,MULTI_TRANSCRIPT_GENE_LEVEL_OK,HIGH_ge50pct,PASS_PRE_VENDOR_QC
111,Gpr101,6_GPCR_druggable,082 CEA-BST Ebf1 Pdyn Gaba | VGLUT1_subtype,"GPCR, universal in this region's anchor panel; top in 082 CEA-BST Ebf1 Pdyn Gaba; has a catalogued drug/ligand",78.85,5.66,0.92,ENSMUSG00000036357,1.0,False,245424,G protein-coupled receptor 101,protein-coding,O,20260910,ENSMUSG00000036357,protein_coding,1.0,protein_coding,78.85443583118001,082 CEA-BST Ebf1 Pdyn Gaba,1.880902140755381,3.0,3.496373442440023,78.85443583118001,STANDARD_MOUSE_GENE,PASS_CURRENT_NCBI_SYMBOL,PASS_V1_STANDARD_DESIGNABLE,SINGLE_TRANSCRIPT_GENE_LEVEL,HIGH_ge50pct,PASS_PRE_VENDOR_QC
112,Crhr1,6_GPCR_druggable,006 L4/5 IT CTX Glut | 120 MEA Otp Foxp2 Glut,"GPCR, intermediate in this region's anchor panel; top in 006 L4/5 IT CTX Glut; has a catalogued drug/ligand",65.55,4.03,0.69,ENSMUSG00000018634,1.0,False,12921,corticotropin releasing hormone receptor 1,protein-coding,O,20260910,ENSMUSG00000018634,protein_coding,1.0,protein_coding,65.54550593555682,006 L4/5 IT CTX Glut,33.90714206787608,3.0,65.54550593555682,52.6595744680851,STANDARD_MOUSE_GENE,PASS_CURRENT_NCBI_SYMBOL,PASS_V1_STANDARD_DESIGNABLE,SINGLE_TRANSCRIPT_GENE_LEVEL,HIGH_ge50pct,PASS_PRE_VENDOR_QC
113,Grm5,6_GPCR_druggable,032 L5 NP CTX Glut | 121 MEA-BST Otp Zic2 Glut,"GPCR, universal in this region's anchor panel; top in 032 L5 NP CTX Glut; has a catalogued drug/ligand",100.0,11.06,-0.25,ENSMUSG00000049583,1.0,False,108071,"glutamate receptor, metabotropic 5",protein-coding,O,20260910,ENSMUSG00000049583,protein_coding,7.0,lncRNA; protein_coding; retained_intron,100.0,022 L5 ET CTX Glut,99.84154124191252,20.0,100.0,100.0,STANDARD_MOUSE_GENE,PASS_CURRENT_NCBI_SYMBOL,PASS_V1_STANDARD_DESIGNABLE,MULTI_TRANSCRIPT_GENE_LEVEL_OK,HIGH_ge50pct,PASS_PRE_VENDOR_QC
114,Tacr3,6_GPCR_druggable,082 CEA-BST Ebf1 Pdyn Gaba,"GPCR, intermediate in this region's anchor panel; top in 082 CEA-BST Ebf1 Pdyn Gaba; has a catalogued drug/ligand",30.12,1.84,-1.87,ENSMUSG00000028172,1.0,False,21338,tachykinin receptor 3,protein-coding,O,20260910,ENSMUSG00000028172,protein_coding,1.0,protein_coding,30.11771461383865,082 CEA-BST Ebf1 Pdyn Gaba,2.669488640778518,0.0,2.769926512153759,30.11771461383865,STANDARD_MOUSE_GENE,PASS_CURRENT_NCBI_SYMBOL,PASS_V1_STANDARD_DESIGNABLE,SINGLE_TRANSCRIPT_GENE_LEVEL,MODERATE_20-50pct,PASS_PRE_VENDOR_QC
115,Adcyap1r1,6_GPCR_druggable,053 Sst Gaba | 121 MEA-BST Otp Zic2 Glut,"GPCR, universal in this region's anchor panel; top in 053 Sst Gaba; has a catalogued drug/ligand",80.01,5.75,-0.35,ENSMUSG00000029778,1.0,False,11517,adenylate cyclase activating polypeptide 1 receptor 1,protein-coding,O,20260910,ENSMUSG00000029778,protein_coding,8.0,protein_coding,80.00743909243072,053 Sst Gaba,62.46629950998788,15.0,80.00743909243072,79.04382470119522,STANDARD_MOUSE_GENE,PASS_CURRENT_NCBI_SYMBOL,PASS_V1_STANDARD_DESIGNABLE,MULTI_TRANSCRIPT_GENE_LEVEL_OK,HIGH_ge50pct,PASS_PRE_VENDOR_QC
116,Gabbr2,6_GPCR_druggable,012 MEA Slc17a7 Glut | 049 Lamp5 Gaba,"GPCR, universal in this region's anchor panel; top in 012 MEA Slc17a7 Glut; has a catalogued drug/ligand",99.93,9.61,0.15,ENSMUSG00000039809,1.0,False,242425,gamma-aminobutyric acid type B receptor subunit 2,protein-coding,O,20260818,ENSMUSG00000039809,protein_coding,4.0,lncRNA; protein_coding,99.9294408184865,004 L6 IT CTX Glut,98.86819007549943,20.0,99.9294408184865,99.67369477911646,STANDARD_MOUSE_GENE,PASS_CURRENT_NCBI_SYMBOL,PASS_V1_STANDARD_DESIGNABLE,MULTI_TRANSCRIPT_GENE_LEVEL_OK,HIGH_ge50pct,PASS_PRE_VENDOR_QC
117,Htr1b,6_GPCR_druggable,005 L5 IT CTX Glut | 082 CEA-BST Ebf1 Pdyn Gaba,"GPCR, intermediate in this region's anchor panel; top in 005 L5 IT CTX Glut; has a catalogued drug/ligand",51.94,3.24,-1.12,ENSMUSG00000049511,1.0,False,15551,5-hydroxytryptamine (serotonin) receptor 1B,protein-coding,O,20260910,ENSMUSG00000049511,protein_coding,2.0,protein_coding,51.93798449612403,082 CEA-BST Ebf1 Pdyn Gaba,17.81500518402351,2.0,36.79565512559402,51.93798449612403,STANDARD_MOUSE_GENE,PASS_CURRENT_NCBI_SYMBOL,PASS_V1_STANDARD_DESIGNABLE,MULTI_TRANSCRIPT_GENE_LEVEL_OK,HIGH_ge50pct,PASS_PRE_VENDOR_QC
118,Htr1a,6_GPCR_druggable,005 L5 IT CTX Glut | 119 SI-MA-LPO-LHA Skor1 Glut,"GPCR, intermediate in this region's anchor panel; top in 005 L5 IT CTX Glut; has a catalogued drug/ligand",28.29,1.55,-1.71,ENSMUSG00000021721,1.0,False,15550,5-hydroxytryptamine (serotonin) receptor 1A,protein-coding,O,20260910,ENSMUSG00000021721,protein_coding,1.0,protein_coding,28.28694274722788,005 L5 IT CTX Glut,20.75221524169271,0.0,28.28694274722788,25.89382448537378,STANDARD_MOUSE_GENE,PASS_CURRENT_NCBI_SYMBOL,PASS_V1_STANDARD_DESIGNABLE,SINGLE_TRANSCRIPT_GENE_LEVEL,MODERATE_20-50pct,PASS_PRE_VENDOR_QC
119,Gabbr1,6_GPCR_druggable,022 L5 ET CTX Glut | 120 MEA Otp Foxp2 Glut,"GPCR, universal in this region's anchor panel; top in 022 L5 ET CTX Glut; has a catalogued drug/ligand",99.71,8.81,0.11,ENSMUSG00000024462,1.0,False,54393,gamma-aminobutyric acid type B receptor subunit 1,protein-coding,O,20260910,ENSMUSG00000024462,protein_coding,11.0,lncRNA; nonsense_mediated_decay; protein_coding; retained_intron,99.70580369082643,022 L5 ET CTX Glut,99.37431566367536,20.0,99.70580369082643,99.69879518072288,STANDARD_MOUSE_GENE,PASS_CURRENT_NCBI_SYMBOL,PASS_V1_STANDARD_DESIGNABLE,MULTI_TRANSCRIPT_GENE_LEVEL_OK,HIGH_ge50pct,PASS_PRE_VENDOR_QC
120,Cckbr,6_GPCR_druggable,012 MEA Slc17a7 Glut | 007 L2/3 IT CTX Glut,"GPCR, universal in this region's anchor panel; top in 012 MEA Slc17a7 Glut; has a catalogued drug/ligand",74.22,4.87,0.08,ENSMUSG00000030898,1.0,False,12426,cholecystokinin B receptor,protein-coding,O,20260910,ENSMUSG00000030898,protein_coding,2.0,protein_coding,74.21770526878845,022 L5 ET CTX Glut,41.29091332141824,9.0,74.21770526878845,57.98192771084337,STANDARD_MOUSE_GENE,PASS_CURRENT_NCBI_SYMBOL,PASS_V1_STANDARD_DESIGNABLE,MULTI_TRANSCRIPT_GENE_LEVEL_OK,HIGH_ge50pct,PASS_PRE_VENDOR_QC
121,Grin2b,7_plasticity,NMDA_receptor,NR2B. Immature/plastic synapse; NR2B/NR2A ratio is a plasticity readout after opioids.,100.0,11.14,0.79,ENSMUSG00000030209,1.0,False,14812,"glutamate receptor, ionotropic, NMDA2B (epsilon 2)",protein-coding,O,20260910,ENSMUSG00000030209,protein_coding,7.0,lncRNA; protein_coding,100.0,007 L2/3 IT CTX Glut,99.99766932363772,20.0,100.0,100.0,STANDARD_MOUSE_GENE,PASS_CURRENT_NCBI_SYMBOL,PASS_V1_STANDARD_DESIGNABLE,MULTI_TRANSCRIPT_GENE_LEVEL_OK,HIGH_ge50pct,PASS_PRE_VENDOR_QC
122,Grin2a,7_plasticity,NMDA_receptor,NR2A. Mature synapse.,99.89,9.98,0.56,ENSMUSG00000059003,1.0,False,14811,"glutamate receptor, ionotropic, NMDA2A (epsilon 1)",protein-coding,O,20260910,ENSMUSG00000059003,protein_coding,6.0,lncRNA; protein_coding; retained_intron,99.89301952393687,022 L5 ET CTX Glut,97.54096262534927,20.0,99.89301952393687,99.47289156626506,STANDARD_MOUSE_GENE,PASS_CURRENT_NCBI_SYMBOL,PASS_V1_STANDARD_DESIGNABLE,MULTI_TRANSCRIPT_GENE_LEVEL_OK,HIGH_ge50pct,PASS_PRE_VENDOR_QC
123,Ntrk2,7_plasticity,growth_factor_receptor,TrkB. BDNF receptor; required for BDNF plasticity readout to be interpretable.,99.9,9.74,0.25,ENSMUSG00000055254,1.0,False,18212,"neurotrophic tyrosine kinase, receptor, type 2",protein-coding,O,20260910,ENSMUSG00000055254,protein_coding,10.0,lncRNA; nonsense_mediated_decay; protein_coding; retained_intron,99.90107405313736,006 L4/5 IT CTX Glut,99.45944159032783,20.0,99.90107405313736,99.65949543414332,STANDARD_MOUSE_GENE,PASS_CURRENT_NCBI_SYMBOL,PASS_V1_STANDARD_DESIGNABLE,MULTI_TRANSCRIPT_GENE_LEVEL_OK,HIGH_ge50pct,PASS_PRE_VENDOR_QC
124,Rgs4,7_plasticity,GPCR_signalling,Regulator of G-protein signalling 4; opioid-regulated and interneuron-enriched.,99.27,9.47,0.47,ENSMUSG00000038530,1.0,False,19736,regulator of G-protein signaling 4,protein-coding,O,20260910,ENSMUSG00000038530,protein_coding,3.0,protein_coding; retained_intron,99.27218767665347,006 L4/5 IT CTX Glut,78.39875506425908,18.0,99.27218767665347,87.13752512202124,STANDARD_MOUSE_GENE,PASS_CURRENT_NCBI_SYMBOL,PASS_V1_STANDARD_DESIGNABLE,MULTI_TRANSCRIPT_GENE_LEVEL_OK,HIGH_ge50pct,PASS_PRE_VENDOR_QC
125,Dlg4,7_plasticity,postsynaptic_scaffold,PSD-95. Core excitatory postsynaptic density.,99.17,8.11,0.19,ENSMUSG00000020886,1.0,False,13385,discs large MAGUK scaffold protein 4,protein-coding,O,20260910,ENSMUSG00000020886,protein_coding,22.0,lncRNA; nonsense_mediated_decay; protein_coding; retained_intron,99.17090131051083,022 L5 ET CTX Glut,97.59894368533907,20.0,99.17090131051083,98.71987951807229,STANDARD_MOUSE_GENE,PASS_CURRENT_NCBI_SYMBOL,PASS_V1_STANDARD_DESIGNABLE,MULTI_TRANSCRIPT_GENE_LEVEL_OK,HIGH_ge50pct,PASS_PRE_VENDOR_QC
126,Cbln2,7_plasticity,adhesion,Cerebellin 2; cortical layer and amygdala patterned.,89.22,7.07,1.92,ENSMUSG00000024647,1.0,False,12405,cerebellin 2 precursor protein,protein-coding,O,20260910,ENSMUSG00000024647,protein_coding,4.0,protein_coding,89.21765295887663,032 L5 NP CTX Glut,21.98935814706561,7.0,89.21765295887663,50.09174311926606,STANDARD_MOUSE_GENE,PASS_CURRENT_NCBI_SYMBOL,PASS_V1_STANDARD_DESIGNABLE,MULTI_TRANSCRIPT_GENE_LEVEL_OK,HIGH_ge50pct,PASS_PRE_VENDOR_QC
127,Etv1,8_TF_identity,cortical_L5,Er81. L5 IT/ET patterning.,99.82,9.89,3.16,ENSMUSG00000004151,1.0,False,14009,ets variant 1,protein-coding,O,20260818,ENSMUSG00000004151,protein_coding,13.0,lncRNA; protein_coding; retained_intron,99.82447342026079,032 L5 NP CTX Glut,19.985367986577,3.0,99.82447342026079,61.64658634538153,STANDARD_MOUSE_GENE,PASS_CURRENT_NCBI_SYMBOL,PASS_V1_STANDARD_DESIGNABLE,MULTI_TRANSCRIPT_GENE_LEVEL_OK,HIGH_ge50pct,PASS_PRE_VENDOR_QC
128,Meis2,8_TF_identity,striatal_amygdala,Striatal and amygdalar patterning.,92.29,8.66,2.42,ENSMUSG00000027210,1.0,False,17536,Meis homeobox 2,protein-coding,O,20260910,ENSMUSG00000027210,protein_coding,19.0,lncRNA; protein_coding; retained_intron,99.03033036418988,007 L2/3 IT CTX Glut,36.98594398943241,9.0,99.03033036418988,92.29112833763996,STANDARD_MOUSE_GENE,PASS_CURRENT_NCBI_SYMBOL,PASS_V1_STANDARD_DESIGNABLE,MULTI_TRANSCRIPT_GENE_LEVEL_OK,HIGH_ge50pct,PASS_PRE_VENDOR_QC
129,Tle4,8_TF_identity,cortical_L6CT,L6 CT corepressor.,98.87,8.38,0.11,ENSMUSG00000024642,1.0,False,21888,transducin-like enhancer of split 4,protein-coding,O,20260910,ENSMUSG00000024642,protein_coding,3.0,protein_coding; retained_intron,98.86506935687264,029 L6b CTX Glut,54.29384587825068,12.0,98.86506935687264,90.27522935779817,STANDARD_MOUSE_GENE,PASS_CURRENT_NCBI_SYMBOL,PASS_V1_STANDARD_DESIGNABLE,MULTI_TRANSCRIPT_GENE_LEVEL_OK,HIGH_ge50pct,PASS_PRE_VENDOR_QC
130,Foxp1,8_TF_identity,striatal,Striatal projection neuron TF; part of the sAMY-like exclusion call.,97.95,7.94,0.33,ENSMUSG00000030067,1.0,False,108655,forkhead box P1,protein-coding,O,20260910,ENSMUSG00000030067,protein_coding,31.0,lncRNA; nonsense_mediated_decay; protein_coding; retained_intron,99.90948178320888,005 L5 IT CTX Glut,95.42852772376122,20.0,99.90948178320888,97.94903666873834,STANDARD_MOUSE_GENE,PASS_CURRENT_NCBI_SYMBOL,PASS_V1_STANDARD_DESIGNABLE,MULTI_TRANSCRIPT_GENE_LEVEL_OK,HIGH_ge50pct,PASS_PRE_VENDOR_QC
131,Tbr1,8_TF_identity,cortical_deep,Deep-layer and L6 identity.,96.63,7.57,0.37,ENSMUSG00000035033,1.0,False,21375,T-box brain transcription factor 1,protein-coding,O,20260908,ENSMUSG00000035033,protein_coding,4.0,lncRNA; protein_coding,96.62518062741808,030 L6 CT CTX Glut,28.85568844676406,9.0,96.62518062741808,77.29357798165137,STANDARD_MOUSE_GENE,PASS_CURRENT_NCBI_SYMBOL,PASS_V1_STANDARD_DESIGNABLE,MULTI_TRANSCRIPT_GENE_LEVEL_OK,HIGH_ge50pct,PASS_PRE_VENDOR_QC
132,Neurod6,8_TF_identity,pallial_excitatory,NEX. Pallial excitatory; supports the claim that BMAp is pallial not striatal.,96.9,7.52,0.19,ENSMUSG00000037984,1.0,False,11922,neurogenic differentiation 6,protein-coding,O,20260825,ENSMUSG00000037984,protein_coding,1.0,protein_coding,96.89975107490383,005 L5 IT CTX Glut,10.76492196352206,8.0,96.89975107490383,13.50401606425703,STANDARD_MOUSE_GENE,PASS_CURRENT_NCBI_SYMBOL,PASS_V1_STANDARD_DESIGNABLE,SINGLE_TRANSCRIPT_GENE_LEVEL,HIGH_ge50pct,PASS_PRE_VENDOR_QC
133,Emx1,8_TF_identity,pallial_lineage,Dorsal pallium lineage. Key for the BMAp pallial-vs-sAMY question.,41.16,2.18,2.14,ENSMUSG00000033726,1.0,False,13796,empty spiracles homeobox 1,protein-coding,O,20260825,ENSMUSG00000033726,protein_coding,2.0,protein_coding; retained_intron,41.16465863453816,012 MEA Slc17a7 Glut,0.8181154217066313,0.0,34.27077444884115,41.16465863453816,STANDARD_MOUSE_GENE,PASS_CURRENT_NCBI_SYMBOL,PASS_V1_STANDARD_DESIGNABLE,MULTI_TRANSCRIPT_GENE_LEVEL_OK,MODERATE_20-50pct,PASS_PRE_VENDOR_QC
134,Synpr,9_published_regional,COA_exclusion,"Synaptoporin. Positive in anterior COA VGLUT2 types, negative in BMA types, so it is an exclusion gate for COA contamination. Hochgerner 2023 Nat Neurosci amygdala atlas",93.02,7.72,2.01,ENSMUSG00000056296,1.0,False,72003,synaptoporin,protein-coding,O,20260910,ENSMUSG00000056296,protein_coding,9.0,lncRNA; protein_coding; retained_intron,99.75587427525176,046 Vip Gaba,29.40856414440562,6.0,99.75587427525176,93.02208835341365,STANDARD_MOUSE_GENE,PASS_CURRENT_NCBI_SYMBOL,PASS_V1_STANDARD_DESIGNABLE,MULTI_TRANSCRIPT_GENE_LEVEL_OK,HIGH_ge50pct,PASS_PRE_VENDOR_QC
135,Rbp4,9_published_regional,L5_driver_line,The Cre line the PFC atlas was built on. Including it lets us align our Xenium clusters to that dataset directly. Lui 2021 Cell PFC projection classes,89.7,7.33,0.76,ENSMUSG00000024990,1.0,False,19662,"retinol binding protein 4, plasma",protein-coding,O,20260910,ENSMUSG00000024990,protein_coding,4.0,protein_coding,89.69685698344801,053 Sst Gaba,7.980108977697185,2.0,89.69685698344801,5.13924777490669,STANDARD_MOUSE_GENE,PASS_CURRENT_NCBI_SYMBOL,PASS_V1_STANDARD_DESIGNABLE,MULTI_TRANSCRIPT_GENE_LEVEL_OK,HIGH_ge50pct,PASS_PRE_VENDOR_QC
136,Mpped1,9_published_regional,VGLUT1_subtype,Splits posterior-BMA VGLUT1 types together with Tac1. Hochgerner 2023 Nat Neurosci amygdala atlas,93.44,7.08,1.15,ENSMUSG00000041708,1.0,False,223726,metallophosphoesterase domain containing 1,protein-coding,O,20260910,ENSMUSG00000041708,protein_coding,11.0,nonsense_mediated_decay; protein_coding,99.55863808322825,029 L6b CTX Glut,92.4317266639095,14.0,99.55863808322825,93.43956359460236,STANDARD_MOUSE_GENE,PASS_CURRENT_NCBI_SYMBOL,PASS_V1_STANDARD_DESIGNABLE,MULTI_TRANSCRIPT_GENE_LEVEL_OK,HIGH_ge50pct,PASS_PRE_VENDOR_QC
137,Calb1,9_published_regional,COA_MEA_exclusion,Calbindin. Part of the Trh+Calb1+Zeb2- accessory-olfactory signature. Hochgerner 2023 Nat Neurosci amygdala atlas,89.64,6.94,0.05,ENSMUSG00000028222,1.0,False,12307,calbindin 1,protein-coding,O,20260910,ENSMUSG00000028222,protein_coding,3.0,protein_coding; retained_intron,94.66681700304432,007 L2/3 IT CTX Glut,49.6593377168189,10.0,94.66681700304432,89.64143426294821,STANDARD_MOUSE_GENE,PASS_CURRENT_NCBI_SYMBOL,PASS_V1_STANDARD_DESIGNABLE,MULTI_TRANSCRIPT_GENE_LEVEL_OK,HIGH_ge50pct,PASS_PRE_VENDOR_QC
138,Scn5a,9_published_regional,VGLUT2_BMA_subtype,Marks a specific BMA VGLUT2 subtype. Hochgerner 2023 Nat Neurosci amygdala atlas,90.17,6.38,0.6,ENSMUSG00000032511,1.0,False,20271,"sodium channel, voltage-gated, type V, alpha",protein-coding,O,20260910,ENSMUSG00000032511,protein_coding,4.0,protein_coding,90.17180003095497,074 MEA-BST Lhx6 Sp9 Gaba,3.964105446337151,6.0,14.9221849252365,90.17180003095497,STANDARD_MOUSE_GENE,PASS_CURRENT_NCBI_SYMBOL,PASS_V1_STANDARD_DESIGNABLE,MULTI_TRANSCRIPT_GENE_LEVEL_OK,HIGH_ge50pct,PASS_PRE_VENDOR_QC
139,Cd44,9_published_regional,PFC_cluster_exemplar,Exemplar marker of one of the seven Rbp4-Cre PFC transcriptomic clusters. Lui 2021 Cell PFC projection classes,16.05,0.9,0.02,ENSMUSG00000005087,1.0,False,12505,CD44 antigen,protein-coding,O,20260910,ENSMUSG00000005087,protein_coding,9.0,protein_coding; retained_intron,19.69566465690497,082 CEA-BST Ebf1 Pdyn Gaba,2.994020327464988,0.0,16.05426794799322,19.69566465690497,STANDARD_MOUSE_GENE,PASS_CURRENT_NCBI_SYMBOL,PASS_V1_STANDARD_DESIGNABLE,MULTI_TRANSCRIPT_GENE_LEVEL_OK,LOW_5-20pct,PASS_PRE_VENDOR_QC
140,Bhlhe22,8_TF_identity,patterning,Bhlhb5. Cortical and amygdalar patterning.,91.49,6.51,4.91,ENSMUSG00000025128,1.0,False,59058,"basic helix-loop-helix family, member e22",protein-coding,O,20260723,ENSMUSG00000025128,protein_coding,1.0,protein_coding,91.4909638554217,012 MEA Slc17a7 Glut,9.136780662280488,4.0,73.3566354718683,91.4909638554217,STANDARD_MOUSE_GENE,PASS_CURRENT_NCBI_SYMBOL,PASS_V1_STANDARD_DESIGNABLE,SINGLE_TRANSCRIPT_GENE_LEVEL,HIGH_ge50pct,PASS_PRE_VENDOR_QC
141,Nts,9_published_regional,MEA_exclusion,Neurotensin. Part of the discrete MEA cluster signature. Hochgerner 2023 Nat Neurosci amygdala atlas,34.11,2.25,0.23,ENSMUSG00000019890,1.0,False,67405,neurotensin,protein-coding,O,20260910,ENSMUSG00000019890,protein_coding,1.0,protein_coding,34.10904255319149,120 MEA Otp Foxp2 Glut,1.048828572284577,0.0,1.562209410451925,34.10904255319149,STANDARD_MOUSE_GENE,PASS_CURRENT_NCBI_SYMBOL,PASS_V1_STANDARD_DESIGNABLE,SINGLE_TRANSCRIPT_GENE_LEVEL,MODERATE_20-50pct,PASS_PRE_VENDOR_QC
142,Slc6a3,11_class_backbone_optional,dopaminergic,DAT. Definitive dopaminergic; expected near-absent in ORBm/BMAp so it acts as a negative control.,4.61,0.26,0.12,ENSMUSG00000021609,1.0,False,13162,"solute carrier family 6 (neurotransmitter transporter, dopamine), member 3",protein-coding,O,20260901,ENSMUSG00000021609,protein_coding,1.0,protein_coding,4.608096468561585,082 CEA-BST Ebf1 Pdyn Gaba,0.1180545182010642,0.0,0.7225096723069034,4.608096468561585,STANDARD_MOUSE_GENE,PASS_CURRENT_NCBI_SYMBOL,PASS_V1_STANDARD_DESIGNABLE,SINGLE_TRANSCRIPT_GENE_LEVEL,VERY_LOW_<5pct,PASS_DESIGN_REVIEW_SPARSE_SIGNAL
143,Col23a1,12_GSE283418_added,012 MEA Slc17a7 Glut :: Posterior BMA glutamatergic / pallial amygdala VGLUT1,Added from GSE283418 (Berg/Scherrer Molecular Cartography 98-gene amygdala panel). Scored in Allen WMB-10X BMAp ROI; not used to replace any existing gene.,80.2,5.81,3.69,ENSMUSG00000063564,1.0,False,237759,"collagen, type XXIII, alpha 1",protein-coding,O,20260910,ENSMUSG00000063564,protein_coding,2.0,protein_coding,80.24598393574297,012 MEA Slc17a7 Glut,12.13886514048708,1.0,46.48300936931898,80.24598393574297,STANDARD_MOUSE_GENE,PASS_CURRENT_NCBI_SYMBOL,PASS_V1_STANDARD_DESIGNABLE,MULTI_TRANSCRIPT_GENE_LEVEL_OK,HIGH_ge50pct,PASS_PRE_VENDOR_QC
144,Slc29a4,12_GSE283418_added,012 MEA Slc17a7 Glut :: Posterior BMA glutamatergic / pallial amygdala VGLUT1,Added from GSE283418 (Berg/Scherrer Molecular Cartography 98-gene amygdala panel). Scored in Allen WMB-10X BMAp ROI; not used to replace any existing gene.,64.9,3.82,2.66,ENSMUSG00000050822,1.0,False,243328,"solute carrier family 29 (nucleoside transporters), member 4",protein-coding,O,20260910,ENSMUSG00000050822,protein_coding,2.0,protein_coding,64.88453815261043,012 MEA Slc17a7 Glut,9.286208112609927,1.0,19.75420002255046,64.88453815261043,STANDARD_MOUSE_GENE,PASS_CURRENT_NCBI_SYMBOL,PASS_V1_STANDARD_DESIGNABLE,MULTI_TRANSCRIPT_GENE_LEVEL_OK,HIGH_ge50pct,PASS_PRE_VENDOR_QC
145,Cck,12_GSE283418_added,012 MEA Slc17a7 Glut :: Posterior BMA glutamatergic / pallial amygdala VGLUT1,Added from GSE283418 (Berg/Scherrer Molecular Cartography 98-gene amygdala panel). Scored in Allen WMB-10X BMAp ROI; not used to replace any existing gene.,79.0,5.78,2.65,ENSMUSG00000032532,1.0,False,12424,cholecystokinin,protein-coding,O,20260818,ENSMUSG00000032532,protein_coding,6.0,nonsense_mediated_decay; protein_coding,99.98236020462163,004 L6 IT CTX Glut,48.66732010141934,9.0,99.98236020462163,79.04116465863453,STANDARD_MOUSE_GENE,PASS_CURRENT_NCBI_SYMBOL,PASS_V1_STANDARD_DESIGNABLE,MULTI_TRANSCRIPT_GENE_LEVEL_OK,HIGH_ge50pct,PASS_PRE_VENDOR_QC
146,Gfra1,12_GSE283418_added,121 MEA-BST Otp Zic2 Glut :: BMA/MEA VGLUT2-like excitatory,Added from GSE283418 (Berg/Scherrer Molecular Cartography 98-gene amygdala panel). Scored in Allen WMB-10X BMAp ROI; not used to replace any existing gene.,64.0,4.07,1.95,ENSMUSG00000025089,1.0,False,14585,glial cell line derived neurotrophic factor family receptor alpha 1,protein-coding,O,20260910,ENSMUSG00000025089,protein_coding,9.0,nonsense_mediated_decay; protein_coding,63.98406374501992,121 MEA-BST Otp Zic2 Glut,16.09416732718801,2.0,55.73770491803278,63.98406374501992,STANDARD_MOUSE_GENE,PASS_CURRENT_NCBI_SYMBOL,PASS_V1_STANDARD_DESIGNABLE,MULTI_TRANSCRIPT_GENE_LEVEL_OK,HIGH_ge50pct,PASS_PRE_VENDOR_QC
147,Sp8,12_GSE283418_added,073 MEA-BST Sox6 Gaba :: Amygdala GABA / striatal-like inhibitory neighbors,Added from GSE283418 (Berg/Scherrer Molecular Cartography 98-gene amygdala panel). Scored in Allen WMB-10X BMAp ROI; not used to replace any existing gene.,31.6,1.91,1.85,ENSMUSG00000048562,1.0,False,320145,trans-acting transcription factor 8,protein-coding,O,20260910,ENSMUSG00000048562,protein_coding,2.0,protein_coding,31.64847788627226,073 MEA-BST Sox6 Gaba,0.3055680679967233,0.0,30.01282599401453,31.64847788627226,STANDARD_MOUSE_GENE,PASS_CURRENT_NCBI_SYMBOL,PASS_V1_STANDARD_DESIGNABLE,MULTI_TRANSCRIPT_GENE_LEVEL_OK,MODERATE_20-50pct,PASS_PRE_VENDOR_QC
148,Abca8a,12_GSE283418_added,012 MEA Slc17a7 Glut :: Posterior BMA glutamatergic / pallial amygdala VGLUT1,Added from GSE283418 (Berg/Scherrer Molecular Cartography 98-gene amygdala panel). Scored in Allen WMB-10X BMAp ROI; not used to replace any existing gene.,31.9,1.83,1.68,ENSMUSG00000041828,1.0,False,217258,"ATP-binding cassette, sub-family A member 8a",protein-coding,O,20260910,ENSMUSG00000041828,protein_coding,8.0,lncRNA; protein_coding,31.95281124497992,012 MEA Slc17a7 Glut,0.9168562033596481,0.0,4.439689756619417,31.95281124497992,STANDARD_MOUSE_GENE,PASS_CURRENT_NCBI_SYMBOL,PASS_V1_STANDARD_DESIGNABLE,MULTI_TRANSCRIPT_GENE_LEVEL_OK,MODERATE_20-50pct,PASS_PRE_VENDOR_QC
149,Calcrl,12_GSE283418_added,120 MEA Otp Foxp2 Glut :: BMA/MEA VGLUT2-like excitatory,Added from GSE283418 (Berg/Scherrer Molecular Cartography 98-gene amygdala panel). Scored in Allen WMB-10X BMAp ROI; not used to replace any existing gene.,68.1,4.43,1.57,ENSMUSG00000059588,1.0,False,54598,calcitonin receptor-like,protein-coding,O,20260910,ENSMUSG00000059588,protein_coding,3.0,lncRNA; protein_coding,68.08510638297872,120 MEA Otp Foxp2 Glut,1.404555479063036,1.0,1.739395788831248,68.08510638297872,STANDARD_MOUSE_GENE,PASS_CURRENT_NCBI_SYMBOL,PASS_V1_STANDARD_DESIGNABLE,MULTI_TRANSCRIPT_GENE_LEVEL_OK,HIGH_ge50pct,PASS_PRE_VENDOR_QC
150,Lamb3,12_GSE283418_added,113 MEA-COA-BMA Ccdc42 Glut :: Posterior BMA glutamatergic / pallial amygdala VGLUT1,Added from GSE283418 (Berg/Scherrer Molecular Cartography 98-gene amygdala panel). Scored in Allen WMB-10X BMAp ROI; not used to replace any existing gene.,66.7,4.03,1.51,ENSMUSG00000026639,1.0,False,16780,"laminin, beta 3",protein-coding,O,20260910,ENSMUSG00000026639,protein_coding,9.0,lncRNA; protein_coding; retained_intron,66.73917547130723,113 MEA-COA-BMA Ccdc42 Glut,7.583548991033135,1.0,9.48065528058557,66.73917547130723,STANDARD_MOUSE_GENE,PASS_CURRENT_NCBI_SYMBOL,PASS_V1_STANDARD_DESIGNABLE,MULTI_TRANSCRIPT_GENE_LEVEL_OK,HIGH_ge50pct,PASS_PRE_VENDOR_QC
151,Syndig1l,12_GSE283418_added,082 CEA-BST Ebf1 Pdyn Gaba :: Amygdala GABA / striatal-like inhibitory neighbors,Added from GSE283418 (Berg/Scherrer Molecular Cartography 98-gene amygdala panel). Scored in Allen WMB-10X BMAp ROI; not used to replace any existing gene.,46.5,2.96,1.32,ENSMUSG00000071234,1.0,False,627191,synapse differentiation inducing 1 like,protein-coding,O,20260818,ENSMUSG00000071234,protein_coding,4.0,protein_coding; retained_intron,46.49727246626472,082 CEA-BST Ebf1 Pdyn Gaba,6.318289976311915,0.0,24.6532156368222,46.49727246626472,STANDARD_MOUSE_GENE,PASS_CURRENT_NCBI_SYMBOL,PASS_V1_STANDARD_DESIGNABLE,MULTI_TRANSCRIPT_GENE_LEVEL_OK,MODERATE_20-50pct,PASS_PRE_VENDOR_QC
152,Tspan18,12_GSE283418_added,119 SI-MA-LPO-LHA Skor1 Glut :: BMA/MEA VGLUT2-like excitatory,Added from GSE283418 (Berg/Scherrer Molecular Cartography 98-gene amygdala panel). Scored in Allen WMB-10X BMAp ROI; not used to replace any existing gene.,26.8,1.58,0.96,ENSMUSG00000027217,1.0,False,241556,tetraspanin 18,protein-coding,O,20260910,ENSMUSG00000027217,protein_coding,5.0,lncRNA; protein_coding,26.78899082568807,119 SI-MA-LPO-LHA Skor1 Glut,3.48993379133047,0.0,12.99969484284406,26.78899082568807,STANDARD_MOUSE_GENE,PASS_CURRENT_NCBI_SYMBOL,PASS_V1_STANDARD_DESIGNABLE,MULTI_TRANSCRIPT_GENE_LEVEL_OK,MODERATE_20-50pct,PASS_PRE_VENDOR_QC
153,Gabre,12_GSE283418_added,082 CEA-BST Ebf1 Pdyn Gaba :: Amygdala GABA / striatal-like inhibitory neighbors,Added from GSE283418 (Berg/Scherrer Molecular Cartography 98-gene amygdala panel). Scored in Allen WMB-10X BMAp ROI; not used to replace any existing gene.,32.0,1.95,0.95,ENSMUSG00000031340,1.0,False,14404,"gamma-aminobutyric acid (GABA) A receptor, subunit epsilon",protein-coding,O,20260910,ENSMUSG00000031340,protein_coding,3.0,lncRNA; protein_coding; retained_intron,31.9695664656905,082 CEA-BST Ebf1 Pdyn Gaba,0.3666279621625019,0.0,1.35763436860703,31.9695664656905,STANDARD_MOUSE_GENE,PASS_CURRENT_NCBI_SYMBOL,PASS_V1_STANDARD_DESIGNABLE,MULTI_TRANSCRIPT_GENE_LEVEL_OK,MODERATE_20-50pct,PASS_PRE_VENDOR_QC
154,Nos1,12_GSE283418_added,120 MEA Otp Foxp2 Glut :: BMA/MEA VGLUT2-like excitatory,Added from GSE283418 (Berg/Scherrer Molecular Cartography 98-gene amygdala panel). Scored in Allen WMB-10X BMAp ROI; not used to replace any existing gene.,99.7,9.77,0.76,ENSMUSG00000029361,1.0,False,18125,"nitric oxide synthase 1, neuronal",protein-coding,O,20260915,ENSMUSG00000029361,protein_coding,7.0,lncRNA; nonsense_mediated_decay; protein_coding,99.66755319148936,120 MEA Otp Foxp2 Glut,38.70362227222692,9.0,63.87345019238991,99.66755319148936,STANDARD_MOUSE_GENE,PASS_CURRENT_NCBI_SYMBOL,PASS_V1_STANDARD_DESIGNABLE,MULTI_TRANSCRIPT_GENE_LEVEL_OK,HIGH_ge50pct,PASS_PRE_VENDOR_QC
155,Oprl1,12_GSE283418_added,120 MEA Otp Foxp2 Glut :: BMA/MEA VGLUT2-like excitatory,Added from GSE283418 (Berg/Scherrer Molecular Cartography 98-gene amygdala panel). Scored in Allen WMB-10X BMAp ROI; not used to replace any existing gene.,77.8,4.76,0.57,ENSMUSG00000027584,1.0,False,18389,opioid receptor-like 1,protein-coding,O,20260818,ENSMUSG00000027584,protein_coding,12.0,lncRNA; nonsense_mediated_decay; protein_coding,77.79255319148936,120 MEA Otp Foxp2 Glut,35.78957250765435,9.0,52.82161005616474,77.79255319148936,STANDARD_MOUSE_GENE,PASS_CURRENT_NCBI_SYMBOL,PASS_V1_STANDARD_DESIGNABLE,MULTI_TRANSCRIPT_GENE_LEVEL_OK,HIGH_ge50pct,PASS_PRE_VENDOR_QC
156,Dnah5,12_GSE283418_added,012 MEA Slc17a7 Glut :: Posterior BMA glutamatergic / pallial amygdala VGLUT1,Added from GSE283418 (Berg/Scherrer Molecular Cartography 98-gene amygdala panel). Scored in Allen WMB-10X BMAp ROI; not used to replace any existing gene.,48.4,2.76,0.53,ENSMUSG00000022262,1.0,False,110082,"dynein, axonemal, heavy chain 5",protein-coding,O,20260910,ENSMUSG00000022262,protein_coding,1.0,protein_coding,48.4437751004016,012 MEA Slc17a7 Glut,14.52017596558014,0.0,29.45277100034856,48.4437751004016,STANDARD_MOUSE_GENE,PASS_CURRENT_NCBI_SYMBOL,PASS_V1_STANDARD_DESIGNABLE,SINGLE_TRANSCRIPT_GENE_LEVEL,MODERATE_20-50pct,PASS_PRE_VENDOR_QC
157,Per2,13_Jesse_morphine_state,morphine-dependence state :: 11/12 ORBm anchors Up,"Added from Jesse Niehaus PL-ILA-ORB opioid-dependence DEGs (5-day escalating morphine, DESeq2 subclass pseudobulk, padj<=0.1). Ranked by how many of the 12 ORBm anchor subclasses show DE. Reports morphine-dependence state, NOT cell type. No existing gene was removed or re-ranked. || Broadest gene in Jesse's data: 11 of 12 ORBm anchors, glut 8 / GABA 3. Circadian clock.",,,,ENSMUSG00000055866,1.0,False,18627,period circadian clock 2,protein-coding,O,20260910,ENSMUSG00000055866,protein_coding,2.0,lncRNA; protein_coding,60.89598643301301,006 L4/5 IT CTX Glut,34.06823970688561,3.0,60.89598643301301,47.23895582329317,STANDARD_MOUSE_GENE,PASS_CURRENT_NCBI_SYMBOL,PASS_V1_STANDARD_DESIGNABLE,MULTI_TRANSCRIPT_GENE_LEVEL_OK,HIGH_ge50pct,PASS_PRE_VENDOR_QC
158,Pcsk1,13_Jesse_morphine_state,morphine-dependence state :: 9/12 ORBm anchors Up,"Added from Jesse Niehaus PL-ILA-ORB opioid-dependence DEGs (5-day escalating morphine, DESeq2 subclass pseudobulk, padj<=0.1). Ranked by how many of the 12 ORBm anchor subclasses show DE. Reports morphine-dependence state, NOT cell type. No existing gene was removed or re-ranked. || 9 of 12 anchors. Prohormone convertase 1 (proenkephalin / POMC processing).",,,,ENSMUSG00000021587,1.0,False,18548,proprotein convertase subtilisin/kexin type 1,protein-coding,O,20260910,ENSMUSG00000021587,protein_coding,3.0,protein_coding; retained_intron,67.40226986128626,029 L6b CTX Glut,44.32518538151056,7.0,67.40226986128626,58.40637450199203,STANDARD_MOUSE_GENE,PASS_CURRENT_NCBI_SYMBOL,PASS_V1_STANDARD_DESIGNABLE,MULTI_TRANSCRIPT_GENE_LEVEL_OK,HIGH_ge50pct,PASS_PRE_VENDOR_QC
159,Per1,13_Jesse_morphine_state,morphine-dependence state :: 8/12 ORBm anchors Up,"Added from Jesse Niehaus PL-ILA-ORB opioid-dependence DEGs (5-day escalating morphine, DESeq2 subclass pseudobulk, padj<=0.1). Ranked by how many of the 12 ORBm anchor subclasses show DE. Reports morphine-dependence state, NOT cell type. No existing gene was removed or re-ranked. || 8 of 12 anchors. Second clock gene; confirms Per2. Already listed on ORBm_ORDER as a circadian IEG; added here so it is on the shared order list.",,,,ENSMUSG00000020893,1.0,False,18626,period circadian clock 1,protein-coding,O,20260910,ENSMUSG00000020893,protein_coding,6.0,nonsense_mediated_decay; protein_coding,63.17128321085359,006 L4/5 IT CTX Glut,36.80055775808587,4.0,63.17128321085359,41.76706827309237,STANDARD_MOUSE_GENE,PASS_CURRENT_NCBI_SYMBOL,PASS_V1_STANDARD_DESIGNABLE,MULTI_TRANSCRIPT_GENE_LEVEL_OK,HIGH_ge50pct,PASS_PRE_VENDOR_QC
160,Camk2g,13_Jesse_morphine_state,morphine-dependence state :: 6/12 ORBm anchors Down,"Added from Jesse Niehaus PL-ILA-ORB opioid-dependence DEGs (5-day escalating morphine, DESeq2 subclass pseudobulk, padj<=0.1). Ranked by how many of the 12 ORBm anchor subclasses show DE. Reports morphine-dependence state, NOT cell type. No existing gene was removed or re-ranked. || Strongest Down gene (glut only). Direction control. Allen ORBm max 93% (L6 CT).",93.1,7.05,,ENSMUSG00000021820,1.0,False,12325,calcium/calmodulin-dependent protein kinase II gamma,protein-coding,O,20260818,ENSMUSG00000021820,protein_coding,17.0,lncRNA; nonsense_mediated_decay; protein_coding; retained_intron,97.53989361702128,120 MEA Otp Foxp2 Glut,90.48450376255698,20.0,93.11052067309933,97.53989361702128,STANDARD_MOUSE_GENE,PASS_CURRENT_NCBI_SYMBOL,PASS_V1_STANDARD_DESIGNABLE,MULTI_TRANSCRIPT_GENE_LEVEL_OK,HIGH_ge50pct,PASS_PRE_VENDOR_QC
161,Bhlhe40,13_Jesse_morphine_state,morphine-dependence state :: 4/12 ORBm anchors Up,"Added from Jesse Niehaus PL-ILA-ORB opioid-dependence DEGs (5-day escalating morphine, DESeq2 subclass pseudobulk, padj<=0.1). Ranked by how many of the 12 ORBm anchor subclasses show DE. Reports morphine-dependence state, NOT cell type. No existing gene was removed or re-ranked. || Metabolic / circadian TF. Free on the Xenium Mouse Brain v1 base panel (0 slots).",,,,ENSMUSG00000030103,1.0,False,20893,"basic helix-loop-helix family, member e40",protein-coding,O,20260910,ENSMUSG00000030103,protein_coding,4.0,protein_coding; retained_intron,93.76838726932336,022 L5 ET CTX Glut,56.95257765192649,12.0,93.76838726932336,78.96208825357365,STANDARD_MOUSE_GENE,PASS_CURRENT_NCBI_SYMBOL,PASS_V1_STANDARD_DESIGNABLE,MULTI_TRANSCRIPT_GENE_LEVEL_OK,HIGH_ge50pct,PASS_PRE_VENDOR_QC
162,Sema3e,13_Jesse_morphine_state,morphine-dependence state :: 3/12 ORBm anchors Up,"Added from Jesse Niehaus PL-ILA-ORB opioid-dependence DEGs (5-day escalating morphine, DESeq2 subclass pseudobulk, padj<=0.1). Ranked by how many of the 12 ORBm anchor subclasses show DE. Reports morphine-dependence state, NOT cell type. No existing gene was removed or re-ranked. || Free on the Xenium Mouse Brain v1 base panel (0 slots).",,,,ENSMUSG00000063531,1.0,False,20349,"sema domain, immunoglobulin domain (Ig), short basic domain, secreted, (semaphorin) 3E",protein-coding,O,20260910,ENSMUSG00000063531,protein_coding,3.0,protein_coding; retained_intron,88.85164932086788,004 L6 IT CTX Glut,29.5672628784143,6.0,88.85164932086788,50.87155963302752,STANDARD_MOUSE_GENE,PASS_CURRENT_NCBI_SYMBOL,PASS_V1_STANDARD_DESIGNABLE,MULTI_TRANSCRIPT_GENE_LEVEL_OK,HIGH_ge50pct,PASS_PRE_VENDOR_QC
163,Chrm1,14_Jesse_ORB_GPCR,ORB-enriched GPCR :: Chrm1 92% Allen ORBm (L2/3 IT),"Added from Jesse Niehaus PL-ILA-ORB enriched-GPCR list (vs the rest of the Allen 4M-cell atlas), then filtered by Allen ORBm absolute % expressing (106,122 cells). Serves the druggable receptor map. No existing gene was removed or re-ranked. || M1 muscarinic (Gq). Allen 92%, 9/12 anchors >=50%. Panel already has Chrm2 (M2, Gi) — opposite signalling.",92.0,6.68,,ENSMUSG00000032773,1.0,False,12669,"cholinergic receptor, muscarinic 1, CNS",protein-coding,O,20260910,ENSMUSG00000032773,protein_coding,3.0,protein_coding,92.01713834705153,007 L2/3 IT CTX Glut,76.1884011514675,16.0,92.01713834705153,88.15261044176707,STANDARD_MOUSE_GENE,PASS_CURRENT_NCBI_SYMBOL,PASS_V1_STANDARD_DESIGNABLE,MULTI_TRANSCRIPT_GENE_LEVEL_OK,HIGH_ge50pct,PASS_PRE_VENDOR_QC
164,Grm8,14_Jesse_ORB_GPCR,ORB-enriched GPCR :: Grm8 99% Allen ORBm (L5 ET),"Added from Jesse Niehaus PL-ILA-ORB enriched-GPCR list (vs the rest of the Allen 4M-cell atlas), then filtered by Allen ORBm absolute % expressing (106,122 cells). Serves the druggable receptor map. No existing gene was removed or re-ranked. || mGlu8, group III (Gi). Allen 99%, 8/12 anchors >=50%. Panel has Grm1/Grm5 (group I, Gq) only.",98.7,8.66,,ENSMUSG00000024211,1.0,False,14823,"glutamate receptor, metabotropic 8",protein-coding,O,20260910,ENSMUSG00000024211,protein_coding,7.0,lncRNA; protein_coding,98.74297940625836,022 L5 ET CTX Glut,70.83454450268883,15.0,98.74297940625836,92.39161642262418,STANDARD_MOUSE_GENE,PASS_CURRENT_NCBI_SYMBOL,PASS_V1_STANDARD_DESIGNABLE,MULTI_TRANSCRIPT_GENE_LEVEL_OK,HIGH_ge50pct,PASS_PRE_VENDOR_QC
165,Gpr26,14_Jesse_ORB_GPCR,ORB-enriched GPCR :: Gpr26 86% Allen ORBm (L4/5 IT),"Added from Jesse Niehaus PL-ILA-ORB enriched-GPCR list (vs the rest of the Allen 4M-cell atlas), then filtered by Allen ORBm absolute % expressing (106,122 cells). Serves the druggable receptor map. No existing gene was removed or re-ranked. || Optional high-abundance ORB GPCR. Allen 86%, 7/12 anchors >=50%. Broader than Chrm1/Cckbr; kept because it is actually visible.",85.8,6.0,,ENSMUSG00000040125,1.0,False,233919,G protein-coupled receptor 26,protein-coding,O,20260910,ENSMUSG00000040125,protein_coding,1.0,protein_coding,85.7687959299039,006 L4/5 IT CTX Glut,60.0930509255813,12.0,85.7687959299039,80.22088353413655,STANDARD_MOUSE_GENE,PASS_CURRENT_NCBI_SYMBOL,PASS_V1_STANDARD_DESIGNABLE,SINGLE_TRANSCRIPT_GENE_LEVEL,HIGH_ge50pct,PASS_PRE_VENDOR_QC
166,Rxfp1,14_Jesse_ORB_GPCR,"ORB-enriched GPCR :: Rxfp1 free on base, Allen 34% (L5 ET)","Added from Jesse Niehaus PL-ILA-ORB enriched-GPCR list (vs the rest of the Allen 4M-cell atlas), then filtered by Allen ORBm absolute % expressing (106,122 cells). Serves the druggable receptor map. No existing gene was removed or re-ranked. || Jesse's #2 ORB-enriched GPCR. Free on the Xenium Mouse Brain v1 base panel (0 slots). Circuit-proximity marker, not a morphine DEG.",34.1,2.32,,ENSMUSG00000034009,1.0,False,381489,relaxin/insulin-like family peptide receptor 1,protein-coding,O,20260910,ENSMUSG00000034009,protein_coding,4.0,lncRNA; nonsense_mediated_decay; protein_coding; retained_intron,34.07328162610324,022 L5 ET CTX Glut,6.299618137865226,0.0,34.07328162610324,4.422745548535325,STANDARD_MOUSE_GENE,PASS_CURRENT_NCBI_SYMBOL,PASS_V1_STANDARD_DESIGNABLE,MULTI_TRANSCRIPT_GENE_LEVEL_OK,MODERATE_20-50pct,PASS_PRE_VENDOR_QC
167,Arid5b,16_expanded_morphine_state,morphine-dependence state :: 8/12 ORBm anchors Up,"Jesse Niehaus opioid-dependence DEG: differentially expressed in 8 of the 12 ORBm anchor subclasses (Up), glut 6 / GABA 2; source lists TF. Held back from the 100-slot design only for lack of slots.",,,,ENSMUSG00000019947,1.0,False,71371,AT-rich interaction domain 5B,protein-coding,O,20260910,ENSMUSG00000019947,protein_coding,4.0,nonsense_mediated_decay; protein_coding; retained_intron,96.44289917090131,022 L5 ET CTX Glut,80.97105760469651,19.0,96.44289917090131,95.1305220883534,STANDARD_MOUSE_GENE,PASS_CURRENT_NCBI_SYMBOL,PASS_V1_STANDARD_DESIGNABLE,MULTI_TRANSCRIPT_GENE_LEVEL_OK,HIGH_ge50pct,PASS_PRE_VENDOR_QC
168,Tiparp,16_expanded_morphine_state,morphine-dependence state :: 7/12 ORBm anchors Up,"Jesse Niehaus opioid-dependence DEG: differentially expressed in 7 of the 12 ORBm anchor subclasses (Up), glut 7 / GABA 0; source lists IEG. Held back from the 100-slot design only for lack of slots.",,,,ENSMUSG00000034640,1.0,False,99929,TCDD-inducible poly(ADP-ribose) polymerase,protein-coding,O,20260910,ENSMUSG00000034640,protein_coding,3.0,lncRNA; protein_coding,55.79819277108435,012 MEA Slc17a7 Glut,21.48724819485602,1.0,30.1088185415489,55.79819277108435,STANDARD_MOUSE_GENE,PASS_CURRENT_NCBI_SYMBOL,PASS_V1_STANDARD_DESIGNABLE,MULTI_TRANSCRIPT_GENE_LEVEL_OK,HIGH_ge50pct,PASS_PRE_VENDOR_QC
169,Banp,16_expanded_morphine_state,morphine-dependence state :: 7/12 ORBm anchors Up,"Jesse Niehaus opioid-dependence DEG: differentially expressed in 7 of the 12 ORBm anchor subclasses (Up), glut 6 / GABA 1; source lists TF. Held back from the 100-slot design only for lack of slots.",,,,ENSMUSG00000025316,1.0,False,53325,BTG3 associated nuclear protein,protein-coding,O,20260812,ENSMUSG00000025316,protein_coding,16.0,lncRNA; nonsense_mediated_decay; protein_coding; retained_intron,82.60542168674698,012 MEA Slc17a7 Glut,70.6660933242128,15.0,77.02108467696472,82.60542168674698,STANDARD_MOUSE_GENE,PASS_CURRENT_NCBI_SYMBOL,PASS_V1_STANDARD_DESIGNABLE,MULTI_TRANSCRIPT_GENE_LEVEL_OK,HIGH_ge50pct,PASS_PRE_VENDOR_QC
170,Fxr1,16_expanded_morphine_state,morphine-dependence state :: 7/12 ORBm anchors Up,"Jesse Niehaus opioid-dependence DEG: differentially expressed in 7 of the 12 ORBm anchor subclasses (Up), glut 6 / GABA 1; source lists SynPlast. Held back from the 100-slot design only for lack of slots.",,,,ENSMUSG00000027680,1.0,False,14359,FMR1 autosomal homolog 1,protein-coding,O,20260910,ENSMUSG00000027680,protein_coding,9.0,nonsense_mediated_decay; protein_coding; retained_intron,88.1651376146789,119 SI-MA-LPO-LHA Skor1 Glut,67.93324622406928,19.0,75.39449050548275,88.1651376146789,STANDARD_MOUSE_GENE,PASS_CURRENT_NCBI_SYMBOL,PASS_V1_STANDARD_DESIGNABLE,MULTI_TRANSCRIPT_GENE_LEVEL_OK,HIGH_ge50pct,PASS_PRE_VENDOR_QC
171,Maml3,16_expanded_morphine_state,morphine-dependence state :: 7/12 ORBm anchors Up,"Jesse Niehaus opioid-dependence DEG: differentially expressed in 7 of the 12 ORBm anchor subclasses (Up), glut 6 / GABA 1; source lists IEG. Held back from the 100-slot design only for lack of slots.",,,,ENSMUSG00000061143,1.0,False,433586,mastermind like transcriptional coactivator 3,protein-coding,O,20260910,ENSMUSG00000061143,protein_coding,3.0,protein_coding; retained_intron,81.1948404616429,005 L5 IT CTX Glut,61.75620356879266,15.0,81.1948404616429,76.3302752293578,STANDARD_MOUSE_GENE,PASS_CURRENT_NCBI_SYMBOL,PASS_V1_STANDARD_DESIGNABLE,MULTI_TRANSCRIPT_GENE_LEVEL_OK,HIGH_ge50pct,PASS_PRE_VENDOR_QC
172,Vps13a,16_expanded_morphine_state,morphine-dependence state :: 7/12 ORBm anchors Up,"Jesse Niehaus opioid-dependence DEG: differentially expressed in 7 of the 12 ORBm anchor subclasses (Up), glut 5 / GABA 2; source lists SynPlast. Held back from the 100-slot design only for lack of slots.",,,,ENSMUSG00000046230,1.0,False,271564,vacuolar protein sorting 13A,protein-coding,O,20260910,ENSMUSG00000046230,protein_coding,12.0,lncRNA; nonsense_mediated_decay; protein_coding; retained_intron,96.76204819277109,012 MEA Slc17a7 Glut,89.85148990229496,20.0,94.70468431771894,96.76204819277109,STANDARD_MOUSE_GENE,PASS_CURRENT_NCBI_SYMBOL,PASS_V1_STANDARD_DESIGNABLE,MULTI_TRANSCRIPT_GENE_LEVEL_OK,HIGH_ge50pct,PASS_PRE_VENDOR_QC
173,Chd2,16_expanded_morphine_state,morphine-dependence state :: 6/12 ORBm anchors Up,"Jesse Niehaus opioid-dependence DEG: differentially expressed in 6 of the 12 ORBm anchor subclasses (Up), glut 6 / GABA 0; source lists TF. Held back from the 100-slot design only for lack of slots.",,,,ENSMUSG00000078671,1.0,False,244059,chromodomain helicase DNA binding protein 2,protein-coding,O,20260818,ENSMUSG00000078671,protein_coding,18.0,lncRNA; nonsense_mediated_decay; protein_coding; retained_intron,94.40366972477065,119 SI-MA-LPO-LHA Skor1 Glut,79.89950875702345,20.0,82.90986894891682,94.40366972477065,STANDARD_MOUSE_GENE,PASS_CURRENT_NCBI_SYMBOL,PASS_V1_STANDARD_DESIGNABLE,MULTI_TRANSCRIPT_GENE_LEVEL_OK,HIGH_ge50pct,PASS_PRE_VENDOR_QC
174,Dusp1,16_expanded_morphine_state,morphine-dependence state :: 6/12 ORBm anchors Up,"Jesse Niehaus opioid-dependence DEG: differentially expressed in 6 of the 12 ORBm anchor subclasses (Up), glut 6 / GABA 0; source lists IEG. Held back from the 100-slot design only for lack of slots.",,,,ENSMUSG00000024190,1.0,False,19252,dual specificity phosphatase 1,protein-coding,O,20260818,ENSMUSG00000024190,protein_coding,6.0,lncRNA; protein_coding; retained_intron,54.479932165065,006 L4/5 IT CTX Glut,23.01284364446501,3.0,54.479932165065,22.98165137614679,STANDARD_MOUSE_GENE,PASS_CURRENT_NCBI_SYMBOL,PASS_V1_STANDARD_DESIGNABLE,MULTI_TRANSCRIPT_GENE_LEVEL_OK,HIGH_ge50pct,PASS_PRE_VENDOR_QC
175,Hunk,16_expanded_morphine_state,morphine-dependence state :: 6/12 ORBm anchors Down,"Jesse Niehaus opioid-dependence DEG: differentially expressed in 6 of the 12 ORBm anchor subclasses (Down), glut 6 / GABA 0; source lists IEG. Held back from the 100-slot design only for lack of slots.",,,,ENSMUSG00000053414,1.0,False,26559,hormonally upregulated Neu-associated kinase,protein-coding,O,20260910,ENSMUSG00000053414,protein_coding,3.0,protein_coding; retained_intron,63.40188218891601,052 Pvalb Gaba,18.54554302957069,1.0,63.40188218891601,30.65159574468085,STANDARD_MOUSE_GENE,PASS_CURRENT_NCBI_SYMBOL,PASS_V1_STANDARD_DESIGNABLE,MULTI_TRANSCRIPT_GENE_LEVEL_OK,HIGH_ge50pct,PASS_PRE_VENDOR_QC
176,Klf10,16_expanded_morphine_state,morphine-dependence state :: 6/12 ORBm anchors Up,"Jesse Niehaus opioid-dependence DEG: differentially expressed in 6 of the 12 ORBm anchor subclasses (Up), glut 6 / GABA 0; source lists TF. Held back from the 100-slot design only for lack of slots.",,,,ENSMUSG00000037465,1.0,False,21847,Kruppel-like transcription factor 10,protein-coding,O,20260910,ENSMUSG00000037465,protein_coding,6.0,protein_coding,75.89952477936185,005 L5 IT CTX Glut,36.30048872736565,8.0,75.89952477936185,52.08333333333334,STANDARD_MOUSE_GENE,PASS_CURRENT_NCBI_SYMBOL,PASS_V1_STANDARD_DESIGNABLE,MULTI_TRANSCRIPT_GENE_LEVEL_OK,HIGH_ge50pct,PASS_PRE_VENDOR_QC
177,Zbtb25,16_expanded_morphine_state,morphine-dependence state :: 6/12 ORBm anchors Down,"Jesse Niehaus opioid-dependence DEG: differentially expressed in 6 of the 12 ORBm anchor subclasses (Down), glut 6 / GABA 0; source lists TF. Held back from the 100-slot design only for lack of slots.",,,,ENSMUSG00000056459,1.0,False,109929,zinc finger and BTB domain containing 25,protein-coding,O,20260910,ENSMUSG00000056459,protein_coding,6.0,protein_coding,34.15159345391904,082 CEA-BST Ebf1 Pdyn Gaba,22.08586690227065,0.0,24.28684180854662,34.15159345391904,STANDARD_MOUSE_GENE,PASS_CURRENT_NCBI_SYMBOL,PASS_V1_STANDARD_DESIGNABLE,MULTI_TRANSCRIPT_GENE_LEVEL_OK,MODERATE_20-50pct,PASS_PRE_VENDOR_QC
178,Zbtb40,16_expanded_morphine_state,morphine-dependence state :: 6/12 ORBm anchors Up,"Jesse Niehaus opioid-dependence DEG: differentially expressed in 6 of the 12 ORBm anchor subclasses (Up), glut 5 / GABA 1; source lists TF. Held back from the 100-slot design only for lack of slots.",,,,ENSMUSG00000060862,1.0,False,230848,zinc finger and BTB domain containing 40,protein-coding,O,20260818,ENSMUSG00000060862,protein_coding,3.0,protein_coding; retained_intron,28.53211009174312,119 SI-MA-LPO-LHA Skor1 Glut,22.67891062560746,0.0,26.61235573659199,28.53211009174312,STANDARD_MOUSE_GENE,PASS_CURRENT_NCBI_SYMBOL,PASS_V1_STANDARD_DESIGNABLE,MULTI_TRANSCRIPT_GENE_LEVEL_OK,MODERATE_20-50pct,PASS_PRE_VENDOR_QC
179,Zfp46,16_expanded_morphine_state,morphine-dependence state :: 6/12 ORBm anchors Down,"Jesse Niehaus opioid-dependence DEG: differentially expressed in 6 of the 12 ORBm anchor subclasses (Down), glut 6 / GABA 0; source lists TF. Held back from the 100-slot design only for lack of slots.",,,,ENSMUSG00000051351,1.0,False,22704,zinc finger protein 46,protein-coding,O,20260910,ENSMUSG00000051351,protein_coding,5.0,lncRNA; protein_coding,54.64357429718876,012 MEA Slc17a7 Glut,27.12246075086119,1.0,40.97654041831543,54.64357429718876,STANDARD_MOUSE_GENE,PASS_CURRENT_NCBI_SYMBOL,PASS_V1_STANDARD_DESIGNABLE,MULTI_TRANSCRIPT_GENE_LEVEL_OK,HIGH_ge50pct,PASS_PRE_VENDOR_QC
180,Zfp641,16_expanded_morphine_state,morphine-dependence state :: 6/12 ORBm anchors Down,"Jesse Niehaus opioid-dependence DEG: differentially expressed in 6 of the 12 ORBm anchor subclasses (Down), glut 6 / GABA 0; source lists TF. Held back from the 100-slot design only for lack of slots.",,,,ENSMUSG00000022987,1.0,False,239652,zinc finger protein 641,protein-coding,O,20260910,ENSMUSG00000022987,protein_coding,2.0,protein_coding,51.55106308818404,052 Pvalb Gaba,33.98272439909274,1.0,51.55106308818404,43.99082568807339,STANDARD_MOUSE_GENE,PASS_CURRENT_NCBI_SYMBOL,PASS_V1_STANDARD_DESIGNABLE,MULTI_TRANSCRIPT_GENE_LEVEL_OK,HIGH_ge50pct,PASS_PRE_VENDOR_QC
181,Nr4a3,16_expanded_morphine_state,morphine-dependence state :: 5/12 ORBm anchors Up,"Jesse Niehaus opioid-dependence DEG: differentially expressed in 5 of the 12 ORBm anchor subclasses (Up), glut 5 / GABA 0; source lists IEG+TF. Held back from the 100-slot design only for lack of slots.",,,,ENSMUSG00000028341,1.0,False,18124,"nuclear receptor subfamily 4, group A, member 3",protein-coding,O,20260910,ENSMUSG00000028341,protein_coding,4.0,lncRNA; protein_coding,63.38860469218557,004 L6 IT CTX Glut,25.96923386294882,4.0,63.38860469218557,35.61746987951807,STANDARD_MOUSE_GENE,PASS_CURRENT_NCBI_SYMBOL,PASS_V1_STANDARD_DESIGNABLE,MULTI_TRANSCRIPT_GENE_LEVEL_OK,HIGH_ge50pct,PASS_PRE_VENDOR_QC
182,Crem,16_expanded_morphine_state,morphine-dependence state :: 5/12 ORBm anchors Up,"Jesse Niehaus opioid-dependence DEG: differentially expressed in 5 of the 12 ORBm anchor subclasses (Up), glut 5 / GABA 0; source lists IEG+TF. Held back from the 100-slot design only for lack of slots.",,,,ENSMUSG00000063889,1.0,False,12916,cAMP responsive element modulator,protein-coding,O,20260910,ENSMUSG00000063889,protein_coding,39.0,lncRNA; nonsense_mediated_decay; protein_coding; retained_intron,64.10952704231727,005 L5 IT CTX Glut,38.80149849728826,5.0,64.10952704231727,39.85070341659489,STANDARD_MOUSE_GENE,PASS_CURRENT_NCBI_SYMBOL,PASS_V1_STANDARD_DESIGNABLE,MULTI_TRANSCRIPT_GENE_LEVEL_OK,HIGH_ge50pct,PASS_PRE_VENDOR_QC
183,Egr3,16_expanded_morphine_state,morphine-dependence state :: 5/12 ORBm anchors Up,"Jesse Niehaus opioid-dependence DEG: differentially expressed in 5 of the 12 ORBm anchor subclasses (Up), glut 5 / GABA 0; source lists IEG+TF. Held back from the 100-slot design only for lack of slots.",,,,ENSMUSG00000033730,1.0,False,13655,early growth response 3,protein-coding,O,20260910,ENSMUSG00000033730,protein_coding,4.0,lncRNA; protein_coding; retained_intron,96.50932730356134,006 L4/5 IT CTX Glut,53.04782006253744,11.0,96.50932730356134,83.45883534136547,STANDARD_MOUSE_GENE,PASS_CURRENT_NCBI_SYMBOL,PASS_V1_STANDARD_DESIGNABLE,MULTI_TRANSCRIPT_GENE_LEVEL_OK,HIGH_ge50pct,PASS_PRE_VENDOR_QC
184,Egr4,16_expanded_morphine_state,morphine-dependence state :: 5/12 ORBm anchors Up,"Jesse Niehaus opioid-dependence DEG: differentially expressed in 5 of the 12 ORBm anchor subclasses (Up), glut 5 / GABA 0; source lists IEG+TF. Held back from the 100-slot design only for lack of slots.",,,,ENSMUSG00000071341,1.0,False,13656,early growth response 4,protein-coding,O,20260910,ENSMUSG00000071341,protein_coding,1.0,protein_coding,60.10457885811192,006 L4/5 IT CTX Glut,24.4152977335153,3.0,60.10457885811192,29.94477911646586,STANDARD_MOUSE_GENE,PASS_CURRENT_NCBI_SYMBOL,PASS_V1_STANDARD_DESIGNABLE,SINGLE_TRANSCRIPT_GENE_LEVEL,HIGH_ge50pct,PASS_PRE_VENDOR_QC
185,Chrd,16_expanded_morphine_state,morphine-dependence state :: 5/12 ORBm anchors Up,"Jesse Niehaus opioid-dependence DEG: differentially expressed in 5 of the 12 ORBm anchor subclasses (Up), glut 5 / GABA 0; source lists SynPlast. Held back from the 100-slot design only for lack of slots.",,,,ENSMUSG00000006958,1.0,False,12667,chordin,protein-coding,O,20260910,ENSMUSG00000006958,protein_coding,10.0,nonsense_mediated_decay; protein_coding; retained_intron,48.59588125167157,022 L5 ET CTX Glut,12.92800831494307,0.0,48.59588125167157,23.1425702811245,STANDARD_MOUSE_GENE,PASS_CURRENT_NCBI_SYMBOL,PASS_V1_STANDARD_DESIGNABLE,MULTI_TRANSCRIPT_GENE_LEVEL_OK,MODERATE_20-50pct,PASS_PRE_VENDOR_QC
186,Etv5,16_expanded_morphine_state,morphine-dependence state :: 5/12 ORBm anchors Up,"Jesse Niehaus opioid-dependence DEG: differentially expressed in 5 of the 12 ORBm anchor subclasses (Up), glut 4 / GABA 1; source lists TF. Held back from the 100-slot design only for lack of slots.",,,,ENSMUSG00000013089,1.0,False,104156,ets variant 5,protein-coding,O,20260910,ENSMUSG00000013089,protein_coding,5.0,lncRNA; nonsense_mediated_decay; protein_coding,95.82776143353838,022 L5 ET CTX Glut,51.12244713224632,10.0,95.82776143353838,40.52843193566915,STANDARD_MOUSE_GENE,PASS_CURRENT_NCBI_SYMBOL,PASS_V1_STANDARD_DESIGNABLE,MULTI_TRANSCRIPT_GENE_LEVEL_OK,HIGH_ge50pct,PASS_PRE_VENDOR_QC
187,Hsf5,16_expanded_morphine_state,morphine-dependence state :: 5/12 ORBm anchors Up,"Jesse Niehaus opioid-dependence DEG: differentially expressed in 5 of the 12 ORBm anchor subclasses (Up), glut 5 / GABA 0; source lists TF. Held back from the 100-slot design only for lack of slots.",,,,ENSMUSG00000070345,1.0,False,327992,heat shock transcription factor family member 5,protein-coding,O,20260807,ENSMUSG00000070345,protein_coding,1.0,protein_coding,20.10542168674699,012 MEA Slc17a7 Glut,12.29991709284507,0.0,12.74731486715659,20.10542168674699,STANDARD_MOUSE_GENE,PASS_CURRENT_NCBI_SYMBOL,PASS_V1_STANDARD_DESIGNABLE,SINGLE_TRANSCRIPT_GENE_LEVEL,MODERATE_20-50pct,PASS_PRE_VENDOR_QC
188,Omg,16_expanded_morphine_state,morphine-dependence state :: 5/12 ORBm anchors Down,"Jesse Niehaus opioid-dependence DEG: differentially expressed in 5 of the 12 ORBm anchor subclasses (Down), glut 5 / GABA 0; source lists IEG. Held back from the 100-slot design only for lack of slots.",,,,ENSMUSG00000049612,1.0,False,18377,oligodendrocyte myelin glycoprotein,protein-coding,O,20260818,ENSMUSG00000049612,protein_coding,1.0,protein_coding,67.33921815889029,029 L6b CTX Glut,56.87376645440854,15.0,67.33921815889029,64.69414893617021,STANDARD_MOUSE_GENE,PASS_CURRENT_NCBI_SYMBOL,PASS_V1_STANDARD_DESIGNABLE,SINGLE_TRANSCRIPT_GENE_LEVEL,HIGH_ge50pct,PASS_PRE_VENDOR_QC
189,Sox8,16_expanded_morphine_state,morphine-dependence state :: 5/12 ORBm anchors Up,"Jesse Niehaus opioid-dependence DEG: differentially expressed in 5 of the 12 ORBm anchor subclasses (Up), glut 5 / GABA 0; source lists TF. Held back from the 100-slot design only for lack of slots.",,,,ENSMUSG00000024176,1.0,False,20681,SRY (sex determining region Y)-box 8,protein-coding,O,20260910,ENSMUSG00000024176,protein_coding,3.0,protein_coding,50.14094035404217,007 L2/3 IT CTX Glut,14.53070562816013,1.0,50.14094035404217,37.09839357429719,STANDARD_MOUSE_GENE,PASS_CURRENT_NCBI_SYMBOL,PASS_V1_STANDARD_DESIGNABLE,MULTI_TRANSCRIPT_GENE_LEVEL_OK,HIGH_ge50pct,PASS_PRE_VENDOR_QC
190,Stk40,16_expanded_morphine_state,morphine-dependence state :: 5/12 ORBm anchors Up,"Jesse Niehaus opioid-dependence DEG: differentially expressed in 5 of the 12 ORBm anchor subclasses (Up), glut 5 / GABA 0; source lists IEG. Held back from the 100-slot design only for lack of slots.",,,,ENSMUSG00000042608,1.0,False,74178,serine/threonine kinase 40,protein-coding,O,20260807,ENSMUSG00000042608,protein_coding,6.0,lncRNA; protein_coding,59.47569248162804,006 L4/5 IT CTX Glut,44.77830987430706,4.0,59.47569248162804,51.98105081826012,STANDARD_MOUSE_GENE,PASS_CURRENT_NCBI_SYMBOL,PASS_V1_STANDARD_DESIGNABLE,MULTI_TRANSCRIPT_GENE_LEVEL_OK,HIGH_ge50pct,PASS_PRE_VENDOR_QC
191,Zfp580,16_expanded_morphine_state,morphine-dependence state :: 5/12 ORBm anchors Down,"Jesse Niehaus opioid-dependence DEG: differentially expressed in 5 of the 12 ORBm anchor subclasses (Down), glut 5 / GABA 0; source lists TF. Held back from the 100-slot design only for lack of slots.",,,,ENSMUSG00000055633,1.0,False,68992,zinc finger protein 580,protein-coding,O,20260910,ENSMUSG00000055633,protein_coding,2.0,protein_coding,43.51663272233537,005 L5 IT CTX Glut,33.38005230117244,0.0,43.51663272233537,41.41566265060241,STANDARD_MOUSE_GENE,PASS_CURRENT_NCBI_SYMBOL,PASS_V1_STANDARD_DESIGNABLE,MULTI_TRANSCRIPT_GENE_LEVEL_OK,MODERATE_20-50pct,PASS_PRE_VENDOR_QC
192,Zkscan16,16_expanded_morphine_state,morphine-dependence state :: 5/12 ORBm anchors Down,"Jesse Niehaus opioid-dependence DEG: differentially expressed in 5 of the 12 ORBm anchor subclasses (Down), glut 5 / GABA 0; source lists TF. Held back from the 100-slot design only for lack of slots.",,,,ENSMUSG00000038630,1.0,False,100041581,zinc finger with KRAB and SCAN domains 16,protein-coding,O,20260807,ENSMUSG00000038630,protein_coding,1.0,protein_coding,75.53784860557768,121 MEA-BST Otp Zic2 Glut,28.99734217646766,8.0,30.8602999210734,75.53784860557768,STANDARD_MOUSE_GENE,PASS_CURRENT_NCBI_SYMBOL,PASS_V1_STANDARD_DESIGNABLE,SINGLE_TRANSCRIPT_GENE_LEVEL,HIGH_ge50pct,PASS_PRE_VENDOR_QC
193,Fosl2,16_expanded_morphine_state,morphine-dependence state :: 4/12 ORBm anchors Up,"Jesse Niehaus opioid-dependence DEG: differentially expressed in 4 of the 12 ORBm anchor subclasses (Up), glut 3 / GABA 1; source lists IEG+TF. Held back from the 100-slot design only for lack of slots.",,,,ENSMUSG00000029135,1.0,False,14284,fos-like antigen 2,protein-coding,O,20260818,ENSMUSG00000029135,protein_coding,3.0,protein_coding; retained_intron,48.99298483819869,005 L5 IT CTX Glut,22.28893145579207,0.0,48.99298483819869,30.64541092710107,STANDARD_MOUSE_GENE,PASS_CURRENT_NCBI_SYMBOL,PASS_V1_STANDARD_DESIGNABLE,MULTI_TRANSCRIPT_GENE_LEVEL_OK,MODERATE_20-50pct,PASS_PRE_VENDOR_QC
194,Hrh1,16_expanded_morphine_state,morphine-dependence state :: 4/12 ORBm anchors Up,"Jesse Niehaus opioid-dependence DEG: differentially expressed in 4 of the 12 ORBm anchor subclasses (Up), glut 4 / GABA 0; source lists GPCR+SynPlast. Held back from the 100-slot design only for lack of slots.",,,,ENSMUSG00000053004,1.0,False,15465,histamine receptor H1,protein-coding,O,20260807,ENSMUSG00000053004,protein_coding,5.0,protein_coding,70.2127659574468,120 MEA Otp Foxp2 Glut,39.18295396591402,5.0,60.37565059968318,70.2127659574468,STANDARD_MOUSE_GENE,PASS_CURRENT_NCBI_SYMBOL,PASS_V1_STANDARD_DESIGNABLE,MULTI_TRANSCRIPT_GENE_LEVEL_OK,HIGH_ge50pct,PASS_PRE_VENDOR_QC
195,Mbnl2,16_expanded_morphine_state,morphine-dependence state :: 4/12 ORBm anchors Up,"Jesse Niehaus opioid-dependence DEG: differentially expressed in 4 of the 12 ORBm anchor subclasses (Up), glut 4 / GABA 0; source lists IEG+TF. Held back from the 100-slot design only for lack of slots.",,,,ENSMUSG00000022139,1.0,False,105559,muscleblind like splicing factor 2,protein-coding,O,20260910,ENSMUSG00000022139,protein_coding,10.0,lncRNA; protein_coding; retained_intron,99.84939759036145,012 MEA Slc17a7 Glut,98.81181793340019,20.0,99.43835250066863,99.84939759036145,STANDARD_MOUSE_GENE,PASS_CURRENT_NCBI_SYMBOL,PASS_V1_STANDARD_DESIGNABLE,MULTI_TRANSCRIPT_GENE_LEVEL_OK,HIGH_ge50pct,PASS_PRE_VENDOR_QC
196,Kitl,16_expanded_morphine_state,morphine-dependence state :: 4/12 ORBm anchors Mixed,"Jesse Niehaus opioid-dependence DEG: differentially expressed in 4 of the 12 ORBm anchor subclasses (Mixed), glut 4 / GABA 0; source lists IEG. Held back from the 100-slot design only for lack of slots.",,,,ENSMUSG00000019966,1.0,False,17311,kit ligand,protein-coding,O,20260910,ENSMUSG00000019966,protein_coding,6.0,lncRNA; protein_coding; retained_intron,79.18592851505242,007 L2/3 IT CTX Glut,28.36245318038274,3.0,79.18592851505242,76.98293172690764,STANDARD_MOUSE_GENE,PASS_CURRENT_NCBI_SYMBOL,PASS_V1_STANDARD_DESIGNABLE,MULTI_TRANSCRIPT_GENE_LEVEL_OK,HIGH_ge50pct,PASS_PRE_VENDOR_QC
197,Acsl4,16_expanded_morphine_state,morphine-dependence state :: 4/12 ORBm anchors Up,"Jesse Niehaus opioid-dependence DEG: differentially expressed in 4 of the 12 ORBm anchor subclasses (Up), glut 4 / GABA 0; source lists IEG. Held back from the 100-slot design only for lack of slots.",,,,ENSMUSG00000031278,1.0,False,50790,acyl-CoA synthetase long-chain family member 4,protein-coding,O,20260910,ENSMUSG00000031278,protein_coding,5.0,lncRNA; protein_coding,84.7820272800214,022 L5 ET CTX Glut,73.1934746981857,19.0,84.7820272800214,81.22489959839358,STANDARD_MOUSE_GENE,PASS_CURRENT_NCBI_SYMBOL,PASS_V1_STANDARD_DESIGNABLE,MULTI_TRANSCRIPT_GENE_LEVEL_OK,HIGH_ge50pct,PASS_PRE_VENDOR_QC
198,Ahctf1,16_expanded_morphine_state,morphine-dependence state :: 4/12 ORBm anchors Up,"Jesse Niehaus opioid-dependence DEG: differentially expressed in 4 of the 12 ORBm anchor subclasses (Up), glut 4 / GABA 0; source lists TF. Held back from the 100-slot design only for lack of slots.",,,,ENSMUSG00000026491,1.0,False,226747,AT hook containing transcription factor 1,protein-coding,O,20260910,ENSMUSG00000026491,protein_coding,9.0,nonsense_mediated_decay; protein_coding; retained_intron,76.25502008032129,012 MEA Slc17a7 Glut,60.86613961672032,15.0,65.76624765980209,76.25502008032129,STANDARD_MOUSE_GENE,PASS_CURRENT_NCBI_SYMBOL,PASS_V1_STANDARD_DESIGNABLE,MULTI_TRANSCRIPT_GENE_LEVEL_OK,HIGH_ge50pct,PASS_PRE_VENDOR_QC
199,Dusp4,16_expanded_morphine_state,morphine-dependence state :: 4/12 ORBm anchors Up,"Jesse Niehaus opioid-dependence DEG: differentially expressed in 4 of the 12 ORBm anchor subclasses (Up), glut 4 / GABA 0; source lists IEG. Held back from the 100-slot design only for lack of slots.",,,,ENSMUSG00000031530,1.0,False,319520,dual specificity phosphatase 4,protein-coding,O,20260910,ENSMUSG00000031530,protein_coding,1.0,protein_coding,18.21100917431193,119 SI-MA-LPO-LHA Skor1 Glut,5.37690325677069,0.0,11.15861479264643,18.21100917431193,STANDARD_MOUSE_GENE,PASS_CURRENT_NCBI_SYMBOL,PASS_V1_STANDARD_DESIGNABLE,SINGLE_TRANSCRIPT_GENE_LEVEL,LOW_5-20pct,PASS_PRE_VENDOR_QC
200,Dusp5,16_expanded_morphine_state,morphine-dependence state :: 4/12 ORBm anchors Up,"Jesse Niehaus opioid-dependence DEG: differentially expressed in 4 of the 12 ORBm anchor subclasses (Up), glut 4 / GABA 0; source lists IEG. Held back from the 100-slot design only for lack of slots.",,,,ENSMUSG00000034765,1.0,False,240672,dual specificity phosphatase 5,protein-coding,O,20260822,ENSMUSG00000034765,protein_coding,1.0,protein_coding,40.59679037111334,032 L5 NP CTX Glut,7.435360634399832,0.0,40.59679037111334,9.437751004016064,STANDARD_MOUSE_GENE,PASS_CURRENT_NCBI_SYMBOL,PASS_V1_STANDARD_DESIGNABLE,SINGLE_TRANSCRIPT_GENE_LEVEL,MODERATE_20-50pct,PASS_PRE_VENDOR_QC
201,E2f6,16_expanded_morphine_state,morphine-dependence state :: 4/12 ORBm anchors Up,"Jesse Niehaus opioid-dependence DEG: differentially expressed in 4 of the 12 ORBm anchor subclasses (Up), glut 4 / GABA 0; source lists TF. Held back from the 100-slot design only for lack of slots.",,,,ENSMUSG00000057469,1.0,False,50496,E2F transcription factor 6,protein-coding,O,20260910,ENSMUSG00000057469,protein_coding,7.0,nonsense_mediated_decay; protein_coding; retained_intron,63.53211009174312,119 SI-MA-LPO-LHA Skor1 Glut,48.71213385317759,9.0,55.07145346810736,63.53211009174312,STANDARD_MOUSE_GENE,PASS_CURRENT_NCBI_SYMBOL,PASS_V1_STANDARD_DESIGNABLE,MULTI_TRANSCRIPT_GENE_LEVEL_OK,HIGH_ge50pct,PASS_PRE_VENDOR_QC
202,Ep300,16_expanded_morphine_state,morphine-dependence state :: 4/12 ORBm anchors Up,"Jesse Niehaus opioid-dependence DEG: differentially expressed in 4 of the 12 ORBm anchor subclasses (Up), glut 4 / GABA 0; source lists TF. Held back from the 100-slot design only for lack of slots.",,,,ENSMUSG00000055024,1.0,False,328572,E1A binding protein p300,protein-coding,O,20260910,ENSMUSG00000055024,protein_coding,10.0,lncRNA; protein_coding; retained_intron,87.47489959839358,012 MEA Slc17a7 Glut,62.61953457929327,19.0,66.75581706338593,87.47489959839358,STANDARD_MOUSE_GENE,PASS_CURRENT_NCBI_SYMBOL,PASS_V1_STANDARD_DESIGNABLE,MULTI_TRANSCRIPT_GENE_LEVEL_OK,HIGH_ge50pct,PASS_PRE_VENDOR_QC
203,Fhl2,16_expanded_morphine_state,morphine-dependence state :: 4/12 ORBm anchors Down,"Jesse Niehaus opioid-dependence DEG: differentially expressed in 4 of the 12 ORBm anchor subclasses (Down), glut 4 / GABA 0; source lists TF. Held back from the 100-slot design only for lack of slots.",,,,ENSMUSG00000008136,1.0,False,14200,four and a half LIM domains 2,protein-coding,O,20260818,ENSMUSG00000008136,protein_coding,3.0,protein_coding,82.13088728170753,004 L6 IT CTX Glut,18.24203407449192,6.0,82.13088728170753,31.67670682730924,STANDARD_MOUSE_GENE,PASS_CURRENT_NCBI_SYMBOL,PASS_V1_STANDARD_DESIGNABLE,MULTI_TRANSCRIPT_GENE_LEVEL_OK,HIGH_ge50pct,PASS_PRE_VENDOR_QC
204,Gabpa,16_expanded_morphine_state,morphine-dependence state :: 4/12 ORBm anchors Up,"Jesse Niehaus opioid-dependence DEG: differentially expressed in 4 of the 12 ORBm anchor subclasses (Up), glut 3 / GABA 1; source lists TF. Held back from the 100-slot design only for lack of slots.",,,,ENSMUSG00000008976,1.0,False,14390,"GA repeat binding protein, alpha",protein-coding,O,20260910,ENSMUSG00000008976,protein_coding,5.0,lncRNA; protein_coding; retained_intron,38.15261044176707,012 MEA Slc17a7 Glut,24.08721617470414,0.0,27.06606044396898,38.15261044176707,STANDARD_MOUSE_GENE,PASS_CURRENT_NCBI_SYMBOL,PASS_V1_STANDARD_DESIGNABLE,MULTI_TRANSCRIPT_GENE_LEVEL_OK,MODERATE_20-50pct,PASS_PRE_VENDOR_QC
205,Gpr63,16_expanded_morphine_state,morphine-dependence state :: 4/12 ORBm anchors Up,"Jesse Niehaus opioid-dependence DEG: differentially expressed in 4 of the 12 ORBm anchor subclasses (Up), glut 4 / GABA 0; source lists IEG. Held back from the 100-slot design only for lack of slots.",,,,ENSMUSG00000040372,1.0,False,81006,G protein-coupled receptor 63,protein-coding,O,20260910,ENSMUSG00000040372,protein_coding,2.0,lncRNA; protein_coding,2.693458743052586,049 Lamp5 Gaba,0.6859063596954065,0.0,2.693458743052586,1.631526104417671,STANDARD_MOUSE_GENE,PASS_CURRENT_NCBI_SYMBOL,PASS_V1_STANDARD_DESIGNABLE,MULTI_TRANSCRIPT_GENE_LEVEL_OK,VERY_LOW_<5pct,PASS_DESIGN_REVIEW_SPARSE_SIGNAL
206,Hivep1,16_expanded_morphine_state,morphine-dependence state :: 4/12 ORBm anchors Up,"Jesse Niehaus opioid-dependence DEG: differentially expressed in 4 of the 12 ORBm anchor subclasses (Up), glut 4 / GABA 0; source lists TF. Held back from the 100-slot design only for lack of slots.",,,,ENSMUSG00000021366,1.0,False,110521,human immunodeficiency virus type I enhancer binding protein 1,protein-coding,O,20260910,ENSMUSG00000021366,protein_coding,5.0,lncRNA; nonsense_mediated_decay; protein_coding,89.9747793190416,029 L6b CTX Glut,57.56675603490012,13.0,89.9747793190416,78.4862385321101,STANDARD_MOUSE_GENE,PASS_CURRENT_NCBI_SYMBOL,PASS_V1_STANDARD_DESIGNABLE,MULTI_TRANSCRIPT_GENE_LEVEL_OK,HIGH_ge50pct,PASS_PRE_VENDOR_QC
207,Hsd17b12,16_expanded_morphine_state,morphine-dependence state :: 4/12 ORBm anchors Up,"Jesse Niehaus opioid-dependence DEG: differentially expressed in 4 of the 12 ORBm anchor subclasses (Up), glut 4 / GABA 0; source lists IEG. Held back from the 100-slot design only for lack of slots.",,,,ENSMUSG00000027195,1.0,False,56348,hydroxysteroid (17-beta) dehydrogenase 12,protein-coding,O,20260910,ENSMUSG00000027195,protein_coding,5.0,lncRNA; protein_coding,74.44954128440368,119 SI-MA-LPO-LHA Skor1 Glut,58.44003499241866,17.0,69.5168875587858,74.44954128440368,STANDARD_MOUSE_GENE,PASS_CURRENT_NCBI_SYMBOL,PASS_V1_STANDARD_DESIGNABLE,MULTI_TRANSCRIPT_GENE_LEVEL_OK,HIGH_ge50pct,PASS_PRE_VENDOR_QC
208,Hspa5,16_expanded_morphine_state,morphine-dependence state :: 4/12 ORBm anchors Up,"Jesse Niehaus opioid-dependence DEG: differentially expressed in 4 of the 12 ORBm anchor subclasses (Up), glut 4 / GABA 0; source lists TF. Held back from the 100-slot design only for lack of slots.",,,,ENSMUSG00000026864,1.0,False,14828,heat shock protein family A (Hsp70) member 5,protein-coding,O,20260910,ENSMUSG00000026864,protein_coding,6.0,nonsense_mediated_decay; protein_coding; retained_intron,87.37037610277046,074 MEA-BST Lhx6 Sp9 Gaba,81.97716016316153,19.0,85.63023308440823,87.37037610277046,STANDARD_MOUSE_GENE,PASS_CURRENT_NCBI_SYMBOL,PASS_V1_STANDARD_DESIGNABLE,MULTI_TRANSCRIPT_GENE_LEVEL_OK,HIGH_ge50pct,PASS_PRE_VENDOR_QC
209,Smad5,16_expanded_morphine_state,morphine-dependence state :: 4/12 ORBm anchors Up,"Jesse Niehaus opioid-dependence DEG: differentially expressed in 4 of the 12 ORBm anchor subclasses (Up), glut 4 / GABA 0; source lists TF. Held back from the 100-slot design only for lack of slots.",,,,ENSMUSG00000021540,1.0,False,17129,SMAD family member 5,protein-coding,O,20260910,ENSMUSG00000021540,protein_coding,6.0,lncRNA; protein_coding; retained_intron,54.54128440366972,119 SI-MA-LPO-LHA Skor1 Glut,28.36073932755038,1.0,39.34207007221182,54.54128440366972,STANDARD_MOUSE_GENE,PASS_CURRENT_NCBI_SYMBOL,PASS_V1_STANDARD_DESIGNABLE,MULTI_TRANSCRIPT_GENE_LEVEL_OK,HIGH_ge50pct,PASS_PRE_VENDOR_QC
210,Sox12,16_expanded_morphine_state,morphine-dependence state :: 4/12 ORBm anchors Down,"Jesse Niehaus opioid-dependence DEG: differentially expressed in 4 of the 12 ORBm anchor subclasses (Down), glut 4 / GABA 0; source lists TF. Held back from the 100-slot design only for lack of slots.",,,,ENSMUSG00000051817,1.0,False,20667,SRY (sex determining region Y)-box 12,protein-coding,O,20260723,ENSMUSG00000051817,protein_coding,2.0,protein_coding,49.07128514056225,012 MEA Slc17a7 Glut,26.74136834095946,0.0,30.08230916676063,49.07128514056225,STANDARD_MOUSE_GENE,PASS_CURRENT_NCBI_SYMBOL,PASS_V1_STANDARD_DESIGNABLE,MULTI_TRANSCRIPT_GENE_LEVEL_OK,MODERATE_20-50pct,PASS_PRE_VENDOR_QC
211,Zdbf2,16_expanded_morphine_state,morphine-dependence state :: 4/12 ORBm anchors Up,"Jesse Niehaus opioid-dependence DEG: differentially expressed in 4 of the 12 ORBm anchor subclasses (Up), glut 4 / GABA 0; source lists IEG. Held back from the 100-slot design only for lack of slots.",,,,ENSMUSG00000027520,1.0,False,73884,"zinc finger, DBF-type containing 2",protein-coding,O,20260910,ENSMUSG00000027520,protein_coding,3.0,protein_coding,95.0597609561753,121 MEA-BST Otp Zic2 Glut,59.37501035374955,15.0,70.76758491575288,95.0597609561753,STANDARD_MOUSE_GENE,PASS_CURRENT_NCBI_SYMBOL,PASS_V1_STANDARD_DESIGNABLE,MULTI_TRANSCRIPT_GENE_LEVEL_OK,HIGH_ge50pct,PASS_PRE_VENDOR_QC
212,Zfp933,16_expanded_morphine_state,morphine-dependence state :: 4/12 ORBm anchors Up,"Jesse Niehaus opioid-dependence DEG: differentially expressed in 4 of the 12 ORBm anchor subclasses (Up), glut 4 / GABA 0; source lists TF. Held back from the 100-slot design only for lack of slots.",,,,ENSMUSG00000059423,1.0,False,242747,zinc finger protein 933,protein-coding,O,20260910,ENSMUSG00000059423,protein_coding,2.0,protein_coding,69.9540625897215,082 CEA-BST Ebf1 Pdyn Gaba,54.064199655399,15.0,56.68057278159883,69.9540625897215,STANDARD_MOUSE_GENE,PASS_CURRENT_NCBI_SYMBOL,PASS_V1_STANDARD_DESIGNABLE,MULTI_TRANSCRIPT_GENE_LEVEL_OK,HIGH_ge50pct,PASS_PRE_VENDOR_QC
213,Zhx2,16_expanded_morphine_state,morphine-dependence state :: 4/12 ORBm anchors Up,"Jesse Niehaus opioid-dependence DEG: differentially expressed in 4 of the 12 ORBm anchor subclasses (Up), glut 4 / GABA 0; source lists TF. Held back from the 100-slot design only for lack of slots.",,,,ENSMUSG00000071757,1.0,False,387609,zinc fingers and homeoboxes 2,protein-coding,O,20260910,ENSMUSG00000071757,protein_coding,2.0,lncRNA; protein_coding,79.44277108433735,012 MEA Slc17a7 Glut,27.5342895228118,1.0,34.86300597587101,79.44277108433735,STANDARD_MOUSE_GENE,PASS_CURRENT_NCBI_SYMBOL,PASS_V1_STANDARD_DESIGNABLE,MULTI_TRANSCRIPT_GENE_LEVEL_OK,HIGH_ge50pct,PASS_PRE_VENDOR_QC
214,Zkscan2,16_expanded_morphine_state,morphine-dependence state :: 4/12 ORBm anchors Down,"Jesse Niehaus opioid-dependence DEG: differentially expressed in 4 of the 12 ORBm anchor subclasses (Down), glut 4 / GABA 0; source lists TF. Held back from the 100-slot design only for lack of slots.",,,,ENSMUSG00000030757,1.0,False,210162,zinc finger with KRAB and SCAN domains 2,protein-coding,O,20260910,ENSMUSG00000030757,protein_coding,4.0,protein_coding; retained_intron,50.45871559633027,119 SI-MA-LPO-LHA Skor1 Glut,28.09780178200982,1.0,37.53921226908331,50.45871559633027,STANDARD_MOUSE_GENE,PASS_CURRENT_NCBI_SYMBOL,PASS_V1_STANDARD_DESIGNABLE,MULTI_TRANSCRIPT_GENE_LEVEL_OK,HIGH_ge50pct,PASS_PRE_VENDOR_QC
215,Mas1,17_expanded_ORB_GPCR,ORB-enriched GPCR :: 17 subclasses,Enriched in 17 PL-ILA-ORB subclasses (glut 17 / GABA 0) vs the rest of the Allen atlas. Extends the druggable receptor map. Allen detectability not scored for all of these - expect some sparse maps.,,,,ENSMUSG00000068037,1.0,False,17171,"MAS1 proto-oncogene, G protein-coupled receptor",protein-coding,O,20260910,ENSMUSG00000068037,protein_coding,10.0,protein_coding,44.77132923241508,022 L5 ET CTX Glut,1.743817108696608,0.0,44.77132923241508,37.62550200803213,STANDARD_MOUSE_GENE,PASS_CURRENT_NCBI_SYMBOL,PASS_V1_STANDARD_DESIGNABLE,MULTI_TRANSCRIPT_GENE_LEVEL_OK,MODERATE_20-50pct,PASS_PRE_VENDOR_QC
216,Mchr1,17_expanded_ORB_GPCR,ORB-enriched GPCR :: 14 subclasses,Enriched in 14 PL-ILA-ORB subclasses (glut 10 / GABA 4) vs the rest of the Allen atlas. Extends the druggable receptor map. Allen detectability not scored for all of these - expect some sparse maps.,,,,ENSMUSG00000050164,1.0,False,207911,melanin-concentrating hormone receptor 1,protein-coding,O,20260910,ENSMUSG00000050164,protein_coding,1.0,protein_coding,31.98716234287243,022 L5 ET CTX Glut,11.13075835749203,0.0,31.98716234287243,19.92971887550201,STANDARD_MOUSE_GENE,PASS_CURRENT_NCBI_SYMBOL,PASS_V1_STANDARD_DESIGNABLE,SINGLE_TRANSCRIPT_GENE_LEVEL,MODERATE_20-50pct,PASS_PRE_VENDOR_QC
217,Adra1a,17_expanded_ORB_GPCR,ORB-enriched GPCR :: 14 subclasses,Enriched in 14 PL-ILA-ORB subclasses (glut 6 / GABA 8) vs the rest of the Allen atlas. Extends the druggable receptor map. Allen detectability not scored for all of these - expect some sparse maps.,,,,ENSMUSG00000045875,1.0,False,11549,"adrenergic receptor, alpha 1a",protein-coding,O,20260910,ENSMUSG00000045875,protein_coding,6.0,protein_coding; retained_intron,93.28772979905942,049 Lamp5 Gaba,57.62488568691401,13.0,93.28772979905942,82.97872340425532,STANDARD_MOUSE_GENE,PASS_CURRENT_NCBI_SYMBOL,PASS_V1_STANDARD_DESIGNABLE,MULTI_TRANSCRIPT_GENE_LEVEL_OK,HIGH_ge50pct,PASS_PRE_VENDOR_QC
218,Gpr68,17_expanded_ORB_GPCR,ORB-enriched GPCR :: 13 subclasses,Enriched in 13 PL-ILA-ORB subclasses (glut 11 / GABA 2) vs the rest of the Allen atlas. Extends the druggable receptor map. Allen detectability not scored for all of these - expect some sparse maps.,,,,ENSMUSG00000047415,1.0,False,238377,G protein-coupled receptor 68,protein-coding,O,20260910,ENSMUSG00000047415,protein_coding,7.0,lncRNA; protein_coding; retained_intron,43.59939759036144,012 MEA Slc17a7 Glut,24.18942376914983,0.0,39.76009878285412,43.59939759036144,STANDARD_MOUSE_GENE,PASS_CURRENT_NCBI_SYMBOL,PASS_V1_STANDARD_DESIGNABLE,MULTI_TRANSCRIPT_GENE_LEVEL_OK,MODERATE_20-50pct,PASS_PRE_VENDOR_QC
219,Gpr3,17_expanded_ORB_GPCR,ORB-enriched GPCR :: 12 subclasses,Enriched in 12 PL-ILA-ORB subclasses (glut 6 / GABA 6) vs the rest of the Allen atlas. Extends the druggable receptor map. Allen detectability not scored for all of these - expect some sparse maps.,,,,ENSMUSG00000049649,1.0,False,14748,G-protein coupled receptor 3,protein-coding,O,20260910,ENSMUSG00000049649,protein_coding,3.0,protein_coding,23.42279539909376,052 Pvalb Gaba,7.413828983179279,0.0,23.42279539909376,5.550458715596331,STANDARD_MOUSE_GENE,PASS_CURRENT_NCBI_SYMBOL,PASS_V1_STANDARD_DESIGNABLE,MULTI_TRANSCRIPT_GENE_LEVEL_OK,MODERATE_20-50pct,PASS_PRE_VENDOR_QC
220,Chrm3,17_expanded_ORB_GPCR,ORB-enriched GPCR :: 11 subclasses,Enriched in 11 PL-ILA-ORB subclasses (glut 6 / GABA 5) vs the rest of the Allen atlas. Extends the druggable receptor map. Allen detectability not scored for all of these - expect some sparse maps.,,,,ENSMUSG00000046159,1.0,False,12671,"cholinergic receptor, muscarinic 3, cardiac",protein-coding,O,20260910,ENSMUSG00000046159,protein_coding,4.0,lncRNA; protein_coding; retained_intron,97.89153230352915,007 L2/3 IT CTX Glut,81.29896907737592,19.0,97.89153230352915,81.8524096385542,STANDARD_MOUSE_GENE,PASS_CURRENT_NCBI_SYMBOL,PASS_V1_STANDARD_DESIGNABLE,MULTI_TRANSCRIPT_GENE_LEVEL_OK,HIGH_ge50pct,PASS_PRE_VENDOR_QC
221,Hrh3,17_expanded_ORB_GPCR,ORB-enriched GPCR :: 11 subclasses,Enriched in 11 PL-ILA-ORB subclasses (glut 5 / GABA 6) vs the rest of the Allen atlas. Extends the druggable receptor map. Allen detectability not scored for all of these - expect some sparse maps.,,,,ENSMUSG00000039059,1.0,False,99296,histamine receptor H3,protein-coding,O,20260910,ENSMUSG00000039059,protein_coding,8.0,nonsense_mediated_decay; protein_coding; retained_intron,81.09807801017524,006 L4/5 IT CTX Glut,38.04853549669102,5.0,81.09807801017524,71.34308510638297,STANDARD_MOUSE_GENE,PASS_CURRENT_NCBI_SYMBOL,PASS_V1_STANDARD_DESIGNABLE,MULTI_TRANSCRIPT_GENE_LEVEL_OK,HIGH_ge50pct,PASS_PRE_VENDOR_QC
222,Gpr22,17_expanded_ORB_GPCR,ORB-enriched GPCR :: 9 subclasses,Enriched in 9 PL-ILA-ORB subclasses (glut 7 / GABA 2) vs the rest of the Allen atlas. Extends the druggable receptor map. Allen detectability not scored for all of these - expect some sparse maps.,,,,ENSMUSG00000044067,1.0,False,73010,G protein-coupled receptor 22,protein-coding,O,20260910,ENSMUSG00000044067,protein_coding,4.0,protein_coding,91.4446992414888,004 L6 IT CTX Glut,63.30903786917047,16.0,91.4446992414888,86.49598393574297,STANDARD_MOUSE_GENE,PASS_CURRENT_NCBI_SYMBOL,PASS_V1_STANDARD_DESIGNABLE,MULTI_TRANSCRIPT_GENE_LEVEL_OK,HIGH_ge50pct,PASS_PRE_VENDOR_QC
223,Adra1b,17_expanded_ORB_GPCR,ORB-enriched GPCR :: 9 subclasses,Enriched in 9 PL-ILA-ORB subclasses (glut 5 / GABA 4) vs the rest of the Allen atlas. Extends the druggable receptor map. Allen detectability not scored for all of these - expect some sparse maps.,,,,ENSMUSG00000050541,1.0,False,11548,"adrenergic receptor, alpha 1b",protein-coding,O,20260818,ENSMUSG00000050541,protein_coding,4.0,lncRNA; protein_coding,75.49588037839487,046 Vip Gaba,17.08041486488317,3.0,75.49588037839487,27.61467889908257,STANDARD_MOUSE_GENE,PASS_CURRENT_NCBI_SYMBOL,PASS_V1_STANDARD_DESIGNABLE,MULTI_TRANSCRIPT_GENE_LEVEL_OK,HIGH_ge50pct,PASS_PRE_VENDOR_QC
224,Htr6,17_expanded_ORB_GPCR,ORB-enriched GPCR :: 8 subclasses,Enriched in 8 PL-ILA-ORB subclasses (glut 7 / GABA 1) vs the rest of the Allen atlas. Extends the druggable receptor map. Allen detectability not scored for all of these - expect some sparse maps.,,,,ENSMUSG00000028747,1.0,False,15565,5-hydroxytryptamine (serotonin) receptor 6,protein-coding,O,20260910,ENSMUSG00000028747,protein_coding,2.0,protein_coding,5.230199329687776,004 L6 IT CTX Glut,2.74660071555177,0.0,5.230199329687776,3.539156626506025,STANDARD_MOUSE_GENE,PASS_CURRENT_NCBI_SYMBOL,PASS_V1_STANDARD_DESIGNABLE,MULTI_TRANSCRIPT_GENE_LEVEL_OK,LOW_5-20pct,PASS_PRE_VENDOR_QC
225,Sstr4,17_expanded_ORB_GPCR,ORB-enriched GPCR :: 8 subclasses,Enriched in 8 PL-ILA-ORB subclasses (glut 7 / GABA 1) vs the rest of the Allen atlas. Extends the druggable receptor map. Allen detectability not scored for all of these - expect some sparse maps.,,,,ENSMUSG00000037014,1.0,False,20608,somatostatin receptor 4,protein-coding,O,20260910,ENSMUSG00000037014,protein_coding,1.0,protein_coding,1.364001069804761,022 L5 ET CTX Glut,0.3248438665120117,0.0,1.364001069804761,1.229919678714859,STANDARD_MOUSE_GENE,PASS_CURRENT_NCBI_SYMBOL,PASS_V1_STANDARD_DESIGNABLE,SINGLE_TRANSCRIPT_GENE_LEVEL,VERY_LOW_<5pct,PASS_DESIGN_REVIEW_SPARSE_SIGNAL
226,S1pr3,17_expanded_ORB_GPCR,ORB-enriched GPCR :: 8 subclasses,Enriched in 8 PL-ILA-ORB subclasses (glut 6 / GABA 2) vs the rest of the Allen atlas. Extends the druggable receptor map. Allen detectability not scored for all of these - expect some sparse maps.,,,,ENSMUSG00000067586,1.0,False,13610,sphingosine-1-phosphate receptor 3,protein-coding,O,20260910,ENSMUSG00000067586,protein_coding,1.0,protein_coding,24.32165065008479,006 L4/5 IT CTX Glut,9.908920294931185,0.0,24.32165065008479,15.96330275229358,STANDARD_MOUSE_GENE,PASS_CURRENT_NCBI_SYMBOL,PASS_V1_STANDARD_DESIGNABLE,SINGLE_TRANSCRIPT_GENE_LEVEL,MODERATE_20-50pct,PASS_PRE_VENDOR_QC
227,Gpr12,17_expanded_ORB_GPCR,ORB-enriched GPCR :: 8 subclasses,Enriched in 8 PL-ILA-ORB subclasses (glut 0 / GABA 8) vs the rest of the Allen atlas. Extends the druggable receptor map. Allen detectability not scored for all of these - expect some sparse maps.,,,,ENSMUSG00000041468,1.0,False,14738,G-protein coupled receptor 12,protein-coding,O,20260910,ENSMUSG00000041468,protein_coding,5.0,protein_coding; retained_intron,47.94176706827309,012 MEA Slc17a7 Glut,17.91215260491983,0.0,30.05557930739633,47.94176706827309,STANDARD_MOUSE_GENE,PASS_CURRENT_NCBI_SYMBOL,PASS_V1_STANDARD_DESIGNABLE,MULTI_TRANSCRIPT_GENE_LEVEL_OK,MODERATE_20-50pct,PASS_PRE_VENDOR_QC
228,Vipr2,18_expanded_BMAp,"BMAp marker :: spec 0.42, 082 CEA-BST Ebf1 Pdyn Gaba","From the Berg & Scherrer GSE283418 amygdala panel. Allen BMAp specificity 0.42, detected in 8% of cells, top anchor 082 CEA-BST Ebf1 Pdyn Gaba. Below the 1.0 cutoff used for the 100-slot design, kept here because slots are not scarce.",,,,ENSMUSG00000011171,1.0,False,22355,vasoactive intestinal peptide receptor 2,protein-coding,O,20260910,ENSMUSG00000011171,protein_coding,6.0,lncRNA; protein_coding; retained_intron,8.182601205857019,082 CEA-BST Ebf1 Pdyn Gaba,0.2591451340055163,0.0,0.7018614586512053,8.182601205857019,STANDARD_MOUSE_GENE,PASS_CURRENT_NCBI_SYMBOL,PASS_V1_STANDARD_DESIGNABLE,MULTI_TRANSCRIPT_GENE_LEVEL_OK,LOW_5-20pct,PASS_PRE_VENDOR_QC
229,Sfrp1,18_expanded_BMAp,"BMAp marker :: spec 0.89, 119 SI-MA-LPO-LHA Skor1 Glut","From the Berg & Scherrer GSE283418 amygdala panel. Allen BMAp specificity 0.89, detected in 21% of cells, top anchor 119 SI-MA-LPO-LHA Skor1 Glut. Below the 1.0 cutoff used for the 100-slot design, kept here because slots are not scarce.",,,,ENSMUSG00000031548,1.0,False,20377,secreted frizzled-related protein 1,protein-coding,O,20260910,ENSMUSG00000031548,protein_coding,1.0,protein_coding,21.07738349722103,049 Lamp5 Gaba,1.146324550651411,0.0,21.07738349722103,20.87155963302752,STANDARD_MOUSE_GENE,PASS_CURRENT_NCBI_SYMBOL,PASS_V1_STANDARD_DESIGNABLE,SINGLE_TRANSCRIPT_GENE_LEVEL,MODERATE_20-50pct,PASS_PRE_VENDOR_QC
230,Glipr1,18_expanded_BMAp,"BMAp marker :: spec 0.88, 113 MEA-COA-BMA Ccdc42 Glut","From the Berg & Scherrer GSE283418 amygdala panel. Allen BMAp specificity 0.88, detected in 22% of cells, top anchor 113 MEA-COA-BMA Ccdc42 Glut. Below the 1.0 cutoff used for the 100-slot design, kept here because slots are not scarce.",,,,ENSMUSG00000056888,1.0,False,73690,GLI pathogenesis related 1,protein-coding,O,20260910,ENSMUSG00000056888,protein_coding,5.0,lncRNA; protein_coding,21.98052620675368,113 MEA-COA-BMA Ccdc42 Glut,3.553023875220624,0.0,8.467101781619334,21.98052620675368,STANDARD_MOUSE_GENE,PASS_CURRENT_NCBI_SYMBOL,PASS_V1_STANDARD_DESIGNABLE,MULTI_TRANSCRIPT_GENE_LEVEL_OK,MODERATE_20-50pct,PASS_PRE_VENDOR_QC
231,Vdr,18_expanded_BMAp,"BMAp marker :: spec 0.87, 082 CEA-BST Ebf1 Pdyn Gaba","From the Berg & Scherrer GSE283418 amygdala panel. Allen BMAp specificity 0.87, detected in 11% of cells, top anchor 082 CEA-BST Ebf1 Pdyn Gaba. Below the 1.0 cutoff used for the 100-slot design, kept here because slots are not scarce.",,,,ENSMUSG00000022479,1.0,False,22337,"vitamin D (1,25-dihydroxyvitamin D3) receptor",protein-coding,O,20260910,ENSMUSG00000022479,protein_coding,6.0,protein_coding; retained_intron,11.24031007751938,082 CEA-BST Ebf1 Pdyn Gaba,0.811685290903309,0.0,3.506596008569174,11.24031007751938,STANDARD_MOUSE_GENE,PASS_CURRENT_NCBI_SYMBOL,PASS_V1_STANDARD_DESIGNABLE,MULTI_TRANSCRIPT_GENE_LEVEL_OK,LOW_5-20pct,PASS_PRE_VENDOR_QC
232,Mgp,18_expanded_BMAp,"BMAp marker :: spec 0.79, 012 MEA Slc17a7 Glut","From the Berg & Scherrer GSE283418 amygdala panel. Allen BMAp specificity 0.79, detected in 16% of cells, top anchor 012 MEA Slc17a7 Glut. Below the 1.0 cutoff used for the 100-slot design, kept here because slots are not scarce.",,,,ENSMUSG00000030218,1.0,False,17313,matrix Gla protein,protein-coding,O,20260910,ENSMUSG00000030218,protein_coding,2.0,protein_coding; retained_intron,15.83835341365462,012 MEA Slc17a7 Glut,0.4750895485861335,0.0,11.59093471642801,15.83835341365462,STANDARD_MOUSE_GENE,PASS_CURRENT_NCBI_SYMBOL,PASS_V1_STANDARD_DESIGNABLE,MULTI_TRANSCRIPT_GENE_LEVEL_OK,LOW_5-20pct,PASS_PRE_VENDOR_QC
233,Ctxn3,18_expanded_BMAp,"BMAp marker :: spec 0.70, 120 MEA Otp Foxp2 Glut","From the Berg & Scherrer GSE283418 amygdala panel. Allen BMAp specificity 0.70, detected in 16% of cells, top anchor 120 MEA Otp Foxp2 Glut. Below the 1.0 cutoff used for the 100-slot design, kept here because slots are not scarce.",,,,ENSMUSG00000069372,1.0,False,629147,cortexin 3,protein-coding,O,20260807,ENSMUSG00000069372,protein_coding,3.0,protein_coding,15.82446808510638,120 MEA Otp Foxp2 Glut,0.7356104486873398,0.0,11.19630172510993,15.82446808510638,STANDARD_MOUSE_GENE,PASS_CURRENT_NCBI_SYMBOL,PASS_V1_STANDARD_DESIGNABLE,MULTI_TRANSCRIPT_GENE_LEVEL_OK,LOW_5-20pct,PASS_PRE_VENDOR_QC
234,Rasa4,18_expanded_BMAp,"BMAp marker :: spec 0.70, 119 SI-MA-LPO-LHA Skor1 Glut","From the Berg & Scherrer GSE283418 amygdala panel. Allen BMAp specificity 0.70, detected in 20% of cells, top anchor 119 SI-MA-LPO-LHA Skor1 Glut. Below the 1.0 cutoff used for the 100-slot design, kept here because slots are not scarce.",,,,ENSMUSG00000004952,1.0,False,54153,RAS p21 protein activator 4,protein-coding,O,20260910,ENSMUSG00000004952,protein_coding,13.0,lncRNA; nonsense_mediated_decay; protein_coding; retained_intron,20.27522935779817,119 SI-MA-LPO-LHA Skor1 Glut,2.749046155904491,0.0,13.49632560768796,20.27522935779817,STANDARD_MOUSE_GENE,PASS_CURRENT_NCBI_SYMBOL,PASS_V1_STANDARD_DESIGNABLE,MULTI_TRANSCRIPT_GENE_LEVEL_OK,MODERATE_20-50pct,PASS_PRE_VENDOR_QC
235,Upk1b,18_expanded_BMAp,"BMAp marker :: spec 0.70, 113 MEA-COA-BMA Ccdc42 Glut","From the Berg & Scherrer GSE283418 amygdala panel. Allen BMAp specificity 0.70, detected in 18% of cells, top anchor 113 MEA-COA-BMA Ccdc42 Glut. Below the 1.0 cutoff used for the 100-slot design, kept here because slots are not scarce.",,,,ENSMUSG00000049436,1.0,False,22268,uroplakin 1B,protein-coding,O,20260910,ENSMUSG00000049436,protein_coding,2.0,protein_coding; retained_intron,17.62999792831987,113 MEA-COA-BMA Ccdc42 Glut,0.2641556136272707,0.0,0.5081572612998128,17.62999792831987,STANDARD_MOUSE_GENE,PASS_CURRENT_NCBI_SYMBOL,PASS_V1_STANDARD_DESIGNABLE,MULTI_TRANSCRIPT_GENE_LEVEL_OK,LOW_5-20pct,PASS_PRE_VENDOR_QC
236,C1ql1,18_expanded_BMAp,"BMAp marker :: spec 0.61, 119 SI-MA-LPO-LHA Skor1 Glut","From the Berg & Scherrer GSE283418 amygdala panel. Allen BMAp specificity 0.61, detected in 12% of cells, top anchor 119 SI-MA-LPO-LHA Skor1 Glut. Below the 1.0 cutoff used for the 100-slot design, kept here because slots are not scarce.",,,,ENSMUSG00000045532,1.0,False,23829,"complement component 1, q subcomponent-like 1",protein-coding,O,20260825,ENSMUSG00000045532,protein_coding,1.0,protein_coding,12.38532110091743,119 SI-MA-LPO-LHA Skor1 Glut,0.4689771858782894,0.0,4.028074458346048,12.38532110091743,STANDARD_MOUSE_GENE,PASS_CURRENT_NCBI_SYMBOL,PASS_V1_STANDARD_DESIGNABLE,SINGLE_TRANSCRIPT_GENE_LEVEL,LOW_5-20pct,PASS_PRE_VENDOR_QC
237,C1ql2,18_expanded_BMAp,"BMAp marker :: spec 0.49, 012 MEA Slc17a7 Glut","From the Berg & Scherrer GSE283418 amygdala panel. Allen BMAp specificity 0.49, detected in 10% of cells, top anchor 012 MEA Slc17a7 Glut. Below the 1.0 cutoff used for the 100-slot design, kept here because slots are not scarce.",,,,ENSMUSG00000036907,1.0,False,226359,"complement component 1, q subcomponent-like 2",protein-coding,O,20260807,ENSMUSG00000036907,protein_coding,1.0,protein_coding,10.11546184738956,012 MEA Slc17a7 Glut,0.2000349452613159,0.0,0.8825889275207275,10.11546184738956,STANDARD_MOUSE_GENE,PASS_CURRENT_NCBI_SYMBOL,PASS_V1_STANDARD_DESIGNABLE,SINGLE_TRANSCRIPT_GENE_LEVEL,LOW_5-20pct,PASS_PRE_VENDOR_QC
238,Rbms3,18_expanded_BMAp,"BMAp marker :: spec 0.48, 120 MEA Otp Foxp2 Glut","From the Berg & Scherrer GSE283418 amygdala panel. Allen BMAp specificity 0.48, detected in 100% of cells, top anchor 120 MEA Otp Foxp2 Glut. Below the 1.0 cutoff used for the 100-slot design, kept here because slots are not scarce.",,,,ENSMUSG00000039607,1.0,False,207181,"RNA binding motif, single stranded interacting protein",protein-coding,O,20260818,ENSMUSG00000039607,protein_coding,13.0,lncRNA; protein_coding; retained_intron,99.46808510638297,120 MEA Otp Foxp2 Glut,88.65730555211465,14.0,98.67549668874173,99.46808510638297,STANDARD_MOUSE_GENE,PASS_CURRENT_NCBI_SYMBOL,PASS_V1_STANDARD_DESIGNABLE,MULTI_TRANSCRIPT_GENE_LEVEL_OK,HIGH_ge50pct,PASS_PRE_VENDOR_QC
239,Pnoc,18_expanded_BMAp,"BMAp marker :: spec 0.43, 074 MEA-BST Lhx6 Sp9 Gaba","From the Berg & Scherrer GSE283418 amygdala panel. Allen BMAp specificity 0.43, detected in 44% of cells, top anchor 074 MEA-BST Lhx6 Sp9 Gaba. Below the 1.0 cutoff used for the 100-slot design, kept here because slots are not scarce.",,,,ENSMUSG00000045731,1.0,False,18155,prepronociceptin,protein-coding,O,20260807,ENSMUSG00000045731,protein_coding,2.0,protein_coding,81.4450619923044,049 Lamp5 Gaba,6.221350598166438,1.0,81.4450619923044,44.11081875870608,STANDARD_MOUSE_GENE,PASS_CURRENT_NCBI_SYMBOL,PASS_V1_STANDARD_DESIGNABLE,MULTI_TRANSCRIPT_GENE_LEVEL_OK,HIGH_ge50pct,PASS_PRE_VENDOR_QC
240,Maf,19_expanded_L5IT_separator,"L5 IT separator :: vs L2/3 IT CTX Glut, log2 gap 1.45","Closes an L5 IT separability gap: 36% of L5 IT cells vs 13% of 007 L2/3 IT CTX Glut, log2 gap 1.45; separates L5 IT from 6 of its 11 neighbours. L5 IT has only one exclusive gene (Bdnf), so these widen the thinnest margin in the design.",,,,ENSMUSG00000055435,1.0,False,17132,MAF bZIP transcription factor,protein-coding,O,20260915,ENSMUSG00000055435,protein_coding,2.0,protein_coding,91.44933732364258,049 Lamp5 Gaba,11.52951316874258,4.0,91.44933732364258,23.88175205076613,STANDARD_MOUSE_GENE,PASS_CURRENT_NCBI_SYMBOL,PASS_V1_STANDARD_DESIGNABLE,MULTI_TRANSCRIPT_GENE_LEVEL_OK,HIGH_ge50pct,PASS_PRE_VENDOR_QC
241,Ptpru,19_expanded_L5IT_separator,"L5 IT separator :: vs L4/5 IT CTX Glut, log2 gap 1.35","Closes an L5 IT separability gap: 34% of L5 IT cells vs 12% of 006 L4/5 IT CTX Glut, log2 gap 1.35; separates L5 IT from 3 of its 11 neighbours. L5 IT has only one exclusive gene (Bdnf), so these widen the thinnest margin in the design.",,,,ENSMUSG00000028909,1.0,False,19273,protein tyrosine phosphatase receptor type U,protein-coding,O,20260807,ENSMUSG00000028909,protein_coding,8.0,lncRNA; protein_coding; retained_intron,77.70642201834862,119 SI-MA-LPO-LHA Skor1 Glut,38.49619299265314,4.0,66.65196683718469,77.70642201834862,STANDARD_MOUSE_GENE,PASS_CURRENT_NCBI_SYMBOL,PASS_V1_STANDARD_DESIGNABLE,MULTI_TRANSCRIPT_GENE_LEVEL_OK,HIGH_ge50pct,PASS_PRE_VENDOR_QC
242,Rai14,19_expanded_L5IT_separator,"L5 IT separator :: vs L2/3 IT CTX Glut, log2 gap 2.16","Closes an L5 IT separability gap: 41% of L5 IT cells vs 4% of 007 L2/3 IT CTX Glut, log2 gap 2.16; separates L5 IT from 6 of its 11 neighbours. L5 IT has only one exclusive gene (Bdnf), so these widen the thinnest margin in the design.",,,,ENSMUSG00000022246,1.0,False,75646,retinoic acid induced 14,protein-coding,O,20260910,ENSMUSG00000022246,protein_coding,7.0,lncRNA; protein_coding; retained_intron,86.50693568726355,029 L6b CTX Glut,5.246732088421632,3.0,86.50693568726355,9.876543209876543,STANDARD_MOUSE_GENE,PASS_CURRENT_NCBI_SYMBOL,PASS_V1_STANDARD_DESIGNABLE,MULTI_TRANSCRIPT_GENE_LEVEL_OK,HIGH_ge50pct,PASS_PRE_VENDOR_QC
243,Sema5a,19_expanded_L5IT_separator,"L5 IT separator :: vs L2/3 IT CTX Glut, log2 gap 1.50","Closes an L5 IT separability gap: 30% of L5 IT cells vs 6% of 007 L2/3 IT CTX Glut, log2 gap 1.50; separates L5 IT from 3 of its 11 neighbours. L5 IT has only one exclusive gene (Bdnf), so these widen the thinnest margin in the design.",,,,ENSMUSG00000022231,1.0,False,20356,"sema domain, seven thrombospondin repeats (type 1 and type 1-like), transmembrane domain (TM) and short cytoplasmic domain, (semaphorin) 5A",protein-coding,O,20260818,ENSMUSG00000022231,protein_coding,9.0,lncRNA; protein_coding; retained_intron,95.73233892686969,113 MEA-COA-BMA Ccdc42 Glut,54.25710009851316,12.0,91.92938209331652,95.73233892686969,STANDARD_MOUSE_GENE,PASS_CURRENT_NCBI_SYMBOL,PASS_V1_STANDARD_DESIGNABLE,MULTI_TRANSCRIPT_GENE_LEVEL_OK,HIGH_ge50pct,PASS_PRE_VENDOR_QC
244,Sema5b,19_expanded_L5IT_separator,"L5 IT separator :: vs L4/5 IT CTX Glut, log2 gap 1.14","Closes an L5 IT separability gap: 28% of L5 IT cells vs 9% of 006 L4/5 IT CTX Glut, log2 gap 1.14; separates L5 IT from 4 of its 11 neighbours. L5 IT has only one exclusive gene (Bdnf), so these widen the thinnest margin in the design.",,,,ENSMUSG00000052133,1.0,False,20357,"sema domain, seven thrombospondin repeats (type 1 and type 1-like), transmembrane domain (TM) and short cytoplasmic domain, (semaphorin) 5B",protein-coding,O,20260910,ENSMUSG00000052133,protein_coding,8.0,lncRNA; protein_coding; retained_intron,75.85119798234552,029 L6b CTX Glut,10.57611414637287,6.0,75.85119798234552,51.05504587155963,STANDARD_MOUSE_GENE,PASS_CURRENT_NCBI_SYMBOL,PASS_V1_STANDARD_DESIGNABLE,MULTI_TRANSCRIPT_GENE_LEVEL_OK,HIGH_ge50pct,PASS_PRE_VENDOR_QC
245,Thsd7b,19_expanded_L5IT_separator,"L5 IT separator :: vs L2/3 IT CTX Glut, log2 gap 2.22","Closes an L5 IT separability gap: 42% of L5 IT cells vs 9% of 007 L2/3 IT CTX Glut, log2 gap 2.22; separates L5 IT from 3 of its 11 neighbours. L5 IT has only one exclusive gene (Bdnf), so these widen the thinnest margin in the design.",,,,ENSMUSG00000042581,1.0,False,210417,"thrombospondin, type I, domain containing 7B",protein-coding,O,20260910,ENSMUSG00000042581,protein_coding,9.0,lncRNA; protein_coding; retained_intron,91.79601920477323,030 L6 CT CTX Glut,55.82414242692943,11.0,91.79601920477323,79.46787148594377,STANDARD_MOUSE_GENE,PASS_CURRENT_NCBI_SYMBOL,PASS_V1_STANDARD_DESIGNABLE,MULTI_TRANSCRIPT_GENE_LEVEL_OK,HIGH_ge50pct,PASS_PRE_VENDOR_QC
