region_user,subclass_A_positive,subclass_B_negative,same_cell_type_label,separator_gene,mean_log2_A,mean_log2_B,pct_A,pct_B,log2_gap
BMAp,012 MEA Slc17a7 Glut,073 MEA-BST Sox6 Gaba,False,Slc17a7,8.206,0.174,93.5,3.3,8.032
BMAp,012 MEA Slc17a7 Glut,073 MEA-BST Sox6 Gaba,False,Chst9,6.794,0.457,82.0,7.6,6.337
BMAp,012 MEA Slc17a7 Glut,073 MEA-BST Sox6 Gaba,False,Bhlhe22,6.505,0.338,91.5,5.8,6.167
BMAp,012 MEA Slc17a7 Glut,073 MEA-BST Sox6 Gaba,False,Neurod2,5.918,0.041,88.3,0.8,5.877
BMAp,012 MEA Slc17a7 Glut,073 MEA-BST Sox6 Gaba,False,Crym,5.657,0.427,81.8,7.8,5.231
BMAp,012 MEA Slc17a7 Glut,073 MEA-BST Sox6 Gaba,False,Zeb2,5.489,0.322,73.6,5.8,5.167
BMAp,012 MEA Slc17a7 Glut,073 MEA-BST Sox6 Gaba,False,Slc30a3,5.307,0.236,77.4,4.3,5.072
BMAp,012 MEA Slc17a7 Glut,073 MEA-BST Sox6 Gaba,False,Lhx2,5.112,0.059,74.8,1.1,5.053
BMAp,012 MEA Slc17a7 Glut,073 MEA-BST Sox6 Gaba,False,Rorb,4.219,0.742,55.6,12.2,3.476
BMAp,012 MEA Slc17a7 Glut,073 MEA-BST Sox6 Gaba,False,Tacr1,3.94,0.667,61.6,11.4,3.273
BMAp,012 MEA Slc17a7 Glut,073 MEA-BST Sox6 Gaba,False,Zic2,3.169,0.054,57.3,1.0,3.115
BMAp,012 MEA Slc17a7 Glut,073 MEA-BST Sox6 Gaba,False,Bdnf,3.618,0.504,58.3,7.9,3.114
BMAp,012 MEA Slc17a7 Glut,074 MEA-BST Lhx6 Sp9 Gaba,False,Nfib,9.157,0.534,92.9,9.4,8.623
BMAp,012 MEA Slc17a7 Glut,074 MEA-BST Lhx6 Sp9 Gaba,False,Slc17a7,8.206,0.161,93.5,3.1,8.044
BMAp,012 MEA Slc17a7 Glut,074 MEA-BST Lhx6 Sp9 Gaba,False,Nfix,8.099,0.371,97.1,6.8,7.728
BMAp,012 MEA Slc17a7 Glut,074 MEA-BST Lhx6 Sp9 Gaba,False,Chst9,6.794,0.185,82.0,3.3,6.609
BMAp,012 MEA Slc17a7 Glut,074 MEA-BST Lhx6 Sp9 Gaba,False,Bhlhe22,6.505,0.09,91.5,1.7,6.415
BMAp,012 MEA Slc17a7 Glut,074 MEA-BST Lhx6 Sp9 Gaba,False,Neurod2,5.918,0.036,88.3,0.7,5.882
BMAp,012 MEA Slc17a7 Glut,074 MEA-BST Lhx6 Sp9 Gaba,False,Crym,5.657,0.196,81.8,3.7,5.461
BMAp,012 MEA Slc17a7 Glut,074 MEA-BST Lhx6 Sp9 Gaba,False,Zeb2,5.489,0.245,73.6,4.6,5.245
BMAp,012 MEA Slc17a7 Glut,074 MEA-BST Lhx6 Sp9 Gaba,False,Slc30a3,5.307,0.242,77.4,4.3,5.065
BMAp,012 MEA Slc17a7 Glut,074 MEA-BST Lhx6 Sp9 Gaba,False,Lhx2,5.112,0.065,74.8,1.3,5.047
BMAp,012 MEA Slc17a7 Glut,074 MEA-BST Lhx6 Sp9 Gaba,False,Rorb,4.219,0.838,55.6,13.6,3.381
BMAp,012 MEA Slc17a7 Glut,074 MEA-BST Lhx6 Sp9 Gaba,False,Zic2,3.169,0.014,57.3,0.3,3.155
BMAp,012 MEA Slc17a7 Glut,082 CEA-BST Ebf1 Pdyn Gaba,False,Nfib,9.157,0.453,92.9,8.7,8.704
BMAp,012 MEA Slc17a7 Glut,082 CEA-BST Ebf1 Pdyn Gaba,False,Slc17a7,8.206,0.13,93.5,2.6,8.076
BMAp,012 MEA Slc17a7 Glut,082 CEA-BST Ebf1 Pdyn Gaba,False,Nfix,8.099,0.251,97.1,5.0,7.848
BMAp,012 MEA Slc17a7 Glut,082 CEA-BST Ebf1 Pdyn Gaba,False,Bhlhe22,6.505,0.044,91.5,0.9,6.462
BMAp,012 MEA Slc17a7 Glut,082 CEA-BST Ebf1 Pdyn Gaba,False,Chst9,6.794,0.337,82.0,5.9,6.458
BMAp,012 MEA Slc17a7 Glut,082 CEA-BST Ebf1 Pdyn Gaba,False,Neurod2,5.918,0.03,88.3,0.6,5.888
BMAp,012 MEA Slc17a7 Glut,082 CEA-BST Ebf1 Pdyn Gaba,False,Zeb2,5.489,0.262,73.6,5.2,5.228
BMAp,012 MEA Slc17a7 Glut,082 CEA-BST Ebf1 Pdyn Gaba,False,Slc30a3,5.307,0.238,77.4,4.3,5.069
BMAp,012 MEA Slc17a7 Glut,082 CEA-BST Ebf1 Pdyn Gaba,False,Cck,5.781,0.72,79.0,13.8,5.061
BMAp,012 MEA Slc17a7 Glut,082 CEA-BST Ebf1 Pdyn Gaba,False,Lhx2,5.112,0.064,74.8,1.3,5.048
BMAp,012 MEA Slc17a7 Glut,082 CEA-BST Ebf1 Pdyn Gaba,False,Esr1,4.896,0.625,72.1,11.5,4.271
BMAp,012 MEA Slc17a7 Glut,082 CEA-BST Ebf1 Pdyn Gaba,False,Rorb,4.219,0.693,55.6,12.0,3.526
BMAp,012 MEA Slc17a7 Glut,113 MEA-COA-BMA Ccdc42 Glut,True,Nfib,9.157,0.505,92.9,9.0,8.652
BMAp,012 MEA Slc17a7 Glut,113 MEA-COA-BMA Ccdc42 Glut,True,Nfix,8.099,0.299,97.1,5.7,7.8
BMAp,012 MEA Slc17a7 Glut,113 MEA-COA-BMA Ccdc42 Glut,True,Slc17a7,8.206,0.604,93.5,10.4,7.601
BMAp,012 MEA Slc17a7 Glut,113 MEA-COA-BMA Ccdc42 Glut,True,Chst9,6.794,0.361,82.0,6.2,6.433
BMAp,012 MEA Slc17a7 Glut,113 MEA-COA-BMA Ccdc42 Glut,True,Bhlhe22,6.505,0.337,91.5,6.3,6.168
BMAp,012 MEA Slc17a7 Glut,113 MEA-COA-BMA Ccdc42 Glut,True,Neurod2,5.918,0.38,88.3,6.8,5.538
BMAp,012 MEA Slc17a7 Glut,113 MEA-COA-BMA Ccdc42 Glut,True,Slc30a3,5.307,0.076,77.4,1.4,5.231
BMAp,012 MEA Slc17a7 Glut,113 MEA-COA-BMA Ccdc42 Glut,True,Zeb2,5.489,0.324,73.6,5.9,5.165
BMAp,012 MEA Slc17a7 Glut,113 MEA-COA-BMA Ccdc42 Glut,True,Reln,4.409,0.434,60.8,7.8,3.974
BMAp,012 MEA Slc17a7 Glut,113 MEA-COA-BMA Ccdc42 Glut,True,Tacr1,3.94,0.194,61.6,3.5,3.746
BMAp,012 MEA Slc17a7 Glut,113 MEA-COA-BMA Ccdc42 Glut,True,Etv1,3.932,0.444,61.6,8.2,3.489
BMAp,012 MEA Slc17a7 Glut,113 MEA-COA-BMA Ccdc42 Glut,True,Rorb,4.219,0.907,55.6,13.7,3.312
BMAp,012 MEA Slc17a7 Glut,119 SI-MA-LPO-LHA Skor1 Glut,False,Slc17a7,8.206,0.573,93.5,9.9,7.633
BMAp,012 MEA Slc17a7 Glut,119 SI-MA-LPO-LHA Skor1 Glut,False,Chst9,6.794,0.176,82.0,3.1,6.619
BMAp,012 MEA Slc17a7 Glut,119 SI-MA-LPO-LHA Skor1 Glut,False,Trhr,6.584,0.56,87.3,9.6,6.024
BMAp,012 MEA Slc17a7 Glut,119 SI-MA-LPO-LHA Skor1 Glut,False,Crym,5.657,0.171,81.8,3.3,5.486
BMAp,012 MEA Slc17a7 Glut,119 SI-MA-LPO-LHA Skor1 Glut,False,Neurod2,5.918,0.441,88.3,7.9,5.477
BMAp,012 MEA Slc17a7 Glut,119 SI-MA-LPO-LHA Skor1 Glut,False,Slc30a3,5.307,0.49,77.4,8.8,4.817
BMAp,012 MEA Slc17a7 Glut,119 SI-MA-LPO-LHA Skor1 Glut,False,Egr3,5.464,0.759,83.5,13.4,4.705
BMAp,012 MEA Slc17a7 Glut,119 SI-MA-LPO-LHA Skor1 Glut,False,Rorb,4.219,0.342,55.6,5.8,3.877
BMAp,012 MEA Slc17a7 Glut,119 SI-MA-LPO-LHA Skor1 Glut,False,Otof,3.764,0.476,63.3,8.9,3.288
BMAp,012 MEA Slc17a7 Glut,119 SI-MA-LPO-LHA Skor1 Glut,False,Npr3,3.067,0.167,50.4,3.0,2.9
BMAp,012 MEA Slc17a7 Glut,119 SI-MA-LPO-LHA Skor1 Glut,False,Moxd1,2.244,0.089,36.6,1.6,2.155
BMAp,012 MEA Slc17a7 Glut,119 SI-MA-LPO-LHA Skor1 Glut,False,Emx1,2.177,0.04,41.2,0.7,2.137
BMAp,012 MEA Slc17a7 Glut,120 MEA Otp Foxp2 Glut,False,Nfib,9.157,0.426,92.9,8.1,8.731
BMAp,012 MEA Slc17a7 Glut,120 MEA Otp Foxp2 Glut,False,Slc17a7,8.206,0.171,93.5,3.4,8.034
BMAp,012 MEA Slc17a7 Glut,120 MEA Otp Foxp2 Glut,False,Nfix,8.099,0.442,97.1,8.6,7.657
BMAp,012 MEA Slc17a7 Glut,120 MEA Otp Foxp2 Glut,False,Bhlhe22,6.505,0.332,91.5,6.7,6.173
BMAp,012 MEA Slc17a7 Glut,120 MEA Otp Foxp2 Glut,False,Neurod2,5.918,0.084,88.3,1.7,5.834
BMAp,012 MEA Slc17a7 Glut,120 MEA Otp Foxp2 Glut,False,Slc30a3,5.307,0.055,77.4,1.1,5.252
BMAp,012 MEA Slc17a7 Glut,120 MEA Otp Foxp2 Glut,False,Zeb2,5.489,0.254,73.6,5.0,5.235
BMAp,012 MEA Slc17a7 Glut,120 MEA Otp Foxp2 Glut,False,Lhx2,5.112,0.484,74.8,9.2,4.629
BMAp,012 MEA Slc17a7 Glut,120 MEA Otp Foxp2 Glut,False,Reln,4.409,0.504,60.8,9.1,3.904
BMAp,012 MEA Slc17a7 Glut,120 MEA Otp Foxp2 Glut,False,Etv1,3.932,0.241,61.6,4.6,3.691
BMAp,012 MEA Slc17a7 Glut,120 MEA Otp Foxp2 Glut,False,Rorb,4.219,0.838,55.6,14.4,3.381
BMAp,012 MEA Slc17a7 Glut,120 MEA Otp Foxp2 Glut,False,Zic2,3.169,0.134,57.3,2.7,3.035
BMAp,012 MEA Slc17a7 Glut,121 MEA-BST Otp Zic2 Glut,False,Nfix,8.099,0.764,97.1,13.7,7.335
BMAp,012 MEA Slc17a7 Glut,121 MEA-BST Otp Zic2 Glut,False,Zeb2,5.489,0.296,73.6,5.4,5.194
BMAp,012 MEA Slc17a7 Glut,121 MEA-BST Otp Zic2 Glut,False,Cck,5.781,0.603,79.0,11.2,5.178
BMAp,012 MEA Slc17a7 Glut,121 MEA-BST Otp Zic2 Glut,False,Slc30a3,5.307,0.133,77.4,2.5,5.174
BMAp,012 MEA Slc17a7 Glut,121 MEA-BST Otp Zic2 Glut,False,Neurod2,5.918,0.845,88.3,14.9,5.073
BMAp,012 MEA Slc17a7 Glut,121 MEA-BST Otp Zic2 Glut,False,Lhx2,5.112,0.155,74.8,3.0,4.957
BMAp,012 MEA Slc17a7 Glut,121 MEA-BST Otp Zic2 Glut,False,Crym,5.657,0.723,81.8,12.8,4.934
BMAp,012 MEA Slc17a7 Glut,121 MEA-BST Otp Zic2 Glut,False,Rorb,4.219,0.659,55.6,11.0,3.56
BMAp,012 MEA Slc17a7 Glut,121 MEA-BST Otp Zic2 Glut,False,Etv1,3.932,0.76,61.6,11.4,3.172
BMAp,012 MEA Slc17a7 Glut,121 MEA-BST Otp Zic2 Glut,False,Emx1,2.177,0.008,41.2,0.2,2.169
BMAp,012 MEA Slc17a7 Glut,121 MEA-BST Otp Zic2 Glut,False,Moxd1,2.244,0.075,36.6,1.4,2.169
BMAp,012 MEA Slc17a7 Glut,121 MEA-BST Otp Zic2 Glut,False,Tbr1,2.15,0.1,40.5,1.8,2.05
BMAp,073 MEA-BST Sox6 Gaba,012 MEA Slc17a7 Glut,False,Slc32a1,7.734,0.335,98.1,6.7,7.399
BMAp,073 MEA-BST Sox6 Gaba,012 MEA Slc17a7 Glut,False,Dlx1,4.986,0.122,76.2,2.5,4.864
BMAp,073 MEA-BST Sox6 Gaba,012 MEA Slc17a7 Glut,False,Sox6,5.018,0.315,58.2,6.2,4.704
BMAp,073 MEA-BST Sox6 Gaba,012 MEA Slc17a7 Glut,False,Dlx6,2.858,0.095,49.8,1.9,2.763
BMAp,073 MEA-BST Sox6 Gaba,012 MEA Slc17a7 Glut,False,Dlx2,2.485,0.028,44.5,0.6,2.457
BMAp,073 MEA-BST Sox6 Gaba,012 MEA Slc17a7 Glut,False,Foxp2,2.629,0.383,32.4,7.5,2.247
BMAp,073 MEA-BST Sox6 Gaba,012 MEA Slc17a7 Glut,False,Rarb,2.464,0.345,37.4,6.5,2.119
BMAp,073 MEA-BST Sox6 Gaba,012 MEA Slc17a7 Glut,False,Oprk1,2.068,0.148,32.1,2.7,1.92
BMAp,073 MEA-BST Sox6 Gaba,012 MEA Slc17a7 Glut,False,Sp8,1.907,0.013,31.6,0.3,1.895
BMAp,073 MEA-BST Sox6 Gaba,012 MEA Slc17a7 Glut,False,Pnoc,2.193,0.333,35.0,5.7,1.86
BMAp,073 MEA-BST Sox6 Gaba,012 MEA Slc17a7 Glut,False,Penk,2.346,0.608,37.3,10.6,1.738
BMAp,073 MEA-BST Sox6 Gaba,012 MEA Slc17a7 Glut,False,Pou3f3,1.882,0.206,31.8,3.9,1.675
BMAp,073 MEA-BST Sox6 Gaba,074 MEA-BST Lhx6 Sp9 Gaba,True,Prox1,4.302,0.441,57.0,7.1,3.861
BMAp,073 MEA-BST Sox6 Gaba,074 MEA-BST Lhx6 Sp9 Gaba,True,Nfib,3.307,0.534,39.0,9.4,2.772
BMAp,073 MEA-BST Sox6 Gaba,074 MEA-BST Lhx6 Sp9 Gaba,True,Sp8,1.907,0.056,31.6,0.9,1.851
BMAp,073 MEA-BST Sox6 Gaba,082 CEA-BST Ebf1 Pdyn Gaba,True,Dlx1,4.986,0.265,76.2,5.0,4.721
BMAp,073 MEA-BST Sox6 Gaba,082 CEA-BST Ebf1 Pdyn Gaba,True,Sox6,5.018,0.316,58.2,6.1,4.702
BMAp,073 MEA-BST Sox6 Gaba,082 CEA-BST Ebf1 Pdyn Gaba,True,Prox1,4.302,0.128,57.0,2.5,4.174
BMAp,073 MEA-BST Sox6 Gaba,082 CEA-BST Ebf1 Pdyn Gaba,True,Nfib,3.307,0.453,39.0,8.7,2.854
BMAp,073 MEA-BST Sox6 Gaba,082 CEA-BST Ebf1 Pdyn Gaba,True,Dlx2,2.485,0.223,44.5,4.4,2.262
BMAp,073 MEA-BST Sox6 Gaba,082 CEA-BST Ebf1 Pdyn Gaba,True,Sp8,1.907,0.017,31.6,0.3,1.89
BMAp,073 MEA-BST Sox6 Gaba,082 CEA-BST Ebf1 Pdyn Gaba,True,Sox5,2.062,0.41,29.2,7.8,1.651
BMAp,073 MEA-BST Sox6 Gaba,082 CEA-BST Ebf1 Pdyn Gaba,True,Fos,1.931,0.808,29.2,13.9,1.122
BMAp,073 MEA-BST Sox6 Gaba,082 CEA-BST Ebf1 Pdyn Gaba,True,Btg2,1.619,0.61,27.9,11.1,1.008
BMAp,073 MEA-BST Sox6 Gaba,113 MEA-COA-BMA Ccdc42 Glut,False,Slc32a1,7.734,0.394,98.1,7.4,7.34
BMAp,073 MEA-BST Sox6 Gaba,113 MEA-COA-BMA Ccdc42 Glut,False,Dlx1,4.986,0.153,76.2,2.9,4.833
BMAp,073 MEA-BST Sox6 Gaba,113 MEA-COA-BMA Ccdc42 Glut,False,Sox6,5.018,0.4,58.2,7.6,4.618
BMAp,073 MEA-BST Sox6 Gaba,113 MEA-COA-BMA Ccdc42 Glut,False,Prox1,4.302,0.403,57.0,7.5,3.898
BMAp,073 MEA-BST Sox6 Gaba,113 MEA-COA-BMA Ccdc42 Glut,False,Nfib,3.307,0.505,39.0,9.0,2.801
BMAp,073 MEA-BST Sox6 Gaba,113 MEA-COA-BMA Ccdc42 Glut,False,Dlx6,2.858,0.101,49.8,1.9,2.757
BMAp,073 MEA-BST Sox6 Gaba,113 MEA-COA-BMA Ccdc42 Glut,False,Reln,3.1,0.434,40.5,7.8,2.666
BMAp,073 MEA-BST Sox6 Gaba,113 MEA-COA-BMA Ccdc42 Glut,False,Dlx2,2.485,0.029,44.5,0.6,2.456
BMAp,073 MEA-BST Sox6 Gaba,113 MEA-COA-BMA Ccdc42 Glut,False,Sp8,1.907,0.015,31.6,0.3,1.892
BMAp,073 MEA-BST Sox6 Gaba,113 MEA-COA-BMA Ccdc42 Glut,False,Pnoc,2.193,0.353,35.0,6.8,1.84
BMAp,073 MEA-BST Sox6 Gaba,113 MEA-COA-BMA Ccdc42 Glut,False,Dlx5,1.587,0.042,29.5,0.8,1.545
BMAp,073 MEA-BST Sox6 Gaba,113 MEA-COA-BMA Ccdc42 Glut,False,Pou3f3,1.882,0.578,31.8,10.4,1.304
BMAp,073 MEA-BST Sox6 Gaba,119 SI-MA-LPO-LHA Skor1 Glut,False,Slc32a1,7.734,0.705,98.1,11.6,7.029
BMAp,073 MEA-BST Sox6 Gaba,119 SI-MA-LPO-LHA Skor1 Glut,False,Dlx1,4.986,0.107,76.2,2.1,4.879
BMAp,073 MEA-BST Sox6 Gaba,119 SI-MA-LPO-LHA Skor1 Glut,False,Sox6,5.018,0.346,58.2,6.4,4.672
BMAp,073 MEA-BST Sox6 Gaba,119 SI-MA-LPO-LHA Skor1 Glut,False,Prox1,4.302,0.157,57.0,2.8,4.145
BMAp,073 MEA-BST Sox6 Gaba,119 SI-MA-LPO-LHA Skor1 Glut,False,Dlx6,2.858,0.093,49.8,1.8,2.765
BMAp,073 MEA-BST Sox6 Gaba,119 SI-MA-LPO-LHA Skor1 Glut,False,Egr3,3.438,0.759,54.0,13.4,2.679
BMAp,073 MEA-BST Sox6 Gaba,119 SI-MA-LPO-LHA Skor1 Glut,False,Dlx2,2.485,0.041,44.5,0.8,2.444
BMAp,073 MEA-BST Sox6 Gaba,119 SI-MA-LPO-LHA Skor1 Glut,False,Foxp2,2.629,0.426,32.4,7.8,2.203
BMAp,073 MEA-BST Sox6 Gaba,119 SI-MA-LPO-LHA Skor1 Glut,False,Pnoc,2.193,0.272,35.0,4.9,1.921
BMAp,073 MEA-BST Sox6 Gaba,119 SI-MA-LPO-LHA Skor1 Glut,False,Sp8,1.907,0.017,31.6,0.3,1.891
BMAp,073 MEA-BST Sox6 Gaba,119 SI-MA-LPO-LHA Skor1 Glut,False,Penk,2.346,0.475,37.3,9.0,1.871
BMAp,073 MEA-BST Sox6 Gaba,119 SI-MA-LPO-LHA Skor1 Glut,False,Otof,2.191,0.476,36.1,8.9,1.715
BMAp,073 MEA-BST Sox6 Gaba,120 MEA Otp Foxp2 Glut,False,Slc32a1,7.734,0.389,98.1,7.5,7.345
BMAp,073 MEA-BST Sox6 Gaba,120 MEA Otp Foxp2 Glut,False,Dlx1,4.986,0.15,76.2,2.9,4.836
BMAp,073 MEA-BST Sox6 Gaba,120 MEA Otp Foxp2 Glut,False,Sox6,5.018,0.55,58.2,9.7,4.468
BMAp,073 MEA-BST Sox6 Gaba,120 MEA Otp Foxp2 Glut,False,Prox1,4.302,0.059,57.0,1.2,4.243
BMAp,073 MEA-BST Sox6 Gaba,120 MEA Otp Foxp2 Glut,False,Nfib,3.307,0.426,39.0,8.1,2.88
BMAp,073 MEA-BST Sox6 Gaba,120 MEA Otp Foxp2 Glut,False,Dlx6,2.858,0.128,49.8,2.5,2.73
BMAp,073 MEA-BST Sox6 Gaba,120 MEA Otp Foxp2 Glut,False,Reln,3.1,0.504,40.5,9.1,2.596
BMAp,073 MEA-BST Sox6 Gaba,120 MEA Otp Foxp2 Glut,False,Dlx2,2.485,0.04,44.5,0.8,2.445
BMAp,073 MEA-BST Sox6 Gaba,120 MEA Otp Foxp2 Glut,False,Sp8,1.907,0.009,31.6,0.2,1.898
BMAp,073 MEA-BST Sox6 Gaba,120 MEA Otp Foxp2 Glut,False,Pou3f3,1.882,0.105,31.8,2.1,1.777
BMAp,073 MEA-BST Sox6 Gaba,120 MEA Otp Foxp2 Glut,False,Sox5,2.062,0.374,29.2,7.2,1.687
BMAp,073 MEA-BST Sox6 Gaba,120 MEA Otp Foxp2 Glut,False,Fos,1.931,0.325,29.2,6.2,1.606
BMAp,073 MEA-BST Sox6 Gaba,121 MEA-BST Otp Zic2 Glut,False,Slc32a1,7.734,0.654,98.1,11.5,7.08
BMAp,073 MEA-BST Sox6 Gaba,121 MEA-BST Otp Zic2 Glut,False,Dlx1,4.986,0.193,76.2,3.7,4.793
BMAp,073 MEA-BST Sox6 Gaba,121 MEA-BST Otp Zic2 Glut,False,Sox6,5.018,0.349,58.2,6.5,4.669
BMAp,073 MEA-BST Sox6 Gaba,121 MEA-BST Otp Zic2 Glut,False,Prox1,4.302,0.219,57.0,4.0,4.083
BMAp,073 MEA-BST Sox6 Gaba,121 MEA-BST Otp Zic2 Glut,False,Dlx6,2.858,0.113,49.8,2.1,2.745
BMAp,073 MEA-BST Sox6 Gaba,121 MEA-BST Otp Zic2 Glut,False,Dlx2,2.485,0.038,44.5,0.7,2.447
BMAp,073 MEA-BST Sox6 Gaba,121 MEA-BST Otp Zic2 Glut,False,Sp8,1.907,0.024,31.6,0.5,1.884
BMAp,073 MEA-BST Sox6 Gaba,121 MEA-BST Otp Zic2 Glut,False,Pou3f3,1.882,0.15,31.8,3.0,1.731
BMAp,073 MEA-BST Sox6 Gaba,121 MEA-BST Otp Zic2 Glut,False,Dlx5,1.587,0.032,29.5,0.6,1.554
BMAp,073 MEA-BST Sox6 Gaba,121 MEA-BST Otp Zic2 Glut,False,Fos,1.931,0.426,29.2,7.6,1.505
BMAp,073 MEA-BST Sox6 Gaba,121 MEA-BST Otp Zic2 Glut,False,Oprk1,2.068,0.684,32.1,12.1,1.384
BMAp,073 MEA-BST Sox6 Gaba,121 MEA-BST Otp Zic2 Glut,False,Nr4a1,2.092,0.717,34.0,13.4,1.375
BMAp,074 MEA-BST Lhx6 Sp9 Gaba,012 MEA Slc17a7 Glut,False,Slc32a1,7.868,0.335,98.7,6.7,7.533
BMAp,074 MEA-BST Lhx6 Sp9 Gaba,012 MEA Slc17a7 Glut,False,Lhx6,6.194,0.119,88.7,2.4,6.075
BMAp,074 MEA-BST Lhx6 Sp9 Gaba,012 MEA Slc17a7 Glut,False,Foxp2,5.772,0.383,66.5,7.5,5.389
BMAp,074 MEA-BST Lhx6 Sp9 Gaba,012 MEA Slc17a7 Glut,False,Sp9,5.198,0.092,79.0,1.9,5.106
BMAp,074 MEA-BST Lhx6 Sp9 Gaba,012 MEA Slc17a7 Glut,False,Prlr,5.77,0.831,73.0,15.0,4.939
BMAp,074 MEA-BST Lhx6 Sp9 Gaba,012 MEA Slc17a7 Glut,False,Sox6,3.803,0.315,48.7,6.2,3.489
BMAp,074 MEA-BST Lhx6 Sp9 Gaba,012 MEA Slc17a7 Glut,False,Nr2e1,3.499,0.046,58.6,0.9,3.454
BMAp,074 MEA-BST Lhx6 Sp9 Gaba,012 MEA Slc17a7 Glut,False,Tac1,3.844,0.852,50.4,14.1,2.992
BMAp,074 MEA-BST Lhx6 Sp9 Gaba,012 MEA Slc17a7 Glut,False,Pnoc,2.97,0.333,44.1,5.7,2.637
BMAp,074 MEA-BST Lhx6 Sp9 Gaba,012 MEA Slc17a7 Glut,False,Dlx1,2.748,0.122,45.2,2.5,2.626
BMAp,074 MEA-BST Lhx6 Sp9 Gaba,012 MEA Slc17a7 Glut,False,Dlx6,2.454,0.095,44.1,1.9,2.359
BMAp,074 MEA-BST Lhx6 Sp9 Gaba,012 MEA Slc17a7 Glut,False,Cartpt,2.454,0.297,35.7,5.9,2.157
BMAp,074 MEA-BST Lhx6 Sp9 Gaba,073 MEA-BST Sox6 Gaba,True,Lhx6,6.194,0.295,88.7,5.3,5.898
BMAp,074 MEA-BST Lhx6 Sp9 Gaba,073 MEA-BST Sox6 Gaba,True,Sp9,5.198,0.778,79.0,13.2,4.42
BMAp,074 MEA-BST Lhx6 Sp9 Gaba,082 CEA-BST Ebf1 Pdyn Gaba,True,Lhx6,6.194,0.198,88.7,3.9,5.995
BMAp,074 MEA-BST Lhx6 Sp9 Gaba,082 CEA-BST Ebf1 Pdyn Gaba,True,Sp9,5.198,0.145,79.0,2.8,5.053
BMAp,074 MEA-BST Lhx6 Sp9 Gaba,082 CEA-BST Ebf1 Pdyn Gaba,True,Sox6,3.803,0.316,48.7,6.1,3.487
BMAp,074 MEA-BST Lhx6 Sp9 Gaba,082 CEA-BST Ebf1 Pdyn Gaba,True,Nr2e1,3.499,0.034,58.6,0.7,3.466
BMAp,074 MEA-BST Lhx6 Sp9 Gaba,082 CEA-BST Ebf1 Pdyn Gaba,True,Esr1,4.027,0.625,57.9,11.5,3.402
BMAp,074 MEA-BST Lhx6 Sp9 Gaba,082 CEA-BST Ebf1 Pdyn Gaba,True,Dlx1,2.748,0.265,45.2,5.0,2.484
BMAp,074 MEA-BST Lhx6 Sp9 Gaba,082 CEA-BST Ebf1 Pdyn Gaba,True,Cartpt,2.454,0.722,35.7,13.1,1.732
BMAp,074 MEA-BST Lhx6 Sp9 Gaba,082 CEA-BST Ebf1 Pdyn Gaba,True,Sox5,1.82,0.41,27.4,7.8,1.409
BMAp,074 MEA-BST Lhx6 Sp9 Gaba,082 CEA-BST Ebf1 Pdyn Gaba,True,Dlx2,1.575,0.223,29.1,4.4,1.351
BMAp,074 MEA-BST Lhx6 Sp9 Gaba,082 CEA-BST Ebf1 Pdyn Gaba,True,Cck,1.972,0.72,30.2,13.8,1.252
BMAp,074 MEA-BST Lhx6 Sp9 Gaba,082 CEA-BST Ebf1 Pdyn Gaba,True,Tgfb2,1.771,0.682,30.6,12.8,1.089
BMAp,074 MEA-BST Lhx6 Sp9 Gaba,113 MEA-COA-BMA Ccdc42 Glut,False,Slc32a1,7.868,0.394,98.7,7.4,7.474
BMAp,074 MEA-BST Lhx6 Sp9 Gaba,113 MEA-COA-BMA Ccdc42 Glut,False,Lhx6,6.194,0.143,88.7,2.7,6.051
BMAp,074 MEA-BST Lhx6 Sp9 Gaba,113 MEA-COA-BMA Ccdc42 Glut,False,Sp9,5.198,0.11,79.0,2.1,5.088
BMAp,074 MEA-BST Lhx6 Sp9 Gaba,113 MEA-COA-BMA Ccdc42 Glut,False,Nr2e1,3.499,0.032,58.6,0.6,3.467
BMAp,074 MEA-BST Lhx6 Sp9 Gaba,113 MEA-COA-BMA Ccdc42 Glut,False,Sox6,3.803,0.4,48.7,7.6,3.403
BMAp,074 MEA-BST Lhx6 Sp9 Gaba,113 MEA-COA-BMA Ccdc42 Glut,False,Pnoc,2.97,0.353,44.1,6.8,2.617
BMAp,074 MEA-BST Lhx6 Sp9 Gaba,113 MEA-COA-BMA Ccdc42 Glut,False,Dlx1,2.748,0.153,45.2,2.9,2.596
BMAp,074 MEA-BST Lhx6 Sp9 Gaba,113 MEA-COA-BMA Ccdc42 Glut,False,Dlx6,2.454,0.101,44.1,1.9,2.353
BMAp,074 MEA-BST Lhx6 Sp9 Gaba,113 MEA-COA-BMA Ccdc42 Glut,False,Pou3f3,2.242,0.578,37.2,10.4,1.664
BMAp,074 MEA-BST Lhx6 Sp9 Gaba,113 MEA-COA-BMA Ccdc42 Glut,False,Dlx2,1.575,0.029,29.1,0.6,1.546
BMAp,074 MEA-BST Lhx6 Sp9 Gaba,119 SI-MA-LPO-LHA Skor1 Glut,False,Slc32a1,7.868,0.705,98.7,11.6,7.163
BMAp,074 MEA-BST Lhx6 Sp9 Gaba,119 SI-MA-LPO-LHA Skor1 Glut,False,Lhx6,6.194,0.189,88.7,3.5,6.005
BMAp,074 MEA-BST Lhx6 Sp9 Gaba,119 SI-MA-LPO-LHA Skor1 Glut,False,Foxp2,5.772,0.426,66.5,7.8,5.346
BMAp,074 MEA-BST Lhx6 Sp9 Gaba,119 SI-MA-LPO-LHA Skor1 Glut,False,Prlr,5.77,0.509,73.0,8.6,5.261
BMAp,074 MEA-BST Lhx6 Sp9 Gaba,119 SI-MA-LPO-LHA Skor1 Glut,False,Sp9,5.198,0.112,79.0,2.1,5.086
BMAp,074 MEA-BST Lhx6 Sp9 Gaba,119 SI-MA-LPO-LHA Skor1 Glut,False,Nr2e1,3.499,0.026,58.6,0.5,3.473
BMAp,074 MEA-BST Lhx6 Sp9 Gaba,119 SI-MA-LPO-LHA Skor1 Glut,False,Sox6,3.803,0.346,48.7,6.4,3.458
BMAp,074 MEA-BST Lhx6 Sp9 Gaba,119 SI-MA-LPO-LHA Skor1 Glut,False,Tac1,3.844,0.68,50.4,12.2,3.164
BMAp,074 MEA-BST Lhx6 Sp9 Gaba,119 SI-MA-LPO-LHA Skor1 Glut,False,Egr3,3.585,0.759,59.0,13.4,2.826
BMAp,074 MEA-BST Lhx6 Sp9 Gaba,119 SI-MA-LPO-LHA Skor1 Glut,False,Pnoc,2.97,0.272,44.1,4.9,2.698
BMAp,074 MEA-BST Lhx6 Sp9 Gaba,119 SI-MA-LPO-LHA Skor1 Glut,False,Dlx1,2.748,0.107,45.2,2.1,2.642
BMAp,074 MEA-BST Lhx6 Sp9 Gaba,119 SI-MA-LPO-LHA Skor1 Glut,False,Dlx6,2.454,0.093,44.1,1.8,2.36
BMAp,074 MEA-BST Lhx6 Sp9 Gaba,120 MEA Otp Foxp2 Glut,False,Slc32a1,7.868,0.389,98.7,7.5,7.479
BMAp,074 MEA-BST Lhx6 Sp9 Gaba,120 MEA Otp Foxp2 Glut,False,Lhx6,6.194,0.125,88.7,2.4,6.068
BMAp,074 MEA-BST Lhx6 Sp9 Gaba,120 MEA Otp Foxp2 Glut,False,Sp9,5.198,0.094,79.0,1.9,5.104
BMAp,074 MEA-BST Lhx6 Sp9 Gaba,120 MEA Otp Foxp2 Glut,False,Nr2e1,3.499,0.033,58.6,0.7,3.467
BMAp,074 MEA-BST Lhx6 Sp9 Gaba,120 MEA Otp Foxp2 Glut,False,Sox6,3.803,0.55,48.7,9.7,3.253
BMAp,074 MEA-BST Lhx6 Sp9 Gaba,120 MEA Otp Foxp2 Glut,False,Dlx1,2.748,0.15,45.2,2.9,2.598
BMAp,074 MEA-BST Lhx6 Sp9 Gaba,120 MEA Otp Foxp2 Glut,False,Dlx6,2.454,0.128,44.1,2.5,2.326
BMAp,074 MEA-BST Lhx6 Sp9 Gaba,120 MEA Otp Foxp2 Glut,False,Pnoc,2.97,0.7,44.1,12.8,2.27
BMAp,074 MEA-BST Lhx6 Sp9 Gaba,120 MEA Otp Foxp2 Glut,False,Pou3f3,2.242,0.105,37.2,2.1,2.137
BMAp,074 MEA-BST Lhx6 Sp9 Gaba,120 MEA Otp Foxp2 Glut,False,Dlx2,1.575,0.04,29.1,0.8,1.534
BMAp,074 MEA-BST Lhx6 Sp9 Gaba,120 MEA Otp Foxp2 Glut,False,Sox5,1.82,0.374,27.4,7.2,1.446
BMAp,074 MEA-BST Lhx6 Sp9 Gaba,120 MEA Otp Foxp2 Glut,False,Nr4a1,1.93,0.555,31.9,10.8,1.375
BMAp,074 MEA-BST Lhx6 Sp9 Gaba,121 MEA-BST Otp Zic2 Glut,False,Slc32a1,7.868,0.654,98.7,11.5,7.214
BMAp,074 MEA-BST Lhx6 Sp9 Gaba,121 MEA-BST Otp Zic2 Glut,False,Lhx6,6.194,0.19,88.7,3.6,6.004
BMAp,074 MEA-BST Lhx6 Sp9 Gaba,121 MEA-BST Otp Zic2 Glut,False,Sp9,5.198,0.134,79.0,2.5,5.064
BMAp,074 MEA-BST Lhx6 Sp9 Gaba,121 MEA-BST Otp Zic2 Glut,False,Nr2e1,3.499,0.026,58.6,0.6,3.474
BMAp,074 MEA-BST Lhx6 Sp9 Gaba,121 MEA-BST Otp Zic2 Glut,False,Sox6,3.803,0.349,48.7,6.5,3.454
BMAp,074 MEA-BST Lhx6 Sp9 Gaba,121 MEA-BST Otp Zic2 Glut,False,Dlx1,2.748,0.193,45.2,3.7,2.555
BMAp,074 MEA-BST Lhx6 Sp9 Gaba,121 MEA-BST Otp Zic2 Glut,False,Dlx6,2.454,0.113,44.1,2.1,2.341
BMAp,074 MEA-BST Lhx6 Sp9 Gaba,121 MEA-BST Otp Zic2 Glut,False,Pou3f3,2.242,0.15,37.2,3.0,2.092
BMAp,074 MEA-BST Lhx6 Sp9 Gaba,121 MEA-BST Otp Zic2 Glut,False,Cartpt,2.454,0.404,35.7,7.3,2.05
BMAp,074 MEA-BST Lhx6 Sp9 Gaba,121 MEA-BST Otp Zic2 Glut,False,Dlx2,1.575,0.038,29.1,0.7,1.537
BMAp,074 MEA-BST Lhx6 Sp9 Gaba,121 MEA-BST Otp Zic2 Glut,False,Cck,1.972,0.603,30.2,11.2,1.368
BMAp,074 MEA-BST Lhx6 Sp9 Gaba,121 MEA-BST Otp Zic2 Glut,False,Nr4a1,1.93,0.717,31.9,13.4,1.212
BMAp,082 CEA-BST Ebf1 Pdyn Gaba,012 MEA Slc17a7 Glut,False,Slc32a1,7.669,0.335,97.8,6.7,7.334
BMAp,082 CEA-BST Ebf1 Pdyn Gaba,012 MEA Slc17a7 Glut,False,Mpped1,7.085,0.677,93.4,12.2,6.408
BMAp,082 CEA-BST Ebf1 Pdyn Gaba,012 MEA Slc17a7 Glut,False,Ebf1,6.307,0.223,73.3,4.5,6.084
BMAp,082 CEA-BST Ebf1 Pdyn Gaba,012 MEA Slc17a7 Glut,False,Dlx6,5.402,0.095,83.1,1.9,5.307
BMAp,082 CEA-BST Ebf1 Pdyn Gaba,012 MEA Slc17a7 Glut,False,Pdyn,4.606,0.259,63.0,5.0,4.347
BMAp,082 CEA-BST Ebf1 Pdyn Gaba,012 MEA Slc17a7 Glut,False,Isl1,3.665,0.025,54.8,0.5,3.64
BMAp,082 CEA-BST Ebf1 Pdyn Gaba,012 MEA Slc17a7 Glut,False,Dlx5,2.474,0.032,45.4,0.7,2.442
BMAp,082 CEA-BST Ebf1 Pdyn Gaba,012 MEA Slc17a7 Glut,False,Ddc,2.583,0.155,44.8,3.0,2.427
BMAp,082 CEA-BST Ebf1 Pdyn Gaba,012 MEA Slc17a7 Glut,False,Prlr,3.224,0.831,46.5,15.0,2.393
BMAp,082 CEA-BST Ebf1 Pdyn Gaba,012 MEA Slc17a7 Glut,False,Penk,2.897,0.608,44.2,10.6,2.289
BMAp,082 CEA-BST Ebf1 Pdyn Gaba,012 MEA Slc17a7 Glut,False,Pou3f3,2.431,0.206,42.3,3.9,2.225
BMAp,082 CEA-BST Ebf1 Pdyn Gaba,012 MEA Slc17a7 Glut,False,Pnoc,2.544,0.333,38.6,5.7,2.211
BMAp,082 CEA-BST Ebf1 Pdyn Gaba,073 MEA-BST Sox6 Gaba,True,Ebf1,6.307,0.152,73.3,2.9,6.154
BMAp,082 CEA-BST Ebf1 Pdyn Gaba,073 MEA-BST Sox6 Gaba,True,Isl1,3.665,0.067,54.8,1.1,3.598
BMAp,082 CEA-BST Ebf1 Pdyn Gaba,073 MEA-BST Sox6 Gaba,True,Nts,2.253,0.223,31.2,4.0,2.031
BMAp,082 CEA-BST Ebf1 Pdyn Gaba,073 MEA-BST Sox6 Gaba,True,Ppp1r1b,2.302,0.461,35.5,8.8,1.841
BMAp,082 CEA-BST Ebf1 Pdyn Gaba,073 MEA-BST Sox6 Gaba,True,Pou3f2,1.444,0.053,25.2,1.0,1.391
BMAp,082 CEA-BST Ebf1 Pdyn Gaba,073 MEA-BST Sox6 Gaba,True,Syt6,2.114,0.757,37.1,12.1,1.358
BMAp,082 CEA-BST Ebf1 Pdyn Gaba,073 MEA-BST Sox6 Gaba,True,Slc18a2,1.633,0.307,28.3,6.0,1.326
BMAp,082 CEA-BST Ebf1 Pdyn Gaba,074 MEA-BST Lhx6 Sp9 Gaba,True,Ebf1,6.307,0.151,73.3,2.9,6.155
BMAp,082 CEA-BST Ebf1 Pdyn Gaba,074 MEA-BST Lhx6 Sp9 Gaba,True,Pdyn,4.606,0.807,63.0,13.7,3.799
BMAp,082 CEA-BST Ebf1 Pdyn Gaba,074 MEA-BST Lhx6 Sp9 Gaba,True,Isl1,3.665,0.061,54.8,1.0,3.604
BMAp,082 CEA-BST Ebf1 Pdyn Gaba,074 MEA-BST Lhx6 Sp9 Gaba,True,Ppp1r1b,2.302,0.267,35.5,5.1,2.035
BMAp,082 CEA-BST Ebf1 Pdyn Gaba,074 MEA-BST Lhx6 Sp9 Gaba,True,Drd1,2.292,0.269,38.9,5.1,2.022
BMAp,082 CEA-BST Ebf1 Pdyn Gaba,074 MEA-BST Lhx6 Sp9 Gaba,True,Slc18a2,1.633,0.325,28.3,6.5,1.308
BMAp,082 CEA-BST Ebf1 Pdyn Gaba,074 MEA-BST Lhx6 Sp9 Gaba,True,Matn2,2.048,0.784,35.9,14.9,1.264
BMAp,082 CEA-BST Ebf1 Pdyn Gaba,074 MEA-BST Lhx6 Sp9 Gaba,True,Pou3f2,1.444,0.188,25.2,3.5,1.256
BMAp,082 CEA-BST Ebf1 Pdyn Gaba,113 MEA-COA-BMA Ccdc42 Glut,False,Slc32a1,7.669,0.394,97.8,7.4,7.275
BMAp,082 CEA-BST Ebf1 Pdyn Gaba,113 MEA-COA-BMA Ccdc42 Glut,False,Dlx6,5.402,0.101,83.1,1.9,5.301
BMAp,082 CEA-BST Ebf1 Pdyn Gaba,113 MEA-COA-BMA Ccdc42 Glut,False,Isl1,3.665,0.029,54.8,0.6,3.636
BMAp,082 CEA-BST Ebf1 Pdyn Gaba,113 MEA-COA-BMA Ccdc42 Glut,False,Dlx5,2.474,0.042,45.4,0.8,2.433
BMAp,082 CEA-BST Ebf1 Pdyn Gaba,113 MEA-COA-BMA Ccdc42 Glut,False,Pnoc,2.544,0.353,38.6,6.8,2.191
BMAp,082 CEA-BST Ebf1 Pdyn Gaba,113 MEA-COA-BMA Ccdc42 Glut,False,Syt6,2.114,0.22,37.1,4.0,1.895
BMAp,082 CEA-BST Ebf1 Pdyn Gaba,113 MEA-COA-BMA Ccdc42 Glut,False,Pou3f3,2.431,0.578,42.3,10.4,1.853
BMAp,082 CEA-BST Ebf1 Pdyn Gaba,113 MEA-COA-BMA Ccdc42 Glut,False,Reln,2.282,0.434,34.5,7.8,1.848
BMAp,082 CEA-BST Ebf1 Pdyn Gaba,113 MEA-COA-BMA Ccdc42 Glut,False,Nts,2.253,0.406,31.2,7.2,1.847
BMAp,082 CEA-BST Ebf1 Pdyn Gaba,113 MEA-COA-BMA Ccdc42 Glut,False,Tacr1,1.556,0.194,25.2,3.5,1.362
BMAp,082 CEA-BST Ebf1 Pdyn Gaba,113 MEA-COA-BMA Ccdc42 Glut,False,Slc18a2,1.633,0.286,28.3,5.7,1.347
BMAp,082 CEA-BST Ebf1 Pdyn Gaba,113 MEA-COA-BMA Ccdc42 Glut,False,Pou3f2,1.444,0.177,25.2,3.2,1.267
BMAp,082 CEA-BST Ebf1 Pdyn Gaba,119 SI-MA-LPO-LHA Skor1 Glut,False,Slc32a1,7.669,0.705,97.8,11.6,6.964
BMAp,082 CEA-BST Ebf1 Pdyn Gaba,119 SI-MA-LPO-LHA Skor1 Glut,False,Ebf1,6.307,0.346,73.3,5.9,5.96
BMAp,082 CEA-BST Ebf1 Pdyn Gaba,119 SI-MA-LPO-LHA Skor1 Glut,False,Dlx6,5.402,0.093,83.1,1.8,5.308
BMAp,082 CEA-BST Ebf1 Pdyn Gaba,119 SI-MA-LPO-LHA Skor1 Glut,False,Pdyn,4.606,0.235,63.0,4.3,4.371
BMAp,082 CEA-BST Ebf1 Pdyn Gaba,119 SI-MA-LPO-LHA Skor1 Glut,False,Isl1,3.665,0.015,54.8,0.3,3.65
BMAp,082 CEA-BST Ebf1 Pdyn Gaba,119 SI-MA-LPO-LHA Skor1 Glut,False,Prlr,3.224,0.509,46.5,8.6,2.716
BMAp,082 CEA-BST Ebf1 Pdyn Gaba,119 SI-MA-LPO-LHA Skor1 Glut,False,Ddc,2.583,0.11,44.8,2.1,2.473
BMAp,082 CEA-BST Ebf1 Pdyn Gaba,119 SI-MA-LPO-LHA Skor1 Glut,False,Dlx5,2.474,0.035,45.4,0.7,2.439
BMAp,082 CEA-BST Ebf1 Pdyn Gaba,119 SI-MA-LPO-LHA Skor1 Glut,False,Penk,2.897,0.475,44.2,9.0,2.422
BMAp,082 CEA-BST Ebf1 Pdyn Gaba,119 SI-MA-LPO-LHA Skor1 Glut,False,Otof,2.807,0.476,46.1,8.9,2.331
BMAp,082 CEA-BST Ebf1 Pdyn Gaba,119 SI-MA-LPO-LHA Skor1 Glut,False,Pnoc,2.544,0.272,38.6,4.9,2.272
BMAp,082 CEA-BST Ebf1 Pdyn Gaba,119 SI-MA-LPO-LHA Skor1 Glut,False,Egr3,2.924,0.759,49.4,13.4,2.165
BMAp,082 CEA-BST Ebf1 Pdyn Gaba,120 MEA Otp Foxp2 Glut,False,Slc32a1,7.669,0.389,97.8,7.5,7.28
BMAp,082 CEA-BST Ebf1 Pdyn Gaba,120 MEA Otp Foxp2 Glut,False,Ebf1,6.307,0.178,73.3,3.5,6.129
BMAp,082 CEA-BST Ebf1 Pdyn Gaba,120 MEA Otp Foxp2 Glut,False,Dlx6,5.402,0.128,83.1,2.5,5.274
BMAp,082 CEA-BST Ebf1 Pdyn Gaba,120 MEA Otp Foxp2 Glut,False,Pdyn,4.606,0.804,63.0,13.8,3.802
BMAp,082 CEA-BST Ebf1 Pdyn Gaba,120 MEA Otp Foxp2 Glut,False,Isl1,3.665,0.028,54.8,0.5,3.637
BMAp,082 CEA-BST Ebf1 Pdyn Gaba,120 MEA Otp Foxp2 Glut,False,Dlx5,2.474,0.051,45.4,1.0,2.423
BMAp,082 CEA-BST Ebf1 Pdyn Gaba,120 MEA Otp Foxp2 Glut,False,Pou3f3,2.431,0.105,42.3,2.1,2.326
BMAp,082 CEA-BST Ebf1 Pdyn Gaba,120 MEA Otp Foxp2 Glut,False,Syt6,2.114,0.27,37.1,4.9,1.844
BMAp,082 CEA-BST Ebf1 Pdyn Gaba,120 MEA Otp Foxp2 Glut,False,Pnoc,2.544,0.7,38.6,12.8,1.844
BMAp,082 CEA-BST Ebf1 Pdyn Gaba,120 MEA Otp Foxp2 Glut,False,Reln,2.282,0.504,34.5,9.1,1.778
BMAp,082 CEA-BST Ebf1 Pdyn Gaba,120 MEA Otp Foxp2 Glut,False,Slc18a2,1.633,0.207,28.3,4.4,1.426
BMAp,082 CEA-BST Ebf1 Pdyn Gaba,120 MEA Otp Foxp2 Glut,False,Pou3f2,1.444,0.048,25.2,0.9,1.396
BMAp,082 CEA-BST Ebf1 Pdyn Gaba,121 MEA-BST Otp Zic2 Glut,False,Slc32a1,7.669,0.654,97.8,11.5,7.015
BMAp,082 CEA-BST Ebf1 Pdyn Gaba,121 MEA-BST Otp Zic2 Glut,False,Dlx6,5.402,0.113,83.1,2.1,5.289
BMAp,082 CEA-BST Ebf1 Pdyn Gaba,121 MEA-BST Otp Zic2 Glut,False,Pdyn,4.606,0.159,63.0,3.0,4.447
BMAp,082 CEA-BST Ebf1 Pdyn Gaba,121 MEA-BST Otp Zic2 Glut,False,Isl1,3.665,0.029,54.8,0.6,3.636
BMAp,082 CEA-BST Ebf1 Pdyn Gaba,121 MEA-BST Otp Zic2 Glut,False,Dlx5,2.474,0.032,45.4,0.6,2.442
BMAp,082 CEA-BST Ebf1 Pdyn Gaba,121 MEA-BST Otp Zic2 Glut,False,Pou3f3,2.431,0.15,42.3,3.0,2.281
BMAp,082 CEA-BST Ebf1 Pdyn Gaba,121 MEA-BST Otp Zic2 Glut,False,Drd1,2.292,0.173,38.9,3.3,2.119
BMAp,082 CEA-BST Ebf1 Pdyn Gaba,121 MEA-BST Otp Zic2 Glut,False,Ppp1r1b,2.302,0.503,35.5,9.4,1.799
BMAp,082 CEA-BST Ebf1 Pdyn Gaba,121 MEA-BST Otp Zic2 Glut,False,Syt6,2.114,0.485,37.1,7.6,1.63
BMAp,082 CEA-BST Ebf1 Pdyn Gaba,121 MEA-BST Otp Zic2 Glut,False,Nts,2.253,0.802,31.2,13.9,1.451
BMAp,082 CEA-BST Ebf1 Pdyn Gaba,121 MEA-BST Otp Zic2 Glut,False,Slc18a2,1.633,0.277,28.3,5.6,1.356
BMAp,082 CEA-BST Ebf1 Pdyn Gaba,121 MEA-BST Otp Zic2 Glut,False,Pou3f2,1.444,0.104,25.2,1.8,1.339
BMAp,113 MEA-COA-BMA Ccdc42 Glut,012 MEA Slc17a7 Glut,True,Adcyap1,6.222,0.729,84.5,13.2,5.493
BMAp,113 MEA-COA-BMA Ccdc42 Glut,012 MEA Slc17a7 Glut,True,Prlr,5.509,0.831,76.7,15.0,4.678
BMAp,113 MEA-COA-BMA Ccdc42 Glut,012 MEA Slc17a7 Glut,True,Penk,5.203,0.608,75.7,10.6,4.595
BMAp,113 MEA-COA-BMA Ccdc42 Glut,012 MEA Slc17a7 Glut,True,Fezf1,3.18,0.032,53.4,0.7,3.148
BMAp,113 MEA-COA-BMA Ccdc42 Glut,012 MEA Slc17a7 Glut,True,Drd1,2.971,0.14,51.5,2.7,2.831
BMAp,113 MEA-COA-BMA Ccdc42 Glut,012 MEA Slc17a7 Glut,True,Ccdc42,2.728,0.143,48.0,2.7,2.585
BMAp,113 MEA-COA-BMA Ccdc42 Glut,012 MEA Slc17a7 Glut,True,Tac1,3.393,0.852,46.9,14.1,2.542
BMAp,113 MEA-COA-BMA Ccdc42 Glut,012 MEA Slc17a7 Glut,True,Krt9,3.135,0.625,52.7,12.3,2.51
BMAp,113 MEA-COA-BMA Ccdc42 Glut,012 MEA Slc17a7 Glut,True,Ddc,2.563,0.155,44.2,3.0,2.408
BMAp,113 MEA-COA-BMA Ccdc42 Glut,012 MEA Slc17a7 Glut,True,Pdyn,2.487,0.259,39.9,5.0,2.228
BMAp,113 MEA-COA-BMA Ccdc42 Glut,012 MEA Slc17a7 Glut,True,Rarb,2.447,0.345,39.9,6.5,2.102
BMAp,113 MEA-COA-BMA Ccdc42 Glut,012 MEA Slc17a7 Glut,True,Otp,2.098,0.068,30.9,1.4,2.03
BMAp,113 MEA-COA-BMA Ccdc42 Glut,073 MEA-BST Sox6 Gaba,False,Slc17a6,8.062,0.26,98.8,4.8,7.802
BMAp,113 MEA-COA-BMA Ccdc42 Glut,073 MEA-BST Sox6 Gaba,False,Adcyap1,6.222,0.169,84.5,3.0,6.053
BMAp,113 MEA-COA-BMA Ccdc42 Glut,073 MEA-BST Sox6 Gaba,False,Bdnf,4.791,0.504,70.1,7.9,4.287
BMAp,113 MEA-COA-BMA Ccdc42 Glut,073 MEA-BST Sox6 Gaba,False,Fezf1,3.18,0.032,53.4,0.6,3.148
BMAp,113 MEA-COA-BMA Ccdc42 Glut,073 MEA-BST Sox6 Gaba,False,Krt9,3.135,0.429,52.7,8.0,2.706
BMAp,113 MEA-COA-BMA Ccdc42 Glut,073 MEA-BST Sox6 Gaba,False,Ccdc42,2.728,0.598,48.0,11.4,2.13
BMAp,113 MEA-COA-BMA Ccdc42 Glut,073 MEA-BST Sox6 Gaba,False,Crym,2.48,0.427,42.0,7.8,2.053
BMAp,113 MEA-COA-BMA Ccdc42 Glut,073 MEA-BST Sox6 Gaba,False,Otp,2.098,0.08,30.9,1.5,2.017
BMAp,113 MEA-COA-BMA Ccdc42 Glut,073 MEA-BST Sox6 Gaba,False,Cd36,1.63,0.098,27.6,1.8,1.532
BMAp,113 MEA-COA-BMA Ccdc42 Glut,073 MEA-BST Sox6 Gaba,False,Nptx2,1.807,0.38,31.8,6.6,1.427
BMAp,113 MEA-COA-BMA Ccdc42 Glut,074 MEA-BST Lhx6 Sp9 Gaba,False,Slc17a6,8.062,0.28,98.8,5.4,7.782
BMAp,113 MEA-COA-BMA Ccdc42 Glut,074 MEA-BST Lhx6 Sp9 Gaba,False,Adcyap1,6.222,0.168,84.5,3.1,6.054
BMAp,113 MEA-COA-BMA Ccdc42 Glut,074 MEA-BST Lhx6 Sp9 Gaba,False,Bdnf,4.791,0.817,70.1,13.4,3.974
BMAp,113 MEA-COA-BMA Ccdc42 Glut,074 MEA-BST Lhx6 Sp9 Gaba,False,Fezf1,3.18,0.029,53.4,0.6,3.151
BMAp,113 MEA-COA-BMA Ccdc42 Glut,074 MEA-BST Lhx6 Sp9 Gaba,False,Krt9,3.135,0.091,52.7,1.8,3.044
BMAp,113 MEA-COA-BMA Ccdc42 Glut,074 MEA-BST Lhx6 Sp9 Gaba,False,Matn2,3.636,0.784,60.0,14.9,2.852
BMAp,113 MEA-COA-BMA Ccdc42 Glut,074 MEA-BST Lhx6 Sp9 Gaba,False,Drd1,2.971,0.269,51.5,5.1,2.702
BMAp,113 MEA-COA-BMA Ccdc42 Glut,074 MEA-BST Lhx6 Sp9 Gaba,False,Ccdc42,2.728,0.381,48.0,7.4,2.348
BMAp,113 MEA-COA-BMA Ccdc42 Glut,074 MEA-BST Lhx6 Sp9 Gaba,False,Crym,2.48,0.196,42.0,3.7,2.284
BMAp,113 MEA-COA-BMA Ccdc42 Glut,074 MEA-BST Lhx6 Sp9 Gaba,False,Otp,2.098,0.08,30.9,1.5,2.018
BMAp,113 MEA-COA-BMA Ccdc42 Glut,074 MEA-BST Lhx6 Sp9 Gaba,False,Pdyn,2.487,0.807,39.9,13.7,1.68
BMAp,113 MEA-COA-BMA Ccdc42 Glut,074 MEA-BST Lhx6 Sp9 Gaba,False,Nptx2,1.807,0.174,31.8,3.3,1.633
BMAp,113 MEA-COA-BMA Ccdc42 Glut,082 CEA-BST Ebf1 Pdyn Gaba,False,Slc17a6,8.062,0.289,98.8,5.6,7.773
BMAp,113 MEA-COA-BMA Ccdc42 Glut,082 CEA-BST Ebf1 Pdyn Gaba,False,Adcyap1,6.222,0.109,84.5,2.1,6.113
BMAp,113 MEA-COA-BMA Ccdc42 Glut,082 CEA-BST Ebf1 Pdyn Gaba,False,Bdnf,4.791,0.143,70.1,2.7,4.648
BMAp,113 MEA-COA-BMA Ccdc42 Glut,082 CEA-BST Ebf1 Pdyn Gaba,False,Fezf1,3.18,0.029,53.4,0.6,3.151
BMAp,113 MEA-COA-BMA Ccdc42 Glut,082 CEA-BST Ebf1 Pdyn Gaba,False,Krt9,3.135,0.195,52.7,3.9,2.94
BMAp,113 MEA-COA-BMA Ccdc42 Glut,082 CEA-BST Ebf1 Pdyn Gaba,False,Ccdc42,2.728,0.147,48.0,3.0,2.582
BMAp,113 MEA-COA-BMA Ccdc42 Glut,082 CEA-BST Ebf1 Pdyn Gaba,False,Otp,2.098,0.103,30.9,2.0,1.994
BMAp,113 MEA-COA-BMA Ccdc42 Glut,082 CEA-BST Ebf1 Pdyn Gaba,False,Sox5,2.292,0.41,33.1,7.8,1.882
BMAp,113 MEA-COA-BMA Ccdc42 Glut,082 CEA-BST Ebf1 Pdyn Gaba,False,Cck,2.519,0.72,36.5,13.8,1.8
BMAp,113 MEA-COA-BMA Ccdc42 Glut,082 CEA-BST Ebf1 Pdyn Gaba,False,St8sia2,2.136,0.451,37.8,8.2,1.685
BMAp,113 MEA-COA-BMA Ccdc42 Glut,082 CEA-BST Ebf1 Pdyn Gaba,False,Nptx2,1.807,0.4,31.8,7.2,1.407
BMAp,113 MEA-COA-BMA Ccdc42 Glut,082 CEA-BST Ebf1 Pdyn Gaba,False,Cd36,1.63,0.288,27.6,5.1,1.342
BMAp,113 MEA-COA-BMA Ccdc42 Glut,119 SI-MA-LPO-LHA Skor1 Glut,False,Adcyap1,6.222,0.346,84.5,6.2,5.876
BMAp,113 MEA-COA-BMA Ccdc42 Glut,119 SI-MA-LPO-LHA Skor1 Glut,False,Prlr,5.509,0.509,76.7,8.6,5.0
BMAp,113 MEA-COA-BMA Ccdc42 Glut,119 SI-MA-LPO-LHA Skor1 Glut,False,Trhr,5.296,0.56,72.9,9.6,4.736
BMAp,113 MEA-COA-BMA Ccdc42 Glut,119 SI-MA-LPO-LHA Skor1 Glut,False,Penk,5.203,0.475,75.7,9.0,4.728
BMAp,113 MEA-COA-BMA Ccdc42 Glut,119 SI-MA-LPO-LHA Skor1 Glut,False,Otof,4.437,0.476,70.0,8.9,3.962
BMAp,113 MEA-COA-BMA Ccdc42 Glut,119 SI-MA-LPO-LHA Skor1 Glut,False,Egr3,4.204,0.759,68.1,13.4,3.445
BMAp,113 MEA-COA-BMA Ccdc42 Glut,119 SI-MA-LPO-LHA Skor1 Glut,False,Krt9,3.135,0.03,52.7,0.6,3.105
BMAp,113 MEA-COA-BMA Ccdc42 Glut,119 SI-MA-LPO-LHA Skor1 Glut,False,Matn2,3.636,0.758,60.0,14.3,2.877
BMAp,113 MEA-COA-BMA Ccdc42 Glut,119 SI-MA-LPO-LHA Skor1 Glut,False,Tac1,3.393,0.68,46.9,12.2,2.713
BMAp,113 MEA-COA-BMA Ccdc42 Glut,119 SI-MA-LPO-LHA Skor1 Glut,False,Ccdc42,2.728,0.068,48.0,1.3,2.66
BMAp,113 MEA-COA-BMA Ccdc42 Glut,119 SI-MA-LPO-LHA Skor1 Glut,False,Ddc,2.563,0.11,44.2,2.1,2.454
BMAp,113 MEA-COA-BMA Ccdc42 Glut,119 SI-MA-LPO-LHA Skor1 Glut,False,Crym,2.48,0.171,42.0,3.3,2.308
BMAp,113 MEA-COA-BMA Ccdc42 Glut,120 MEA Otp Foxp2 Glut,False,Sox5,2.292,0.374,33.1,7.2,1.918
BMAp,113 MEA-COA-BMA Ccdc42 Glut,120 MEA Otp Foxp2 Glut,False,Nptx2,1.807,0.065,31.8,1.3,1.742
BMAp,113 MEA-COA-BMA Ccdc42 Glut,120 MEA Otp Foxp2 Glut,False,Pdyn,2.487,0.804,39.9,13.8,1.683
BMAp,113 MEA-COA-BMA Ccdc42 Glut,121 MEA-BST Otp Zic2 Glut,False,Drd1,2.971,0.173,51.5,3.3,2.799
BMAp,113 MEA-COA-BMA Ccdc42 Glut,121 MEA-BST Otp Zic2 Glut,False,Krt9,3.135,0.353,52.7,6.4,2.782
BMAp,113 MEA-COA-BMA Ccdc42 Glut,121 MEA-BST Otp Zic2 Glut,False,Ccdc42,2.728,0.225,48.0,4.1,2.503
BMAp,113 MEA-COA-BMA Ccdc42 Glut,121 MEA-BST Otp Zic2 Glut,False,Pdyn,2.487,0.159,39.9,3.0,2.328
BMAp,113 MEA-COA-BMA Ccdc42 Glut,121 MEA-BST Otp Zic2 Glut,False,Cck,2.519,0.603,36.5,11.2,1.916
BMAp,113 MEA-COA-BMA Ccdc42 Glut,121 MEA-BST Otp Zic2 Glut,False,Crym,2.48,0.723,42.0,12.8,1.756
BMAp,113 MEA-COA-BMA Ccdc42 Glut,121 MEA-BST Otp Zic2 Glut,False,Oprd1,1.983,0.649,36.0,12.3,1.333
BMAp,113 MEA-COA-BMA Ccdc42 Glut,121 MEA-BST Otp Zic2 Glut,False,Nptx2,1.807,0.679,31.8,12.4,1.128
BMAp,119 SI-MA-LPO-LHA Skor1 Glut,012 MEA Slc17a7 Glut,False,Tcf7l2,4.567,0.061,44.8,1.3,4.505
BMAp,119 SI-MA-LPO-LHA Skor1 Glut,012 MEA Slc17a7 Glut,False,Nxph4,4.478,0.088,65.0,1.7,4.39
BMAp,119 SI-MA-LPO-LHA Skor1 Glut,012 MEA Slc17a7 Glut,False,Mpped1,4.086,0.677,63.2,12.2,3.409
BMAp,119 SI-MA-LPO-LHA Skor1 Glut,012 MEA Slc17a7 Glut,False,Skor1,3.153,0.012,53.6,0.2,3.141
BMAp,119 SI-MA-LPO-LHA Skor1 Glut,012 MEA Slc17a7 Glut,False,Cbln2,3.32,0.198,50.1,3.6,3.122
BMAp,119 SI-MA-LPO-LHA Skor1 Glut,012 MEA Slc17a7 Glut,False,Deptor,3.291,0.672,52.8,11.9,2.619
BMAp,119 SI-MA-LPO-LHA Skor1 Glut,012 MEA Slc17a7 Glut,False,Oprk1,2.457,0.148,39.3,2.7,2.309
BMAp,119 SI-MA-LPO-LHA Skor1 Glut,012 MEA Slc17a7 Glut,False,Zic1,2.341,0.043,31.8,0.8,2.298
BMAp,119 SI-MA-LPO-LHA Skor1 Glut,012 MEA Slc17a7 Glut,False,Npnt,2.145,0.256,33.7,4.3,1.889
BMAp,119 SI-MA-LPO-LHA Skor1 Glut,012 MEA Slc17a7 Glut,False,Drd2,1.859,0.134,28.9,2.5,1.726
BMAp,119 SI-MA-LPO-LHA Skor1 Glut,012 MEA Slc17a7 Glut,False,Fst,1.669,0.01,25.3,0.2,1.659
BMAp,119 SI-MA-LPO-LHA Skor1 Glut,012 MEA Slc17a7 Glut,False,Syt6,1.635,0.203,25.4,3.7,1.433
BMAp,119 SI-MA-LPO-LHA Skor1 Glut,073 MEA-BST Sox6 Gaba,False,Slc17a6,8.381,0.26,99.5,4.8,8.121
BMAp,119 SI-MA-LPO-LHA Skor1 Glut,073 MEA-BST Sox6 Gaba,False,Tbr1,4.856,0.076,77.3,1.5,4.78
BMAp,119 SI-MA-LPO-LHA Skor1 Glut,073 MEA-BST Sox6 Gaba,False,Tcf7l2,4.567,0.087,44.8,1.7,4.479
BMAp,119 SI-MA-LPO-LHA Skor1 Glut,073 MEA-BST Sox6 Gaba,False,Nxph4,4.478,0.049,65.0,0.9,4.429
BMAp,119 SI-MA-LPO-LHA Skor1 Glut,073 MEA-BST Sox6 Gaba,False,Skor1,3.153,0.008,53.6,0.1,3.145
BMAp,119 SI-MA-LPO-LHA Skor1 Glut,073 MEA-BST Sox6 Gaba,False,Bdnf,3.556,0.504,56.1,7.9,3.052
BMAp,119 SI-MA-LPO-LHA Skor1 Glut,073 MEA-BST Sox6 Gaba,False,Zic1,2.341,0.046,31.8,0.9,2.294
BMAp,119 SI-MA-LPO-LHA Skor1 Glut,073 MEA-BST Sox6 Gaba,False,Lhx2,1.932,0.059,28.6,1.1,1.873
BMAp,119 SI-MA-LPO-LHA Skor1 Glut,073 MEA-BST Sox6 Gaba,False,Zeb2,1.907,0.322,26.3,5.8,1.584
BMAp,119 SI-MA-LPO-LHA Skor1 Glut,073 MEA-BST Sox6 Gaba,False,Npnt,2.145,0.666,33.7,10.7,1.479
BMAp,119 SI-MA-LPO-LHA Skor1 Glut,073 MEA-BST Sox6 Gaba,False,Fst,1.669,0.195,25.3,3.5,1.474
BMAp,119 SI-MA-LPO-LHA Skor1 Glut,073 MEA-BST Sox6 Gaba,False,Tacr1,2.131,0.667,32.2,11.4,1.463
BMAp,119 SI-MA-LPO-LHA Skor1 Glut,074 MEA-BST Lhx6 Sp9 Gaba,False,Slc17a6,8.381,0.28,99.5,5.4,8.101
BMAp,119 SI-MA-LPO-LHA Skor1 Glut,074 MEA-BST Lhx6 Sp9 Gaba,False,Tbr1,4.856,0.094,77.3,1.8,4.761
BMAp,119 SI-MA-LPO-LHA Skor1 Glut,074 MEA-BST Lhx6 Sp9 Gaba,False,Tcf7l2,4.567,0.085,44.8,1.7,4.482
BMAp,119 SI-MA-LPO-LHA Skor1 Glut,074 MEA-BST Lhx6 Sp9 Gaba,False,Nxph4,4.478,0.085,65.0,1.6,4.393
BMAp,119 SI-MA-LPO-LHA Skor1 Glut,074 MEA-BST Lhx6 Sp9 Gaba,False,Nfib,3.737,0.534,46.7,9.4,3.203
BMAp,119 SI-MA-LPO-LHA Skor1 Glut,074 MEA-BST Lhx6 Sp9 Gaba,False,Skor1,3.153,0.013,53.6,0.3,3.14
BMAp,119 SI-MA-LPO-LHA Skor1 Glut,074 MEA-BST Lhx6 Sp9 Gaba,False,Nfix,3.217,0.371,45.6,6.8,2.846
BMAp,119 SI-MA-LPO-LHA Skor1 Glut,074 MEA-BST Lhx6 Sp9 Gaba,False,Bdnf,3.556,0.817,56.1,13.4,2.738
BMAp,119 SI-MA-LPO-LHA Skor1 Glut,074 MEA-BST Lhx6 Sp9 Gaba,False,Zic1,2.341,0.04,31.8,0.8,2.301
BMAp,119 SI-MA-LPO-LHA Skor1 Glut,074 MEA-BST Lhx6 Sp9 Gaba,False,Npnt,2.145,0.183,33.7,3.5,1.962
BMAp,119 SI-MA-LPO-LHA Skor1 Glut,074 MEA-BST Lhx6 Sp9 Gaba,False,Lhx2,1.932,0.065,28.6,1.3,1.867
BMAp,119 SI-MA-LPO-LHA Skor1 Glut,074 MEA-BST Lhx6 Sp9 Gaba,False,Zeb2,1.907,0.245,26.3,4.6,1.662
BMAp,119 SI-MA-LPO-LHA Skor1 Glut,082 CEA-BST Ebf1 Pdyn Gaba,False,Slc17a6,8.381,0.289,99.5,5.6,8.092
BMAp,119 SI-MA-LPO-LHA Skor1 Glut,082 CEA-BST Ebf1 Pdyn Gaba,False,Sox5,6.199,0.41,74.1,7.8,5.788
BMAp,119 SI-MA-LPO-LHA Skor1 Glut,082 CEA-BST Ebf1 Pdyn Gaba,False,Tbr1,4.856,0.092,77.3,1.8,4.763
BMAp,119 SI-MA-LPO-LHA Skor1 Glut,082 CEA-BST Ebf1 Pdyn Gaba,False,Tcf7l2,4.567,0.092,44.8,1.8,4.475
BMAp,119 SI-MA-LPO-LHA Skor1 Glut,082 CEA-BST Ebf1 Pdyn Gaba,False,Nxph4,4.478,0.182,65.0,3.5,4.296
BMAp,119 SI-MA-LPO-LHA Skor1 Glut,082 CEA-BST Ebf1 Pdyn Gaba,False,Bdnf,3.556,0.143,56.1,2.7,3.412
BMAp,119 SI-MA-LPO-LHA Skor1 Glut,082 CEA-BST Ebf1 Pdyn Gaba,False,Nfib,3.737,0.453,46.7,8.7,3.284
BMAp,119 SI-MA-LPO-LHA Skor1 Glut,082 CEA-BST Ebf1 Pdyn Gaba,False,Skor1,3.153,0.012,53.6,0.2,3.141
BMAp,119 SI-MA-LPO-LHA Skor1 Glut,082 CEA-BST Ebf1 Pdyn Gaba,False,Nfix,3.217,0.251,45.6,5.0,2.966
BMAp,119 SI-MA-LPO-LHA Skor1 Glut,082 CEA-BST Ebf1 Pdyn Gaba,False,Zic1,2.341,0.219,31.8,3.9,2.121
BMAp,119 SI-MA-LPO-LHA Skor1 Glut,082 CEA-BST Ebf1 Pdyn Gaba,False,Cck,2.607,0.72,36.6,13.8,1.887
BMAp,119 SI-MA-LPO-LHA Skor1 Glut,082 CEA-BST Ebf1 Pdyn Gaba,False,Lhx2,1.932,0.064,28.6,1.3,1.868
BMAp,119 SI-MA-LPO-LHA Skor1 Glut,113 MEA-COA-BMA Ccdc42 Glut,False,Tcf7l2,4.567,0.111,44.8,2.2,4.456
BMAp,119 SI-MA-LPO-LHA Skor1 Glut,113 MEA-COA-BMA Ccdc42 Glut,False,Nxph4,4.478,0.335,65.0,6.0,4.144
BMAp,119 SI-MA-LPO-LHA Skor1 Glut,113 MEA-COA-BMA Ccdc42 Glut,False,Reln,3.699,0.434,44.5,7.8,3.265
BMAp,119 SI-MA-LPO-LHA Skor1 Glut,113 MEA-COA-BMA Ccdc42 Glut,False,Nfib,3.737,0.505,46.7,9.0,3.231
BMAp,119 SI-MA-LPO-LHA Skor1 Glut,113 MEA-COA-BMA Ccdc42 Glut,False,Skor1,3.153,0.005,53.6,0.1,3.147
BMAp,119 SI-MA-LPO-LHA Skor1 Glut,113 MEA-COA-BMA Ccdc42 Glut,False,Cbln2,3.32,0.312,50.1,5.0,3.008
BMAp,119 SI-MA-LPO-LHA Skor1 Glut,113 MEA-COA-BMA Ccdc42 Glut,False,Nfix,3.217,0.299,45.6,5.7,2.918
BMAp,119 SI-MA-LPO-LHA Skor1 Glut,113 MEA-COA-BMA Ccdc42 Glut,False,Zic1,2.341,0.048,31.8,0.9,2.292
BMAp,119 SI-MA-LPO-LHA Skor1 Glut,113 MEA-COA-BMA Ccdc42 Glut,False,Tacr1,2.131,0.194,32.2,3.5,1.937
BMAp,119 SI-MA-LPO-LHA Skor1 Glut,113 MEA-COA-BMA Ccdc42 Glut,False,Npnt,2.145,0.275,33.7,5.3,1.87
BMAp,119 SI-MA-LPO-LHA Skor1 Glut,113 MEA-COA-BMA Ccdc42 Glut,False,Pde1c,2.372,0.63,35.6,12.2,1.742
BMAp,119 SI-MA-LPO-LHA Skor1 Glut,113 MEA-COA-BMA Ccdc42 Glut,False,Fst,1.669,0.027,25.3,0.5,1.641
BMAp,119 SI-MA-LPO-LHA Skor1 Glut,120 MEA Otp Foxp2 Glut,True,Sox5,6.199,0.374,74.1,7.2,5.824
BMAp,119 SI-MA-LPO-LHA Skor1 Glut,120 MEA Otp Foxp2 Glut,True,Tbr1,4.856,0.114,77.3,2.3,4.741
BMAp,119 SI-MA-LPO-LHA Skor1 Glut,120 MEA Otp Foxp2 Glut,True,Tcf7l2,4.567,0.095,44.8,2.0,4.471
BMAp,119 SI-MA-LPO-LHA Skor1 Glut,120 MEA Otp Foxp2 Glut,True,Nfib,3.737,0.426,46.7,8.1,3.311
BMAp,119 SI-MA-LPO-LHA Skor1 Glut,120 MEA Otp Foxp2 Glut,True,Reln,3.699,0.504,44.5,9.1,3.195
BMAp,119 SI-MA-LPO-LHA Skor1 Glut,120 MEA Otp Foxp2 Glut,True,Skor1,3.153,0.013,53.6,0.3,3.14
BMAp,119 SI-MA-LPO-LHA Skor1 Glut,120 MEA Otp Foxp2 Glut,True,Cbln2,3.32,0.542,50.1,9.4,2.778
BMAp,119 SI-MA-LPO-LHA Skor1 Glut,120 MEA Otp Foxp2 Glut,True,Nfix,3.217,0.442,45.6,8.6,2.775
BMAp,119 SI-MA-LPO-LHA Skor1 Glut,120 MEA Otp Foxp2 Glut,True,Zic1,2.341,0.357,31.8,5.9,1.984
BMAp,119 SI-MA-LPO-LHA Skor1 Glut,120 MEA Otp Foxp2 Glut,True,Npnt,2.145,0.246,33.7,4.8,1.899
BMAp,119 SI-MA-LPO-LHA Skor1 Glut,120 MEA Otp Foxp2 Glut,True,Drd2,1.859,0.121,28.9,2.5,1.738
BMAp,119 SI-MA-LPO-LHA Skor1 Glut,120 MEA Otp Foxp2 Glut,True,Oprk1,2.457,0.728,39.3,13.1,1.729
BMAp,119 SI-MA-LPO-LHA Skor1 Glut,121 MEA-BST Otp Zic2 Glut,True,Tbr1,4.856,0.1,77.3,1.8,4.756
BMAp,119 SI-MA-LPO-LHA Skor1 Glut,121 MEA-BST Otp Zic2 Glut,True,Tcf7l2,4.567,0.112,44.8,2.1,4.454
BMAp,119 SI-MA-LPO-LHA Skor1 Glut,121 MEA-BST Otp Zic2 Glut,True,Nxph4,4.478,0.645,65.0,11.0,3.833
BMAp,119 SI-MA-LPO-LHA Skor1 Glut,121 MEA-BST Otp Zic2 Glut,True,Skor1,3.153,0.0,53.6,0.0,3.153
BMAp,119 SI-MA-LPO-LHA Skor1 Glut,121 MEA-BST Otp Zic2 Glut,True,Nfix,3.217,0.764,45.6,13.7,2.453
BMAp,119 SI-MA-LPO-LHA Skor1 Glut,121 MEA-BST Otp Zic2 Glut,True,Cck,2.607,0.603,36.6,11.2,2.004
BMAp,119 SI-MA-LPO-LHA Skor1 Glut,121 MEA-BST Otp Zic2 Glut,True,Npnt,2.145,0.35,33.7,6.6,1.795
BMAp,119 SI-MA-LPO-LHA Skor1 Glut,121 MEA-BST Otp Zic2 Glut,True,Lhx2,1.932,0.155,28.6,3.0,1.777
BMAp,119 SI-MA-LPO-LHA Skor1 Glut,121 MEA-BST Otp Zic2 Glut,True,Oprk1,2.457,0.684,39.3,12.1,1.773
BMAp,119 SI-MA-LPO-LHA Skor1 Glut,121 MEA-BST Otp Zic2 Glut,True,Fst,1.669,0.011,25.3,0.2,1.658
BMAp,119 SI-MA-LPO-LHA Skor1 Glut,121 MEA-BST Otp Zic2 Glut,True,Zeb2,1.907,0.296,26.3,5.4,1.611
BMAp,119 SI-MA-LPO-LHA Skor1 Glut,121 MEA-BST Otp Zic2 Glut,True,Tgfb2,2.011,0.612,32.4,11.2,1.399
BMAp,120 MEA Otp Foxp2 Glut,012 MEA Slc17a7 Glut,False,Foxp2,9.274,0.383,99.0,7.5,8.891
BMAp,120 MEA Otp Foxp2 Glut,012 MEA Slc17a7 Glut,False,Otp,7.974,0.068,97.9,1.4,7.906
BMAp,120 MEA Otp Foxp2 Glut,012 MEA Slc17a7 Glut,False,Mpped1,5.936,0.677,86.6,12.2,5.259
BMAp,120 MEA Otp Foxp2 Glut,012 MEA Slc17a7 Glut,False,Fezf1,4.487,0.032,71.7,0.7,4.455
BMAp,120 MEA Otp Foxp2 Glut,012 MEA Slc17a7 Glut,False,Nxph4,3.02,0.088,48.1,1.7,2.932
BMAp,120 MEA Otp Foxp2 Glut,012 MEA Slc17a7 Glut,False,Rarb,2.769,0.345,46.3,6.5,2.424
BMAp,120 MEA Otp Foxp2 Glut,012 MEA Slc17a7 Glut,False,Tac1,3.068,0.852,45.4,14.1,2.216
BMAp,120 MEA Otp Foxp2 Glut,012 MEA Slc17a7 Glut,False,Mc4r,2.174,0.051,38.5,1.0,2.123
BMAp,120 MEA Otp Foxp2 Glut,012 MEA Slc17a7 Glut,False,Esr2,2.068,0.101,36.5,2.0,1.968
BMAp,120 MEA Otp Foxp2 Glut,012 MEA Slc17a7 Glut,False,Nts,2.024,0.22,34.1,4.3,1.804
BMAp,120 MEA Otp Foxp2 Glut,012 MEA Slc17a7 Glut,False,Ddc,1.941,0.155,34.8,3.0,1.786
BMAp,120 MEA Otp Foxp2 Glut,012 MEA Slc17a7 Glut,False,Cartpt,1.786,0.297,28.1,5.9,1.489
BMAp,120 MEA Otp Foxp2 Glut,073 MEA-BST Sox6 Gaba,False,Otp,7.974,0.08,97.9,1.5,7.894
BMAp,120 MEA Otp Foxp2 Glut,073 MEA-BST Sox6 Gaba,False,Slc17a6,7.995,0.26,98.6,4.8,7.735
BMAp,120 MEA Otp Foxp2 Glut,073 MEA-BST Sox6 Gaba,False,Fezf1,4.487,0.032,71.7,0.6,4.455
BMAp,120 MEA Otp Foxp2 Glut,073 MEA-BST Sox6 Gaba,False,Trh,4.288,0.04,64.0,0.8,4.248
BMAp,120 MEA Otp Foxp2 Glut,073 MEA-BST Sox6 Gaba,False,Nxph4,3.02,0.049,48.1,0.9,2.971
BMAp,120 MEA Otp Foxp2 Glut,073 MEA-BST Sox6 Gaba,False,Bdnf,3.037,0.504,44.5,7.9,2.533
BMAp,120 MEA Otp Foxp2 Glut,073 MEA-BST Sox6 Gaba,False,Tacr1,2.574,0.667,43.1,11.4,1.907
BMAp,120 MEA Otp Foxp2 Glut,073 MEA-BST Sox6 Gaba,False,Mc4r,2.174,0.318,38.5,5.9,1.856
BMAp,120 MEA Otp Foxp2 Glut,073 MEA-BST Sox6 Gaba,False,Nts,2.024,0.223,34.1,4.0,1.801
BMAp,120 MEA Otp Foxp2 Glut,073 MEA-BST Sox6 Gaba,False,Esr2,2.068,0.387,36.5,6.8,1.682
BMAp,120 MEA Otp Foxp2 Glut,073 MEA-BST Sox6 Gaba,False,Sulf1,2.392,0.747,39.3,12.0,1.645
BMAp,120 MEA Otp Foxp2 Glut,073 MEA-BST Sox6 Gaba,False,Ppp1r1b,2.072,0.461,38.0,8.8,1.61
BMAp,120 MEA Otp Foxp2 Glut,074 MEA-BST Lhx6 Sp9 Gaba,False,Otp,7.974,0.08,97.9,1.5,7.894
BMAp,120 MEA Otp Foxp2 Glut,074 MEA-BST Lhx6 Sp9 Gaba,False,Slc17a6,7.995,0.28,98.6,5.4,7.715
BMAp,120 MEA Otp Foxp2 Glut,074 MEA-BST Lhx6 Sp9 Gaba,False,Fezf1,4.487,0.029,71.7,0.6,4.458
BMAp,120 MEA Otp Foxp2 Glut,074 MEA-BST Lhx6 Sp9 Gaba,False,Trh,4.288,0.047,64.0,0.9,4.24
BMAp,120 MEA Otp Foxp2 Glut,074 MEA-BST Lhx6 Sp9 Gaba,False,Nxph4,3.02,0.085,48.1,1.6,2.935
BMAp,120 MEA Otp Foxp2 Glut,074 MEA-BST Lhx6 Sp9 Gaba,False,Bdnf,3.037,0.817,44.5,13.4,2.22
BMAp,120 MEA Otp Foxp2 Glut,074 MEA-BST Lhx6 Sp9 Gaba,False,Sulf1,2.392,0.391,39.3,6.8,2.0
BMAp,120 MEA Otp Foxp2 Glut,074 MEA-BST Lhx6 Sp9 Gaba,False,Ppp1r1b,2.072,0.267,38.0,5.1,1.805
BMAp,120 MEA Otp Foxp2 Glut,074 MEA-BST Lhx6 Sp9 Gaba,False,Crym,1.717,0.196,30.6,3.7,1.521
BMAp,120 MEA Otp Foxp2 Glut,074 MEA-BST Lhx6 Sp9 Gaba,False,Krt9,1.57,0.091,27.5,1.8,1.479
BMAp,120 MEA Otp Foxp2 Glut,074 MEA-BST Lhx6 Sp9 Gaba,False,Mc4r,2.174,0.776,38.5,14.2,1.397
BMAp,120 MEA Otp Foxp2 Glut,082 CEA-BST Ebf1 Pdyn Gaba,False,Otp,7.974,0.103,97.9,2.0,7.871
BMAp,120 MEA Otp Foxp2 Glut,082 CEA-BST Ebf1 Pdyn Gaba,False,Slc17a6,7.995,0.289,98.6,5.6,7.706
BMAp,120 MEA Otp Foxp2 Glut,082 CEA-BST Ebf1 Pdyn Gaba,False,Fezf1,4.487,0.029,71.7,0.6,4.457
BMAp,120 MEA Otp Foxp2 Glut,082 CEA-BST Ebf1 Pdyn Gaba,False,Trh,4.288,0.044,64.0,0.9,4.244
BMAp,120 MEA Otp Foxp2 Glut,082 CEA-BST Ebf1 Pdyn Gaba,False,Esr1,4.109,0.625,62.7,11.5,3.483
BMAp,120 MEA Otp Foxp2 Glut,082 CEA-BST Ebf1 Pdyn Gaba,False,Bdnf,3.037,0.143,44.5,2.7,2.894
BMAp,120 MEA Otp Foxp2 Glut,082 CEA-BST Ebf1 Pdyn Gaba,False,Nxph4,3.02,0.182,48.1,3.5,2.838
BMAp,120 MEA Otp Foxp2 Glut,082 CEA-BST Ebf1 Pdyn Gaba,False,Cck,3.134,0.72,49.7,13.8,2.414
BMAp,120 MEA Otp Foxp2 Glut,082 CEA-BST Ebf1 Pdyn Gaba,False,Esr2,2.068,0.394,36.5,7.6,1.674
BMAp,120 MEA Otp Foxp2 Glut,082 CEA-BST Ebf1 Pdyn Gaba,False,Sulf1,2.392,0.719,39.3,12.3,1.673
BMAp,120 MEA Otp Foxp2 Glut,082 CEA-BST Ebf1 Pdyn Gaba,False,Mc4r,2.174,0.56,38.5,10.4,1.614
BMAp,120 MEA Otp Foxp2 Glut,082 CEA-BST Ebf1 Pdyn Gaba,False,Krt9,1.57,0.195,27.5,3.9,1.375
BMAp,120 MEA Otp Foxp2 Glut,113 MEA-COA-BMA Ccdc42 Glut,False,Trh,4.288,0.12,64.0,2.2,4.167
BMAp,120 MEA Otp Foxp2 Glut,113 MEA-COA-BMA Ccdc42 Glut,False,Nxph4,3.02,0.335,48.1,6.0,2.685
BMAp,120 MEA Otp Foxp2 Glut,113 MEA-COA-BMA Ccdc42 Glut,False,Tacr1,2.574,0.194,43.1,3.5,2.38
BMAp,120 MEA Otp Foxp2 Glut,113 MEA-COA-BMA Ccdc42 Glut,False,Nts,2.024,0.406,34.1,7.2,1.618
BMAp,120 MEA Otp Foxp2 Glut,113 MEA-COA-BMA Ccdc42 Glut,False,Esr2,2.068,0.582,36.5,10.8,1.487
BMAp,120 MEA Otp Foxp2 Glut,113 MEA-COA-BMA Ccdc42 Glut,False,Mc4r,2.174,0.69,38.5,13.0,1.484
BMAp,120 MEA Otp Foxp2 Glut,119 SI-MA-LPO-LHA Skor1 Glut,True,Foxp2,9.274,0.426,99.0,7.8,8.848
BMAp,120 MEA Otp Foxp2 Glut,119 SI-MA-LPO-LHA Skor1 Glut,True,Otp,7.974,0.091,97.9,1.7,7.882
BMAp,120 MEA Otp Foxp2 Glut,119 SI-MA-LPO-LHA Skor1 Glut,True,Trh,4.288,0.044,64.0,0.8,4.244
BMAp,120 MEA Otp Foxp2 Glut,119 SI-MA-LPO-LHA Skor1 Glut,True,Otof,4.702,0.476,71.5,8.9,4.226
BMAp,120 MEA Otp Foxp2 Glut,119 SI-MA-LPO-LHA Skor1 Glut,True,Tac1,3.068,0.68,45.4,12.2,2.388
BMAp,120 MEA Otp Foxp2 Glut,119 SI-MA-LPO-LHA Skor1 Glut,True,Egr3,2.735,0.759,47.5,13.4,1.975
BMAp,120 MEA Otp Foxp2 Glut,119 SI-MA-LPO-LHA Skor1 Glut,True,Trhr,2.5,0.56,41.0,9.6,1.94
BMAp,120 MEA Otp Foxp2 Glut,119 SI-MA-LPO-LHA Skor1 Glut,True,Mc4r,2.174,0.235,38.5,4.5,1.938
BMAp,120 MEA Otp Foxp2 Glut,119 SI-MA-LPO-LHA Skor1 Glut,True,Esr2,2.068,0.181,36.5,3.4,1.887
BMAp,120 MEA Otp Foxp2 Glut,119 SI-MA-LPO-LHA Skor1 Glut,True,Ddc,1.941,0.11,34.8,2.1,1.831
BMAp,120 MEA Otp Foxp2 Glut,119 SI-MA-LPO-LHA Skor1 Glut,True,Ppp1r1b,2.072,0.302,38.0,5.8,1.77
BMAp,120 MEA Otp Foxp2 Glut,119 SI-MA-LPO-LHA Skor1 Glut,True,Crym,1.717,0.171,30.6,3.3,1.546
BMAp,120 MEA Otp Foxp2 Glut,121 MEA-BST Otp Zic2 Glut,True,Trh,4.288,0.874,64.0,13.6,3.414
BMAp,120 MEA Otp Foxp2 Glut,121 MEA-BST Otp Zic2 Glut,True,Cck,3.134,0.603,49.7,11.2,2.53
BMAp,120 MEA Otp Foxp2 Glut,121 MEA-BST Otp Zic2 Glut,True,Nxph4,3.02,0.645,48.1,11.0,2.375
BMAp,120 MEA Otp Foxp2 Glut,121 MEA-BST Otp Zic2 Glut,True,Ppp1r1b,2.072,0.503,38.0,9.4,1.569
BMAp,120 MEA Otp Foxp2 Glut,121 MEA-BST Otp Zic2 Glut,True,Cartpt,1.786,0.404,28.1,7.3,1.382
BMAp,120 MEA Otp Foxp2 Glut,121 MEA-BST Otp Zic2 Glut,True,Esr2,2.068,0.782,36.5,13.8,1.286
BMAp,120 MEA Otp Foxp2 Glut,121 MEA-BST Otp Zic2 Glut,True,Nts,2.024,0.802,34.1,13.9,1.222
BMAp,120 MEA Otp Foxp2 Glut,121 MEA-BST Otp Zic2 Glut,True,Krt9,1.57,0.353,27.5,6.4,1.217
BMAp,121 MEA-BST Otp Zic2 Glut,012 MEA Slc17a7 Glut,False,Otp,7.282,0.068,94.0,1.4,7.215
BMAp,121 MEA-BST Otp Zic2 Glut,012 MEA Slc17a7 Glut,False,Sim1,6.488,0.391,88.0,6.2,6.098
BMAp,121 MEA-BST Otp Zic2 Glut,012 MEA Slc17a7 Glut,False,Zic1,5.504,0.043,69.7,0.8,5.462
BMAp,121 MEA-BST Otp Zic2 Glut,012 MEA Slc17a7 Glut,False,Adcyap1,5.929,0.729,77.8,13.2,5.2
BMAp,121 MEA-BST Otp Zic2 Glut,012 MEA Slc17a7 Glut,False,Prlr,5.609,0.831,77.7,15.0,4.778
BMAp,121 MEA-BST Otp Zic2 Glut,012 MEA Slc17a7 Glut,False,Cbln1,4.912,0.179,65.9,3.6,4.733
BMAp,121 MEA-BST Otp Zic2 Glut,012 MEA Slc17a7 Glut,False,Mpped1,4.119,0.677,66.7,12.2,3.443
BMAp,121 MEA-BST Otp Zic2 Glut,012 MEA Slc17a7 Glut,False,Cd36,3.431,0.045,53.1,0.9,3.386
BMAp,121 MEA-BST Otp Zic2 Glut,012 MEA Slc17a7 Glut,False,Fezf1,2.697,0.032,44.9,0.7,2.665
BMAp,121 MEA-BST Otp Zic2 Glut,012 MEA Slc17a7 Glut,False,Rarb,2.563,0.345,38.9,6.5,2.218
BMAp,121 MEA-BST Otp Zic2 Glut,012 MEA Slc17a7 Glut,False,Ddc,2.275,0.155,39.4,3.0,2.119
BMAp,121 MEA-BST Otp Zic2 Glut,012 MEA Slc17a7 Glut,False,Foxp2,2.448,0.383,36.2,7.5,2.065
BMAp,121 MEA-BST Otp Zic2 Glut,073 MEA-BST Sox6 Gaba,False,Slc17a6,7.965,0.26,98.8,4.8,7.705
BMAp,121 MEA-BST Otp Zic2 Glut,073 MEA-BST Sox6 Gaba,False,Otp,7.282,0.08,94.0,1.5,7.202
BMAp,121 MEA-BST Otp Zic2 Glut,073 MEA-BST Sox6 Gaba,False,Sim1,6.488,0.022,88.0,0.4,6.466
BMAp,121 MEA-BST Otp Zic2 Glut,073 MEA-BST Sox6 Gaba,False,Adcyap1,5.929,0.169,77.8,3.0,5.76
BMAp,121 MEA-BST Otp Zic2 Glut,073 MEA-BST Sox6 Gaba,False,Zic1,5.504,0.046,69.7,0.9,5.458
BMAp,121 MEA-BST Otp Zic2 Glut,073 MEA-BST Sox6 Gaba,False,Cbln1,4.912,0.042,65.9,0.8,4.87
BMAp,121 MEA-BST Otp Zic2 Glut,073 MEA-BST Sox6 Gaba,False,Zic2,3.528,0.054,60.6,1.0,3.474
BMAp,121 MEA-BST Otp Zic2 Glut,073 MEA-BST Sox6 Gaba,False,Cd36,3.431,0.098,53.1,1.8,3.333
BMAp,121 MEA-BST Otp Zic2 Glut,073 MEA-BST Sox6 Gaba,False,Bdnf,3.555,0.504,54.8,7.9,3.051
BMAp,121 MEA-BST Otp Zic2 Glut,073 MEA-BST Sox6 Gaba,False,Fezf1,2.697,0.032,44.9,0.6,2.665
BMAp,121 MEA-BST Otp Zic2 Glut,073 MEA-BST Sox6 Gaba,False,Sulf1,2.972,0.747,46.9,12.0,2.225
BMAp,121 MEA-BST Otp Zic2 Glut,073 MEA-BST Sox6 Gaba,False,Chst9,2.613,0.457,37.6,7.6,2.156
BMAp,121 MEA-BST Otp Zic2 Glut,074 MEA-BST Lhx6 Sp9 Gaba,False,Slc17a6,7.965,0.28,98.8,5.4,7.685
BMAp,121 MEA-BST Otp Zic2 Glut,074 MEA-BST Lhx6 Sp9 Gaba,False,Otp,7.282,0.08,94.0,1.5,7.203
BMAp,121 MEA-BST Otp Zic2 Glut,074 MEA-BST Lhx6 Sp9 Gaba,False,Sim1,6.488,0.027,88.0,0.5,6.461
BMAp,121 MEA-BST Otp Zic2 Glut,074 MEA-BST Lhx6 Sp9 Gaba,False,Adcyap1,5.929,0.168,77.8,3.1,5.76
BMAp,121 MEA-BST Otp Zic2 Glut,074 MEA-BST Lhx6 Sp9 Gaba,False,Zic1,5.504,0.04,69.7,0.8,5.465
BMAp,121 MEA-BST Otp Zic2 Glut,074 MEA-BST Lhx6 Sp9 Gaba,False,Cbln1,4.912,0.304,65.9,5.2,4.608
BMAp,121 MEA-BST Otp Zic2 Glut,074 MEA-BST Lhx6 Sp9 Gaba,False,Zic2,3.528,0.014,60.6,0.3,3.514
BMAp,121 MEA-BST Otp Zic2 Glut,074 MEA-BST Lhx6 Sp9 Gaba,False,Cd36,3.431,0.104,53.1,1.9,3.327
BMAp,121 MEA-BST Otp Zic2 Glut,074 MEA-BST Lhx6 Sp9 Gaba,False,Matn2,3.668,0.784,59.4,14.9,2.884
BMAp,121 MEA-BST Otp Zic2 Glut,074 MEA-BST Lhx6 Sp9 Gaba,False,Bdnf,3.555,0.817,54.8,13.4,2.738
BMAp,121 MEA-BST Otp Zic2 Glut,074 MEA-BST Lhx6 Sp9 Gaba,False,Fezf1,2.697,0.029,44.9,0.6,2.668
BMAp,121 MEA-BST Otp Zic2 Glut,074 MEA-BST Lhx6 Sp9 Gaba,False,Sulf1,2.972,0.391,46.9,6.8,2.581
BMAp,121 MEA-BST Otp Zic2 Glut,082 CEA-BST Ebf1 Pdyn Gaba,False,Slc17a6,7.965,0.289,98.8,5.6,7.675
BMAp,121 MEA-BST Otp Zic2 Glut,082 CEA-BST Ebf1 Pdyn Gaba,False,Otp,7.282,0.103,94.0,2.0,7.179
BMAp,121 MEA-BST Otp Zic2 Glut,082 CEA-BST Ebf1 Pdyn Gaba,False,Sim1,6.488,0.038,88.0,0.7,6.45
BMAp,121 MEA-BST Otp Zic2 Glut,082 CEA-BST Ebf1 Pdyn Gaba,False,Adcyap1,5.929,0.109,77.8,2.1,5.82
BMAp,121 MEA-BST Otp Zic2 Glut,082 CEA-BST Ebf1 Pdyn Gaba,False,Zic1,5.504,0.219,69.7,3.9,5.285
BMAp,121 MEA-BST Otp Zic2 Glut,082 CEA-BST Ebf1 Pdyn Gaba,False,Esr1,5.495,0.625,79.4,11.5,4.87
BMAp,121 MEA-BST Otp Zic2 Glut,082 CEA-BST Ebf1 Pdyn Gaba,False,Cbln1,4.912,0.189,65.9,3.3,4.723
BMAp,121 MEA-BST Otp Zic2 Glut,082 CEA-BST Ebf1 Pdyn Gaba,False,Zic2,3.528,0.008,60.6,0.2,3.519
BMAp,121 MEA-BST Otp Zic2 Glut,082 CEA-BST Ebf1 Pdyn Gaba,False,Bdnf,3.555,0.143,54.8,2.7,3.412
BMAp,121 MEA-BST Otp Zic2 Glut,082 CEA-BST Ebf1 Pdyn Gaba,False,Cd36,3.431,0.288,53.1,5.1,3.143
BMAp,121 MEA-BST Otp Zic2 Glut,082 CEA-BST Ebf1 Pdyn Gaba,False,Fezf1,2.697,0.029,44.9,0.6,2.668
BMAp,121 MEA-BST Otp Zic2 Glut,082 CEA-BST Ebf1 Pdyn Gaba,False,Chst9,2.613,0.337,37.6,5.9,2.277
BMAp,121 MEA-BST Otp Zic2 Glut,113 MEA-COA-BMA Ccdc42 Glut,False,Sim1,6.488,0.864,88.0,13.8,5.624
BMAp,121 MEA-BST Otp Zic2 Glut,113 MEA-COA-BMA Ccdc42 Glut,False,Zic1,5.504,0.048,69.7,0.9,5.456
BMAp,121 MEA-BST Otp Zic2 Glut,113 MEA-COA-BMA Ccdc42 Glut,False,Cbln1,4.912,0.383,65.9,7.3,4.529
BMAp,121 MEA-BST Otp Zic2 Glut,113 MEA-COA-BMA Ccdc42 Glut,False,Pde1c,4.156,0.63,59.0,12.2,3.526
BMAp,121 MEA-BST Otp Zic2 Glut,113 MEA-COA-BMA Ccdc42 Glut,False,Zic2,3.528,0.034,60.6,0.6,3.494
BMAp,121 MEA-BST Otp Zic2 Glut,113 MEA-COA-BMA Ccdc42 Glut,False,Chst9,2.613,0.361,37.6,6.2,2.252
BMAp,121 MEA-BST Otp Zic2 Glut,113 MEA-COA-BMA Ccdc42 Glut,False,Tacr1,1.597,0.194,25.9,3.5,1.403
BMAp,121 MEA-BST Otp Zic2 Glut,113 MEA-COA-BMA Ccdc42 Glut,False,Bhlhe22,1.597,0.337,28.0,6.3,1.26
BMAp,121 MEA-BST Otp Zic2 Glut,113 MEA-COA-BMA Ccdc42 Glut,False,Slc17a7,1.66,0.604,26.8,10.4,1.056
BMAp,121 MEA-BST Otp Zic2 Glut,119 SI-MA-LPO-LHA Skor1 Glut,True,Otp,7.282,0.091,94.0,1.7,7.191
BMAp,121 MEA-BST Otp Zic2 Glut,119 SI-MA-LPO-LHA Skor1 Glut,True,Sim1,6.488,0.059,88.0,1.1,6.429
BMAp,121 MEA-BST Otp Zic2 Glut,119 SI-MA-LPO-LHA Skor1 Glut,True,Adcyap1,5.929,0.346,77.8,6.2,5.582
BMAp,121 MEA-BST Otp Zic2 Glut,119 SI-MA-LPO-LHA Skor1 Glut,True,Trhr,6.032,0.56,80.3,9.6,5.471
BMAp,121 MEA-BST Otp Zic2 Glut,119 SI-MA-LPO-LHA Skor1 Glut,True,Prlr,5.609,0.509,77.7,8.6,5.1
BMAp,121 MEA-BST Otp Zic2 Glut,119 SI-MA-LPO-LHA Skor1 Glut,True,Cbln1,4.912,0.06,65.9,1.1,4.852
BMAp,121 MEA-BST Otp Zic2 Glut,119 SI-MA-LPO-LHA Skor1 Glut,True,Otof,4.354,0.476,66.8,8.9,3.878
BMAp,121 MEA-BST Otp Zic2 Glut,119 SI-MA-LPO-LHA Skor1 Glut,True,Cd36,3.431,0.01,53.1,0.2,3.421
BMAp,121 MEA-BST Otp Zic2 Glut,119 SI-MA-LPO-LHA Skor1 Glut,True,Matn2,3.668,0.758,59.4,14.3,2.909
BMAp,121 MEA-BST Otp Zic2 Glut,119 SI-MA-LPO-LHA Skor1 Glut,True,Chst9,2.613,0.176,37.6,3.1,2.437
BMAp,121 MEA-BST Otp Zic2 Glut,119 SI-MA-LPO-LHA Skor1 Glut,True,Ddc,2.275,0.11,39.4,2.1,2.165
BMAp,121 MEA-BST Otp Zic2 Glut,119 SI-MA-LPO-LHA Skor1 Glut,True,Foxp2,2.448,0.426,36.2,7.8,2.022
BMAp,121 MEA-BST Otp Zic2 Glut,120 MEA Otp Foxp2 Glut,True,Sim1,6.488,0.344,88.0,5.4,6.144
BMAp,121 MEA-BST Otp Zic2 Glut,120 MEA Otp Foxp2 Glut,True,Zic1,5.504,0.357,69.7,5.9,5.148
BMAp,121 MEA-BST Otp Zic2 Glut,120 MEA Otp Foxp2 Glut,True,Cbln1,4.912,0.072,65.9,1.4,4.84
BMAp,121 MEA-BST Otp Zic2 Glut,120 MEA Otp Foxp2 Glut,True,Zic2,3.528,0.134,60.6,2.7,3.394
BMAp,121 MEA-BST Otp Zic2 Glut,120 MEA Otp Foxp2 Glut,True,Slc17a7,1.66,0.171,26.8,3.4,1.489
BMAp,121 MEA-BST Otp Zic2 Glut,120 MEA Otp Foxp2 Glut,True,Bhlhe22,1.597,0.332,28.0,6.7,1.265
ORBm,004 L6 IT CTX Glut,005 L5 IT CTX Glut,False,Whrn,2.476,0.264,40.0,4.8,2.212
ORBm,004 L6 IT CTX Glut,005 L5 IT CTX Glut,False,Oprk1,2.456,0.403,37.4,7.0,2.053
ORBm,004 L6 IT CTX Glut,005 L5 IT CTX Glut,False,Penk,2.049,0.42,31.7,7.6,1.629
ORBm,004 L6 IT CTX Glut,006 L4/5 IT CTX Glut,False,Sulf1,5.617,0.24,74.2,4.4,5.377
ORBm,004 L6 IT CTX Glut,006 L4/5 IT CTX Glut,False,Ptpru,4.427,0.629,66.7,11.7,3.798
ORBm,004 L6 IT CTX Glut,006 L4/5 IT CTX Glut,False,Drd1,2.678,0.248,44.4,4.5,2.429
ORBm,004 L6 IT CTX Glut,006 L4/5 IT CTX Glut,False,Oprk1,2.456,0.101,37.4,1.8,2.355
ORBm,004 L6 IT CTX Glut,006 L4/5 IT CTX Glut,False,Sema5a,2.714,0.476,41.2,8.5,2.238
ORBm,004 L6 IT CTX Glut,006 L4/5 IT CTX Glut,False,Rgs9,2.623,0.586,43.9,10.9,2.037
ORBm,004 L6 IT CTX Glut,006 L4/5 IT CTX Glut,False,Rxfp1,2.316,0.447,31.6,7.4,1.868
ORBm,004 L6 IT CTX Glut,006 L4/5 IT CTX Glut,False,Penk,2.049,0.185,31.7,3.3,1.864
ORBm,004 L6 IT CTX Glut,006 L4/5 IT CTX Glut,False,Cbln1,1.974,0.321,33.7,6.1,1.653
ORBm,004 L6 IT CTX Glut,006 L4/5 IT CTX Glut,False,Ntsr1,1.67,0.287,29.0,5.3,1.383
ORBm,004 L6 IT CTX Glut,006 L4/5 IT CTX Glut,False,Vegfd,1.686,0.581,27.4,10.5,1.105
ORBm,004 L6 IT CTX Glut,007 L2/3 IT CTX Glut,False,Thsd7b,3.804,0.493,56.4,8.9,3.312
ORBm,004 L6 IT CTX Glut,007 L2/3 IT CTX Glut,False,Rai14,2.81,0.204,45.3,3.7,2.606
ORBm,004 L6 IT CTX Glut,007 L2/3 IT CTX Glut,False,Oprk1,2.456,0.039,37.4,0.7,2.417
ORBm,004 L6 IT CTX Glut,007 L2/3 IT CTX Glut,False,Drd1,2.678,0.284,44.4,5.1,2.394
ORBm,004 L6 IT CTX Glut,007 L2/3 IT CTX Glut,False,Sema5a,2.714,0.353,41.2,6.5,2.361
ORBm,004 L6 IT CTX Glut,007 L2/3 IT CTX Glut,False,Whrn,2.476,0.221,40.0,4.1,2.255
ORBm,004 L6 IT CTX Glut,007 L2/3 IT CTX Glut,False,Rxfp1,2.316,0.219,31.6,3.8,2.097
ORBm,004 L6 IT CTX Glut,007 L2/3 IT CTX Glut,False,Cbln1,1.974,0.049,33.7,0.9,1.925
ORBm,004 L6 IT CTX Glut,007 L2/3 IT CTX Glut,False,Pld5,2.168,0.418,30.5,7.2,1.75
ORBm,004 L6 IT CTX Glut,007 L2/3 IT CTX Glut,False,Vegfd,1.686,0.249,27.4,4.7,1.437
ORBm,004 L6 IT CTX Glut,022 L5 ET CTX Glut,False,Sulf1,5.617,0.322,74.2,6.0,5.296
ORBm,004 L6 IT CTX Glut,022 L5 ET CTX Glut,False,Slc30a3,4.881,0.76,72.3,13.4,4.121
ORBm,004 L6 IT CTX Glut,022 L5 ET CTX Glut,False,Thsd7b,3.804,0.48,56.4,8.8,3.325
ORBm,004 L6 IT CTX Glut,022 L5 ET CTX Glut,False,Drd1,2.678,0.055,44.4,1.0,2.622
ORBm,004 L6 IT CTX Glut,022 L5 ET CTX Glut,False,Rai14,2.81,0.249,45.3,4.6,2.561
ORBm,004 L6 IT CTX Glut,022 L5 ET CTX Glut,False,Oprk1,2.456,0.02,37.4,0.4,2.436
ORBm,004 L6 IT CTX Glut,022 L5 ET CTX Glut,False,Sema5a,2.714,0.402,41.2,7.2,2.312
ORBm,004 L6 IT CTX Glut,022 L5 ET CTX Glut,False,Whrn,2.476,0.183,40.0,3.4,2.293
ORBm,004 L6 IT CTX Glut,022 L5 ET CTX Glut,False,Pld5,2.168,0.213,30.5,3.7,1.955
ORBm,004 L6 IT CTX Glut,022 L5 ET CTX Glut,False,Penk,2.049,0.227,31.7,4.2,1.822
ORBm,004 L6 IT CTX Glut,022 L5 ET CTX Glut,False,Cbln1,1.974,0.344,33.7,6.5,1.631
ORBm,004 L6 IT CTX Glut,022 L5 ET CTX Glut,False,Vegfd,1.686,0.373,27.4,7.1,1.312
ORBm,004 L6 IT CTX Glut,029 L6b CTX Glut,True,Slc30a3,4.881,0.253,72.3,4.6,4.628
ORBm,004 L6 IT CTX Glut,029 L6b CTX Glut,True,Matn2,2.919,0.406,46.6,7.2,2.514
ORBm,004 L6 IT CTX Glut,029 L6b CTX Glut,True,Oprk1,2.456,0.041,37.4,0.7,2.415
ORBm,004 L6 IT CTX Glut,029 L6b CTX Glut,True,Pld5,2.168,0.153,30.5,2.8,2.016
ORBm,004 L6 IT CTX Glut,029 L6b CTX Glut,True,Pou3f3,2.201,0.279,37.7,4.7,1.922
ORBm,004 L6 IT CTX Glut,029 L6b CTX Glut,True,Penk,2.049,0.151,31.7,2.6,1.898
ORBm,004 L6 IT CTX Glut,029 L6b CTX Glut,True,Rorb,2.043,0.449,28.9,7.8,1.594
ORBm,004 L6 IT CTX Glut,029 L6b CTX Glut,True,Calb1,1.9,0.381,32.2,6.8,1.518
ORBm,004 L6 IT CTX Glut,029 L6b CTX Glut,True,Npy,2.196,0.762,32.6,13.5,1.434
ORBm,004 L6 IT CTX Glut,029 L6b CTX Glut,True,Vat1l,1.823,0.44,31.3,8.0,1.383
ORBm,004 L6 IT CTX Glut,029 L6b CTX Glut,True,Vegfd,1.686,0.303,27.4,5.3,1.383
ORBm,004 L6 IT CTX Glut,029 L6b CTX Glut,True,Pou3f2,1.562,0.286,26.5,5.0,1.276
ORBm,004 L6 IT CTX Glut,030 L6 CT CTX Glut,True,Slc30a3,4.881,0.261,72.3,4.7,4.62
ORBm,004 L6 IT CTX Glut,030 L6 CT CTX Glut,True,Oprk1,2.456,0.05,37.4,0.9,2.406
ORBm,004 L6 IT CTX Glut,030 L6 CT CTX Glut,True,Pld5,2.168,0.157,30.5,2.8,2.012
ORBm,004 L6 IT CTX Glut,030 L6 CT CTX Glut,True,Penk,2.049,0.132,31.7,2.4,1.917
ORBm,004 L6 IT CTX Glut,030 L6 CT CTX Glut,True,Cbln1,1.974,0.415,33.7,7.3,1.559
ORBm,004 L6 IT CTX Glut,030 L6 CT CTX Glut,True,Rorb,2.043,0.501,28.9,8.8,1.542
ORBm,004 L6 IT CTX Glut,030 L6 CT CTX Glut,True,Calb1,1.9,0.412,32.2,7.4,1.487
ORBm,004 L6 IT CTX Glut,030 L6 CT CTX Glut,True,Vat1l,1.823,0.425,31.3,7.5,1.398
ORBm,004 L6 IT CTX Glut,030 L6 CT CTX Glut,True,Npy,2.196,0.813,32.6,14.4,1.384
ORBm,004 L6 IT CTX Glut,030 L6 CT CTX Glut,True,Vegfd,1.686,0.344,27.4,6.2,1.342
ORBm,004 L6 IT CTX Glut,032 L5 NP CTX Glut,False,Zfp804b,7.498,0.839,86.0,12.3,6.659
ORBm,004 L6 IT CTX Glut,032 L5 NP CTX Glut,False,Rspo2,6.425,0.267,88.1,4.3,6.159
ORBm,004 L6 IT CTX Glut,032 L5 NP CTX Glut,False,Sulf1,5.617,0.275,74.2,4.3,5.342
ORBm,004 L6 IT CTX Glut,032 L5 NP CTX Glut,False,Slc30a3,4.881,0.278,72.3,4.5,4.603
ORBm,004 L6 IT CTX Glut,032 L5 NP CTX Glut,False,Bdnf,5.408,0.877,72.8,13.8,4.531
ORBm,004 L6 IT CTX Glut,032 L5 NP CTX Glut,False,Nptx2,4.665,0.328,64.2,5.1,4.337
ORBm,004 L6 IT CTX Glut,032 L5 NP CTX Glut,False,Rgs2,4.413,0.903,67.6,14.7,3.51
ORBm,004 L6 IT CTX Glut,032 L5 NP CTX Glut,False,Thsd7b,3.804,0.37,56.4,5.8,3.435
ORBm,004 L6 IT CTX Glut,032 L5 NP CTX Glut,False,Oprk1,2.456,0.028,37.4,0.5,2.428
ORBm,004 L6 IT CTX Glut,032 L5 NP CTX Glut,False,Nr4a2,2.493,0.105,38.5,1.7,2.388
ORBm,004 L6 IT CTX Glut,032 L5 NP CTX Glut,False,Whrn,2.476,0.393,40.0,6.4,2.083
ORBm,004 L6 IT CTX Glut,032 L5 NP CTX Glut,False,Pld5,2.168,0.175,30.5,2.8,1.994
ORBm,004 L6 IT CTX Glut,046 Vip Gaba,False,Satb2,8.334,0.454,98.8,6.9,7.88
ORBm,004 L6 IT CTX Glut,046 Vip Gaba,False,Neurod6,7.135,0.333,93.7,5.1,6.802
ORBm,004 L6 IT CTX Glut,046 Vip Gaba,False,Neurod2,7.04,0.285,94.0,4.4,6.756
ORBm,004 L6 IT CTX Glut,046 Vip Gaba,False,Mpped1,7.645,0.957,96.8,14.6,6.688
ORBm,004 L6 IT CTX Glut,046 Vip Gaba,False,Sulf1,5.617,0.143,74.2,2.2,5.474
ORBm,004 L6 IT CTX Glut,046 Vip Gaba,False,Bdnf,5.408,0.218,72.8,3.4,5.19
ORBm,004 L6 IT CTX Glut,046 Vip Gaba,False,Tbr1,5.541,0.363,81.7,5.6,5.177
ORBm,004 L6 IT CTX Glut,046 Vip Gaba,False,Slc30a3,4.881,0.643,72.3,10.1,4.238
ORBm,004 L6 IT CTX Glut,046 Vip Gaba,False,Arc,4.552,0.438,64.9,6.6,4.113
ORBm,004 L6 IT CTX Glut,046 Vip Gaba,False,Meis2,4.644,0.655,65.5,10.0,3.989
ORBm,004 L6 IT CTX Glut,046 Vip Gaba,False,Jun,4.08,0.362,63.0,5.7,3.718
ORBm,004 L6 IT CTX Glut,046 Vip Gaba,False,Ptpru,4.427,0.924,66.7,14.2,3.503
ORBm,004 L6 IT CTX Glut,049 Lamp5 Gaba,False,Satb2,8.334,0.478,98.8,7.9,7.856
ORBm,004 L6 IT CTX Glut,049 Lamp5 Gaba,False,Neurod6,7.135,0.356,93.7,5.9,6.779
ORBm,004 L6 IT CTX Glut,049 Lamp5 Gaba,False,Neurod2,7.04,0.303,94.0,5.1,6.737
ORBm,004 L6 IT CTX Glut,049 Lamp5 Gaba,False,Egr3,7.22,0.899,90.8,14.5,6.321
ORBm,004 L6 IT CTX Glut,049 Lamp5 Gaba,False,Rspo2,6.425,0.179,88.1,2.9,6.246
ORBm,004 L6 IT CTX Glut,049 Lamp5 Gaba,False,Sulf1,5.617,0.229,74.2,3.8,5.389
ORBm,004 L6 IT CTX Glut,049 Lamp5 Gaba,False,Tbr1,5.541,0.442,81.7,7.1,5.099
ORBm,004 L6 IT CTX Glut,049 Lamp5 Gaba,False,Bdnf,5.408,0.431,72.8,7.0,4.977
ORBm,004 L6 IT CTX Glut,049 Lamp5 Gaba,False,Nptx2,4.665,0.255,64.2,4.3,4.41
ORBm,004 L6 IT CTX Glut,049 Lamp5 Gaba,False,Arc,4.552,0.421,64.9,6.9,4.13
ORBm,004 L6 IT CTX Glut,049 Lamp5 Gaba,False,Cbln2,4.882,0.8,67.6,12.5,4.082
ORBm,004 L6 IT CTX Glut,049 Lamp5 Gaba,False,Slc30a3,4.881,0.826,72.3,13.8,4.056
ORBm,004 L6 IT CTX Glut,052 Pvalb Gaba,False,Satb2,8.334,0.62,98.8,10.3,7.714
ORBm,004 L6 IT CTX Glut,052 Pvalb Gaba,False,Neurod6,7.135,0.387,93.7,6.7,6.748
ORBm,004 L6 IT CTX Glut,052 Pvalb Gaba,False,Neurod2,7.04,0.336,94.0,5.8,6.704
ORBm,004 L6 IT CTX Glut,052 Pvalb Gaba,False,Nfix,7.41,0.829,95.4,14.7,6.581
ORBm,004 L6 IT CTX Glut,052 Pvalb Gaba,False,Sulf1,5.617,0.178,74.2,3.0,5.439
ORBm,004 L6 IT CTX Glut,052 Pvalb Gaba,False,Bdnf,5.408,0.308,72.8,5.5,5.1
ORBm,004 L6 IT CTX Glut,052 Pvalb Gaba,False,Tbr1,5.541,0.495,81.7,8.6,5.046
ORBm,004 L6 IT CTX Glut,052 Pvalb Gaba,False,Cbln2,4.882,0.367,67.6,6.3,4.515
ORBm,004 L6 IT CTX Glut,052 Pvalb Gaba,False,Nptx2,4.665,0.421,64.2,7.4,4.243
ORBm,004 L6 IT CTX Glut,052 Pvalb Gaba,False,Arc,4.552,0.41,64.9,7.0,4.141
ORBm,004 L6 IT CTX Glut,052 Pvalb Gaba,False,Ptpru,4.427,0.308,66.7,5.4,4.119
ORBm,004 L6 IT CTX Glut,052 Pvalb Gaba,False,Meis2,4.644,0.585,65.5,10.2,4.059
ORBm,004 L6 IT CTX Glut,053 Sst Gaba,False,Satb2,8.334,0.554,98.8,9.4,7.779
ORBm,004 L6 IT CTX Glut,053 Sst Gaba,False,Nfib,7.887,0.789,96.0,13.5,7.098
ORBm,004 L6 IT CTX Glut,053 Sst Gaba,False,Neurod6,7.135,0.399,93.7,7.0,6.735
ORBm,004 L6 IT CTX Glut,053 Sst Gaba,False,Neurod2,7.04,0.332,94.0,5.8,6.709
ORBm,004 L6 IT CTX Glut,053 Sst Gaba,False,Nfix,7.41,0.708,95.4,12.5,6.702
ORBm,004 L6 IT CTX Glut,053 Sst Gaba,False,Sulf1,5.617,0.156,74.2,2.7,5.461
ORBm,004 L6 IT CTX Glut,053 Sst Gaba,False,Tbr1,5.541,0.516,81.7,9.0,5.024
ORBm,004 L6 IT CTX Glut,053 Sst Gaba,False,Bdnf,5.408,0.655,72.8,11.0,4.753
ORBm,004 L6 IT CTX Glut,053 Sst Gaba,False,Cbln2,4.882,0.389,67.6,6.7,4.493
ORBm,004 L6 IT CTX Glut,053 Sst Gaba,False,Meis2,4.644,0.632,65.5,10.9,4.012
ORBm,004 L6 IT CTX Glut,053 Sst Gaba,False,Nptx2,4.665,0.737,64.2,12.5,3.928
ORBm,004 L6 IT CTX Glut,053 Sst Gaba,False,Arc,4.552,0.746,64.9,12.9,3.806
ORBm,005 L5 IT CTX Glut,004 L6 IT CTX Glut,False,Lamp5,2.696,0.769,42.2,13.2,1.927
ORBm,005 L5 IT CTX Glut,004 L6 IT CTX Glut,False,Rbp4,1.61,0.462,29.2,8.5,1.148
ORBm,005 L5 IT CTX Glut,004 L6 IT CTX Glut,False,Coch,1.569,0.481,28.1,8.7,1.089
ORBm,005 L5 IT CTX Glut,006 L4/5 IT CTX Glut,False,Rxfp1,1.963,0.447,29.9,7.4,1.516
ORBm,005 L5 IT CTX Glut,006 L4/5 IT CTX Glut,False,Sema5a,1.854,0.476,30.4,8.5,1.379
ORBm,005 L5 IT CTX Glut,006 L4/5 IT CTX Glut,False,Ptpru,1.976,0.629,34.1,11.7,1.347
ORBm,005 L5 IT CTX Glut,006 L4/5 IT CTX Glut,False,Rgs9,1.604,0.586,29.3,10.9,1.018
ORBm,005 L5 IT CTX Glut,007 L2/3 IT CTX Glut,False,Pld5,5.284,0.418,63.9,7.2,4.866
ORBm,005 L5 IT CTX Glut,007 L2/3 IT CTX Glut,False,Thsd7b,2.713,0.493,42.1,8.9,2.22
ORBm,005 L5 IT CTX Glut,007 L2/3 IT CTX Glut,False,Rai14,2.365,0.204,41.1,3.7,2.161
ORBm,005 L5 IT CTX Glut,007 L2/3 IT CTX Glut,False,Rxfp1,1.963,0.219,29.9,3.8,1.744
ORBm,005 L5 IT CTX Glut,007 L2/3 IT CTX Glut,False,Sema5a,1.854,0.353,30.4,6.5,1.501
ORBm,005 L5 IT CTX Glut,007 L2/3 IT CTX Glut,False,Vegfd,1.553,0.249,25.1,4.7,1.304
ORBm,005 L5 IT CTX Glut,007 L2/3 IT CTX Glut,False,Rbp4,1.61,0.396,29.2,7.5,1.213
ORBm,005 L5 IT CTX Glut,022 L5 ET CTX Glut,True,Pld5,5.284,0.213,63.9,3.7,5.071
ORBm,005 L5 IT CTX Glut,022 L5 ET CTX Glut,True,Slc30a3,3.628,0.76,57.5,13.4,2.868
ORBm,005 L5 IT CTX Glut,022 L5 ET CTX Glut,True,Thsd7b,2.713,0.48,42.1,8.8,2.234
ORBm,005 L5 IT CTX Glut,022 L5 ET CTX Glut,True,Rai14,2.365,0.249,41.1,4.6,2.116
ORBm,005 L5 IT CTX Glut,022 L5 ET CTX Glut,True,Sema5a,1.854,0.402,30.4,7.2,1.452
ORBm,005 L5 IT CTX Glut,022 L5 ET CTX Glut,True,Coch,1.569,0.331,28.1,6.5,1.239
ORBm,005 L5 IT CTX Glut,022 L5 ET CTX Glut,True,Vegfd,1.553,0.373,25.1,7.1,1.179
ORBm,005 L5 IT CTX Glut,029 L6b CTX Glut,False,Rorb,6.329,0.449,81.8,7.8,5.881
ORBm,005 L5 IT CTX Glut,029 L6b CTX Glut,False,Pld5,5.284,0.153,63.9,2.8,5.131
ORBm,005 L5 IT CTX Glut,029 L6b CTX Glut,False,Pou3f2,3.965,0.286,63.2,5.0,3.679
ORBm,005 L5 IT CTX Glut,029 L6b CTX Glut,False,Adcyap1,3.716,0.234,57.9,4.2,3.483
ORBm,005 L5 IT CTX Glut,029 L6b CTX Glut,False,Pou3f3,3.756,0.279,62.8,4.7,3.478
ORBm,005 L5 IT CTX Glut,029 L6b CTX Glut,False,Slc30a3,3.628,0.253,57.5,4.6,3.375
ORBm,005 L5 IT CTX Glut,029 L6b CTX Glut,False,Tshz1,3.655,0.696,59.9,12.2,2.959
ORBm,005 L5 IT CTX Glut,029 L6b CTX Glut,False,Lamp5,2.696,0.268,42.2,4.8,2.429
ORBm,005 L5 IT CTX Glut,029 L6b CTX Glut,False,Vat1l,2.542,0.44,44.5,8.0,2.102
ORBm,005 L5 IT CTX Glut,029 L6b CTX Glut,False,Synpr,1.962,0.537,33.2,9.3,1.425
ORBm,005 L5 IT CTX Glut,029 L6b CTX Glut,False,Rarb,1.648,0.284,29.4,5.0,1.364
ORBm,005 L5 IT CTX Glut,029 L6b CTX Glut,False,Calb1,1.655,0.381,28.9,6.8,1.274
ORBm,005 L5 IT CTX Glut,030 L6 CT CTX Glut,False,Rorb,6.329,0.501,81.8,8.8,5.829
ORBm,005 L5 IT CTX Glut,030 L6 CT CTX Glut,False,Pld5,5.284,0.157,63.9,2.8,5.127
ORBm,005 L5 IT CTX Glut,030 L6 CT CTX Glut,False,Adcyap1,3.716,0.299,57.9,5.1,3.417
ORBm,005 L5 IT CTX Glut,030 L6 CT CTX Glut,False,Slc30a3,3.628,0.261,57.5,4.7,3.367
ORBm,005 L5 IT CTX Glut,030 L6 CT CTX Glut,False,Pou3f2,3.965,0.662,63.2,11.0,3.303
ORBm,005 L5 IT CTX Glut,030 L6 CT CTX Glut,False,Tshz1,3.655,0.789,59.9,14.2,2.866
ORBm,005 L5 IT CTX Glut,030 L6 CT CTX Glut,False,Vat1l,2.542,0.425,44.5,7.5,2.117
ORBm,005 L5 IT CTX Glut,030 L6 CT CTX Glut,False,Coch,1.569,0.135,28.1,2.5,1.435
ORBm,005 L5 IT CTX Glut,030 L6 CT CTX Glut,False,Bhlhe22,1.516,0.114,27.2,2.1,1.401
ORBm,005 L5 IT CTX Glut,030 L6 CT CTX Glut,False,Synpr,1.962,0.591,33.2,10.3,1.371
ORBm,005 L5 IT CTX Glut,030 L6 CT CTX Glut,False,Rarb,1.648,0.289,29.4,5.0,1.358
ORBm,005 L5 IT CTX Glut,030 L6 CT CTX Glut,False,Calb1,1.655,0.412,28.9,7.4,1.243
ORBm,005 L5 IT CTX Glut,032 L5 NP CTX Glut,True,Bdnf,6.235,0.877,84.2,13.8,5.358
ORBm,005 L5 IT CTX Glut,032 L5 NP CTX Glut,True,Pld5,5.284,0.175,63.9,2.8,5.109
ORBm,005 L5 IT CTX Glut,032 L5 NP CTX Glut,True,Rspo2,4.399,0.267,65.8,4.3,4.132
ORBm,005 L5 IT CTX Glut,032 L5 NP CTX Glut,True,Adcyap1,3.716,0.223,57.9,3.7,3.494
ORBm,005 L5 IT CTX Glut,032 L5 NP CTX Glut,True,Zfp804b,4.248,0.839,47.5,12.3,3.41
ORBm,005 L5 IT CTX Glut,032 L5 NP CTX Glut,True,Tshz1,3.655,0.262,59.9,4.3,3.393
ORBm,005 L5 IT CTX Glut,032 L5 NP CTX Glut,True,Slc30a3,3.628,0.278,57.5,4.5,3.35
ORBm,005 L5 IT CTX Glut,032 L5 NP CTX Glut,True,Nptx2,3.004,0.328,47.0,5.1,2.676
ORBm,005 L5 IT CTX Glut,032 L5 NP CTX Glut,True,Egr4,3.021,0.494,50.5,7.8,2.527
ORBm,005 L5 IT CTX Glut,032 L5 NP CTX Glut,True,Nr4a2,2.574,0.105,42.0,1.7,2.469
ORBm,005 L5 IT CTX Glut,032 L5 NP CTX Glut,True,Rgs2,3.255,0.903,54.6,14.7,2.352
ORBm,005 L5 IT CTX Glut,032 L5 NP CTX Glut,True,Lamp5,2.696,0.351,42.2,5.8,2.345
ORBm,005 L5 IT CTX Glut,046 Vip Gaba,False,Satb2,8.157,0.454,98.8,6.9,7.703
ORBm,005 L5 IT CTX Glut,046 Vip Gaba,False,Neurod6,7.522,0.333,96.9,5.1,7.189
ORBm,005 L5 IT CTX Glut,046 Vip Gaba,False,Mpped1,7.586,0.957,97.4,14.6,6.629
ORBm,005 L5 IT CTX Glut,046 Vip Gaba,False,Neurod2,6.626,0.285,92.9,4.4,6.342
ORBm,005 L5 IT CTX Glut,046 Vip Gaba,False,Bdnf,6.235,0.218,84.2,3.4,6.017
ORBm,005 L5 IT CTX Glut,046 Vip Gaba,False,Arc,5.96,0.438,79.6,6.6,5.522
ORBm,005 L5 IT CTX Glut,046 Vip Gaba,False,Rorb,6.329,0.822,81.8,12.3,5.507
ORBm,005 L5 IT CTX Glut,046 Vip Gaba,False,Tbr1,5.789,0.363,85.4,5.6,5.426
ORBm,005 L5 IT CTX Glut,046 Vip Gaba,False,Adcyap1,3.716,0.089,57.9,1.3,3.627
ORBm,005 L5 IT CTX Glut,046 Vip Gaba,False,Pou3f2,3.965,0.401,63.2,6.2,3.564
ORBm,005 L5 IT CTX Glut,046 Vip Gaba,False,Meis2,3.802,0.655,56.8,10.0,3.147
ORBm,005 L5 IT CTX Glut,046 Vip Gaba,False,Nr4a3,3.852,0.863,62.1,12.7,2.989
ORBm,005 L5 IT CTX Glut,049 Lamp5 Gaba,False,Satb2,8.157,0.478,98.8,7.9,7.679
ORBm,005 L5 IT CTX Glut,049 Lamp5 Gaba,False,Neurod6,7.522,0.356,96.9,5.9,7.166
ORBm,005 L5 IT CTX Glut,049 Lamp5 Gaba,False,Egr3,7.752,0.899,95.3,14.5,6.853
ORBm,005 L5 IT CTX Glut,049 Lamp5 Gaba,False,Neurod2,6.626,0.303,92.9,5.1,6.323
ORBm,005 L5 IT CTX Glut,049 Lamp5 Gaba,False,Rorb,6.329,0.26,81.8,4.3,6.07
ORBm,005 L5 IT CTX Glut,049 Lamp5 Gaba,False,Bdnf,6.235,0.431,84.2,7.0,5.804
ORBm,005 L5 IT CTX Glut,049 Lamp5 Gaba,False,Arc,5.96,0.421,79.6,6.9,5.539
ORBm,005 L5 IT CTX Glut,049 Lamp5 Gaba,False,Tbr1,5.789,0.442,85.4,7.1,5.348
ORBm,005 L5 IT CTX Glut,049 Lamp5 Gaba,False,Cbln2,6.08,0.8,76.6,12.5,5.281
ORBm,005 L5 IT CTX Glut,049 Lamp5 Gaba,False,Satb1,5.532,0.617,81.2,10.1,4.915
ORBm,005 L5 IT CTX Glut,049 Lamp5 Gaba,False,Rspo2,4.399,0.179,65.8,2.9,4.22
ORBm,005 L5 IT CTX Glut,049 Lamp5 Gaba,False,Pou3f2,3.965,0.138,63.2,2.4,3.827
ORBm,005 L5 IT CTX Glut,052 Pvalb Gaba,False,Satb2,8.157,0.62,98.8,10.3,7.537
ORBm,005 L5 IT CTX Glut,052 Pvalb Gaba,False,Neurod6,7.522,0.387,96.9,6.7,7.136
ORBm,005 L5 IT CTX Glut,052 Pvalb Gaba,False,Nfix,7.596,0.829,96.9,14.7,6.767
ORBm,005 L5 IT CTX Glut,052 Pvalb Gaba,False,Neurod2,6.626,0.336,92.9,5.8,6.29
ORBm,005 L5 IT CTX Glut,052 Pvalb Gaba,False,Bdnf,6.235,0.308,84.2,5.5,5.928
ORBm,005 L5 IT CTX Glut,052 Pvalb Gaba,False,Rorb,6.329,0.605,81.8,10.1,5.724
ORBm,005 L5 IT CTX Glut,052 Pvalb Gaba,False,Cbln2,6.08,0.367,76.6,6.3,5.714
ORBm,005 L5 IT CTX Glut,052 Pvalb Gaba,False,Arc,5.96,0.41,79.6,7.0,5.549
ORBm,005 L5 IT CTX Glut,052 Pvalb Gaba,False,Tbr1,5.789,0.495,85.4,8.6,5.294
ORBm,005 L5 IT CTX Glut,052 Pvalb Gaba,False,Pld5,5.284,0.547,63.9,9.4,4.737
ORBm,005 L5 IT CTX Glut,052 Pvalb Gaba,False,Pou3f2,3.965,0.333,63.2,5.9,3.632
ORBm,005 L5 IT CTX Glut,052 Pvalb Gaba,False,Adcyap1,3.716,0.104,57.9,1.9,3.612
ORBm,005 L5 IT CTX Glut,053 Sst Gaba,False,Satb2,8.157,0.554,98.8,9.4,7.603
ORBm,005 L5 IT CTX Glut,053 Sst Gaba,False,Neurod6,7.522,0.399,96.9,7.0,7.123
ORBm,005 L5 IT CTX Glut,053 Sst Gaba,False,Nfix,7.596,0.708,96.9,12.5,6.887
ORBm,005 L5 IT CTX Glut,053 Sst Gaba,False,Neurod2,6.626,0.332,92.9,5.8,6.295
ORBm,005 L5 IT CTX Glut,053 Sst Gaba,False,Rorb,6.329,0.425,81.8,7.3,5.904
ORBm,005 L5 IT CTX Glut,053 Sst Gaba,False,Nfib,6.615,0.789,88.0,13.5,5.825
ORBm,005 L5 IT CTX Glut,053 Sst Gaba,False,Cbln2,6.08,0.389,76.6,6.7,5.692
ORBm,005 L5 IT CTX Glut,053 Sst Gaba,False,Bdnf,6.235,0.655,84.2,11.0,5.58
ORBm,005 L5 IT CTX Glut,053 Sst Gaba,False,Tbr1,5.789,0.516,85.4,9.0,5.273
ORBm,005 L5 IT CTX Glut,053 Sst Gaba,False,Arc,5.96,0.746,79.6,12.9,5.214
ORBm,005 L5 IT CTX Glut,053 Sst Gaba,False,Pou3f2,3.965,0.206,63.2,3.5,3.759
ORBm,005 L5 IT CTX Glut,053 Sst Gaba,False,Adcyap1,3.716,0.106,57.9,1.8,3.611
ORBm,006 L4/5 IT CTX Glut,004 L6 IT CTX Glut,False,Cux2,4.802,0.332,67.0,5.7,4.471
ORBm,006 L4/5 IT CTX Glut,004 L6 IT CTX Glut,False,Lamp5,4.328,0.769,65.5,13.2,3.559
ORBm,006 L4/5 IT CTX Glut,004 L6 IT CTX Glut,False,Gpr88,3.291,0.337,51.6,6.0,2.954
ORBm,006 L4/5 IT CTX Glut,004 L6 IT CTX Glut,False,Coch,3.434,0.481,56.7,8.7,2.953
ORBm,006 L4/5 IT CTX Glut,004 L6 IT CTX Glut,False,Bhlhe22,3.502,0.659,58.3,11.6,2.843
ORBm,006 L4/5 IT CTX Glut,004 L6 IT CTX Glut,False,Tshz2,3.078,0.341,44.1,6.0,2.736
ORBm,006 L4/5 IT CTX Glut,004 L6 IT CTX Glut,False,Htr2c,1.948,0.251,31.1,4.5,1.697
ORBm,006 L4/5 IT CTX Glut,004 L6 IT CTX Glut,False,Slc17a6,1.61,0.054,26.7,0.9,1.556
ORBm,006 L4/5 IT CTX Glut,004 L6 IT CTX Glut,False,Pou3f1,1.762,0.505,28.6,8.8,1.256
ORBm,006 L4/5 IT CTX Glut,004 L6 IT CTX Glut,False,Rprm,1.869,0.675,30.8,11.8,1.194
ORBm,006 L4/5 IT CTX Glut,005 L5 IT CTX Glut,False,Cux2,4.802,0.668,67.0,10.8,4.134
ORBm,006 L4/5 IT CTX Glut,005 L5 IT CTX Glut,False,Whrn,3.279,0.264,51.6,4.8,3.016
ORBm,006 L4/5 IT CTX Glut,005 L5 IT CTX Glut,False,Tshz2,3.078,0.455,44.1,8.0,2.623
ORBm,006 L4/5 IT CTX Glut,005 L5 IT CTX Glut,False,Gpr88,3.291,0.834,51.6,13.5,2.457
ORBm,006 L4/5 IT CTX Glut,005 L5 IT CTX Glut,False,Htr2c,1.948,0.266,31.1,5.1,1.682
ORBm,006 L4/5 IT CTX Glut,005 L5 IT CTX Glut,False,Slc17a6,1.61,0.197,26.7,3.5,1.413
ORBm,006 L4/5 IT CTX Glut,007 L2/3 IT CTX Glut,False,Whrn,3.279,0.221,51.6,4.1,3.058
ORBm,006 L4/5 IT CTX Glut,007 L2/3 IT CTX Glut,False,Tshz2,3.078,0.724,44.1,11.9,2.354
ORBm,006 L4/5 IT CTX Glut,007 L2/3 IT CTX Glut,False,Pld5,2.749,0.418,37.2,7.2,2.331
ORBm,006 L4/5 IT CTX Glut,007 L2/3 IT CTX Glut,False,Fezf2,1.936,0.155,33.4,2.9,1.781
ORBm,006 L4/5 IT CTX Glut,007 L2/3 IT CTX Glut,False,Rprm,1.869,0.641,30.8,11.5,1.228
ORBm,006 L4/5 IT CTX Glut,022 L5 ET CTX Glut,False,Slc30a3,5.965,0.76,84.7,13.4,5.204
ORBm,006 L4/5 IT CTX Glut,022 L5 ET CTX Glut,False,Cux2,4.802,0.279,67.0,5.2,4.523
ORBm,006 L4/5 IT CTX Glut,022 L5 ET CTX Glut,False,Gpr88,3.291,0.128,51.6,2.4,3.163
ORBm,006 L4/5 IT CTX Glut,022 L5 ET CTX Glut,False,Coch,3.434,0.331,56.7,6.5,3.103
ORBm,006 L4/5 IT CTX Glut,022 L5 ET CTX Glut,False,Whrn,3.279,0.183,51.6,3.4,3.096
ORBm,006 L4/5 IT CTX Glut,022 L5 ET CTX Glut,False,Calb1,3.616,0.809,52.0,14.7,2.807
ORBm,006 L4/5 IT CTX Glut,022 L5 ET CTX Glut,False,Pld5,2.749,0.213,37.2,3.7,2.536
ORBm,006 L4/5 IT CTX Glut,022 L5 ET CTX Glut,False,Tshz2,3.078,0.781,44.1,12.6,2.297
ORBm,006 L4/5 IT CTX Glut,022 L5 ET CTX Glut,False,Htr2c,1.948,0.38,31.1,6.6,1.568
ORBm,006 L4/5 IT CTX Glut,022 L5 ET CTX Glut,False,Egr2,1.483,0.429,25.7,7.7,1.054
ORBm,006 L4/5 IT CTX Glut,029 L6b CTX Glut,False,Rorb,8.555,0.449,96.4,7.8,8.106
ORBm,006 L4/5 IT CTX Glut,029 L6b CTX Glut,False,Slc30a3,5.965,0.253,84.7,4.6,5.711
ORBm,006 L4/5 IT CTX Glut,029 L6b CTX Glut,False,Synpr,5.667,0.537,76.1,9.3,5.13
ORBm,006 L4/5 IT CTX Glut,029 L6b CTX Glut,False,Cux2,4.802,0.261,67.0,4.6,4.541
ORBm,006 L4/5 IT CTX Glut,029 L6b CTX Glut,False,Adcyap1,4.339,0.234,65.4,4.2,4.105
ORBm,006 L4/5 IT CTX Glut,029 L6b CTX Glut,False,Lamp5,4.328,0.268,65.5,4.8,4.06
ORBm,006 L4/5 IT CTX Glut,029 L6b CTX Glut,False,Pou3f2,4.34,0.286,67.8,5.0,4.054
ORBm,006 L4/5 IT CTX Glut,029 L6b CTX Glut,False,Tshz1,4.39,0.696,68.2,12.2,3.694
ORBm,006 L4/5 IT CTX Glut,029 L6b CTX Glut,False,Pou3f3,3.566,0.279,59.4,4.7,3.287
ORBm,006 L4/5 IT CTX Glut,029 L6b CTX Glut,False,Calb1,3.616,0.381,52.0,6.8,3.235
ORBm,006 L4/5 IT CTX Glut,029 L6b CTX Glut,False,Coch,3.434,0.337,56.7,6.2,3.097
ORBm,006 L4/5 IT CTX Glut,029 L6b CTX Glut,False,Gpr88,3.291,0.383,51.6,6.8,2.908
ORBm,006 L4/5 IT CTX Glut,030 L6 CT CTX Glut,False,Rorb,8.555,0.501,96.4,8.8,8.054
ORBm,006 L4/5 IT CTX Glut,030 L6 CT CTX Glut,False,Slc30a3,5.965,0.261,84.7,4.7,5.703
ORBm,006 L4/5 IT CTX Glut,030 L6 CT CTX Glut,False,Synpr,5.667,0.591,76.1,10.3,5.076
ORBm,006 L4/5 IT CTX Glut,030 L6 CT CTX Glut,False,Cux2,4.802,0.263,67.0,4.7,4.54
ORBm,006 L4/5 IT CTX Glut,030 L6 CT CTX Glut,False,Adcyap1,4.339,0.299,65.4,5.1,4.039
ORBm,006 L4/5 IT CTX Glut,030 L6 CT CTX Glut,False,Pou3f2,4.34,0.662,67.8,11.0,3.679
ORBm,006 L4/5 IT CTX Glut,030 L6 CT CTX Glut,False,Tshz1,4.39,0.789,68.2,14.2,3.601
ORBm,006 L4/5 IT CTX Glut,030 L6 CT CTX Glut,False,Bhlhe22,3.502,0.114,58.3,2.1,3.388
ORBm,006 L4/5 IT CTX Glut,030 L6 CT CTX Glut,False,Coch,3.434,0.135,56.7,2.5,3.299
ORBm,006 L4/5 IT CTX Glut,030 L6 CT CTX Glut,False,Calb1,3.616,0.412,52.0,7.4,3.204
ORBm,006 L4/5 IT CTX Glut,030 L6 CT CTX Glut,False,Gpr88,3.291,0.151,51.6,2.7,3.14
ORBm,006 L4/5 IT CTX Glut,030 L6 CT CTX Glut,False,Pld5,2.749,0.157,37.2,2.8,2.592
ORBm,006 L4/5 IT CTX Glut,032 L5 NP CTX Glut,False,Slc30a3,5.965,0.278,84.7,4.5,5.686
ORBm,006 L4/5 IT CTX Glut,032 L5 NP CTX Glut,False,Synpr,5.667,0.564,76.1,9.1,5.103
ORBm,006 L4/5 IT CTX Glut,032 L5 NP CTX Glut,False,Zfp804b,5.258,0.839,63.1,12.3,4.42
ORBm,006 L4/5 IT CTX Glut,032 L5 NP CTX Glut,False,Cux2,4.802,0.393,67.0,6.4,4.409
ORBm,006 L4/5 IT CTX Glut,032 L5 NP CTX Glut,False,Bdnf,5.026,0.877,71.1,13.8,4.149
ORBm,006 L4/5 IT CTX Glut,032 L5 NP CTX Glut,False,Tshz1,4.39,0.262,68.2,4.3,4.128
ORBm,006 L4/5 IT CTX Glut,032 L5 NP CTX Glut,False,Adcyap1,4.339,0.223,65.4,3.7,4.116
ORBm,006 L4/5 IT CTX Glut,032 L5 NP CTX Glut,False,Lamp5,4.328,0.351,65.5,5.8,3.977
ORBm,006 L4/5 IT CTX Glut,032 L5 NP CTX Glut,False,Egr4,3.845,0.494,60.1,7.8,3.351
ORBm,006 L4/5 IT CTX Glut,032 L5 NP CTX Glut,False,Coch,3.434,0.136,56.7,2.3,3.299
ORBm,006 L4/5 IT CTX Glut,032 L5 NP CTX Glut,False,Calb1,3.616,0.382,52.0,6.3,3.234
ORBm,006 L4/5 IT CTX Glut,032 L5 NP CTX Glut,False,Gpr88,3.291,0.263,51.6,4.4,3.027
ORBm,006 L4/5 IT CTX Glut,046 Vip Gaba,False,Rorb,8.555,0.822,96.4,12.3,7.732
ORBm,006 L4/5 IT CTX Glut,046 Vip Gaba,False,Satb2,7.793,0.454,97.8,6.9,7.339
ORBm,006 L4/5 IT CTX Glut,046 Vip Gaba,False,Neurod6,7.335,0.333,95.6,5.1,7.002
ORBm,006 L4/5 IT CTX Glut,046 Vip Gaba,False,Neurod2,6.532,0.285,91.5,4.4,6.247
ORBm,006 L4/5 IT CTX Glut,046 Vip Gaba,False,Mpped1,6.953,0.957,93.1,14.6,5.996
ORBm,006 L4/5 IT CTX Glut,046 Vip Gaba,False,Arc,6.087,0.438,83.6,6.6,5.649
ORBm,006 L4/5 IT CTX Glut,046 Vip Gaba,False,Slc30a3,5.965,0.643,84.7,10.1,5.321
ORBm,006 L4/5 IT CTX Glut,046 Vip Gaba,False,Bdnf,5.026,0.218,71.1,3.4,4.808
ORBm,006 L4/5 IT CTX Glut,046 Vip Gaba,False,Tbr1,5.044,0.363,77.4,5.6,4.68
ORBm,006 L4/5 IT CTX Glut,046 Vip Gaba,False,Meis2,5.255,0.655,69.1,10.0,4.601
ORBm,006 L4/5 IT CTX Glut,046 Vip Gaba,False,Adcyap1,4.339,0.089,65.4,1.3,4.249
ORBm,006 L4/5 IT CTX Glut,046 Vip Gaba,False,Lamp5,4.328,0.285,65.5,4.4,4.043
ORBm,006 L4/5 IT CTX Glut,049 Lamp5 Gaba,False,Rorb,8.555,0.26,96.4,4.3,8.295
ORBm,006 L4/5 IT CTX Glut,049 Lamp5 Gaba,False,Satb2,7.793,0.478,97.8,7.9,7.315
ORBm,006 L4/5 IT CTX Glut,049 Lamp5 Gaba,False,Neurod6,7.335,0.356,95.6,5.9,6.979
ORBm,006 L4/5 IT CTX Glut,049 Lamp5 Gaba,False,Egr3,7.875,0.899,96.5,14.5,6.976
ORBm,006 L4/5 IT CTX Glut,049 Lamp5 Gaba,False,Neurod2,6.532,0.303,91.5,5.1,6.229
ORBm,006 L4/5 IT CTX Glut,049 Lamp5 Gaba,False,Arc,6.087,0.421,83.6,6.9,5.666
ORBm,006 L4/5 IT CTX Glut,049 Lamp5 Gaba,False,Satb1,6.041,0.617,85.7,10.1,5.424
ORBm,006 L4/5 IT CTX Glut,049 Lamp5 Gaba,False,Slc30a3,5.965,0.826,84.7,13.8,5.139
ORBm,006 L4/5 IT CTX Glut,049 Lamp5 Gaba,False,Tbr1,5.044,0.442,77.4,7.1,4.602
ORBm,006 L4/5 IT CTX Glut,049 Lamp5 Gaba,False,Bdnf,5.026,0.431,71.1,7.0,4.595
ORBm,006 L4/5 IT CTX Glut,049 Lamp5 Gaba,False,Meis2,5.255,0.676,69.1,10.9,4.579
ORBm,006 L4/5 IT CTX Glut,049 Lamp5 Gaba,False,Pou3f2,4.34,0.138,67.8,2.4,4.203
ORBm,006 L4/5 IT CTX Glut,052 Pvalb Gaba,False,Rorb,8.555,0.605,96.4,10.1,7.949
ORBm,006 L4/5 IT CTX Glut,052 Pvalb Gaba,False,Satb2,7.793,0.62,97.8,10.3,7.173
ORBm,006 L4/5 IT CTX Glut,052 Pvalb Gaba,False,Nfix,7.87,0.829,97.5,14.7,7.041
ORBm,006 L4/5 IT CTX Glut,052 Pvalb Gaba,False,Neurod6,7.335,0.387,95.6,6.7,6.948
ORBm,006 L4/5 IT CTX Glut,052 Pvalb Gaba,False,Neurod2,6.532,0.336,91.5,5.8,6.196
ORBm,006 L4/5 IT CTX Glut,052 Pvalb Gaba,False,Arc,6.087,0.41,83.6,7.0,5.677
ORBm,006 L4/5 IT CTX Glut,052 Pvalb Gaba,False,Bdnf,5.026,0.308,71.1,5.5,4.718
ORBm,006 L4/5 IT CTX Glut,052 Pvalb Gaba,False,Meis2,5.255,0.585,69.1,10.2,4.671
ORBm,006 L4/5 IT CTX Glut,052 Pvalb Gaba,False,Tbr1,5.044,0.495,77.4,8.6,4.549
ORBm,006 L4/5 IT CTX Glut,052 Pvalb Gaba,False,Adcyap1,4.339,0.104,65.4,1.9,4.234
ORBm,006 L4/5 IT CTX Glut,052 Pvalb Gaba,False,Lamp5,4.328,0.286,65.5,5.0,4.042
ORBm,006 L4/5 IT CTX Glut,052 Pvalb Gaba,False,Pou3f2,4.34,0.333,67.8,5.9,4.008
ORBm,006 L4/5 IT CTX Glut,053 Sst Gaba,False,Rorb,8.555,0.425,96.4,7.3,8.129
ORBm,006 L4/5 IT CTX Glut,053 Sst Gaba,False,Satb2,7.793,0.554,97.8,9.4,7.239
ORBm,006 L4/5 IT CTX Glut,053 Sst Gaba,False,Nfix,7.87,0.708,97.5,12.5,7.161
ORBm,006 L4/5 IT CTX Glut,053 Sst Gaba,False,Neurod6,7.335,0.399,95.6,7.0,6.936
ORBm,006 L4/5 IT CTX Glut,053 Sst Gaba,False,Neurod2,6.532,0.332,91.5,5.8,6.201
ORBm,006 L4/5 IT CTX Glut,053 Sst Gaba,False,Arc,6.087,0.746,83.6,12.9,5.341
ORBm,006 L4/5 IT CTX Glut,053 Sst Gaba,False,Nfib,5.739,0.789,79.3,13.5,4.95
ORBm,006 L4/5 IT CTX Glut,053 Sst Gaba,False,Meis2,5.255,0.632,69.1,10.9,4.624
ORBm,006 L4/5 IT CTX Glut,053 Sst Gaba,False,Tbr1,5.044,0.516,77.4,9.0,4.527
ORBm,006 L4/5 IT CTX Glut,053 Sst Gaba,False,Bdnf,5.026,0.655,71.1,11.0,4.371
ORBm,006 L4/5 IT CTX Glut,053 Sst Gaba,False,Adcyap1,4.339,0.106,65.4,1.8,4.233
ORBm,006 L4/5 IT CTX Glut,053 Sst Gaba,False,Pou3f2,4.34,0.206,67.8,3.5,4.135
ORBm,007 L2/3 IT CTX Glut,004 L6 IT CTX Glut,False,Cux2,7.38,0.332,94.7,5.7,7.049
ORBm,007 L2/3 IT CTX Glut,004 L6 IT CTX Glut,False,Lamp5,6.439,0.769,85.5,13.2,5.67
ORBm,007 L2/3 IT CTX Glut,004 L6 IT CTX Glut,False,Bhlhe22,4.979,0.659,73.4,11.6,4.319
ORBm,007 L2/3 IT CTX Glut,004 L6 IT CTX Glut,False,Gpr88,4.119,0.337,65.2,6.0,3.782
ORBm,007 L2/3 IT CTX Glut,004 L6 IT CTX Glut,False,Otof,2.923,0.458,46.5,8.2,2.465
ORBm,007 L2/3 IT CTX Glut,004 L6 IT CTX Glut,False,Pou3f1,2.487,0.505,41.0,8.8,1.982
ORBm,007 L2/3 IT CTX Glut,004 L6 IT CTX Glut,False,Pdyn,1.798,0.129,28.9,2.3,1.669
ORBm,007 L2/3 IT CTX Glut,004 L6 IT CTX Glut,False,Grp,1.968,0.302,31.7,5.2,1.665
ORBm,007 L2/3 IT CTX Glut,004 L6 IT CTX Glut,False,Reln,1.804,0.427,30.2,7.4,1.377
ORBm,007 L2/3 IT CTX Glut,005 L5 IT CTX Glut,False,Cux2,7.38,0.668,94.7,10.8,6.712
ORBm,007 L2/3 IT CTX Glut,005 L5 IT CTX Glut,False,Gpr88,4.119,0.834,65.2,13.5,3.286
ORBm,007 L2/3 IT CTX Glut,005 L5 IT CTX Glut,False,Otof,2.923,0.102,46.5,2.0,2.821
ORBm,007 L2/3 IT CTX Glut,005 L5 IT CTX Glut,False,Grp,1.968,0.139,31.7,2.6,1.829
ORBm,007 L2/3 IT CTX Glut,005 L5 IT CTX Glut,False,Pdyn,1.798,0.15,28.9,2.8,1.649
ORBm,007 L2/3 IT CTX Glut,005 L5 IT CTX Glut,False,Reln,1.804,0.3,30.2,5.7,1.504
ORBm,007 L2/3 IT CTX Glut,005 L5 IT CTX Glut,False,Penk,1.874,0.42,28.3,7.6,1.454
ORBm,007 L2/3 IT CTX Glut,006 L4/5 IT CTX Glut,False,Otof,2.923,0.213,46.5,3.9,2.71
ORBm,007 L2/3 IT CTX Glut,006 L4/5 IT CTX Glut,False,Penk,1.874,0.185,28.3,3.3,1.689
ORBm,007 L2/3 IT CTX Glut,006 L4/5 IT CTX Glut,False,Pdyn,1.798,0.158,28.9,3.0,1.641
ORBm,007 L2/3 IT CTX Glut,006 L4/5 IT CTX Glut,False,Reln,1.804,0.416,30.2,7.5,1.388
ORBm,007 L2/3 IT CTX Glut,006 L4/5 IT CTX Glut,False,Grp,1.968,0.675,31.7,11.5,1.293
ORBm,007 L2/3 IT CTX Glut,022 L5 ET CTX Glut,False,Cux2,7.38,0.279,94.7,5.2,7.101
ORBm,007 L2/3 IT CTX Glut,022 L5 ET CTX Glut,False,Calb1,7.409,0.809,94.7,14.7,6.6
ORBm,007 L2/3 IT CTX Glut,022 L5 ET CTX Glut,False,Slc30a3,5.288,0.76,78.0,13.4,4.527
ORBm,007 L2/3 IT CTX Glut,022 L5 ET CTX Glut,False,Gpr88,4.119,0.128,65.2,2.4,3.991
ORBm,007 L2/3 IT CTX Glut,022 L5 ET CTX Glut,False,Otof,2.923,0.155,46.5,2.9,2.768
ORBm,007 L2/3 IT CTX Glut,022 L5 ET CTX Glut,False,Penk,1.874,0.227,28.3,4.2,1.647
ORBm,007 L2/3 IT CTX Glut,022 L5 ET CTX Glut,False,Oprd1,1.392,0.186,25.1,3.6,1.206
ORBm,007 L2/3 IT CTX Glut,029 L6b CTX Glut,False,Cux2,7.38,0.261,94.7,4.6,7.12
ORBm,007 L2/3 IT CTX Glut,029 L6b CTX Glut,False,Calb1,7.409,0.381,94.7,6.8,7.027
ORBm,007 L2/3 IT CTX Glut,029 L6b CTX Glut,False,Lamp5,6.439,0.268,85.5,4.8,6.171
ORBm,007 L2/3 IT CTX Glut,029 L6b CTX Glut,False,Synpr,6.004,0.537,81.8,9.3,5.468
ORBm,007 L2/3 IT CTX Glut,029 L6b CTX Glut,False,Slc30a3,5.288,0.253,78.0,4.6,5.034
ORBm,007 L2/3 IT CTX Glut,029 L6b CTX Glut,False,Matn2,4.651,0.406,68.4,7.2,4.245
ORBm,007 L2/3 IT CTX Glut,029 L6b CTX Glut,False,Gpr88,4.119,0.383,65.2,6.8,3.737
ORBm,007 L2/3 IT CTX Glut,029 L6b CTX Glut,False,Pou3f2,3.574,0.286,56.6,5.0,3.288
ORBm,007 L2/3 IT CTX Glut,029 L6b CTX Glut,False,Pou3f3,3.428,0.279,56.0,4.7,3.149
ORBm,007 L2/3 IT CTX Glut,029 L6b CTX Glut,False,Nos1,3.311,0.231,48.7,4.0,3.081
ORBm,007 L2/3 IT CTX Glut,029 L6b CTX Glut,False,Otof,2.923,0.048,46.5,0.9,2.875
ORBm,007 L2/3 IT CTX Glut,029 L6b CTX Glut,False,Vat1l,2.962,0.44,48.9,8.0,2.522
ORBm,007 L2/3 IT CTX Glut,030 L6 CT CTX Glut,False,Cux2,7.38,0.263,94.7,4.7,7.118
ORBm,007 L2/3 IT CTX Glut,030 L6 CT CTX Glut,False,Calb1,7.409,0.412,94.7,7.4,6.996
ORBm,007 L2/3 IT CTX Glut,030 L6 CT CTX Glut,False,Synpr,6.004,0.591,81.8,10.3,5.414
ORBm,007 L2/3 IT CTX Glut,030 L6 CT CTX Glut,False,Slc30a3,5.288,0.261,78.0,4.7,5.026
ORBm,007 L2/3 IT CTX Glut,030 L6 CT CTX Glut,False,Bhlhe22,4.979,0.114,73.4,2.1,4.864
ORBm,007 L2/3 IT CTX Glut,030 L6 CT CTX Glut,False,Gpr88,4.119,0.151,65.2,2.7,3.969
ORBm,007 L2/3 IT CTX Glut,030 L6 CT CTX Glut,False,Pou3f2,3.574,0.662,56.6,11.0,2.912
ORBm,007 L2/3 IT CTX Glut,030 L6 CT CTX Glut,False,Otof,2.923,0.075,46.5,1.4,2.848
ORBm,007 L2/3 IT CTX Glut,030 L6 CT CTX Glut,False,Nos1,3.311,0.56,48.7,9.7,2.751
ORBm,007 L2/3 IT CTX Glut,030 L6 CT CTX Glut,False,Vat1l,2.962,0.425,48.9,7.5,2.537
ORBm,007 L2/3 IT CTX Glut,030 L6 CT CTX Glut,False,Pou3f1,2.487,0.064,41.0,1.2,2.423
ORBm,007 L2/3 IT CTX Glut,030 L6 CT CTX Glut,False,Penk,1.874,0.132,28.3,2.4,1.742
ORBm,007 L2/3 IT CTX Glut,032 L5 NP CTX Glut,False,Calb1,7.409,0.382,94.7,6.3,7.026
ORBm,007 L2/3 IT CTX Glut,032 L5 NP CTX Glut,False,Cux2,7.38,0.393,94.7,6.4,6.988
ORBm,007 L2/3 IT CTX Glut,032 L5 NP CTX Glut,False,Lamp5,6.439,0.351,85.5,5.8,6.088
ORBm,007 L2/3 IT CTX Glut,032 L5 NP CTX Glut,False,Synpr,6.004,0.564,81.8,9.1,5.441
ORBm,007 L2/3 IT CTX Glut,032 L5 NP CTX Glut,False,Slc30a3,5.288,0.278,78.0,4.5,5.009
ORBm,007 L2/3 IT CTX Glut,032 L5 NP CTX Glut,False,Bhlhe22,4.979,0.907,73.4,14.5,4.071
ORBm,007 L2/3 IT CTX Glut,032 L5 NP CTX Glut,False,Gpr88,4.119,0.263,65.2,4.4,3.856
ORBm,007 L2/3 IT CTX Glut,032 L5 NP CTX Glut,False,Bdnf,4.624,0.877,62.1,13.8,3.747
ORBm,007 L2/3 IT CTX Glut,032 L5 NP CTX Glut,False,Rspo2,3.86,0.267,58.5,4.3,3.594
ORBm,007 L2/3 IT CTX Glut,032 L5 NP CTX Glut,False,Rgs2,4.106,0.903,65.1,14.7,3.204
ORBm,007 L2/3 IT CTX Glut,032 L5 NP CTX Glut,False,Zfp804b,3.86,0.839,54.9,12.3,3.022
ORBm,007 L2/3 IT CTX Glut,032 L5 NP CTX Glut,False,Nos1,3.311,0.432,48.7,6.8,2.879
ORBm,007 L2/3 IT CTX Glut,046 Vip Gaba,False,Meis2,9.101,0.655,99.0,10.0,8.446
ORBm,007 L2/3 IT CTX Glut,046 Vip Gaba,False,Calb1,7.409,0.366,94.7,5.7,7.043
ORBm,007 L2/3 IT CTX Glut,046 Vip Gaba,False,Satb2,7.332,0.454,94.5,6.9,6.878
ORBm,007 L2/3 IT CTX Glut,046 Vip Gaba,False,Mpped1,7.272,0.957,94.8,14.6,6.315
ORBm,007 L2/3 IT CTX Glut,046 Vip Gaba,False,Lamp5,6.439,0.285,85.5,4.4,6.154
ORBm,007 L2/3 IT CTX Glut,046 Vip Gaba,False,Neurod2,5.773,0.285,84.9,4.4,5.488
ORBm,007 L2/3 IT CTX Glut,046 Vip Gaba,False,Bhlhe22,4.979,0.082,73.4,1.3,4.897
ORBm,007 L2/3 IT CTX Glut,046 Vip Gaba,False,Slc30a3,5.288,0.643,78.0,10.1,4.644
ORBm,007 L2/3 IT CTX Glut,046 Vip Gaba,False,Bdnf,4.624,0.218,62.1,3.4,4.406
ORBm,007 L2/3 IT CTX Glut,046 Vip Gaba,False,Neurod6,4.685,0.333,71.3,5.1,4.352
ORBm,007 L2/3 IT CTX Glut,046 Vip Gaba,False,Matn2,4.651,0.35,68.4,5.5,4.301
ORBm,007 L2/3 IT CTX Glut,046 Vip Gaba,False,Gpr88,4.119,0.168,65.2,2.6,3.952
ORBm,007 L2/3 IT CTX Glut,049 Lamp5 Gaba,False,Meis2,9.101,0.676,99.0,10.9,8.425
ORBm,007 L2/3 IT CTX Glut,049 Lamp5 Gaba,False,Calb1,7.409,0.385,94.7,6.4,7.024
ORBm,007 L2/3 IT CTX Glut,049 Lamp5 Gaba,False,Satb2,7.332,0.478,94.5,7.9,6.854
ORBm,007 L2/3 IT CTX Glut,049 Lamp5 Gaba,False,Egr3,6.886,0.899,88.6,14.5,5.987
ORBm,007 L2/3 IT CTX Glut,049 Lamp5 Gaba,False,Neurod2,5.773,0.303,84.9,5.1,5.47
ORBm,007 L2/3 IT CTX Glut,049 Lamp5 Gaba,False,Bhlhe22,4.979,0.281,73.4,4.5,4.698
ORBm,007 L2/3 IT CTX Glut,049 Lamp5 Gaba,False,Slc30a3,5.288,0.826,78.0,13.8,4.462
ORBm,007 L2/3 IT CTX Glut,049 Lamp5 Gaba,False,Matn2,4.651,0.196,68.4,3.4,4.455
ORBm,007 L2/3 IT CTX Glut,049 Lamp5 Gaba,False,Neurod6,4.685,0.356,71.3,5.9,4.329
ORBm,007 L2/3 IT CTX Glut,049 Lamp5 Gaba,False,Bdnf,4.624,0.431,62.1,7.0,4.193
ORBm,007 L2/3 IT CTX Glut,049 Lamp5 Gaba,False,Gpr88,4.119,0.102,65.2,1.8,4.018
ORBm,007 L2/3 IT CTX Glut,049 Lamp5 Gaba,False,Rspo2,3.86,0.179,58.5,2.9,3.681
ORBm,007 L2/3 IT CTX Glut,052 Pvalb Gaba,False,Meis2,9.101,0.585,99.0,10.2,8.516
ORBm,007 L2/3 IT CTX Glut,052 Pvalb Gaba,False,Satb2,7.332,0.62,94.5,10.3,6.712
ORBm,007 L2/3 IT CTX Glut,052 Pvalb Gaba,False,Nfix,7.031,0.829,93.5,14.7,6.202
ORBm,007 L2/3 IT CTX Glut,052 Pvalb Gaba,False,Lamp5,6.439,0.286,85.5,5.0,6.153
ORBm,007 L2/3 IT CTX Glut,052 Pvalb Gaba,False,Neurod2,5.773,0.336,84.9,5.8,5.437
ORBm,007 L2/3 IT CTX Glut,052 Pvalb Gaba,False,Bhlhe22,4.979,0.143,73.4,2.5,4.835
ORBm,007 L2/3 IT CTX Glut,052 Pvalb Gaba,False,Bdnf,4.624,0.308,62.1,5.5,4.316
ORBm,007 L2/3 IT CTX Glut,052 Pvalb Gaba,False,Neurod6,4.685,0.387,71.3,6.7,4.298
ORBm,007 L2/3 IT CTX Glut,052 Pvalb Gaba,False,Gpr88,4.119,0.089,65.2,1.6,4.03
ORBm,007 L2/3 IT CTX Glut,052 Pvalb Gaba,False,Cbln2,3.86,0.367,56.1,6.3,3.494
ORBm,007 L2/3 IT CTX Glut,052 Pvalb Gaba,False,Tbr1,3.958,0.495,63.6,8.6,3.463
ORBm,007 L2/3 IT CTX Glut,052 Pvalb Gaba,False,Pou3f2,3.574,0.333,56.6,5.9,3.241
ORBm,007 L2/3 IT CTX Glut,053 Sst Gaba,False,Meis2,9.101,0.632,99.0,10.9,8.469
ORBm,007 L2/3 IT CTX Glut,053 Sst Gaba,False,Satb2,7.332,0.554,94.5,9.4,6.778
ORBm,007 L2/3 IT CTX Glut,053 Sst Gaba,False,Nfib,7.294,0.789,92.7,13.5,6.505
ORBm,007 L2/3 IT CTX Glut,053 Sst Gaba,False,Nfix,7.031,0.708,93.5,12.5,6.323
ORBm,007 L2/3 IT CTX Glut,053 Sst Gaba,False,Lamp5,6.439,0.278,85.5,4.9,6.161
ORBm,007 L2/3 IT CTX Glut,053 Sst Gaba,False,Neurod2,5.773,0.332,84.9,5.8,5.441
ORBm,007 L2/3 IT CTX Glut,053 Sst Gaba,False,Bhlhe22,4.979,0.09,73.4,1.6,4.889
ORBm,007 L2/3 IT CTX Glut,053 Sst Gaba,False,Neurod6,4.685,0.399,71.3,7.0,4.285
ORBm,007 L2/3 IT CTX Glut,053 Sst Gaba,False,Gpr88,4.119,0.132,65.2,2.3,3.988
ORBm,007 L2/3 IT CTX Glut,053 Sst Gaba,False,Bdnf,4.624,0.655,62.1,11.0,3.969
ORBm,007 L2/3 IT CTX Glut,053 Sst Gaba,False,Cbln2,3.86,0.389,56.1,6.7,3.471
ORBm,007 L2/3 IT CTX Glut,053 Sst Gaba,False,Tbr1,3.958,0.516,63.6,9.0,3.442
ORBm,022 L5 ET CTX Glut,004 L6 IT CTX Glut,False,Pou3f1,7.053,0.505,92.1,8.8,6.548
ORBm,022 L5 ET CTX Glut,004 L6 IT CTX Glut,False,Lamp5,6.394,0.769,88.9,13.2,5.625
ORBm,022 L5 ET CTX Glut,004 L6 IT CTX Glut,False,Reln,4.285,0.427,64.3,7.4,3.858
ORBm,022 L5 ET CTX Glut,004 L6 IT CTX Glut,False,Npr3,4.486,0.726,70.8,12.9,3.76
ORBm,022 L5 ET CTX Glut,004 L6 IT CTX Glut,False,Bhlhe22,3.906,0.659,64.2,11.6,3.247
ORBm,022 L5 ET CTX Glut,004 L6 IT CTX Glut,False,Lratd2,2.789,0.059,47.3,1.1,2.73
ORBm,022 L5 ET CTX Glut,004 L6 IT CTX Glut,False,Grp,2.773,0.302,44.9,5.2,2.47
ORBm,022 L5 ET CTX Glut,004 L6 IT CTX Glut,False,Npnt,1.752,0.113,27.5,2.1,1.64
ORBm,022 L5 ET CTX Glut,004 L6 IT CTX Glut,False,Pdyn,1.623,0.129,26.6,2.3,1.494
ORBm,022 L5 ET CTX Glut,004 L6 IT CTX Glut,False,Zfhx3,1.496,0.193,26.4,3.6,1.303
ORBm,022 L5 ET CTX Glut,004 L6 IT CTX Glut,False,Foxp2,1.55,0.371,25.9,6.5,1.18
ORBm,022 L5 ET CTX Glut,004 L6 IT CTX Glut,False,Rbp4,1.498,0.462,27.4,8.5,1.036
ORBm,022 L5 ET CTX Glut,005 L5 IT CTX Glut,True,Npr3,4.486,0.5,70.8,9.4,3.986
ORBm,022 L5 ET CTX Glut,005 L5 IT CTX Glut,True,Reln,4.285,0.3,64.3,5.7,3.985
ORBm,022 L5 ET CTX Glut,005 L5 IT CTX Glut,True,Grp,2.773,0.139,44.9,2.6,2.634
ORBm,022 L5 ET CTX Glut,005 L5 IT CTX Glut,True,Lratd2,2.789,0.157,47.3,3.0,2.632
ORBm,022 L5 ET CTX Glut,005 L5 IT CTX Glut,True,Pdyn,1.623,0.15,26.6,2.8,1.474
ORBm,022 L5 ET CTX Glut,005 L5 IT CTX Glut,True,Zfhx3,1.496,0.34,26.4,6.5,1.155
ORBm,022 L5 ET CTX Glut,005 L5 IT CTX Glut,True,Npnt,1.752,0.623,27.5,11.2,1.13
ORBm,022 L5 ET CTX Glut,005 L5 IT CTX Glut,True,Foxp2,1.55,0.472,25.9,8.8,1.078
ORBm,022 L5 ET CTX Glut,006 L4/5 IT CTX Glut,False,Npr3,4.486,0.105,70.8,2.1,4.381
ORBm,022 L5 ET CTX Glut,006 L4/5 IT CTX Glut,False,Reln,4.285,0.416,64.3,7.5,3.869
ORBm,022 L5 ET CTX Glut,006 L4/5 IT CTX Glut,False,Lratd2,2.789,0.074,47.3,1.4,2.715
ORBm,022 L5 ET CTX Glut,006 L4/5 IT CTX Glut,False,Grp,2.773,0.675,44.9,11.5,2.098
ORBm,022 L5 ET CTX Glut,006 L4/5 IT CTX Glut,False,Rgs9,2.554,0.586,44.7,10.9,1.968
ORBm,022 L5 ET CTX Glut,006 L4/5 IT CTX Glut,False,Rxfp1,2.105,0.447,34.1,7.4,1.657
ORBm,022 L5 ET CTX Glut,006 L4/5 IT CTX Glut,False,Pdyn,1.623,0.158,26.6,3.0,1.466
ORBm,022 L5 ET CTX Glut,006 L4/5 IT CTX Glut,False,Zfhx3,1.496,0.37,26.4,7.1,1.126
ORBm,022 L5 ET CTX Glut,006 L4/5 IT CTX Glut,False,Foxp2,1.55,0.523,25.9,9.6,1.027
ORBm,022 L5 ET CTX Glut,007 L2/3 IT CTX Glut,False,Fezf2,7.132,0.155,94.1,2.9,6.978
ORBm,022 L5 ET CTX Glut,007 L2/3 IT CTX Glut,False,Lratd2,2.789,0.11,47.3,2.1,2.679
ORBm,022 L5 ET CTX Glut,007 L2/3 IT CTX Glut,False,Rxfp1,2.105,0.219,34.1,3.8,1.885
ORBm,022 L5 ET CTX Glut,007 L2/3 IT CTX Glut,False,Foxp2,1.55,0.262,25.9,4.7,1.289
ORBm,022 L5 ET CTX Glut,007 L2/3 IT CTX Glut,False,Rbp4,1.498,0.396,27.4,7.5,1.101
ORBm,022 L5 ET CTX Glut,029 L6b CTX Glut,False,Pou3f1,7.053,0.08,92.1,1.4,6.973
ORBm,022 L5 ET CTX Glut,029 L6b CTX Glut,False,Lamp5,6.394,0.268,88.9,4.8,6.126
ORBm,022 L5 ET CTX Glut,029 L6b CTX Glut,False,Etv1,6.735,0.9,90.2,14.6,5.835
ORBm,022 L5 ET CTX Glut,029 L6b CTX Glut,False,Vat1l,6.207,0.44,87.9,8.0,5.766
ORBm,022 L5 ET CTX Glut,029 L6b CTX Glut,False,Adcyap1,4.394,0.234,65.8,4.2,4.16
ORBm,022 L5 ET CTX Glut,029 L6b CTX Glut,False,Npr3,4.486,0.461,70.8,8.1,4.025
ORBm,022 L5 ET CTX Glut,029 L6b CTX Glut,False,Reln,4.285,0.745,64.3,12.6,3.54
ORBm,022 L5 ET CTX Glut,029 L6b CTX Glut,False,Pou3f3,3.287,0.279,54.2,4.7,3.008
ORBm,022 L5 ET CTX Glut,029 L6b CTX Glut,False,Grp,2.773,0.042,44.9,0.8,2.73
ORBm,022 L5 ET CTX Glut,029 L6b CTX Glut,False,Lratd2,2.789,0.155,47.3,2.8,2.634
ORBm,022 L5 ET CTX Glut,029 L6b CTX Glut,False,Rorb,2.34,0.449,35.6,7.8,1.892
ORBm,022 L5 ET CTX Glut,029 L6b CTX Glut,False,Npnt,1.752,0.103,27.5,1.8,1.649
ORBm,022 L5 ET CTX Glut,030 L6 CT CTX Glut,False,Pou3f1,7.053,0.064,92.1,1.2,6.989
ORBm,022 L5 ET CTX Glut,030 L6 CT CTX Glut,False,Vat1l,6.207,0.425,87.9,7.5,5.782
ORBm,022 L5 ET CTX Glut,030 L6 CT CTX Glut,False,Adcyap1,4.394,0.299,65.8,5.1,4.095
ORBm,022 L5 ET CTX Glut,030 L6 CT CTX Glut,False,Reln,4.285,0.326,64.3,5.7,3.959
ORBm,022 L5 ET CTX Glut,030 L6 CT CTX Glut,False,Bhlhe22,3.906,0.114,64.2,2.1,3.792
ORBm,022 L5 ET CTX Glut,030 L6 CT CTX Glut,False,Lratd2,2.789,0.092,47.3,1.6,2.697
ORBm,022 L5 ET CTX Glut,030 L6 CT CTX Glut,False,Grp,2.773,0.597,44.9,9.8,2.176
ORBm,022 L5 ET CTX Glut,030 L6 CT CTX Glut,False,Rorb,2.34,0.501,35.6,8.8,1.84
ORBm,022 L5 ET CTX Glut,030 L6 CT CTX Glut,False,Pdyn,1.623,0.124,26.6,2.2,1.499
ORBm,022 L5 ET CTX Glut,030 L6 CT CTX Glut,False,Npnt,1.752,0.593,27.5,10.5,1.159
ORBm,022 L5 ET CTX Glut,032 L5 NP CTX Glut,True,Pou3f1,7.053,0.081,92.1,1.4,6.972
ORBm,022 L5 ET CTX Glut,032 L5 NP CTX Glut,True,Lamp5,6.394,0.351,88.9,5.8,6.043
ORBm,022 L5 ET CTX Glut,032 L5 NP CTX Glut,True,Vat1l,6.207,0.549,87.9,8.9,5.658
ORBm,022 L5 ET CTX Glut,032 L5 NP CTX Glut,True,Zfp804b,5.766,0.839,76.6,12.3,4.928
ORBm,022 L5 ET CTX Glut,032 L5 NP CTX Glut,True,Npr3,4.486,0.061,70.8,1.1,4.425
ORBm,022 L5 ET CTX Glut,032 L5 NP CTX Glut,True,Adcyap1,4.394,0.223,65.8,3.7,4.171
ORBm,022 L5 ET CTX Glut,032 L5 NP CTX Glut,True,Reln,4.285,0.315,64.3,5.0,3.971
ORBm,022 L5 ET CTX Glut,032 L5 NP CTX Glut,True,Bdnf,4.429,0.877,62.8,13.8,3.552
ORBm,022 L5 ET CTX Glut,032 L5 NP CTX Glut,True,Bhlhe22,3.906,0.907,64.2,14.5,2.998
ORBm,022 L5 ET CTX Glut,032 L5 NP CTX Glut,True,Egr4,3.348,0.494,51.7,7.8,2.853
ORBm,022 L5 ET CTX Glut,032 L5 NP CTX Glut,True,Rgs2,3.67,0.903,60.9,14.7,2.767
ORBm,022 L5 ET CTX Glut,032 L5 NP CTX Glut,True,Lratd2,2.789,0.046,47.3,0.8,2.743
ORBm,022 L5 ET CTX Glut,046 Vip Gaba,False,Meis2,8.093,0.655,96.5,10.0,7.438
ORBm,022 L5 ET CTX Glut,046 Vip Gaba,False,Mpped1,8.363,0.957,99.4,14.6,7.406
ORBm,022 L5 ET CTX Glut,046 Vip Gaba,False,Fezf2,7.132,0.106,94.1,1.6,7.027
ORBm,022 L5 ET CTX Glut,046 Vip Gaba,False,Pou3f1,7.053,0.052,92.1,0.8,7.001
ORBm,022 L5 ET CTX Glut,046 Vip Gaba,False,Neurod2,6.606,0.285,92.3,4.4,6.321
ORBm,022 L5 ET CTX Glut,046 Vip Gaba,False,Crym,6.295,0.181,89.1,2.8,6.114
ORBm,022 L5 ET CTX Glut,046 Vip Gaba,False,Lamp5,6.394,0.285,88.9,4.4,6.109
ORBm,022 L5 ET CTX Glut,046 Vip Gaba,False,Satb2,6.198,0.454,87.3,6.9,5.744
ORBm,022 L5 ET CTX Glut,046 Vip Gaba,False,Npr3,4.486,0.035,70.8,0.6,4.452
ORBm,022 L5 ET CTX Glut,046 Vip Gaba,False,Adcyap1,4.394,0.089,65.8,1.3,4.305
ORBm,022 L5 ET CTX Glut,046 Vip Gaba,False,Bdnf,4.429,0.218,62.8,3.4,4.211
ORBm,022 L5 ET CTX Glut,046 Vip Gaba,False,Tbr1,4.314,0.363,70.6,5.6,3.951
ORBm,022 L5 ET CTX Glut,049 Lamp5 Gaba,False,Meis2,8.093,0.676,96.5,10.9,7.417
ORBm,022 L5 ET CTX Glut,049 Lamp5 Gaba,False,Pou3f1,7.053,0.047,92.1,0.8,7.006
ORBm,022 L5 ET CTX Glut,049 Lamp5 Gaba,False,Fezf2,7.132,0.156,94.1,2.7,6.977
ORBm,022 L5 ET CTX Glut,049 Lamp5 Gaba,False,Neurod2,6.606,0.303,92.3,5.1,6.303
ORBm,022 L5 ET CTX Glut,049 Lamp5 Gaba,False,Etv1,6.735,0.491,90.2,8.2,6.244
ORBm,022 L5 ET CTX Glut,049 Lamp5 Gaba,False,Crym,6.295,0.22,89.1,3.7,6.075
ORBm,022 L5 ET CTX Glut,049 Lamp5 Gaba,False,Satb2,6.198,0.478,87.3,7.9,5.72
ORBm,022 L5 ET CTX Glut,049 Lamp5 Gaba,False,Egr3,5.643,0.899,81.0,14.5,4.744
ORBm,022 L5 ET CTX Glut,049 Lamp5 Gaba,False,Npr3,4.486,0.077,70.8,1.3,4.409
ORBm,022 L5 ET CTX Glut,049 Lamp5 Gaba,False,Adcyap1,4.394,0.24,65.8,3.9,4.154
ORBm,022 L5 ET CTX Glut,049 Lamp5 Gaba,False,Bdnf,4.429,0.431,62.8,7.0,3.998
ORBm,022 L5 ET CTX Glut,049 Lamp5 Gaba,False,Tbr1,4.314,0.442,70.6,7.1,3.873
ORBm,022 L5 ET CTX Glut,052 Pvalb Gaba,False,Meis2,8.093,0.585,96.5,10.2,7.508
ORBm,022 L5 ET CTX Glut,052 Pvalb Gaba,False,Fezf2,7.132,0.115,94.1,2.1,7.017
ORBm,022 L5 ET CTX Glut,052 Pvalb Gaba,False,Pou3f1,7.053,0.093,92.1,1.7,6.96
ORBm,022 L5 ET CTX Glut,052 Pvalb Gaba,False,Nfix,7.57,0.829,97.4,14.7,6.741
ORBm,022 L5 ET CTX Glut,052 Pvalb Gaba,False,Neurod2,6.606,0.336,92.3,5.8,6.27
ORBm,022 L5 ET CTX Glut,052 Pvalb Gaba,False,Lamp5,6.394,0.286,88.9,5.0,6.108
ORBm,022 L5 ET CTX Glut,052 Pvalb Gaba,False,Crym,6.295,0.239,89.1,4.3,6.056
ORBm,022 L5 ET CTX Glut,052 Pvalb Gaba,False,Satb2,6.198,0.62,87.3,10.3,5.578
ORBm,022 L5 ET CTX Glut,052 Pvalb Gaba,False,Adcyap1,4.394,0.104,65.8,1.9,4.29
ORBm,022 L5 ET CTX Glut,052 Pvalb Gaba,False,Bdnf,4.429,0.308,62.8,5.5,4.121
ORBm,022 L5 ET CTX Glut,052 Pvalb Gaba,False,Npr3,4.486,0.414,70.8,7.4,4.072
ORBm,022 L5 ET CTX Glut,052 Pvalb Gaba,False,Tbr1,4.314,0.495,70.6,8.6,3.819
ORBm,022 L5 ET CTX Glut,053 Sst Gaba,False,Nfib,9.498,0.789,100.0,13.5,8.709
ORBm,022 L5 ET CTX Glut,053 Sst Gaba,False,Meis2,8.093,0.632,96.5,10.9,7.461
ORBm,022 L5 ET CTX Glut,053 Sst Gaba,False,Fezf2,7.132,0.14,94.1,2.5,6.993
ORBm,022 L5 ET CTX Glut,053 Sst Gaba,False,Pou3f1,7.053,0.175,92.1,3.2,6.878
ORBm,022 L5 ET CTX Glut,053 Sst Gaba,False,Nfix,7.57,0.708,97.4,12.5,6.862
ORBm,022 L5 ET CTX Glut,053 Sst Gaba,False,Neurod2,6.606,0.332,92.3,5.8,6.274
ORBm,022 L5 ET CTX Glut,053 Sst Gaba,False,Lamp5,6.394,0.278,88.9,4.9,6.116
ORBm,022 L5 ET CTX Glut,053 Sst Gaba,False,Crym,6.295,0.261,89.1,4.6,6.034
ORBm,022 L5 ET CTX Glut,053 Sst Gaba,False,Etv1,6.735,0.868,90.2,13.5,5.867
ORBm,022 L5 ET CTX Glut,053 Sst Gaba,False,Satb2,6.198,0.554,87.3,9.4,5.644
ORBm,022 L5 ET CTX Glut,053 Sst Gaba,False,Adcyap1,4.394,0.106,65.8,1.8,4.288
ORBm,022 L5 ET CTX Glut,053 Sst Gaba,False,Npr3,4.486,0.471,70.8,8.2,4.015
ORBm,029 L6b CTX Glut,004 L6 IT CTX Glut,True,Ccn2,6.137,0.076,76.9,1.4,6.061
ORBm,029 L6b CTX Glut,004 L6 IT CTX Glut,True,Cplx3,5.342,0.225,61.6,4.1,5.117
ORBm,029 L6b CTX Glut,004 L6 IT CTX Glut,True,Foxp2,5.375,0.371,68.7,6.5,5.004
ORBm,029 L6b CTX Glut,004 L6 IT CTX Glut,True,Nxph4,4.913,0.045,65.5,0.8,4.868
ORBm,029 L6b CTX Glut,004 L6 IT CTX Glut,True,Syt6,3.143,0.35,44.9,6.2,2.793
ORBm,029 L6b CTX Glut,004 L6 IT CTX Glut,True,Sla,2.841,0.238,44.0,4.2,2.602
ORBm,029 L6b CTX Glut,004 L6 IT CTX Glut,True,Moxd1,2.246,0.043,33.1,0.8,2.203
ORBm,029 L6b CTX Glut,004 L6 IT CTX Glut,True,Bhlhe22,2.032,0.659,31.5,11.6,1.373
ORBm,029 L6b CTX Glut,004 L6 IT CTX Glut,True,Rprm,1.935,0.675,28.2,11.8,1.261
ORBm,029 L6b CTX Glut,005 L5 IT CTX Glut,False,Ccn2,6.137,0.074,76.9,1.4,6.063
ORBm,029 L6b CTX Glut,005 L5 IT CTX Glut,False,Cplx3,5.342,0.188,61.6,3.5,5.154
ORBm,029 L6b CTX Glut,005 L5 IT CTX Glut,False,Foxp2,5.375,0.472,68.7,8.8,4.902
ORBm,029 L6b CTX Glut,005 L5 IT CTX Glut,False,Nxph4,4.913,0.049,65.5,1.0,4.865
ORBm,029 L6b CTX Glut,005 L5 IT CTX Glut,False,Syt6,3.143,0.317,44.9,5.9,2.826
ORBm,029 L6b CTX Glut,005 L5 IT CTX Glut,False,Sla,2.841,0.086,44.0,1.6,2.755
ORBm,029 L6b CTX Glut,005 L5 IT CTX Glut,False,Moxd1,2.246,0.049,33.1,0.9,2.197
ORBm,029 L6b CTX Glut,006 L4/5 IT CTX Glut,False,Sema5a,7.016,0.476,91.9,8.5,6.541
ORBm,029 L6b CTX Glut,006 L4/5 IT CTX Glut,False,Ccn2,6.137,0.046,76.9,0.9,6.091
ORBm,029 L6b CTX Glut,006 L4/5 IT CTX Glut,False,Sulf1,5.79,0.24,78.6,4.4,5.55
ORBm,029 L6b CTX Glut,006 L4/5 IT CTX Glut,False,Cplx3,5.342,0.15,61.6,2.8,5.192
ORBm,029 L6b CTX Glut,006 L4/5 IT CTX Glut,False,Nxph4,4.913,0.049,65.5,1.0,4.864
ORBm,029 L6b CTX Glut,006 L4/5 IT CTX Glut,False,Foxp2,5.375,0.523,68.7,9.6,4.851
ORBm,029 L6b CTX Glut,006 L4/5 IT CTX Glut,False,Drd1,4.357,0.248,67.2,4.5,4.109
ORBm,029 L6b CTX Glut,006 L4/5 IT CTX Glut,False,Syt6,3.143,0.206,44.9,3.8,2.938
ORBm,029 L6b CTX Glut,006 L4/5 IT CTX Glut,False,Sla,2.841,0.088,44.0,1.6,2.752
ORBm,029 L6b CTX Glut,006 L4/5 IT CTX Glut,False,Moxd1,2.246,0.048,33.1,0.9,2.198
ORBm,029 L6b CTX Glut,006 L4/5 IT CTX Glut,False,Ntsr1,1.743,0.287,29.9,5.3,1.456
ORBm,029 L6b CTX Glut,006 L4/5 IT CTX Glut,False,Rgs9,1.876,0.586,31.2,10.9,1.29
ORBm,029 L6b CTX Glut,007 L2/3 IT CTX Glut,False,Sema5a,7.016,0.353,91.9,6.5,6.664
ORBm,029 L6b CTX Glut,007 L2/3 IT CTX Glut,False,Rai14,6.41,0.204,86.5,3.7,6.206
ORBm,029 L6b CTX Glut,007 L2/3 IT CTX Glut,False,Ccn2,6.137,0.046,76.9,0.9,6.091
ORBm,029 L6b CTX Glut,007 L2/3 IT CTX Glut,False,Thsd7b,5.812,0.493,76.7,8.9,5.319
ORBm,029 L6b CTX Glut,007 L2/3 IT CTX Glut,False,Cplx3,5.342,0.156,61.6,2.9,5.186
ORBm,029 L6b CTX Glut,007 L2/3 IT CTX Glut,False,Foxp2,5.375,0.262,68.7,4.7,5.113
ORBm,029 L6b CTX Glut,007 L2/3 IT CTX Glut,False,Nxph4,4.913,0.023,65.5,0.5,4.89
ORBm,029 L6b CTX Glut,007 L2/3 IT CTX Glut,False,Fezf2,4.394,0.155,68.7,2.9,4.24
ORBm,029 L6b CTX Glut,007 L2/3 IT CTX Glut,False,Drd1,4.357,0.284,67.2,5.1,4.074
ORBm,029 L6b CTX Glut,007 L2/3 IT CTX Glut,False,Syt6,3.143,0.175,44.9,3.1,2.968
ORBm,029 L6b CTX Glut,007 L2/3 IT CTX Glut,False,Sla,2.841,0.171,44.0,3.1,2.669
ORBm,029 L6b CTX Glut,007 L2/3 IT CTX Glut,False,Moxd1,2.246,0.048,33.1,0.9,2.199
ORBm,029 L6b CTX Glut,022 L5 ET CTX Glut,False,Sema5a,7.016,0.402,91.9,7.2,6.615
ORBm,029 L6b CTX Glut,022 L5 ET CTX Glut,False,Rai14,6.41,0.249,86.5,4.6,6.161
ORBm,029 L6b CTX Glut,022 L5 ET CTX Glut,False,Ccn2,6.137,0.134,76.9,2.6,6.003
ORBm,029 L6b CTX Glut,022 L5 ET CTX Glut,False,Sulf1,5.79,0.322,78.6,6.0,5.469
ORBm,029 L6b CTX Glut,022 L5 ET CTX Glut,False,Thsd7b,5.812,0.48,76.7,8.8,5.333
ORBm,029 L6b CTX Glut,022 L5 ET CTX Glut,False,Cplx3,5.342,0.102,61.6,1.9,5.24
ORBm,029 L6b CTX Glut,022 L5 ET CTX Glut,False,Nxph4,4.913,0.033,65.5,0.6,4.88
ORBm,029 L6b CTX Glut,022 L5 ET CTX Glut,False,Drd1,4.357,0.055,67.2,1.0,4.302
ORBm,029 L6b CTX Glut,022 L5 ET CTX Glut,False,Syt6,3.143,0.413,44.9,7.5,2.731
ORBm,029 L6b CTX Glut,022 L5 ET CTX Glut,False,Sla,2.841,0.352,44.0,6.4,2.488
ORBm,029 L6b CTX Glut,022 L5 ET CTX Glut,False,Moxd1,2.246,0.066,33.1,1.2,2.181
ORBm,029 L6b CTX Glut,030 L6 CT CTX Glut,True,Ccn2,6.137,0.808,76.9,13.4,5.33
ORBm,029 L6b CTX Glut,030 L6 CT CTX Glut,True,Cplx3,5.342,0.201,61.6,3.4,5.141
ORBm,029 L6b CTX Glut,030 L6 CT CTX Glut,True,Nxph4,4.913,0.299,65.5,5.2,4.615
ORBm,029 L6b CTX Glut,030 L6 CT CTX Glut,True,Moxd1,2.246,0.037,33.1,0.7,2.21
ORBm,029 L6b CTX Glut,030 L6 CT CTX Glut,True,Bhlhe22,2.032,0.114,31.5,2.1,1.918
ORBm,029 L6b CTX Glut,032 L5 NP CTX Glut,False,Sulf1,5.79,0.275,78.6,4.3,5.515
ORBm,029 L6b CTX Glut,032 L5 NP CTX Glut,False,Thsd7b,5.812,0.37,76.7,5.8,5.443
ORBm,029 L6b CTX Glut,032 L5 NP CTX Glut,False,Cplx3,5.342,0.091,61.6,1.4,5.25
ORBm,029 L6b CTX Glut,032 L5 NP CTX Glut,False,Nxph4,4.913,0.036,65.5,0.6,4.877
ORBm,029 L6b CTX Glut,032 L5 NP CTX Glut,False,Nr4a2,3.91,0.105,57.7,1.7,3.805
ORBm,029 L6b CTX Glut,032 L5 NP CTX Glut,False,Rspo2,4.034,0.267,58.3,4.3,3.768
ORBm,029 L6b CTX Glut,032 L5 NP CTX Glut,False,Ppp1r1b,4.107,0.808,62.6,13.1,3.299
ORBm,029 L6b CTX Glut,032 L5 NP CTX Glut,False,Sla,2.841,0.105,44.0,1.7,2.736
ORBm,029 L6b CTX Glut,032 L5 NP CTX Glut,False,Syt6,3.143,0.481,44.9,7.5,2.662
ORBm,029 L6b CTX Glut,032 L5 NP CTX Glut,False,Moxd1,2.246,0.031,33.1,0.5,2.215
ORBm,029 L6b CTX Glut,032 L5 NP CTX Glut,False,Ntsr1,1.743,0.04,29.9,0.7,1.703
ORBm,029 L6b CTX Glut,032 L5 NP CTX Glut,False,Nptx2,2.023,0.328,30.4,5.1,1.696
ORBm,029 L6b CTX Glut,046 Vip Gaba,False,Mpped1,9.012,0.957,99.6,14.6,8.055
ORBm,029 L6b CTX Glut,046 Vip Gaba,False,Satb2,8.407,0.454,98.5,6.9,7.954
ORBm,029 L6b CTX Glut,046 Vip Gaba,False,Neurod2,7.162,0.285,95.0,4.4,6.877
ORBm,029 L6b CTX Glut,046 Vip Gaba,False,Tbr1,7.193,0.363,95.4,5.6,6.829
ORBm,029 L6b CTX Glut,046 Vip Gaba,False,Rai14,6.41,0.401,86.5,5.9,6.009
ORBm,029 L6b CTX Glut,046 Vip Gaba,False,Ccn2,6.137,0.152,76.9,2.5,5.985
ORBm,029 L6b CTX Glut,046 Vip Gaba,False,Sulf1,5.79,0.143,78.6,2.2,5.647
ORBm,029 L6b CTX Glut,046 Vip Gaba,False,Neurod6,5.762,0.333,80.2,5.1,5.429
ORBm,029 L6b CTX Glut,046 Vip Gaba,False,Foxp2,5.375,0.301,68.7,4.5,5.073
ORBm,029 L6b CTX Glut,046 Vip Gaba,False,Nxph4,4.913,0.065,65.5,1.0,4.848
ORBm,029 L6b CTX Glut,046 Vip Gaba,False,Cplx3,5.342,0.726,61.6,10.8,4.616
ORBm,029 L6b CTX Glut,046 Vip Gaba,False,Fezf2,4.394,0.106,68.7,1.6,4.289
ORBm,029 L6b CTX Glut,049 Lamp5 Gaba,False,Satb2,8.407,0.478,98.5,7.9,7.929
ORBm,029 L6b CTX Glut,049 Lamp5 Gaba,False,Neurod2,7.162,0.303,95.0,5.1,6.859
ORBm,029 L6b CTX Glut,049 Lamp5 Gaba,False,Tbr1,7.193,0.442,95.4,7.1,6.751
ORBm,029 L6b CTX Glut,049 Lamp5 Gaba,False,Rai14,6.41,0.131,86.5,2.1,6.279
ORBm,029 L6b CTX Glut,049 Lamp5 Gaba,False,Ccn2,6.137,0.092,76.9,1.5,6.045
ORBm,029 L6b CTX Glut,049 Lamp5 Gaba,False,Sulf1,5.79,0.229,78.6,3.8,5.562
ORBm,029 L6b CTX Glut,049 Lamp5 Gaba,False,Neurod6,5.762,0.356,80.2,5.9,5.406
ORBm,029 L6b CTX Glut,049 Lamp5 Gaba,False,Satb1,5.714,0.617,79.1,10.1,5.097
ORBm,029 L6b CTX Glut,049 Lamp5 Gaba,False,Foxp2,5.375,0.287,68.7,4.7,5.088
ORBm,029 L6b CTX Glut,049 Lamp5 Gaba,False,Nxph4,4.913,0.047,65.5,0.8,4.866
ORBm,029 L6b CTX Glut,049 Lamp5 Gaba,False,Fezf2,4.394,0.156,68.7,2.7,4.239
ORBm,029 L6b CTX Glut,049 Lamp5 Gaba,False,Rspo2,4.034,0.179,58.3,2.9,3.855
ORBm,029 L6b CTX Glut,052 Pvalb Gaba,False,Satb2,8.407,0.62,98.5,10.3,7.787
ORBm,029 L6b CTX Glut,052 Pvalb Gaba,False,Nfix,7.94,0.829,97.8,14.7,7.111
ORBm,029 L6b CTX Glut,052 Pvalb Gaba,False,Neurod2,7.162,0.336,95.0,5.8,6.826
ORBm,029 L6b CTX Glut,052 Pvalb Gaba,False,Tbr1,7.193,0.495,95.4,8.6,6.697
ORBm,029 L6b CTX Glut,052 Pvalb Gaba,False,Rai14,6.41,0.138,86.5,2.4,6.272
ORBm,029 L6b CTX Glut,052 Pvalb Gaba,False,Ccn2,6.137,0.13,76.9,2.4,6.008
ORBm,029 L6b CTX Glut,052 Pvalb Gaba,False,Sulf1,5.79,0.178,78.6,3.0,5.612
ORBm,029 L6b CTX Glut,052 Pvalb Gaba,False,Neurod6,5.762,0.387,80.2,6.7,5.376
ORBm,029 L6b CTX Glut,052 Pvalb Gaba,False,Cplx3,5.342,0.09,61.6,1.6,5.252
ORBm,029 L6b CTX Glut,052 Pvalb Gaba,False,Nxph4,4.913,0.033,65.5,0.6,4.88
ORBm,029 L6b CTX Glut,052 Pvalb Gaba,False,Foxp2,5.375,0.517,68.7,8.3,4.857
ORBm,029 L6b CTX Glut,052 Pvalb Gaba,False,Fezf2,4.394,0.115,68.7,2.1,4.279
ORBm,029 L6b CTX Glut,053 Sst Gaba,False,Nfib,9.254,0.789,99.5,13.5,8.465
ORBm,029 L6b CTX Glut,053 Sst Gaba,False,Satb2,8.407,0.554,98.5,9.4,7.853
ORBm,029 L6b CTX Glut,053 Sst Gaba,False,Nfix,7.94,0.708,97.8,12.5,7.232
ORBm,029 L6b CTX Glut,053 Sst Gaba,False,Neurod2,7.162,0.332,95.0,5.8,6.83
ORBm,029 L6b CTX Glut,053 Sst Gaba,False,Tbr1,7.193,0.516,95.4,9.0,6.676
ORBm,029 L6b CTX Glut,053 Sst Gaba,False,Rai14,6.41,0.153,86.5,2.7,6.257
ORBm,029 L6b CTX Glut,053 Sst Gaba,False,Ccn2,6.137,0.102,76.9,1.9,6.035
ORBm,029 L6b CTX Glut,053 Sst Gaba,False,Sulf1,5.79,0.156,78.6,2.7,5.635
ORBm,029 L6b CTX Glut,053 Sst Gaba,False,Neurod6,5.762,0.399,80.2,7.0,5.363
ORBm,029 L6b CTX Glut,053 Sst Gaba,False,Cplx3,5.342,0.071,61.6,1.3,5.27
ORBm,029 L6b CTX Glut,053 Sst Gaba,False,Foxp2,5.375,0.237,68.7,4.1,5.138
ORBm,029 L6b CTX Glut,053 Sst Gaba,False,Nxph4,4.913,0.248,65.5,4.0,4.665
ORBm,030 L6 CT CTX Glut,004 L6 IT CTX Glut,True,Foxp2,8.498,0.371,98.7,6.5,8.127
ORBm,030 L6 CT CTX Glut,004 L6 IT CTX Glut,True,Rprm,7.383,0.675,91.3,11.8,6.708
ORBm,030 L6 CT CTX Glut,004 L6 IT CTX Glut,True,Syt6,6.902,0.35,91.7,6.2,6.552
ORBm,030 L6 CT CTX Glut,004 L6 IT CTX Glut,True,Sla,4.497,0.238,68.1,4.2,4.258
ORBm,030 L6 CT CTX Glut,004 L6 IT CTX Glut,True,Zfhx3,2.441,0.193,39.7,3.6,2.248
ORBm,030 L6 CT CTX Glut,004 L6 IT CTX Glut,True,Cyp26b1,1.761,0.057,27.2,1.1,1.704
ORBm,030 L6 CT CTX Glut,005 L5 IT CTX Glut,False,Foxp2,8.498,0.472,98.7,8.8,8.025
ORBm,030 L6 CT CTX Glut,005 L5 IT CTX Glut,False,Syt6,6.902,0.317,91.7,5.9,6.585
ORBm,030 L6 CT CTX Glut,005 L5 IT CTX Glut,False,Sla,4.497,0.086,68.1,1.6,4.41
ORBm,030 L6 CT CTX Glut,005 L5 IT CTX Glut,False,Zfhx3,2.441,0.34,39.7,6.5,2.101
ORBm,030 L6 CT CTX Glut,005 L5 IT CTX Glut,False,Cyp26b1,1.761,0.113,27.2,2.2,1.647
ORBm,030 L6 CT CTX Glut,006 L4/5 IT CTX Glut,False,Foxp2,8.498,0.523,98.7,9.6,7.974
ORBm,030 L6 CT CTX Glut,006 L4/5 IT CTX Glut,False,Syt6,6.902,0.206,91.7,3.8,6.696
ORBm,030 L6 CT CTX Glut,006 L4/5 IT CTX Glut,False,Sema5a,6.555,0.476,85.8,8.5,6.08
ORBm,030 L6 CT CTX Glut,006 L4/5 IT CTX Glut,False,Sulf1,5.322,0.24,71.9,4.4,5.082
ORBm,030 L6 CT CTX Glut,006 L4/5 IT CTX Glut,False,Sla,4.497,0.088,68.1,1.6,4.408
ORBm,030 L6 CT CTX Glut,006 L4/5 IT CTX Glut,False,Ptpru,3.678,0.629,58.5,11.7,3.048
ORBm,030 L6 CT CTX Glut,006 L4/5 IT CTX Glut,False,Rgs9,3.053,0.586,49.9,10.9,2.467
ORBm,030 L6 CT CTX Glut,006 L4/5 IT CTX Glut,False,Zfhx3,2.441,0.37,39.7,7.1,2.072
ORBm,030 L6 CT CTX Glut,006 L4/5 IT CTX Glut,False,Drd1,2.098,0.248,35.6,4.5,1.85
ORBm,030 L6 CT CTX Glut,006 L4/5 IT CTX Glut,False,Cyp26b1,1.761,0.142,27.2,2.6,1.618
ORBm,030 L6 CT CTX Glut,006 L4/5 IT CTX Glut,False,Rxfp1,1.751,0.447,27.2,7.4,1.304
ORBm,030 L6 CT CTX Glut,007 L2/3 IT CTX Glut,False,Foxp2,8.498,0.262,98.7,4.7,8.236
ORBm,030 L6 CT CTX Glut,007 L2/3 IT CTX Glut,False,Thsd7b,7.399,0.493,91.8,8.9,6.906
ORBm,030 L6 CT CTX Glut,007 L2/3 IT CTX Glut,False,Rprm,7.383,0.641,91.3,11.5,6.741
ORBm,030 L6 CT CTX Glut,007 L2/3 IT CTX Glut,False,Syt6,6.902,0.175,91.7,3.1,6.727
ORBm,030 L6 CT CTX Glut,007 L2/3 IT CTX Glut,False,Sema5a,6.555,0.353,85.8,6.5,6.202
ORBm,030 L6 CT CTX Glut,007 L2/3 IT CTX Glut,False,Rai14,4.785,0.204,71.8,3.7,4.581
ORBm,030 L6 CT CTX Glut,007 L2/3 IT CTX Glut,False,Fezf2,4.676,0.155,71.8,2.9,4.522
ORBm,030 L6 CT CTX Glut,007 L2/3 IT CTX Glut,False,Sla,4.497,0.171,68.1,3.1,4.325
ORBm,030 L6 CT CTX Glut,007 L2/3 IT CTX Glut,False,Zfhx3,2.441,0.506,39.7,8.9,1.935
ORBm,030 L6 CT CTX Glut,007 L2/3 IT CTX Glut,False,Drd1,2.098,0.284,35.6,5.1,1.814
ORBm,030 L6 CT CTX Glut,007 L2/3 IT CTX Glut,False,Cyp26b1,1.761,0.058,27.2,1.1,1.703
ORBm,030 L6 CT CTX Glut,007 L2/3 IT CTX Glut,False,Rxfp1,1.751,0.219,27.2,3.8,1.532
ORBm,030 L6 CT CTX Glut,022 L5 ET CTX Glut,False,Thsd7b,7.399,0.48,91.8,8.8,6.919
ORBm,030 L6 CT CTX Glut,022 L5 ET CTX Glut,False,Syt6,6.902,0.413,91.7,7.5,6.489
ORBm,030 L6 CT CTX Glut,022 L5 ET CTX Glut,False,Sema5a,6.555,0.402,85.8,7.2,6.153
ORBm,030 L6 CT CTX Glut,022 L5 ET CTX Glut,False,Sulf1,5.322,0.322,71.9,6.0,5.0
ORBm,030 L6 CT CTX Glut,022 L5 ET CTX Glut,False,Rai14,4.785,0.249,71.8,4.6,4.536
ORBm,030 L6 CT CTX Glut,022 L5 ET CTX Glut,False,Sla,4.497,0.352,68.1,6.4,4.144
ORBm,030 L6 CT CTX Glut,022 L5 ET CTX Glut,False,Drd1,2.098,0.055,35.6,1.0,2.042
ORBm,030 L6 CT CTX Glut,022 L5 ET CTX Glut,False,Cyp26b1,1.761,0.072,27.2,1.3,1.689
ORBm,030 L6 CT CTX Glut,029 L6b CTX Glut,True,Pou3f3,2.398,0.279,38.0,4.7,2.119
ORBm,030 L6 CT CTX Glut,029 L6b CTX Glut,True,Cyp26b1,1.761,0.043,27.2,0.8,1.718
ORBm,030 L6 CT CTX Glut,029 L6b CTX Glut,True,Etv1,1.965,0.9,31.1,14.6,1.064
ORBm,030 L6 CT CTX Glut,032 L5 NP CTX Glut,False,Thsd7b,7.399,0.37,91.8,5.8,7.029
ORBm,030 L6 CT CTX Glut,032 L5 NP CTX Glut,False,Syt6,6.902,0.481,91.7,7.5,6.42
ORBm,030 L6 CT CTX Glut,032 L5 NP CTX Glut,False,Sulf1,5.322,0.275,71.9,4.3,5.047
ORBm,030 L6 CT CTX Glut,032 L5 NP CTX Glut,False,Sla,4.497,0.105,68.1,1.7,4.392
ORBm,030 L6 CT CTX Glut,032 L5 NP CTX Glut,False,Ppp1r1b,4.949,0.808,73.3,13.1,4.141
ORBm,030 L6 CT CTX Glut,032 L5 NP CTX Glut,False,Rspo2,2.84,0.267,43.2,4.3,2.573
ORBm,030 L6 CT CTX Glut,032 L5 NP CTX Glut,False,Nptx2,2.724,0.328,41.0,5.1,2.396
ORBm,030 L6 CT CTX Glut,032 L5 NP CTX Glut,False,Nr4a2,1.892,0.105,30.1,1.7,1.787
ORBm,030 L6 CT CTX Glut,032 L5 NP CTX Glut,False,Zfhx3,2.441,0.67,39.7,10.9,1.771
ORBm,030 L6 CT CTX Glut,032 L5 NP CTX Glut,False,Cyp26b1,1.761,0.06,27.2,1.0,1.701
ORBm,030 L6 CT CTX Glut,032 L5 NP CTX Glut,False,Deptor,2.494,0.904,40.2,15.0,1.59
ORBm,030 L6 CT CTX Glut,032 L5 NP CTX Glut,False,Egr4,1.698,0.494,27.9,7.8,1.204
ORBm,030 L6 CT CTX Glut,046 Vip Gaba,False,Foxp2,8.498,0.301,98.7,4.5,8.196
ORBm,030 L6 CT CTX Glut,046 Vip Gaba,False,Meis2,8.683,0.655,96.3,10.0,8.028
ORBm,030 L6 CT CTX Glut,046 Vip Gaba,False,Tbr1,7.566,0.363,96.6,5.6,7.203
ORBm,030 L6 CT CTX Glut,046 Vip Gaba,False,Mpped1,7.945,0.957,97.9,14.6,6.988
ORBm,030 L6 CT CTX Glut,046 Vip Gaba,False,Neurod2,7.125,0.285,94.5,4.4,6.84
ORBm,030 L6 CT CTX Glut,046 Vip Gaba,False,Satb2,6.931,0.454,91.6,6.9,6.477
ORBm,030 L6 CT CTX Glut,046 Vip Gaba,False,Neurod6,6.356,0.333,87.8,5.1,6.023
ORBm,030 L6 CT CTX Glut,046 Vip Gaba,False,Crym,5.979,0.181,85.3,2.8,5.798
ORBm,030 L6 CT CTX Glut,046 Vip Gaba,False,Sulf1,5.322,0.143,71.9,2.2,5.179
ORBm,030 L6 CT CTX Glut,046 Vip Gaba,False,Ppp1r1b,4.949,0.183,73.3,2.9,4.767
ORBm,030 L6 CT CTX Glut,046 Vip Gaba,False,Fezf2,4.676,0.106,71.8,1.6,4.571
ORBm,030 L6 CT CTX Glut,046 Vip Gaba,False,Sla,4.497,0.05,68.1,0.8,4.446
ORBm,030 L6 CT CTX Glut,049 Lamp5 Gaba,False,Foxp2,8.498,0.287,98.7,4.7,8.211
ORBm,030 L6 CT CTX Glut,049 Lamp5 Gaba,False,Meis2,8.683,0.676,96.3,10.9,8.007
ORBm,030 L6 CT CTX Glut,049 Lamp5 Gaba,False,Tbr1,7.566,0.442,96.6,7.1,7.124
ORBm,030 L6 CT CTX Glut,049 Lamp5 Gaba,False,Rprm,7.383,0.367,91.3,6.1,7.016
ORBm,030 L6 CT CTX Glut,049 Lamp5 Gaba,False,Neurod2,7.125,0.303,94.5,5.1,6.822
ORBm,030 L6 CT CTX Glut,049 Lamp5 Gaba,False,Syt6,6.902,0.181,91.7,2.8,6.721
ORBm,030 L6 CT CTX Glut,049 Lamp5 Gaba,False,Satb2,6.931,0.478,91.6,7.9,6.453
ORBm,030 L6 CT CTX Glut,049 Lamp5 Gaba,False,Neurod6,6.356,0.356,87.8,5.9,6.0
ORBm,030 L6 CT CTX Glut,049 Lamp5 Gaba,False,Crym,5.979,0.22,85.3,3.7,5.759
ORBm,030 L6 CT CTX Glut,049 Lamp5 Gaba,False,Satb1,5.976,0.617,83.5,10.1,5.359
ORBm,030 L6 CT CTX Glut,049 Lamp5 Gaba,False,Sulf1,5.322,0.229,71.9,3.8,5.094
ORBm,030 L6 CT CTX Glut,049 Lamp5 Gaba,False,Egr3,5.902,0.899,78.7,14.5,5.003
ORBm,030 L6 CT CTX Glut,052 Pvalb Gaba,False,Meis2,8.683,0.585,96.3,10.2,8.098
ORBm,030 L6 CT CTX Glut,052 Pvalb Gaba,False,Foxp2,8.498,0.517,98.7,8.3,7.98
ORBm,030 L6 CT CTX Glut,052 Pvalb Gaba,False,Tbr1,7.566,0.495,96.6,8.6,7.071
ORBm,030 L6 CT CTX Glut,052 Pvalb Gaba,False,Nfix,7.863,0.829,97.7,14.7,7.034
ORBm,030 L6 CT CTX Glut,052 Pvalb Gaba,False,Rprm,7.383,0.369,91.3,6.5,7.014
ORBm,030 L6 CT CTX Glut,052 Pvalb Gaba,False,Neurod2,7.125,0.336,94.5,5.8,6.789
ORBm,030 L6 CT CTX Glut,052 Pvalb Gaba,False,Syt6,6.902,0.368,91.7,6.2,6.534
ORBm,030 L6 CT CTX Glut,052 Pvalb Gaba,False,Satb2,6.931,0.62,91.6,10.3,6.311
ORBm,030 L6 CT CTX Glut,052 Pvalb Gaba,False,Neurod6,6.356,0.387,87.8,6.7,5.969
ORBm,030 L6 CT CTX Glut,052 Pvalb Gaba,False,Crym,5.979,0.239,85.3,4.3,5.74
ORBm,030 L6 CT CTX Glut,052 Pvalb Gaba,False,Sulf1,5.322,0.178,71.9,3.0,5.144
ORBm,030 L6 CT CTX Glut,052 Pvalb Gaba,False,Ppp1r1b,4.949,0.181,73.3,3.3,4.769
ORBm,030 L6 CT CTX Glut,053 Sst Gaba,False,Nfib,9.341,0.789,99.8,13.5,8.551
ORBm,030 L6 CT CTX Glut,053 Sst Gaba,False,Foxp2,8.498,0.237,98.7,4.1,8.261
ORBm,030 L6 CT CTX Glut,053 Sst Gaba,False,Meis2,8.683,0.632,96.3,10.9,8.052
ORBm,030 L6 CT CTX Glut,053 Sst Gaba,False,Nfix,7.863,0.708,97.7,12.5,7.155
ORBm,030 L6 CT CTX Glut,053 Sst Gaba,False,Tbr1,7.566,0.516,96.6,9.0,7.05
ORBm,030 L6 CT CTX Glut,053 Sst Gaba,False,Rprm,7.383,0.414,91.3,7.2,6.968
ORBm,030 L6 CT CTX Glut,053 Sst Gaba,False,Neurod2,7.125,0.332,94.5,5.8,6.794
ORBm,030 L6 CT CTX Glut,053 Sst Gaba,False,Satb2,6.931,0.554,91.6,9.4,6.377
ORBm,030 L6 CT CTX Glut,053 Sst Gaba,False,Syt6,6.902,0.638,91.7,10.6,6.264
ORBm,030 L6 CT CTX Glut,053 Sst Gaba,False,Neurod6,6.356,0.399,87.8,7.0,5.957
ORBm,030 L6 CT CTX Glut,053 Sst Gaba,False,Crym,5.979,0.261,85.3,4.6,5.718
ORBm,030 L6 CT CTX Glut,053 Sst Gaba,False,Sulf1,5.322,0.156,71.9,2.7,5.166
ORBm,032 L5 NP CTX Glut,004 L6 IT CTX Glut,False,Tshz2,11.913,0.341,100.0,6.0,11.571
ORBm,032 L5 NP CTX Glut,004 L6 IT CTX Glut,False,Htr2c,8.336,0.251,90.2,4.5,8.085
ORBm,032 L5 NP CTX Glut,004 L6 IT CTX Glut,False,Nxph1,7.171,0.665,80.1,11.6,6.507
ORBm,032 L5 NP CTX Glut,004 L6 IT CTX Glut,False,Trhr,5.317,0.072,71.2,1.3,5.245
ORBm,032 L5 NP CTX Glut,004 L6 IT CTX Glut,False,Slc17a6,5.134,0.054,70.7,0.9,5.08
ORBm,032 L5 NP CTX Glut,004 L6 IT CTX Glut,False,Foxp2,5.331,0.371,72.2,6.5,4.961
ORBm,032 L5 NP CTX Glut,004 L6 IT CTX Glut,False,Rprm,4.89,0.675,68.2,11.8,4.215
ORBm,032 L5 NP CTX Glut,004 L6 IT CTX Glut,False,Ccn2,2.001,0.076,31.4,1.4,1.925
ORBm,032 L5 NP CTX Glut,004 L6 IT CTX Glut,False,Grp,2.162,0.302,31.9,5.2,1.86
ORBm,032 L5 NP CTX Glut,004 L6 IT CTX Glut,False,Slc17a8,1.838,0.061,26.4,1.1,1.776
ORBm,032 L5 NP CTX Glut,004 L6 IT CTX Glut,False,Rbp4,2.062,0.462,32.4,8.5,1.601
ORBm,032 L5 NP CTX Glut,005 L5 IT CTX Glut,True,Tshz2,11.913,0.455,100.0,8.0,11.458
ORBm,032 L5 NP CTX Glut,005 L5 IT CTX Glut,True,Htr2c,8.336,0.266,90.2,5.1,8.07
ORBm,032 L5 NP CTX Glut,005 L5 IT CTX Glut,True,Nxph1,7.171,0.768,80.1,13.8,6.404
ORBm,032 L5 NP CTX Glut,005 L5 IT CTX Glut,True,Trhr,5.317,0.326,71.2,5.6,4.991
ORBm,032 L5 NP CTX Glut,005 L5 IT CTX Glut,True,Slc17a6,5.134,0.197,70.7,3.5,4.937
ORBm,032 L5 NP CTX Glut,005 L5 IT CTX Glut,True,Foxp2,5.331,0.472,72.2,8.8,4.859
ORBm,032 L5 NP CTX Glut,005 L5 IT CTX Glut,True,Grp,2.162,0.139,31.9,2.6,2.023
ORBm,032 L5 NP CTX Glut,005 L5 IT CTX Glut,True,Ccn2,2.001,0.074,31.4,1.4,1.927
ORBm,032 L5 NP CTX Glut,005 L5 IT CTX Glut,True,Slc17a8,1.838,0.056,26.4,1.1,1.782
ORBm,032 L5 NP CTX Glut,006 L4/5 IT CTX Glut,False,Nxph1,7.171,0.568,80.1,10.2,6.604
ORBm,032 L5 NP CTX Glut,006 L4/5 IT CTX Glut,False,Foxp2,5.331,0.523,72.2,9.6,4.808
ORBm,032 L5 NP CTX Glut,006 L4/5 IT CTX Glut,False,Trhr,5.317,0.522,71.2,8.8,4.795
ORBm,032 L5 NP CTX Glut,006 L4/5 IT CTX Glut,False,Sema5a,4.622,0.476,61.4,8.5,4.146
ORBm,032 L5 NP CTX Glut,006 L4/5 IT CTX Glut,False,Ptpru,3.284,0.629,49.8,11.7,2.654
ORBm,032 L5 NP CTX Glut,006 L4/5 IT CTX Glut,False,Ccn2,2.001,0.046,31.4,0.9,1.955
ORBm,032 L5 NP CTX Glut,006 L4/5 IT CTX Glut,False,Slc17a8,1.838,0.056,26.4,1.1,1.782
ORBm,032 L5 NP CTX Glut,006 L4/5 IT CTX Glut,False,Grp,2.162,0.675,31.9,11.5,1.487
ORBm,032 L5 NP CTX Glut,006 L4/5 IT CTX Glut,False,Drd1,1.697,0.248,27.1,4.5,1.449
ORBm,032 L5 NP CTX Glut,006 L4/5 IT CTX Glut,False,Rxfp1,1.773,0.447,25.3,7.4,1.326
ORBm,032 L5 NP CTX Glut,006 L4/5 IT CTX Glut,False,Rgs9,1.884,0.586,30.0,10.9,1.298
ORBm,032 L5 NP CTX Glut,007 L2/3 IT CTX Glut,False,Tshz2,11.913,0.724,100.0,11.9,11.189
ORBm,032 L5 NP CTX Glut,007 L2/3 IT CTX Glut,False,Nxph1,7.171,0.453,80.1,8.1,6.719
ORBm,032 L5 NP CTX Glut,007 L2/3 IT CTX Glut,False,Fezf2,6.503,0.155,86.3,2.9,6.348
ORBm,032 L5 NP CTX Glut,007 L2/3 IT CTX Glut,False,Foxp2,5.331,0.262,72.2,4.7,5.07
ORBm,032 L5 NP CTX Glut,007 L2/3 IT CTX Glut,False,Trhr,5.317,0.686,71.2,11.1,4.631
ORBm,032 L5 NP CTX Glut,007 L2/3 IT CTX Glut,False,Sema5a,4.622,0.353,61.4,6.5,4.269
ORBm,032 L5 NP CTX Glut,007 L2/3 IT CTX Glut,False,Rprm,4.89,0.641,68.2,11.5,4.249
ORBm,032 L5 NP CTX Glut,007 L2/3 IT CTX Glut,False,Rai14,4.224,0.204,60.3,3.7,4.021
ORBm,032 L5 NP CTX Glut,007 L2/3 IT CTX Glut,False,Ccn2,2.001,0.046,31.4,0.9,1.955
ORBm,032 L5 NP CTX Glut,007 L2/3 IT CTX Glut,False,Slc17a8,1.838,0.029,26.4,0.6,1.809
ORBm,032 L5 NP CTX Glut,007 L2/3 IT CTX Glut,False,Rbp4,2.062,0.396,32.4,7.5,1.666
ORBm,032 L5 NP CTX Glut,007 L2/3 IT CTX Glut,False,Rxfp1,1.773,0.219,25.3,3.8,1.554
ORBm,032 L5 NP CTX Glut,022 L5 ET CTX Glut,True,Tshz2,11.913,0.781,100.0,12.6,11.132
ORBm,032 L5 NP CTX Glut,022 L5 ET CTX Glut,True,Htr2c,8.336,0.38,90.2,6.6,7.956
ORBm,032 L5 NP CTX Glut,022 L5 ET CTX Glut,True,Nxph1,7.171,0.525,80.1,9.4,6.646
ORBm,032 L5 NP CTX Glut,022 L5 ET CTX Glut,True,Trhr,5.317,0.071,71.2,1.3,5.246
ORBm,032 L5 NP CTX Glut,022 L5 ET CTX Glut,True,Sema5a,4.622,0.402,61.4,7.2,4.22
ORBm,032 L5 NP CTX Glut,022 L5 ET CTX Glut,True,Rai14,4.224,0.249,60.3,4.6,3.976
ORBm,032 L5 NP CTX Glut,022 L5 ET CTX Glut,True,Ccn2,2.001,0.134,31.4,2.6,1.867
ORBm,032 L5 NP CTX Glut,022 L5 ET CTX Glut,True,Slc17a8,1.838,0.026,26.4,0.5,1.812
ORBm,032 L5 NP CTX Glut,022 L5 ET CTX Glut,True,Drd1,1.697,0.055,27.1,1.0,1.641
ORBm,032 L5 NP CTX Glut,029 L6b CTX Glut,False,Tshz2,11.913,0.68,100.0,11.0,11.232
ORBm,032 L5 NP CTX Glut,029 L6b CTX Glut,False,Etv1,9.894,0.9,99.8,14.6,8.993
ORBm,032 L5 NP CTX Glut,029 L6b CTX Glut,False,Htr2c,8.336,0.204,90.2,3.6,8.132
ORBm,032 L5 NP CTX Glut,029 L6b CTX Glut,False,Pou3f3,2.813,0.279,42.5,4.7,2.535
ORBm,032 L5 NP CTX Glut,029 L6b CTX Glut,False,Rorb,2.728,0.449,37.1,7.8,2.28
ORBm,032 L5 NP CTX Glut,029 L6b CTX Glut,False,Grp,2.162,0.042,31.9,0.8,2.12
ORBm,032 L5 NP CTX Glut,029 L6b CTX Glut,False,Matn2,2.329,0.406,36.1,7.2,1.923
ORBm,032 L5 NP CTX Glut,029 L6b CTX Glut,False,Slc17a8,1.838,0.258,26.4,4.2,1.579
ORBm,032 L5 NP CTX Glut,030 L6 CT CTX Glut,False,Tshz2,11.913,0.645,100.0,10.2,11.267
ORBm,032 L5 NP CTX Glut,030 L6 CT CTX Glut,False,Htr2c,8.336,0.304,90.2,5.3,8.032
ORBm,032 L5 NP CTX Glut,030 L6 CT CTX Glut,False,Nxph1,7.171,0.473,80.1,8.2,6.699
ORBm,032 L5 NP CTX Glut,030 L6 CT CTX Glut,False,Trhr,5.317,0.523,71.2,8.1,4.794
ORBm,032 L5 NP CTX Glut,030 L6 CT CTX Glut,False,Rorb,2.728,0.501,37.1,8.8,2.228
ORBm,032 L5 NP CTX Glut,030 L6 CT CTX Glut,False,Slc17a8,1.838,0.025,26.4,0.5,1.813
ORBm,032 L5 NP CTX Glut,030 L6 CT CTX Glut,False,Grp,2.162,0.597,31.9,9.8,1.565
ORBm,032 L5 NP CTX Glut,030 L6 CT CTX Glut,False,Rbp4,2.062,0.519,32.4,9.3,1.543
ORBm,032 L5 NP CTX Glut,030 L6 CT CTX Glut,False,Ccn2,2.001,0.808,31.4,13.4,1.193
ORBm,032 L5 NP CTX Glut,046 Vip Gaba,False,Tshz2,11.913,0.665,100.0,9.6,11.248
ORBm,032 L5 NP CTX Glut,046 Vip Gaba,False,Meis2,8.699,0.655,94.5,10.0,8.044
ORBm,032 L5 NP CTX Glut,046 Vip Gaba,False,Neurod6,7.197,0.333,91.4,5.1,6.864
ORBm,032 L5 NP CTX Glut,046 Vip Gaba,False,Satb2,6.871,0.454,86.8,6.9,6.418
ORBm,032 L5 NP CTX Glut,046 Vip Gaba,False,Fezf2,6.503,0.106,86.3,1.6,6.397
ORBm,032 L5 NP CTX Glut,046 Vip Gaba,False,Trhr,5.317,0.028,71.2,0.4,5.289
ORBm,032 L5 NP CTX Glut,046 Vip Gaba,False,Neurod2,5.445,0.285,76.5,4.4,5.16
ORBm,032 L5 NP CTX Glut,046 Vip Gaba,False,Slc17a6,5.134,0.043,70.7,0.7,5.091
ORBm,032 L5 NP CTX Glut,046 Vip Gaba,False,Foxp2,5.331,0.301,72.2,4.5,5.03
ORBm,032 L5 NP CTX Glut,046 Vip Gaba,False,Crym,4.315,0.181,62.9,2.8,4.134
ORBm,032 L5 NP CTX Glut,046 Vip Gaba,False,Rai14,4.224,0.401,60.3,5.9,3.824
ORBm,032 L5 NP CTX Glut,046 Vip Gaba,False,Tbr1,4.091,0.363,60.4,5.6,3.728
ORBm,032 L5 NP CTX Glut,049 Lamp5 Gaba,False,Tshz2,11.913,0.443,100.0,6.9,11.47
ORBm,032 L5 NP CTX Glut,049 Lamp5 Gaba,False,Etv1,9.894,0.491,99.8,8.2,9.402
ORBm,032 L5 NP CTX Glut,049 Lamp5 Gaba,False,Meis2,8.699,0.676,94.5,10.9,8.023
ORBm,032 L5 NP CTX Glut,049 Lamp5 Gaba,False,Satb1,8.077,0.617,95.8,10.1,7.46
ORBm,032 L5 NP CTX Glut,049 Lamp5 Gaba,False,Neurod6,7.197,0.356,91.4,5.9,6.841
ORBm,032 L5 NP CTX Glut,049 Lamp5 Gaba,False,Satb2,6.871,0.478,86.8,7.9,6.393
ORBm,032 L5 NP CTX Glut,049 Lamp5 Gaba,False,Fezf2,6.503,0.156,86.3,2.7,6.347
ORBm,032 L5 NP CTX Glut,049 Lamp5 Gaba,False,Cbln2,7.07,0.8,89.2,12.5,6.27
ORBm,032 L5 NP CTX Glut,049 Lamp5 Gaba,False,Neurod2,5.445,0.303,76.5,5.1,5.142
ORBm,032 L5 NP CTX Glut,049 Lamp5 Gaba,False,Slc17a6,5.134,0.036,70.7,0.6,5.098
ORBm,032 L5 NP CTX Glut,049 Lamp5 Gaba,False,Trhr,5.317,0.239,71.2,3.8,5.078
ORBm,032 L5 NP CTX Glut,049 Lamp5 Gaba,False,Foxp2,5.331,0.287,72.2,4.7,5.044
ORBm,032 L5 NP CTX Glut,052 Pvalb Gaba,False,Tshz2,11.913,0.591,100.0,9.8,11.321
ORBm,032 L5 NP CTX Glut,052 Pvalb Gaba,False,Meis2,8.699,0.585,94.5,10.2,8.114
ORBm,032 L5 NP CTX Glut,052 Pvalb Gaba,False,Neurod6,7.197,0.387,91.4,6.7,6.811
ORBm,032 L5 NP CTX Glut,052 Pvalb Gaba,False,Cbln2,7.07,0.367,89.2,6.3,6.704
ORBm,032 L5 NP CTX Glut,052 Pvalb Gaba,False,Fezf2,6.503,0.115,86.3,2.1,6.387
ORBm,032 L5 NP CTX Glut,052 Pvalb Gaba,False,Satb2,6.871,0.62,86.8,10.3,6.251
ORBm,032 L5 NP CTX Glut,052 Pvalb Gaba,False,Nfix,6.341,0.829,83.5,14.7,5.512
ORBm,032 L5 NP CTX Glut,052 Pvalb Gaba,False,Trhr,5.317,0.089,71.2,1.4,5.228
ORBm,032 L5 NP CTX Glut,052 Pvalb Gaba,False,Neurod2,5.445,0.336,76.5,5.8,5.109
ORBm,032 L5 NP CTX Glut,052 Pvalb Gaba,False,Slc17a6,5.134,0.038,70.7,0.7,5.096
ORBm,032 L5 NP CTX Glut,052 Pvalb Gaba,False,Foxp2,5.331,0.517,72.2,8.3,4.814
ORBm,032 L5 NP CTX Glut,052 Pvalb Gaba,False,Rprm,4.89,0.369,68.2,6.5,4.521
ORBm,032 L5 NP CTX Glut,053 Sst Gaba,False,Tshz2,11.913,0.74,100.0,11.9,11.173
ORBm,032 L5 NP CTX Glut,053 Sst Gaba,False,Etv1,9.894,0.868,99.8,13.5,9.026
ORBm,032 L5 NP CTX Glut,053 Sst Gaba,False,Meis2,8.699,0.632,94.5,10.9,8.067
ORBm,032 L5 NP CTX Glut,053 Sst Gaba,False,Htr2c,8.336,0.795,90.2,11.3,7.542
ORBm,032 L5 NP CTX Glut,053 Sst Gaba,False,Nfib,7.78,0.789,94.3,13.5,6.991
ORBm,032 L5 NP CTX Glut,053 Sst Gaba,False,Neurod6,7.197,0.399,91.4,7.0,6.798
ORBm,032 L5 NP CTX Glut,053 Sst Gaba,False,Cbln2,7.07,0.389,89.2,6.7,6.681
ORBm,032 L5 NP CTX Glut,053 Sst Gaba,False,Fezf2,6.503,0.14,86.3,2.5,6.363
ORBm,032 L5 NP CTX Glut,053 Sst Gaba,False,Satb2,6.871,0.554,86.8,9.4,6.317
ORBm,032 L5 NP CTX Glut,053 Sst Gaba,False,Nfix,6.341,0.708,83.5,12.5,5.633
ORBm,032 L5 NP CTX Glut,053 Sst Gaba,False,Trhr,5.317,0.028,71.2,0.5,5.289
ORBm,032 L5 NP CTX Glut,053 Sst Gaba,False,Neurod2,5.445,0.332,76.5,5.8,5.114
ORBm,046 Vip Gaba,004 L6 IT CTX Glut,False,Vip,10.676,0.527,92.9,9.5,10.149
ORBm,046 Vip Gaba,004 L6 IT CTX Glut,False,Gad1,9.306,0.697,98.8,12.6,8.608
ORBm,046 Vip Gaba,004 L6 IT CTX Glut,False,Gad2,9.114,0.625,95.9,11.2,8.489
ORBm,046 Vip Gaba,004 L6 IT CTX Glut,False,Slc6a1,8.433,0.555,96.5,10.1,7.878
ORBm,046 Vip Gaba,004 L6 IT CTX Glut,False,Prox1,7.581,0.053,89.3,0.9,7.529
ORBm,046 Vip Gaba,004 L6 IT CTX Glut,False,Dlx1,6.394,0.098,80.7,1.8,6.296
ORBm,046 Vip Gaba,004 L6 IT CTX Glut,False,Slc32a1,5.945,0.132,77.0,2.4,5.813
ORBm,046 Vip Gaba,004 L6 IT CTX Glut,False,Calb2,5.351,0.073,64.6,1.4,5.277
ORBm,046 Vip Gaba,004 L6 IT CTX Glut,False,Crh,4.959,0.082,56.5,1.5,4.877
ORBm,046 Vip Gaba,004 L6 IT CTX Glut,False,Htr2c,4.853,0.251,59.0,4.5,4.602
ORBm,046 Vip Gaba,004 L6 IT CTX Glut,False,Tac2,4.228,0.122,47.7,2.3,4.105
ORBm,046 Vip Gaba,004 L6 IT CTX Glut,False,Slc5a7,3.171,0.011,41.4,0.2,3.16
ORBm,046 Vip Gaba,005 L5 IT CTX Glut,False,Vip,10.676,0.544,92.9,10.2,10.132
ORBm,046 Vip Gaba,005 L5 IT CTX Glut,False,Gad1,9.306,0.772,98.8,14.7,8.533
ORBm,046 Vip Gaba,005 L5 IT CTX Glut,False,Gad2,9.114,0.701,95.9,13.2,8.412
ORBm,046 Vip Gaba,005 L5 IT CTX Glut,False,Slc6a1,8.433,0.627,96.5,12.0,7.806
ORBm,046 Vip Gaba,005 L5 IT CTX Glut,False,Prox1,7.581,0.063,89.3,1.2,7.518
ORBm,046 Vip Gaba,005 L5 IT CTX Glut,False,Dlx1,6.394,0.109,80.7,2.1,6.285
ORBm,046 Vip Gaba,005 L5 IT CTX Glut,False,Slc32a1,5.945,0.145,77.0,2.8,5.8
ORBm,046 Vip Gaba,005 L5 IT CTX Glut,False,Calb2,5.351,0.09,64.6,1.7,5.261
ORBm,046 Vip Gaba,005 L5 IT CTX Glut,False,Crh,4.959,0.172,56.5,2.9,4.787
ORBm,046 Vip Gaba,005 L5 IT CTX Glut,False,Htr2c,4.853,0.266,59.0,5.1,4.587
ORBm,046 Vip Gaba,005 L5 IT CTX Glut,False,Penk,4.975,0.42,60.5,7.6,4.556
ORBm,046 Vip Gaba,005 L5 IT CTX Glut,False,Tac2,4.228,0.143,47.7,2.8,4.085
ORBm,046 Vip Gaba,006 L4/5 IT CTX Glut,False,Vip,10.676,0.601,92.9,11.0,10.075
ORBm,046 Vip Gaba,006 L4/5 IT CTX Glut,False,Gad1,9.306,0.731,98.8,13.5,8.574
ORBm,046 Vip Gaba,006 L4/5 IT CTX Glut,False,Gad2,9.114,0.682,95.9,12.6,8.432
ORBm,046 Vip Gaba,006 L4/5 IT CTX Glut,False,Slc6a1,8.433,0.637,96.5,12.0,7.795
ORBm,046 Vip Gaba,006 L4/5 IT CTX Glut,False,Prox1,7.581,0.053,89.3,1.0,7.529
ORBm,046 Vip Gaba,006 L4/5 IT CTX Glut,False,Dlx1,6.394,0.103,80.7,1.9,6.291
ORBm,046 Vip Gaba,006 L4/5 IT CTX Glut,False,Slc32a1,5.945,0.139,77.0,2.6,5.806
ORBm,046 Vip Gaba,006 L4/5 IT CTX Glut,False,Calb2,5.351,0.108,64.6,2.0,5.242
ORBm,046 Vip Gaba,006 L4/5 IT CTX Glut,False,Crh,4.959,0.1,56.5,1.9,4.859
ORBm,046 Vip Gaba,006 L4/5 IT CTX Glut,False,Penk,4.975,0.185,60.5,3.3,4.79
ORBm,046 Vip Gaba,006 L4/5 IT CTX Glut,False,Sema5a,4.905,0.476,61.0,8.5,4.43
ORBm,046 Vip Gaba,006 L4/5 IT CTX Glut,False,Tac2,4.228,0.147,47.7,2.8,4.081
ORBm,046 Vip Gaba,007 L2/3 IT CTX Glut,False,Vip,10.676,0.586,92.9,10.5,10.091
ORBm,046 Vip Gaba,007 L2/3 IT CTX Glut,False,Gad1,9.306,0.728,98.8,13.2,8.577
ORBm,046 Vip Gaba,007 L2/3 IT CTX Glut,False,Gad2,9.114,0.632,95.9,11.4,8.482
ORBm,046 Vip Gaba,007 L2/3 IT CTX Glut,False,Slc6a1,8.433,0.597,96.5,11.0,7.835
ORBm,046 Vip Gaba,007 L2/3 IT CTX Glut,False,Prox1,7.581,0.054,89.3,1.0,7.528
ORBm,046 Vip Gaba,007 L2/3 IT CTX Glut,False,Dlx1,6.394,0.111,80.7,2.0,6.283
ORBm,046 Vip Gaba,007 L2/3 IT CTX Glut,False,Slc32a1,5.945,0.134,77.0,2.5,5.811
ORBm,046 Vip Gaba,007 L2/3 IT CTX Glut,False,Calb2,5.351,0.062,64.6,1.2,5.288
ORBm,046 Vip Gaba,007 L2/3 IT CTX Glut,False,Crh,4.959,0.258,56.5,4.3,4.7
ORBm,046 Vip Gaba,007 L2/3 IT CTX Glut,False,Sema5a,4.905,0.353,61.0,6.5,4.553
ORBm,046 Vip Gaba,007 L2/3 IT CTX Glut,False,Tac2,4.228,0.078,47.7,1.4,4.149
ORBm,046 Vip Gaba,007 L2/3 IT CTX Glut,False,Slc5a7,3.171,0.01,41.4,0.2,3.161
ORBm,046 Vip Gaba,022 L5 ET CTX Glut,False,Vip,10.676,0.613,92.9,11.4,10.063
ORBm,046 Vip Gaba,022 L5 ET CTX Glut,False,Gad1,9.306,0.755,98.8,13.8,8.551
ORBm,046 Vip Gaba,022 L5 ET CTX Glut,False,Gad2,9.114,0.678,95.9,12.5,8.436
ORBm,046 Vip Gaba,022 L5 ET CTX Glut,False,Slc6a1,8.433,0.713,96.5,13.1,7.72
ORBm,046 Vip Gaba,022 L5 ET CTX Glut,False,Prox1,7.581,0.071,89.3,1.4,7.51
ORBm,046 Vip Gaba,022 L5 ET CTX Glut,False,Dlx1,6.394,0.105,80.7,1.9,6.289
ORBm,046 Vip Gaba,022 L5 ET CTX Glut,False,Slc32a1,5.945,0.132,77.0,2.5,5.813
ORBm,046 Vip Gaba,022 L5 ET CTX Glut,False,Calb2,5.351,0.099,64.6,1.9,5.252
ORBm,046 Vip Gaba,022 L5 ET CTX Glut,False,Crh,4.959,0.098,56.5,1.9,4.86
ORBm,046 Vip Gaba,022 L5 ET CTX Glut,False,Penk,4.975,0.227,60.5,4.2,4.748
ORBm,046 Vip Gaba,022 L5 ET CTX Glut,False,Sema5a,4.905,0.402,61.0,7.2,4.504
ORBm,046 Vip Gaba,022 L5 ET CTX Glut,False,Htr2c,4.853,0.38,59.0,6.6,4.473
ORBm,046 Vip Gaba,029 L6b CTX Glut,False,Vip,10.676,0.503,92.9,8.8,10.173
ORBm,046 Vip Gaba,029 L6b CTX Glut,False,Synpr,10.535,0.537,99.8,9.3,9.998
ORBm,046 Vip Gaba,029 L6b CTX Glut,False,Gad1,9.306,0.721,98.8,12.6,8.584
ORBm,046 Vip Gaba,029 L6b CTX Glut,False,Gad2,9.114,0.651,95.9,11.5,8.462
ORBm,046 Vip Gaba,029 L6b CTX Glut,False,Slc6a1,8.433,0.613,96.5,10.8,7.82
ORBm,046 Vip Gaba,029 L6b CTX Glut,False,Prox1,7.581,0.067,89.3,1.2,7.515
ORBm,046 Vip Gaba,029 L6b CTX Glut,False,Dlx1,6.394,0.101,80.7,1.9,6.293
ORBm,046 Vip Gaba,029 L6b CTX Glut,False,Slc32a1,5.945,0.116,77.0,2.1,5.829
ORBm,046 Vip Gaba,029 L6b CTX Glut,False,Calb2,5.351,0.071,64.6,1.3,5.28
ORBm,046 Vip Gaba,029 L6b CTX Glut,False,Crh,4.959,0.077,56.5,1.4,4.882
ORBm,046 Vip Gaba,029 L6b CTX Glut,False,Penk,4.975,0.151,60.5,2.6,4.825
ORBm,046 Vip Gaba,029 L6b CTX Glut,False,Pou3f3,5.09,0.279,68.3,4.7,4.812
ORBm,046 Vip Gaba,030 L6 CT CTX Glut,False,Vip,10.676,0.526,92.9,9.3,10.15
ORBm,046 Vip Gaba,030 L6 CT CTX Glut,False,Synpr,10.535,0.591,99.8,10.3,9.944
ORBm,046 Vip Gaba,030 L6 CT CTX Glut,False,Gad1,9.306,0.682,98.8,12.1,8.623
ORBm,046 Vip Gaba,030 L6 CT CTX Glut,False,Gad2,9.114,0.579,95.9,10.3,8.534
ORBm,046 Vip Gaba,030 L6 CT CTX Glut,False,Slc6a1,8.433,0.573,96.5,10.3,7.86
ORBm,046 Vip Gaba,030 L6 CT CTX Glut,False,Prox1,7.581,0.063,89.3,1.1,7.518
ORBm,046 Vip Gaba,030 L6 CT CTX Glut,False,Dlx1,6.394,0.091,80.7,1.6,6.302
ORBm,046 Vip Gaba,030 L6 CT CTX Glut,False,Slc32a1,5.945,0.131,77.0,2.3,5.814
ORBm,046 Vip Gaba,030 L6 CT CTX Glut,False,Calb2,5.351,0.079,64.6,1.4,5.272
ORBm,046 Vip Gaba,030 L6 CT CTX Glut,False,Crh,4.959,0.077,56.5,1.4,4.882
ORBm,046 Vip Gaba,030 L6 CT CTX Glut,False,Penk,4.975,0.132,60.5,2.4,4.843
ORBm,046 Vip Gaba,030 L6 CT CTX Glut,False,Htr2c,4.853,0.304,59.0,5.3,4.549
ORBm,046 Vip Gaba,032 L5 NP CTX Glut,False,Vip,10.676,0.475,92.9,7.5,10.201
ORBm,046 Vip Gaba,032 L5 NP CTX Glut,False,Synpr,10.535,0.564,99.8,9.1,9.971
ORBm,046 Vip Gaba,032 L5 NP CTX Glut,False,Gad1,9.306,0.648,98.8,10.4,8.658
ORBm,046 Vip Gaba,032 L5 NP CTX Glut,False,Gad2,9.114,0.573,95.9,9.3,8.541
ORBm,046 Vip Gaba,032 L5 NP CTX Glut,False,Slc6a1,8.433,0.78,96.5,12.5,7.653
ORBm,046 Vip Gaba,032 L5 NP CTX Glut,False,Prox1,7.581,0.054,89.3,0.8,7.528
ORBm,046 Vip Gaba,032 L5 NP CTX Glut,False,Dlx1,6.394,0.063,80.7,1.0,6.33
ORBm,046 Vip Gaba,032 L5 NP CTX Glut,False,Slc32a1,5.945,0.114,77.0,1.8,5.83
ORBm,046 Vip Gaba,032 L5 NP CTX Glut,False,Calb2,5.351,0.069,64.6,1.1,5.282
ORBm,046 Vip Gaba,032 L5 NP CTX Glut,False,Crh,4.959,0.065,56.5,1.1,4.894
ORBm,046 Vip Gaba,032 L5 NP CTX Glut,False,Penk,4.975,0.108,60.5,1.7,4.867
ORBm,046 Vip Gaba,032 L5 NP CTX Glut,False,Zfp804b,5.116,0.839,56.4,12.3,4.278
ORBm,046 Vip Gaba,049 Lamp5 Gaba,True,Vip,10.676,0.483,92.9,7.9,10.194
ORBm,046 Vip Gaba,049 Lamp5 Gaba,True,Calb2,5.351,0.239,64.6,3.5,5.111
ORBm,046 Vip Gaba,049 Lamp5 Gaba,True,Cbln2,5.641,0.8,68.5,12.5,4.841
ORBm,046 Vip Gaba,049 Lamp5 Gaba,True,Crh,4.959,0.202,56.5,2.9,4.757
ORBm,046 Vip Gaba,049 Lamp5 Gaba,True,Penk,4.975,0.424,60.5,6.5,4.551
ORBm,046 Vip Gaba,049 Lamp5 Gaba,True,Tac2,4.228,0.547,47.7,7.3,3.681
ORBm,046 Vip Gaba,049 Lamp5 Gaba,True,Slc5a7,3.171,0.01,41.4,0.2,3.161
ORBm,046 Vip Gaba,049 Lamp5 Gaba,True,Pde1c,2.998,0.498,40.1,8.5,2.501
ORBm,046 Vip Gaba,049 Lamp5 Gaba,True,Htr3a,2.987,0.746,39.9,11.3,2.241
ORBm,046 Vip Gaba,049 Lamp5 Gaba,True,Satb1,2.665,0.617,38.5,10.1,2.048
ORBm,046 Vip Gaba,049 Lamp5 Gaba,True,Rspo2,1.9,0.179,26.3,2.9,1.721
ORBm,046 Vip Gaba,052 Pvalb Gaba,True,Adarb2,12.752,0.837,100.0,14.2,11.915
ORBm,046 Vip Gaba,052 Pvalb Gaba,True,Vip,10.676,0.516,92.9,9.0,10.16
ORBm,046 Vip Gaba,052 Pvalb Gaba,True,Prox1,7.581,0.041,89.3,0.7,7.541
ORBm,046 Vip Gaba,052 Pvalb Gaba,True,Nfix,7.057,0.829,85.2,14.7,6.228
ORBm,046 Vip Gaba,052 Pvalb Gaba,True,Calb2,5.351,0.065,64.6,1.1,5.286
ORBm,046 Vip Gaba,052 Pvalb Gaba,True,Cbln2,5.641,0.367,68.5,6.3,5.274
ORBm,046 Vip Gaba,052 Pvalb Gaba,True,Crh,4.959,0.185,56.5,3.1,4.774
ORBm,046 Vip Gaba,052 Pvalb Gaba,True,Penk,4.975,0.71,60.5,10.8,4.265
ORBm,046 Vip Gaba,052 Pvalb Gaba,True,Tac2,4.228,0.049,47.7,0.9,4.178
ORBm,046 Vip Gaba,052 Pvalb Gaba,True,Slc5a7,3.171,0.006,41.4,0.1,3.165
ORBm,046 Vip Gaba,052 Pvalb Gaba,True,Htr3a,2.987,0.029,39.9,0.5,2.958
ORBm,046 Vip Gaba,052 Pvalb Gaba,True,Nr2e1,2.887,0.017,41.5,0.3,2.87
ORBm,046 Vip Gaba,053 Sst Gaba,True,Adarb2,12.752,0.876,100.0,14.7,11.875
ORBm,046 Vip Gaba,053 Sst Gaba,True,Vip,10.676,0.563,92.9,9.7,10.113
ORBm,046 Vip Gaba,053 Sst Gaba,True,Prox1,7.581,0.082,89.3,1.4,7.499
ORBm,046 Vip Gaba,053 Sst Gaba,True,Nfib,8.091,0.789,93.0,13.5,7.302
ORBm,046 Vip Gaba,053 Sst Gaba,True,Nfix,7.057,0.708,85.2,12.5,6.349
ORBm,046 Vip Gaba,053 Sst Gaba,True,Cbln2,5.641,0.389,68.5,6.7,5.252
ORBm,046 Vip Gaba,053 Sst Gaba,True,Penk,4.975,0.716,60.5,10.5,4.259
ORBm,046 Vip Gaba,053 Sst Gaba,True,Htr2c,4.853,0.795,59.0,11.3,4.058
ORBm,046 Vip Gaba,053 Sst Gaba,True,Tac2,4.228,0.32,47.7,4.8,3.908
ORBm,046 Vip Gaba,053 Sst Gaba,True,Slc5a7,3.171,0.008,41.4,0.1,3.163
ORBm,046 Vip Gaba,053 Sst Gaba,True,Htr3a,2.987,0.021,39.9,0.3,2.967
ORBm,046 Vip Gaba,053 Sst Gaba,True,Nr2e1,2.887,0.017,41.5,0.3,2.87
ORBm,049 Lamp5 Gaba,004 L6 IT CTX Glut,False,Gad2,11.442,0.625,100.0,11.2,10.818
ORBm,049 Lamp5 Gaba,004 L6 IT CTX Glut,False,Slc6a1,10.729,0.555,100.0,10.1,10.174
ORBm,049 Lamp5 Gaba,004 L6 IT CTX Glut,False,Gad1,10.867,0.697,100.0,12.6,10.17
ORBm,049 Lamp5 Gaba,004 L6 IT CTX Glut,False,Nxph1,9.368,0.665,91.6,11.6,8.703
ORBm,049 Lamp5 Gaba,004 L6 IT CTX Glut,False,Slc32a1,7.553,0.132,94.4,2.4,7.421
ORBm,049 Lamp5 Gaba,004 L6 IT CTX Glut,False,Lamp5,7.971,0.769,91.5,13.2,7.202
ORBm,049 Lamp5 Gaba,004 L6 IT CTX Glut,False,Reln,7.287,0.427,70.8,7.4,6.86
ORBm,049 Lamp5 Gaba,004 L6 IT CTX Glut,False,Cplx3,6.999,0.225,89.1,4.1,6.774
ORBm,049 Lamp5 Gaba,004 L6 IT CTX Glut,False,Pnoc,6.429,0.062,81.5,1.1,6.367
ORBm,049 Lamp5 Gaba,004 L6 IT CTX Glut,False,Prox1,6.183,0.053,82.4,0.9,6.13
ORBm,049 Lamp5 Gaba,004 L6 IT CTX Glut,False,Ndnf,4.852,0.039,54.5,0.7,4.812
ORBm,049 Lamp5 Gaba,004 L6 IT CTX Glut,False,Cux2,4.198,0.332,60.6,5.7,3.866
ORBm,049 Lamp5 Gaba,005 L5 IT CTX Glut,False,Gad2,11.442,0.701,100.0,13.2,10.741
ORBm,049 Lamp5 Gaba,005 L5 IT CTX Glut,False,Slc6a1,10.729,0.627,100.0,12.0,10.103
ORBm,049 Lamp5 Gaba,005 L5 IT CTX Glut,False,Gad1,10.867,0.772,100.0,14.7,10.095
ORBm,049 Lamp5 Gaba,005 L5 IT CTX Glut,False,Nxph1,9.368,0.768,91.6,13.8,8.6
ORBm,049 Lamp5 Gaba,005 L5 IT CTX Glut,False,Slc32a1,7.553,0.145,94.4,2.8,7.408
ORBm,049 Lamp5 Gaba,005 L5 IT CTX Glut,False,Reln,7.287,0.3,70.8,5.7,6.987
ORBm,049 Lamp5 Gaba,005 L5 IT CTX Glut,False,Cplx3,6.999,0.188,89.1,3.5,6.812
ORBm,049 Lamp5 Gaba,005 L5 IT CTX Glut,False,Pnoc,6.429,0.054,81.5,1.0,6.374
ORBm,049 Lamp5 Gaba,005 L5 IT CTX Glut,False,Prox1,6.183,0.063,82.4,1.2,6.119
ORBm,049 Lamp5 Gaba,005 L5 IT CTX Glut,False,Ndnf,4.852,0.043,54.5,0.8,4.809
ORBm,049 Lamp5 Gaba,005 L5 IT CTX Glut,False,Cux2,4.198,0.668,60.6,10.8,3.53
ORBm,049 Lamp5 Gaba,005 L5 IT CTX Glut,False,Dlx1,3.618,0.109,54.1,2.1,3.509
ORBm,049 Lamp5 Gaba,006 L4/5 IT CTX Glut,False,Gad2,11.442,0.682,100.0,12.6,10.761
ORBm,049 Lamp5 Gaba,006 L4/5 IT CTX Glut,False,Gad1,10.867,0.731,100.0,13.5,10.136
ORBm,049 Lamp5 Gaba,006 L4/5 IT CTX Glut,False,Slc6a1,10.729,0.637,100.0,12.0,10.092
ORBm,049 Lamp5 Gaba,006 L4/5 IT CTX Glut,False,Nxph1,9.368,0.568,91.6,10.2,8.8
ORBm,049 Lamp5 Gaba,006 L4/5 IT CTX Glut,False,Sema5a,8.178,0.476,91.1,8.5,7.702
ORBm,049 Lamp5 Gaba,006 L4/5 IT CTX Glut,False,Slc32a1,7.553,0.139,94.4,2.6,7.414
ORBm,049 Lamp5 Gaba,006 L4/5 IT CTX Glut,False,Reln,7.287,0.416,70.8,7.5,6.87
ORBm,049 Lamp5 Gaba,006 L4/5 IT CTX Glut,False,Cplx3,6.999,0.15,89.1,2.8,6.849
ORBm,049 Lamp5 Gaba,006 L4/5 IT CTX Glut,False,Pnoc,6.429,0.071,81.5,1.3,6.358
ORBm,049 Lamp5 Gaba,006 L4/5 IT CTX Glut,False,Prox1,6.183,0.053,82.4,1.0,6.13
ORBm,049 Lamp5 Gaba,006 L4/5 IT CTX Glut,False,Ndnf,4.852,0.042,54.5,0.8,4.81
ORBm,049 Lamp5 Gaba,006 L4/5 IT CTX Glut,False,Dlx1,3.618,0.103,54.1,1.9,3.515
ORBm,049 Lamp5 Gaba,007 L2/3 IT CTX Glut,False,Gad2,11.442,0.632,100.0,11.4,10.811
ORBm,049 Lamp5 Gaba,007 L2/3 IT CTX Glut,False,Gad1,10.867,0.728,100.0,13.2,10.139
ORBm,049 Lamp5 Gaba,007 L2/3 IT CTX Glut,False,Slc6a1,10.729,0.597,100.0,11.0,10.132
ORBm,049 Lamp5 Gaba,007 L2/3 IT CTX Glut,False,Nxph1,9.368,0.453,91.6,8.1,8.915
ORBm,049 Lamp5 Gaba,007 L2/3 IT CTX Glut,False,Sema5a,8.178,0.353,91.1,6.5,7.825
ORBm,049 Lamp5 Gaba,007 L2/3 IT CTX Glut,False,Slc32a1,7.553,0.134,94.4,2.5,7.419
ORBm,049 Lamp5 Gaba,007 L2/3 IT CTX Glut,False,Pld5,7.429,0.418,90.4,7.2,7.011
ORBm,049 Lamp5 Gaba,007 L2/3 IT CTX Glut,False,Cplx3,6.999,0.156,89.1,2.9,6.843
ORBm,049 Lamp5 Gaba,007 L2/3 IT CTX Glut,False,Pnoc,6.429,0.061,81.5,1.1,6.368
ORBm,049 Lamp5 Gaba,007 L2/3 IT CTX Glut,False,Prox1,6.183,0.054,82.4,1.0,6.129
ORBm,049 Lamp5 Gaba,007 L2/3 IT CTX Glut,False,Ndnf,4.852,0.069,54.5,1.3,4.783
ORBm,049 Lamp5 Gaba,007 L2/3 IT CTX Glut,False,Dlx1,3.618,0.111,54.1,2.0,3.508
ORBm,049 Lamp5 Gaba,022 L5 ET CTX Glut,False,Gad2,11.442,0.678,100.0,12.5,10.765
ORBm,049 Lamp5 Gaba,022 L5 ET CTX Glut,False,Gad1,10.867,0.755,100.0,13.8,10.112
ORBm,049 Lamp5 Gaba,022 L5 ET CTX Glut,False,Slc6a1,10.729,0.713,100.0,13.1,10.017
ORBm,049 Lamp5 Gaba,022 L5 ET CTX Glut,False,Nxph1,9.368,0.525,91.6,9.4,8.842
ORBm,049 Lamp5 Gaba,022 L5 ET CTX Glut,False,Sema5a,8.178,0.402,91.1,7.2,7.776
ORBm,049 Lamp5 Gaba,022 L5 ET CTX Glut,False,Slc32a1,7.553,0.132,94.4,2.5,7.421
ORBm,049 Lamp5 Gaba,022 L5 ET CTX Glut,False,Pld5,7.429,0.213,90.4,3.7,7.216
ORBm,049 Lamp5 Gaba,022 L5 ET CTX Glut,False,Cplx3,6.999,0.102,89.1,1.9,6.897
ORBm,049 Lamp5 Gaba,022 L5 ET CTX Glut,False,Pnoc,6.429,0.051,81.5,1.0,6.378
ORBm,049 Lamp5 Gaba,022 L5 ET CTX Glut,False,Prox1,6.183,0.071,82.4,1.4,6.111
ORBm,049 Lamp5 Gaba,022 L5 ET CTX Glut,False,Ndnf,4.852,0.533,54.5,8.8,4.319
ORBm,049 Lamp5 Gaba,022 L5 ET CTX Glut,False,Cux2,4.198,0.279,60.6,5.2,3.919
ORBm,049 Lamp5 Gaba,029 L6b CTX Glut,False,Gad2,11.442,0.651,100.0,11.5,10.791
ORBm,049 Lamp5 Gaba,029 L6b CTX Glut,False,Gad1,10.867,0.721,100.0,12.6,10.146
ORBm,049 Lamp5 Gaba,029 L6b CTX Glut,False,Slc6a1,10.729,0.613,100.0,10.8,10.116
ORBm,049 Lamp5 Gaba,029 L6b CTX Glut,False,Npy,9.364,0.762,88.0,13.5,8.602
ORBm,049 Lamp5 Gaba,029 L6b CTX Glut,False,Lamp5,7.971,0.268,91.5,4.8,7.704
ORBm,049 Lamp5 Gaba,029 L6b CTX Glut,False,Slc32a1,7.553,0.116,94.4,2.1,7.437
ORBm,049 Lamp5 Gaba,029 L6b CTX Glut,False,Pld5,7.429,0.153,90.4,2.8,7.276
ORBm,049 Lamp5 Gaba,029 L6b CTX Glut,False,Reln,7.287,0.745,70.8,12.6,6.542
ORBm,049 Lamp5 Gaba,029 L6b CTX Glut,False,Pnoc,6.429,0.078,81.5,1.4,6.351
ORBm,049 Lamp5 Gaba,029 L6b CTX Glut,False,Prox1,6.183,0.067,82.4,1.2,6.116
ORBm,049 Lamp5 Gaba,029 L6b CTX Glut,False,Ndnf,4.852,0.007,54.5,0.1,4.845
ORBm,049 Lamp5 Gaba,029 L6b CTX Glut,False,Nos1,4.495,0.231,63.9,4.0,4.264
ORBm,049 Lamp5 Gaba,030 L6 CT CTX Glut,False,Gad2,11.442,0.579,100.0,10.3,10.863
ORBm,049 Lamp5 Gaba,030 L6 CT CTX Glut,False,Gad1,10.867,0.682,100.0,12.1,10.185
ORBm,049 Lamp5 Gaba,030 L6 CT CTX Glut,False,Slc6a1,10.729,0.573,100.0,10.3,10.156
ORBm,049 Lamp5 Gaba,030 L6 CT CTX Glut,False,Nxph1,9.368,0.473,91.6,8.2,8.895
ORBm,049 Lamp5 Gaba,030 L6 CT CTX Glut,False,Npy,9.364,0.813,88.0,14.4,8.551
ORBm,049 Lamp5 Gaba,030 L6 CT CTX Glut,False,Slc32a1,7.553,0.131,94.4,2.3,7.422
ORBm,049 Lamp5 Gaba,030 L6 CT CTX Glut,False,Pld5,7.429,0.157,90.4,2.8,7.272
ORBm,049 Lamp5 Gaba,030 L6 CT CTX Glut,False,Reln,7.287,0.326,70.8,5.7,6.961
ORBm,049 Lamp5 Gaba,030 L6 CT CTX Glut,False,Cplx3,6.999,0.201,89.1,3.4,6.798
ORBm,049 Lamp5 Gaba,030 L6 CT CTX Glut,False,Pnoc,6.429,0.053,81.5,0.9,6.376
ORBm,049 Lamp5 Gaba,030 L6 CT CTX Glut,False,Prox1,6.183,0.063,82.4,1.1,6.12
ORBm,049 Lamp5 Gaba,030 L6 CT CTX Glut,False,Ndnf,4.852,0.035,54.5,0.6,4.816
ORBm,049 Lamp5 Gaba,032 L5 NP CTX Glut,False,Gad2,11.442,0.573,100.0,9.3,10.87
ORBm,049 Lamp5 Gaba,032 L5 NP CTX Glut,False,Gad1,10.867,0.648,100.0,10.4,10.219
ORBm,049 Lamp5 Gaba,032 L5 NP CTX Glut,False,Slc6a1,10.729,0.78,100.0,12.5,9.949
ORBm,049 Lamp5 Gaba,032 L5 NP CTX Glut,False,Npy,9.364,0.761,88.0,12.4,8.603
ORBm,049 Lamp5 Gaba,032 L5 NP CTX Glut,False,Lamp5,7.971,0.351,91.5,5.8,7.62
ORBm,049 Lamp5 Gaba,032 L5 NP CTX Glut,False,Slc32a1,7.553,0.114,94.4,1.8,7.439
ORBm,049 Lamp5 Gaba,032 L5 NP CTX Glut,False,Pld5,7.429,0.175,90.4,2.8,7.254
ORBm,049 Lamp5 Gaba,032 L5 NP CTX Glut,False,Reln,7.287,0.315,70.8,5.0,6.972
ORBm,049 Lamp5 Gaba,032 L5 NP CTX Glut,False,Cplx3,6.999,0.091,89.1,1.4,6.908
ORBm,049 Lamp5 Gaba,032 L5 NP CTX Glut,False,Pnoc,6.429,0.097,81.5,1.6,6.332
ORBm,049 Lamp5 Gaba,032 L5 NP CTX Glut,False,Prox1,6.183,0.054,82.4,0.8,6.129
ORBm,049 Lamp5 Gaba,032 L5 NP CTX Glut,False,Ndnf,4.852,0.032,54.5,0.5,4.82
ORBm,049 Lamp5 Gaba,046 Vip Gaba,True,Npy,9.364,1.126,88.0,14.8,8.238
ORBm,049 Lamp5 Gaba,046 Vip Gaba,True,Lamp5,7.971,0.285,91.5,4.4,7.686
ORBm,049 Lamp5 Gaba,046 Vip Gaba,True,Mpped1,8.558,0.957,94.6,14.6,7.601
ORBm,049 Lamp5 Gaba,046 Vip Gaba,True,Cplx3,6.999,0.726,89.1,10.8,6.274
ORBm,049 Lamp5 Gaba,046 Vip Gaba,True,Ndnf,4.852,0.061,54.5,0.8,4.791
ORBm,049 Lamp5 Gaba,046 Vip Gaba,True,Mafb,3.111,0.701,46.4,10.9,2.41
ORBm,049 Lamp5 Gaba,046 Vip Gaba,True,Sp9,2.922,0.688,44.4,10.2,2.233
ORBm,049 Lamp5 Gaba,046 Vip Gaba,True,Tgfb2,2.034,0.412,32.3,6.3,1.622
ORBm,049 Lamp5 Gaba,046 Vip Gaba,True,Rxfp1,2.294,0.742,29.1,9.8,1.552
ORBm,049 Lamp5 Gaba,052 Pvalb Gaba,True,Adarb2,11.622,0.837,100.0,14.2,10.785
ORBm,049 Lamp5 Gaba,052 Pvalb Gaba,True,Nfix,8.994,0.829,98.8,14.7,8.165
ORBm,049 Lamp5 Gaba,052 Pvalb Gaba,True,Lamp5,7.971,0.286,91.5,5.0,7.686
ORBm,049 Lamp5 Gaba,052 Pvalb Gaba,True,Cplx3,6.999,0.09,89.1,1.6,6.91
ORBm,049 Lamp5 Gaba,052 Pvalb Gaba,True,Pld5,7.429,0.547,90.4,9.4,6.881
ORBm,049 Lamp5 Gaba,052 Pvalb Gaba,True,Prox1,6.183,0.041,82.4,0.7,6.142
ORBm,049 Lamp5 Gaba,052 Pvalb Gaba,True,Ndnf,4.852,0.036,54.5,0.6,4.815
ORBm,049 Lamp5 Gaba,052 Pvalb Gaba,True,Sp8,2.044,0.021,30.0,0.4,2.023
ORBm,049 Lamp5 Gaba,052 Pvalb Gaba,True,Rxfp1,2.294,0.304,29.1,5.2,1.99
ORBm,049 Lamp5 Gaba,052 Pvalb Gaba,True,Tgfb2,2.034,0.495,32.3,8.8,1.539
ORBm,049 Lamp5 Gaba,053 Sst Gaba,True,Adarb2,11.622,0.876,100.0,14.7,10.746
ORBm,049 Lamp5 Gaba,053 Sst Gaba,True,Nfib,10.149,0.789,99.7,13.5,9.36
ORBm,049 Lamp5 Gaba,053 Sst Gaba,True,Nfix,8.994,0.708,98.8,12.5,8.286
ORBm,049 Lamp5 Gaba,053 Sst Gaba,True,Lamp5,7.971,0.278,91.5,4.9,7.693
ORBm,049 Lamp5 Gaba,053 Sst Gaba,True,Cplx3,6.999,0.071,89.1,1.3,6.928
ORBm,049 Lamp5 Gaba,053 Sst Gaba,True,Prox1,6.183,0.082,82.4,1.4,6.1
ORBm,049 Lamp5 Gaba,053 Sst Gaba,True,Ndnf,4.852,0.436,54.5,6.9,4.416
ORBm,049 Lamp5 Gaba,053 Sst Gaba,True,Sp9,2.922,0.679,44.4,11.6,2.242
ORBm,049 Lamp5 Gaba,053 Sst Gaba,True,Sp8,2.044,0.021,30.0,0.3,2.023
ORBm,049 Lamp5 Gaba,053 Sst Gaba,True,Rxfp1,2.294,0.638,29.1,9.9,1.656
ORBm,049 Lamp5 Gaba,053 Sst Gaba,True,Tgfb2,2.034,0.396,32.3,6.9,1.638
ORBm,052 Pvalb Gaba,004 L6 IT CTX Glut,False,Nxph1,10.568,0.665,99.9,11.6,9.903
ORBm,052 Pvalb Gaba,004 L6 IT CTX Glut,False,Slc6a1,10.132,0.555,99.8,10.1,9.577
ORBm,052 Pvalb Gaba,004 L6 IT CTX Glut,False,Gad2,9.738,0.625,99.9,11.2,9.114
ORBm,052 Pvalb Gaba,004 L6 IT CTX Glut,False,Gad1,9.635,0.697,99.7,12.6,8.938
ORBm,052 Pvalb Gaba,004 L6 IT CTX Glut,False,Sox6,8.098,0.142,94.5,2.6,7.956
ORBm,052 Pvalb Gaba,004 L6 IT CTX Glut,False,Slc32a1,7.755,0.132,95.4,2.4,7.623
ORBm,052 Pvalb Gaba,004 L6 IT CTX Glut,False,Rbp4,6.572,0.462,80.3,8.5,6.111
ORBm,052 Pvalb Gaba,004 L6 IT CTX Glut,False,Pvalb,6.179,0.077,71.3,1.4,6.103
ORBm,052 Pvalb Gaba,004 L6 IT CTX Glut,False,Lhx6,5.76,0.057,81.2,1.1,5.703
ORBm,052 Pvalb Gaba,004 L6 IT CTX Glut,False,Tac1,5.78,0.101,70.1,1.8,5.679
ORBm,052 Pvalb Gaba,004 L6 IT CTX Glut,False,Mafb,5.712,0.122,78.0,2.3,5.59
ORBm,052 Pvalb Gaba,004 L6 IT CTX Glut,False,Cux2,5.378,0.332,76.4,5.7,5.046
ORBm,052 Pvalb Gaba,005 L5 IT CTX Glut,False,Nxph1,10.568,0.768,99.9,13.8,9.8
ORBm,052 Pvalb Gaba,005 L5 IT CTX Glut,False,Slc6a1,10.132,0.627,99.8,12.0,9.506
ORBm,052 Pvalb Gaba,005 L5 IT CTX Glut,False,Gad2,9.738,0.701,99.9,13.2,9.037
ORBm,052 Pvalb Gaba,005 L5 IT CTX Glut,False,Gad1,9.635,0.772,99.7,14.7,8.863
ORBm,052 Pvalb Gaba,005 L5 IT CTX Glut,False,Sox6,8.098,0.18,94.5,3.5,7.918
ORBm,052 Pvalb Gaba,005 L5 IT CTX Glut,False,Slc32a1,7.755,0.145,95.4,2.8,7.61
ORBm,052 Pvalb Gaba,005 L5 IT CTX Glut,False,Pvalb,6.179,0.076,71.3,1.5,6.104
ORBm,052 Pvalb Gaba,005 L5 IT CTX Glut,False,Lhx6,5.76,0.08,81.2,1.5,5.68
ORBm,052 Pvalb Gaba,005 L5 IT CTX Glut,False,Tac1,5.78,0.155,70.1,2.9,5.624
ORBm,052 Pvalb Gaba,005 L5 IT CTX Glut,False,Mafb,5.712,0.2,78.0,4.0,5.512
ORBm,052 Pvalb Gaba,005 L5 IT CTX Glut,False,Cux2,5.378,0.668,76.4,10.8,4.71
ORBm,052 Pvalb Gaba,005 L5 IT CTX Glut,False,Moxd1,4.089,0.049,54.3,0.9,4.04
ORBm,052 Pvalb Gaba,006 L4/5 IT CTX Glut,False,Nxph1,10.568,0.568,99.9,10.2,10.0
ORBm,052 Pvalb Gaba,006 L4/5 IT CTX Glut,False,Slc6a1,10.132,0.637,99.8,12.0,9.495
ORBm,052 Pvalb Gaba,006 L4/5 IT CTX Glut,False,Gad2,9.738,0.682,99.9,12.6,9.057
ORBm,052 Pvalb Gaba,006 L4/5 IT CTX Glut,False,Gad1,9.635,0.731,99.7,13.5,8.904
ORBm,052 Pvalb Gaba,006 L4/5 IT CTX Glut,False,Sox6,8.098,0.152,94.5,2.9,7.946
ORBm,052 Pvalb Gaba,006 L4/5 IT CTX Glut,False,Slc32a1,7.755,0.139,95.4,2.6,7.616
ORBm,052 Pvalb Gaba,006 L4/5 IT CTX Glut,False,Pvalb,6.179,0.075,71.3,1.4,6.105
ORBm,052 Pvalb Gaba,006 L4/5 IT CTX Glut,False,Lhx6,5.76,0.07,81.2,1.3,5.691
ORBm,052 Pvalb Gaba,006 L4/5 IT CTX Glut,False,Tac1,5.78,0.124,70.1,2.4,5.656
ORBm,052 Pvalb Gaba,006 L4/5 IT CTX Glut,False,Mafb,5.712,0.234,78.0,4.6,5.478
ORBm,052 Pvalb Gaba,006 L4/5 IT CTX Glut,False,Moxd1,4.089,0.048,54.3,0.9,4.041
ORBm,052 Pvalb Gaba,006 L4/5 IT CTX Glut,False,Sema5a,3.819,0.476,54.0,8.5,3.343
ORBm,052 Pvalb Gaba,007 L2/3 IT CTX Glut,False,Nxph1,10.568,0.453,99.9,8.1,10.115
ORBm,052 Pvalb Gaba,007 L2/3 IT CTX Glut,False,Slc6a1,10.132,0.597,99.8,11.0,9.535
ORBm,052 Pvalb Gaba,007 L2/3 IT CTX Glut,False,Gad2,9.738,0.632,99.9,11.4,9.107
ORBm,052 Pvalb Gaba,007 L2/3 IT CTX Glut,False,Gad1,9.635,0.728,99.7,13.2,8.907
ORBm,052 Pvalb Gaba,007 L2/3 IT CTX Glut,False,Sox6,8.098,0.162,94.5,3.1,7.936
ORBm,052 Pvalb Gaba,007 L2/3 IT CTX Glut,False,Slc32a1,7.755,0.134,95.4,2.5,7.621
ORBm,052 Pvalb Gaba,007 L2/3 IT CTX Glut,False,Rbp4,6.572,0.396,80.3,7.5,6.176
ORBm,052 Pvalb Gaba,007 L2/3 IT CTX Glut,False,Pvalb,6.179,0.077,71.3,1.4,6.103
ORBm,052 Pvalb Gaba,007 L2/3 IT CTX Glut,False,Lhx6,5.76,0.065,81.2,1.2,5.695
ORBm,052 Pvalb Gaba,007 L2/3 IT CTX Glut,False,Tac1,5.78,0.104,70.1,2.0,5.675
ORBm,052 Pvalb Gaba,007 L2/3 IT CTX Glut,False,Mafb,5.712,0.111,78.0,2.1,5.601
ORBm,052 Pvalb Gaba,007 L2/3 IT CTX Glut,False,Moxd1,4.089,0.048,54.3,0.9,4.041
ORBm,052 Pvalb Gaba,022 L5 ET CTX Glut,False,Nxph1,10.568,0.525,99.9,9.4,10.043
ORBm,052 Pvalb Gaba,022 L5 ET CTX Glut,False,Slc6a1,10.132,0.713,99.8,13.1,9.42
ORBm,052 Pvalb Gaba,022 L5 ET CTX Glut,False,Gad2,9.738,0.678,99.9,12.5,9.061
ORBm,052 Pvalb Gaba,022 L5 ET CTX Glut,False,Gad1,9.635,0.755,99.7,13.8,8.88
ORBm,052 Pvalb Gaba,022 L5 ET CTX Glut,False,Sox6,8.098,0.163,94.5,3.0,7.935
ORBm,052 Pvalb Gaba,022 L5 ET CTX Glut,False,Slc32a1,7.755,0.132,95.4,2.5,7.623
ORBm,052 Pvalb Gaba,022 L5 ET CTX Glut,False,Pvalb,6.179,0.228,71.3,4.0,5.952
ORBm,052 Pvalb Gaba,022 L5 ET CTX Glut,False,Lhx6,5.76,0.066,81.2,1.3,5.694
ORBm,052 Pvalb Gaba,022 L5 ET CTX Glut,False,Tac1,5.78,0.136,70.1,2.5,5.644
ORBm,052 Pvalb Gaba,022 L5 ET CTX Glut,False,Mafb,5.712,0.135,78.0,2.6,5.577
ORBm,052 Pvalb Gaba,022 L5 ET CTX Glut,False,Cux2,5.378,0.279,76.4,5.2,5.099
ORBm,052 Pvalb Gaba,022 L5 ET CTX Glut,False,Oprd1,4.58,0.186,68.1,3.6,4.393
ORBm,052 Pvalb Gaba,029 L6b CTX Glut,False,Slc6a1,10.132,0.613,99.8,10.8,9.519
ORBm,052 Pvalb Gaba,029 L6b CTX Glut,False,Gad2,9.738,0.651,99.9,11.5,9.087
ORBm,052 Pvalb Gaba,029 L6b CTX Glut,False,Gad1,9.635,0.721,99.7,12.6,8.914
ORBm,052 Pvalb Gaba,029 L6b CTX Glut,False,Sox6,8.098,0.128,94.5,2.2,7.97
ORBm,052 Pvalb Gaba,029 L6b CTX Glut,False,Slc32a1,7.755,0.116,95.4,2.1,7.639
ORBm,052 Pvalb Gaba,029 L6b CTX Glut,False,Pvalb,6.179,0.371,71.3,6.5,5.808
ORBm,052 Pvalb Gaba,029 L6b CTX Glut,False,Lhx6,5.76,0.092,81.2,1.7,5.668
ORBm,052 Pvalb Gaba,029 L6b CTX Glut,False,Tac1,5.78,0.121,70.1,2.1,5.658
ORBm,052 Pvalb Gaba,029 L6b CTX Glut,False,Mafb,5.712,0.144,78.0,2.6,5.568
ORBm,052 Pvalb Gaba,029 L6b CTX Glut,False,Cux2,5.378,0.261,76.4,4.6,5.117
ORBm,052 Pvalb Gaba,029 L6b CTX Glut,False,Oprd1,4.58,0.525,68.1,9.1,4.055
ORBm,052 Pvalb Gaba,029 L6b CTX Glut,False,Cartpt,3.944,0.084,54.2,1.5,3.861
ORBm,052 Pvalb Gaba,030 L6 CT CTX Glut,False,Nxph1,10.568,0.473,99.9,8.2,10.095
ORBm,052 Pvalb Gaba,030 L6 CT CTX Glut,False,Slc6a1,10.132,0.573,99.8,10.3,9.559
ORBm,052 Pvalb Gaba,030 L6 CT CTX Glut,False,Gad2,9.738,0.579,99.9,10.3,9.159
ORBm,052 Pvalb Gaba,030 L6 CT CTX Glut,False,Gad1,9.635,0.682,99.7,12.1,8.953
ORBm,052 Pvalb Gaba,030 L6 CT CTX Glut,False,Sox6,8.098,0.139,94.5,2.5,7.959
ORBm,052 Pvalb Gaba,030 L6 CT CTX Glut,False,Slc32a1,7.755,0.131,95.4,2.3,7.624
ORBm,052 Pvalb Gaba,030 L6 CT CTX Glut,False,Pvalb,6.179,0.09,71.3,1.6,6.09
ORBm,052 Pvalb Gaba,030 L6 CT CTX Glut,False,Rbp4,6.572,0.519,80.3,9.3,6.053
ORBm,052 Pvalb Gaba,030 L6 CT CTX Glut,False,Lhx6,5.76,0.062,81.2,1.1,5.698
ORBm,052 Pvalb Gaba,030 L6 CT CTX Glut,False,Tac1,5.78,0.098,70.1,1.8,5.682
ORBm,052 Pvalb Gaba,030 L6 CT CTX Glut,False,Mafb,5.712,0.153,78.0,2.8,5.559
ORBm,052 Pvalb Gaba,030 L6 CT CTX Glut,False,Cux2,5.378,0.263,76.4,4.7,5.115
ORBm,052 Pvalb Gaba,032 L5 NP CTX Glut,False,Slc6a1,10.132,0.78,99.8,12.5,9.353
ORBm,052 Pvalb Gaba,032 L5 NP CTX Glut,False,Gad2,9.738,0.573,99.9,9.3,9.166
ORBm,052 Pvalb Gaba,032 L5 NP CTX Glut,False,Gad1,9.635,0.648,99.7,10.4,8.987
ORBm,052 Pvalb Gaba,032 L5 NP CTX Glut,False,Sox6,8.098,0.147,94.5,2.4,7.951
ORBm,052 Pvalb Gaba,032 L5 NP CTX Glut,False,Slc32a1,7.755,0.114,95.4,1.8,7.641
ORBm,052 Pvalb Gaba,032 L5 NP CTX Glut,False,Zfp804b,8.154,0.839,89.0,12.3,7.316
ORBm,052 Pvalb Gaba,032 L5 NP CTX Glut,False,Pvalb,6.179,0.086,71.3,1.4,6.093
ORBm,052 Pvalb Gaba,032 L5 NP CTX Glut,False,Tac1,5.78,0.077,70.1,1.2,5.702
ORBm,052 Pvalb Gaba,032 L5 NP CTX Glut,False,Lhx6,5.76,0.06,81.2,1.0,5.7
ORBm,052 Pvalb Gaba,032 L5 NP CTX Glut,False,Mafb,5.712,0.447,78.0,7.3,5.265
ORBm,052 Pvalb Gaba,032 L5 NP CTX Glut,False,Cux2,5.378,0.393,76.4,6.4,4.985
ORBm,052 Pvalb Gaba,032 L5 NP CTX Glut,False,Oprd1,4.58,0.097,68.1,1.6,4.482
ORBm,052 Pvalb Gaba,046 Vip Gaba,True,Sox6,8.098,0.136,94.5,2.2,7.963
ORBm,052 Pvalb Gaba,046 Vip Gaba,True,Mpped1,7.396,0.957,91.8,14.6,6.439
ORBm,052 Pvalb Gaba,046 Vip Gaba,True,Pvalb,6.179,0.169,71.3,2.7,6.011
ORBm,052 Pvalb Gaba,046 Vip Gaba,True,Lhx6,5.76,0.034,81.2,0.6,5.726
ORBm,052 Pvalb Gaba,046 Vip Gaba,True,Tac1,5.78,0.096,70.1,1.5,5.684
ORBm,052 Pvalb Gaba,046 Vip Gaba,True,Mafb,5.712,0.701,78.0,10.9,5.011
ORBm,052 Pvalb Gaba,046 Vip Gaba,True,Oprd1,4.58,0.029,68.1,0.5,4.55
ORBm,052 Pvalb Gaba,046 Vip Gaba,True,Moxd1,4.089,0.047,54.3,0.7,4.042
ORBm,052 Pvalb Gaba,046 Vip Gaba,True,Cartpt,3.944,0.062,54.2,0.9,3.882
ORBm,052 Pvalb Gaba,046 Vip Gaba,True,Calb1,3.976,0.366,47.4,5.7,3.61
ORBm,052 Pvalb Gaba,046 Vip Gaba,True,Slc30a3,3.361,0.643,53.0,10.1,2.717
ORBm,052 Pvalb Gaba,046 Vip Gaba,True,Whrn,2.965,0.364,46.6,5.7,2.601
ORBm,052 Pvalb Gaba,049 Lamp5 Gaba,True,Sox6,8.098,0.159,94.5,2.6,7.939
ORBm,052 Pvalb Gaba,049 Lamp5 Gaba,True,Satb1,8.45,0.617,96.9,10.1,7.833
ORBm,052 Pvalb Gaba,049 Lamp5 Gaba,True,Rbp4,6.572,0.343,80.3,5.6,6.23
ORBm,052 Pvalb Gaba,049 Lamp5 Gaba,True,Pvalb,6.179,0.114,71.3,2.0,6.065
ORBm,052 Pvalb Gaba,049 Lamp5 Gaba,True,Tac1,5.78,0.082,70.1,1.3,5.698
ORBm,052 Pvalb Gaba,049 Lamp5 Gaba,True,Lhx6,5.76,0.098,81.2,1.6,5.662
ORBm,052 Pvalb Gaba,049 Lamp5 Gaba,True,Oprd1,4.58,0.055,68.1,0.9,4.524
ORBm,052 Pvalb Gaba,049 Lamp5 Gaba,True,Moxd1,4.089,0.066,54.3,1.1,4.023
ORBm,052 Pvalb Gaba,049 Lamp5 Gaba,True,Cartpt,3.944,0.029,54.2,0.5,3.915
ORBm,052 Pvalb Gaba,049 Lamp5 Gaba,True,Calb1,3.976,0.385,47.4,6.4,3.591
ORBm,052 Pvalb Gaba,049 Lamp5 Gaba,True,Rarb,3.632,0.408,56.4,6.6,3.224
ORBm,052 Pvalb Gaba,049 Lamp5 Gaba,True,Whrn,2.965,0.091,46.6,1.6,2.874
ORBm,052 Pvalb Gaba,053 Sst Gaba,True,Pvalb,6.179,0.601,71.3,9.8,5.578
ORBm,052 Pvalb Gaba,053 Sst Gaba,True,Tac1,5.78,0.326,70.1,4.7,5.454
ORBm,052 Pvalb Gaba,053 Sst Gaba,True,Sp9,3.178,0.679,51.2,11.6,2.499
ORBm,052 Pvalb Gaba,053 Sst Gaba,True,Etv1,2.601,0.868,37.9,13.5,1.733
ORBm,052 Pvalb Gaba,053 Sst Gaba,True,Nr4a2,2.078,0.658,30.3,10.3,1.419
ORBm,052 Pvalb Gaba,053 Sst Gaba,True,Npnt,1.777,0.655,28.6,10.7,1.123
ORBm,053 Sst Gaba,004 L6 IT CTX Glut,False,Nxph1,10.5,0.665,100.0,11.6,9.836
ORBm,053 Sst Gaba,004 L6 IT CTX Glut,False,Gad2,9.997,0.625,99.9,11.2,9.372
ORBm,053 Sst Gaba,004 L6 IT CTX Glut,False,Slc6a1,9.162,0.555,99.5,10.1,8.607
ORBm,053 Sst Gaba,004 L6 IT CTX Glut,False,Gad1,8.414,0.697,97.9,12.6,7.717
ORBm,053 Sst Gaba,004 L6 IT CTX Glut,False,Sox6,7.645,0.142,89.8,2.6,7.503
ORBm,053 Sst Gaba,004 L6 IT CTX Glut,False,Slc32a1,7.534,0.132,94.1,2.4,7.402
ORBm,053 Sst Gaba,004 L6 IT CTX Glut,False,Reln,7.656,0.427,82.7,7.4,7.23
ORBm,053 Sst Gaba,004 L6 IT CTX Glut,False,Rbp4,7.328,0.462,89.7,8.5,6.866
ORBm,053 Sst Gaba,004 L6 IT CTX Glut,False,Mafb,6.541,0.122,86.0,2.3,6.419
ORBm,053 Sst Gaba,004 L6 IT CTX Glut,False,Lhx6,6.168,0.057,84.8,1.1,6.11
ORBm,053 Sst Gaba,004 L6 IT CTX Glut,False,Dlx1,4.758,0.098,70.4,1.8,4.66
ORBm,053 Sst Gaba,004 L6 IT CTX Glut,False,Cux2,4.907,0.332,71.5,5.7,4.575
ORBm,053 Sst Gaba,005 L5 IT CTX Glut,False,Nxph1,10.5,0.768,100.0,13.8,9.732
ORBm,053 Sst Gaba,005 L5 IT CTX Glut,False,Gad2,9.997,0.701,99.9,13.2,9.295
ORBm,053 Sst Gaba,005 L5 IT CTX Glut,False,Slc6a1,9.162,0.627,99.5,12.0,8.536
ORBm,053 Sst Gaba,005 L5 IT CTX Glut,False,Gad1,8.414,0.772,97.9,14.7,7.642
ORBm,053 Sst Gaba,005 L5 IT CTX Glut,False,Sox6,7.645,0.18,89.8,3.5,7.465
ORBm,053 Sst Gaba,005 L5 IT CTX Glut,False,Slc32a1,7.534,0.145,94.1,2.8,7.389
ORBm,053 Sst Gaba,005 L5 IT CTX Glut,False,Reln,7.656,0.3,82.7,5.7,7.356
ORBm,053 Sst Gaba,005 L5 IT CTX Glut,False,Mafb,6.541,0.2,86.0,4.0,6.341
ORBm,053 Sst Gaba,005 L5 IT CTX Glut,False,Lhx6,6.168,0.08,84.8,1.5,6.088
ORBm,053 Sst Gaba,005 L5 IT CTX Glut,False,Dlx1,4.758,0.109,70.4,2.1,4.649
ORBm,053 Sst Gaba,005 L5 IT CTX Glut,False,Cux2,4.907,0.668,71.5,10.8,4.239
ORBm,053 Sst Gaba,005 L5 IT CTX Glut,False,Dlx6,3.327,0.025,52.1,0.5,3.302
ORBm,053 Sst Gaba,006 L4/5 IT CTX Glut,False,Nxph1,10.5,0.568,100.0,10.2,9.932
ORBm,053 Sst Gaba,006 L4/5 IT CTX Glut,False,Gad2,9.997,0.682,99.9,12.6,9.315
ORBm,053 Sst Gaba,006 L4/5 IT CTX Glut,False,Slc6a1,9.162,0.637,99.5,12.0,8.525
ORBm,053 Sst Gaba,006 L4/5 IT CTX Glut,False,Gad1,8.414,0.731,97.9,13.5,7.683
ORBm,053 Sst Gaba,006 L4/5 IT CTX Glut,False,Sox6,7.645,0.152,89.8,2.9,7.493
ORBm,053 Sst Gaba,006 L4/5 IT CTX Glut,False,Slc32a1,7.534,0.139,94.1,2.6,7.395
ORBm,053 Sst Gaba,006 L4/5 IT CTX Glut,False,Reln,7.656,0.416,82.7,7.5,7.24
ORBm,053 Sst Gaba,006 L4/5 IT CTX Glut,False,Mafb,6.541,0.234,86.0,4.6,6.307
ORBm,053 Sst Gaba,006 L4/5 IT CTX Glut,False,Lhx6,6.168,0.07,84.8,1.3,6.098
ORBm,053 Sst Gaba,006 L4/5 IT CTX Glut,False,Dlx1,4.758,0.103,70.4,1.9,4.655
ORBm,053 Sst Gaba,006 L4/5 IT CTX Glut,False,Rgs9,4.276,0.586,64.0,10.9,3.69
ORBm,053 Sst Gaba,006 L4/5 IT CTX Glut,False,Dlx6,3.327,0.036,52.1,0.7,3.291
ORBm,053 Sst Gaba,007 L2/3 IT CTX Glut,False,Nxph1,10.5,0.453,100.0,8.1,10.048
ORBm,053 Sst Gaba,007 L2/3 IT CTX Glut,False,Gad2,9.997,0.632,99.9,11.4,9.365
ORBm,053 Sst Gaba,007 L2/3 IT CTX Glut,False,Slc6a1,9.162,0.597,99.5,11.0,8.565
ORBm,053 Sst Gaba,007 L2/3 IT CTX Glut,False,Gad1,8.414,0.728,97.9,13.2,7.686
ORBm,053 Sst Gaba,007 L2/3 IT CTX Glut,False,Sox6,7.645,0.162,89.8,3.1,7.482
ORBm,053 Sst Gaba,007 L2/3 IT CTX Glut,False,Slc32a1,7.534,0.134,94.1,2.5,7.399
ORBm,053 Sst Gaba,007 L2/3 IT CTX Glut,False,Rbp4,7.328,0.396,89.7,7.5,6.931
ORBm,053 Sst Gaba,007 L2/3 IT CTX Glut,False,Mafb,6.541,0.111,86.0,2.1,6.43
ORBm,053 Sst Gaba,007 L2/3 IT CTX Glut,False,Lhx6,6.168,0.065,84.8,1.2,6.103
ORBm,053 Sst Gaba,007 L2/3 IT CTX Glut,False,Dlx1,4.758,0.111,70.4,2.0,4.647
ORBm,053 Sst Gaba,007 L2/3 IT CTX Glut,False,Thsd7b,3.949,0.493,55.2,8.9,3.456
ORBm,053 Sst Gaba,007 L2/3 IT CTX Glut,False,Dlx6,3.327,0.043,52.1,0.8,3.284
ORBm,053 Sst Gaba,022 L5 ET CTX Glut,False,Nxph1,10.5,0.525,100.0,9.4,9.975
ORBm,053 Sst Gaba,022 L5 ET CTX Glut,False,Gad2,9.997,0.678,99.9,12.5,9.319
ORBm,053 Sst Gaba,022 L5 ET CTX Glut,False,Slc6a1,9.162,0.713,99.5,13.1,8.45
ORBm,053 Sst Gaba,022 L5 ET CTX Glut,False,Gad1,8.414,0.755,97.9,13.8,7.659
ORBm,053 Sst Gaba,022 L5 ET CTX Glut,False,Sox6,7.645,0.163,89.8,3.0,7.482
ORBm,053 Sst Gaba,022 L5 ET CTX Glut,False,Slc32a1,7.534,0.132,94.1,2.5,7.401
ORBm,053 Sst Gaba,022 L5 ET CTX Glut,False,Calb1,7.233,0.809,81.2,14.7,6.424
ORBm,053 Sst Gaba,022 L5 ET CTX Glut,False,Mafb,6.541,0.135,86.0,2.6,6.406
ORBm,053 Sst Gaba,022 L5 ET CTX Glut,False,Lhx6,6.168,0.066,84.8,1.3,6.101
ORBm,053 Sst Gaba,022 L5 ET CTX Glut,False,Dlx1,4.758,0.105,70.4,1.9,4.653
ORBm,053 Sst Gaba,022 L5 ET CTX Glut,False,Cux2,4.907,0.279,71.5,5.2,4.628
ORBm,053 Sst Gaba,022 L5 ET CTX Glut,False,Slc30a3,4.536,0.76,67.2,13.4,3.775
ORBm,053 Sst Gaba,029 L6b CTX Glut,False,Gad2,9.997,0.651,99.9,11.5,9.345
ORBm,053 Sst Gaba,029 L6b CTX Glut,False,Synpr,9.751,0.537,98.7,9.3,9.215
ORBm,053 Sst Gaba,029 L6b CTX Glut,False,Slc6a1,9.162,0.613,99.5,10.8,8.549
ORBm,053 Sst Gaba,029 L6b CTX Glut,False,Gad1,8.414,0.721,97.9,12.6,7.693
ORBm,053 Sst Gaba,029 L6b CTX Glut,False,Sox6,7.645,0.128,89.8,2.2,7.517
ORBm,053 Sst Gaba,029 L6b CTX Glut,False,Slc32a1,7.534,0.116,94.1,2.1,7.417
ORBm,053 Sst Gaba,029 L6b CTX Glut,False,Reln,7.656,0.745,82.7,12.6,6.911
ORBm,053 Sst Gaba,029 L6b CTX Glut,False,Calb1,7.233,0.381,81.2,6.8,6.852
ORBm,053 Sst Gaba,029 L6b CTX Glut,False,Mafb,6.541,0.144,86.0,2.6,6.397
ORBm,053 Sst Gaba,029 L6b CTX Glut,False,Lhx6,6.168,0.092,84.8,1.7,6.075
ORBm,053 Sst Gaba,029 L6b CTX Glut,False,Pou3f3,5.442,0.279,76.6,4.7,5.163
ORBm,053 Sst Gaba,029 L6b CTX Glut,False,Npy,5.752,0.762,68.2,13.5,4.989
ORBm,053 Sst Gaba,030 L6 CT CTX Glut,False,Nxph1,10.5,0.473,100.0,8.2,10.027
ORBm,053 Sst Gaba,030 L6 CT CTX Glut,False,Gad2,9.997,0.579,99.9,10.3,9.418
ORBm,053 Sst Gaba,030 L6 CT CTX Glut,False,Synpr,9.751,0.591,98.7,10.3,9.161
ORBm,053 Sst Gaba,030 L6 CT CTX Glut,False,Slc6a1,9.162,0.573,99.5,10.3,8.589
ORBm,053 Sst Gaba,030 L6 CT CTX Glut,False,Gad1,8.414,0.682,97.9,12.1,7.732
ORBm,053 Sst Gaba,030 L6 CT CTX Glut,False,Sox6,7.645,0.139,89.8,2.5,7.506
ORBm,053 Sst Gaba,030 L6 CT CTX Glut,False,Slc32a1,7.534,0.131,94.1,2.3,7.403
ORBm,053 Sst Gaba,030 L6 CT CTX Glut,False,Reln,7.656,0.326,82.7,5.7,7.33
ORBm,053 Sst Gaba,030 L6 CT CTX Glut,False,Calb1,7.233,0.412,81.2,7.4,6.821
ORBm,053 Sst Gaba,030 L6 CT CTX Glut,False,Rbp4,7.328,0.519,89.7,9.3,6.808
ORBm,053 Sst Gaba,030 L6 CT CTX Glut,False,Mafb,6.541,0.153,86.0,2.8,6.388
ORBm,053 Sst Gaba,030 L6 CT CTX Glut,False,Lhx6,6.168,0.062,84.8,1.1,6.106
ORBm,053 Sst Gaba,032 L5 NP CTX Glut,False,Sst,10.958,0.927,99.0,14.9,10.031
ORBm,053 Sst Gaba,032 L5 NP CTX Glut,False,Gad2,9.997,0.573,99.9,9.3,9.424
ORBm,053 Sst Gaba,032 L5 NP CTX Glut,False,Synpr,9.751,0.564,98.7,9.1,9.188
ORBm,053 Sst Gaba,032 L5 NP CTX Glut,False,Slc6a1,9.162,0.78,99.5,12.5,8.382
ORBm,053 Sst Gaba,032 L5 NP CTX Glut,False,Gad1,8.414,0.648,97.9,10.4,7.766
ORBm,053 Sst Gaba,032 L5 NP CTX Glut,False,Sox6,7.645,0.147,89.8,2.4,7.497
ORBm,053 Sst Gaba,032 L5 NP CTX Glut,False,Slc32a1,7.534,0.114,94.1,1.8,7.419
ORBm,053 Sst Gaba,032 L5 NP CTX Glut,False,Reln,7.656,0.315,82.7,5.0,7.342
ORBm,053 Sst Gaba,032 L5 NP CTX Glut,False,Calb1,7.233,0.382,81.2,6.3,6.851
ORBm,053 Sst Gaba,032 L5 NP CTX Glut,False,Lhx6,6.168,0.06,84.8,1.0,6.108
ORBm,053 Sst Gaba,032 L5 NP CTX Glut,False,Mafb,6.541,0.447,86.0,7.3,6.094
ORBm,053 Sst Gaba,032 L5 NP CTX Glut,False,Npy,5.752,0.761,68.2,12.4,4.99
ORBm,053 Sst Gaba,046 Vip Gaba,True,Sst,10.958,0.793,99.0,12.2,10.165
ORBm,053 Sst Gaba,046 Vip Gaba,True,Sox6,7.645,0.136,89.8,2.2,7.509
ORBm,053 Sst Gaba,046 Vip Gaba,True,Mpped1,8.076,0.957,94.4,14.6,7.119
ORBm,053 Sst Gaba,046 Vip Gaba,True,Calb1,7.233,0.366,81.2,5.7,6.867
ORBm,053 Sst Gaba,046 Vip Gaba,True,Lhx6,6.168,0.034,84.8,0.6,6.133
ORBm,053 Sst Gaba,046 Vip Gaba,True,Mafb,6.541,0.701,86.0,10.9,5.84
ORBm,053 Sst Gaba,046 Vip Gaba,True,Npy,5.752,1.126,68.2,14.8,4.625
ORBm,053 Sst Gaba,046 Vip Gaba,True,Slc30a3,4.536,0.643,67.2,10.1,3.892
ORBm,053 Sst Gaba,046 Vip Gaba,True,Rgs9,4.276,0.769,64.0,11.8,3.507
ORBm,053 Sst Gaba,046 Vip Gaba,True,Moxd1,3.272,0.047,43.7,0.7,3.225
ORBm,053 Sst Gaba,046 Vip Gaba,True,Oprd1,3.04,0.029,47.8,0.5,3.01
ORBm,053 Sst Gaba,046 Vip Gaba,True,Baiap3,2.909,0.695,42.1,10.5,2.214
ORBm,053 Sst Gaba,049 Lamp5 Gaba,True,Satb1,9.515,0.617,99.3,10.1,8.898
ORBm,053 Sst Gaba,049 Lamp5 Gaba,True,Sox6,7.645,0.159,89.8,2.6,7.486
ORBm,053 Sst Gaba,049 Lamp5 Gaba,True,Rbp4,7.328,0.343,89.7,5.6,6.985
ORBm,053 Sst Gaba,049 Lamp5 Gaba,True,Calb1,7.233,0.385,81.2,6.4,6.848
ORBm,053 Sst Gaba,049 Lamp5 Gaba,True,Lhx6,6.168,0.098,84.8,1.6,6.069
ORBm,053 Sst Gaba,049 Lamp5 Gaba,True,Rgs9,4.276,0.453,64.0,7.5,3.824
ORBm,053 Sst Gaba,049 Lamp5 Gaba,True,Slc30a3,4.536,0.826,67.2,13.8,3.71
ORBm,053 Sst Gaba,049 Lamp5 Gaba,True,Moxd1,3.272,0.066,43.7,1.1,3.206
ORBm,053 Sst Gaba,049 Lamp5 Gaba,True,Oprd1,3.04,0.055,47.8,0.9,2.985
ORBm,053 Sst Gaba,049 Lamp5 Gaba,True,Pde1c,3.475,0.498,47.9,8.5,2.977
ORBm,053 Sst Gaba,049 Lamp5 Gaba,True,Baiap3,2.909,0.282,42.1,4.8,2.627
ORBm,053 Sst Gaba,049 Lamp5 Gaba,True,Ptpru,2.965,0.481,44.7,7.7,2.483
ORBm,053 Sst Gaba,052 Pvalb Gaba,True,Pld5,3.408,0.547,45.6,9.4,2.861
ORBm,053 Sst Gaba,052 Pvalb Gaba,True,Ptpru,2.965,0.308,44.7,5.4,2.656
ORBm,053 Sst Gaba,052 Pvalb Gaba,True,Pde1c,3.475,0.846,47.9,14.4,2.629
ORBm,053 Sst Gaba,052 Pvalb Gaba,True,Pdyn,2.268,0.096,26.9,1.7,2.172
ORBm,053 Sst Gaba,052 Pvalb Gaba,True,Baiap3,2.909,0.744,42.1,11.7,2.165
