anchor,supertype,n_cells,gene,pct_in,pct_rest_of_anchor,gap_pp
007 L2/3 IT CTX Glut,0029 L2/3 IT CTX Glut_1,4489,Arhgef28,81.1,50.9,30.2
007 L2/3 IT CTX Glut,0029 L2/3 IT CTX Glut_1,4489,Cdh13,98.2,71.1,27.1
007 L2/3 IT CTX Glut,0029 L2/3 IT CTX Glut_1,4489,Cdh9,78.4,57.9,20.4
007 L2/3 IT CTX Glut,0029 L2/3 IT CTX Glut_1,4489,Dpyd,73.0,38.4,34.7
007 L2/3 IT CTX Glut,0029 L2/3 IT CTX Glut_1,4489,Inpp4b,57.4,29.1,28.3
007 L2/3 IT CTX Glut,0029 L2/3 IT CTX Glut_1,4489,Matn2,79.7,56.9,22.7
007 L2/3 IT CTX Glut,0029 L2/3 IT CTX Glut_1,4489,Necab2,58.5,34.2,24.3
007 L2/3 IT CTX Glut,0029 L2/3 IT CTX Glut_1,4489,Nos1,68.7,28.2,40.6
007 L2/3 IT CTX Glut,0029 L2/3 IT CTX Glut_1,4489,Otof,58.8,33.9,24.9
007 L2/3 IT CTX Glut,0029 L2/3 IT CTX Glut_1,4489,Rspo2,69.8,46.8,23.0
007 L2/3 IT CTX Glut,0029 L2/3 IT CTX Glut_1,4489,Vwc2l,53.3,23.4,29.9
007 L2/3 IT CTX Glut,0029 L2/3 IT CTX Glut_1,4489,Grin3a,61.2,31.3,29.8
007 L2/3 IT CTX Glut,0029 L2/3 IT CTX Glut_1,4489,Luzp2,62.4,38.4,24.0
007 L2/3 IT CTX Glut,0029 L2/3 IT CTX Glut_1,4489,Lypd1,68.1,32.9,35.2
007 L2/3 IT CTX Glut,0029 L2/3 IT CTX Glut_1,4489,Spon1,54.7,25.6,29.1
007 L2/3 IT CTX Glut,0030 L2/3 IT CTX Glut_2,3064,Adra1a,52.9,22.6,30.3
007 L2/3 IT CTX Glut,0030 L2/3 IT CTX Glut_2,3064,Arc,77.7,37.4,40.3
007 L2/3 IT CTX Glut,0030 L2/3 IT CTX Glut_2,3064,Bdnf,87.5,48.7,38.8
007 L2/3 IT CTX Glut,0030 L2/3 IT CTX Glut_2,3064,Cbln2,89.6,38.4,51.1
007 L2/3 IT CTX Glut,0030 L2/3 IT CTX Glut_2,3064,Cdh6,78.7,41.6,37.0
007 L2/3 IT CTX Glut,0030 L2/3 IT CTX Glut_2,3064,Col19a1,87.9,38.9,48.9
007 L2/3 IT CTX Glut,0030 L2/3 IT CTX Glut_2,3064,Crhr1,51.6,29.2,22.4
007 L2/3 IT CTX Glut,0030 L2/3 IT CTX Glut_2,3064,Dpy19l1,76.0,43.9,32.1
007 L2/3 IT CTX Glut,0030 L2/3 IT CTX Glut_2,3064,Egr1,96.8,67.3,29.5
007 L2/3 IT CTX Glut,0030 L2/3 IT CTX Glut_2,3064,Egr4,56.9,36.8,20.1
007 L2/3 IT CTX Glut,0030 L2/3 IT CTX Glut_2,3064,Etv5,89.8,57.6,32.2
007 L2/3 IT CTX Glut,0030 L2/3 IT CTX Glut_2,3064,Fhl2,85.5,63.2,22.3
007 L2/3 IT CTX Glut,0030 L2/3 IT CTX Glut_2,3064,Fhod3,89.0,67.9,21.0
007 L2/3 IT CTX Glut,0030 L2/3 IT CTX Glut_2,3064,Garnl3,72.5,48.8,23.7
007 L2/3 IT CTX Glut,0030 L2/3 IT CTX Glut_2,3064,Grm8,60.2,34.3,25.9
007 L2/3 IT CTX Glut,0030 L2/3 IT CTX Glut_2,3064,Hivep1,75.3,50.7,24.6
007 L2/3 IT CTX Glut,0030 L2/3 IT CTX Glut_2,3064,Htr2a,64.3,35.4,28.9
007 L2/3 IT CTX Glut,0030 L2/3 IT CTX Glut_2,3064,Kcnh5,61.2,30.4,30.8
007 L2/3 IT CTX Glut,0030 L2/3 IT CTX Glut_2,3064,Klf10,73.8,40.1,33.7
007 L2/3 IT CTX Glut,0030 L2/3 IT CTX Glut_2,3064,Maml3,80.9,52.3,28.7
007 L2/3 IT CTX Glut,0030 L2/3 IT CTX Glut_2,3064,Mbp,80.7,57.5,23.2
007 L2/3 IT CTX Glut,0030 L2/3 IT CTX Glut_2,3064,Mdga1,67.5,35.6,31.9
007 L2/3 IT CTX Glut,0030 L2/3 IT CTX Glut_2,3064,Npnt,52.1,5.7,46.5
007 L2/3 IT CTX Glut,0030 L2/3 IT CTX Glut_2,3064,Npy1r,78.4,56.8,21.5
007 L2/3 IT CTX Glut,0030 L2/3 IT CTX Glut_2,3064,Nr4a1,82.3,45.7,36.6
007 L2/3 IT CTX Glut,0030 L2/3 IT CTX Glut_2,3064,Nrep,51.2,23.1,28.1
007 L2/3 IT CTX Glut,0030 L2/3 IT CTX Glut_2,3064,Pcsk1,65.8,28.3,37.5
007 L2/3 IT CTX Glut,0030 L2/3 IT CTX Glut_2,3064,Pcsk5,77.7,49.3,28.4
007 L2/3 IT CTX Glut,0030 L2/3 IT CTX Glut_2,3064,Pde7b,94.8,55.7,39.1
007 L2/3 IT CTX Glut,0030 L2/3 IT CTX Glut_2,3064,Pdzrn3,97.8,70.4,27.4
007 L2/3 IT CTX Glut,0030 L2/3 IT CTX Glut_2,3064,Per1,66.6,44.1,22.5
007 L2/3 IT CTX Glut,0030 L2/3 IT CTX Glut_2,3064,Pip5k1b,86.0,57.8,28.2
007 L2/3 IT CTX Glut,0030 L2/3 IT CTX Glut_2,3064,Pou3f1,63.7,29.1,34.7
007 L2/3 IT CTX Glut,0030 L2/3 IT CTX Glut_2,3064,Rims3,79.4,43.2,36.3
007 L2/3 IT CTX Glut,0030 L2/3 IT CTX Glut_2,3064,Sema3a,80.7,48.0,32.7
007 L2/3 IT CTX Glut,0030 L2/3 IT CTX Glut_2,3064,Sox5,74.1,52.5,21.6
007 L2/3 IT CTX Glut,0030 L2/3 IT CTX Glut_2,3064,Syndig1,93.1,56.0,37.2
007 L2/3 IT CTX Glut,0030 L2/3 IT CTX Glut_2,3064,Tbr1,78.3,55.9,22.4
007 L2/3 IT CTX Glut,0030 L2/3 IT CTX Glut_2,3064,Tox,80.2,40.9,39.3
007 L2/3 IT CTX Glut,0030 L2/3 IT CTX Glut_2,3064,Zdbf2,63.2,38.5,24.6
007 L2/3 IT CTX Glut,0030 L2/3 IT CTX Glut_2,3064,Adcyap1,54.7,19.0,35.7
007 L2/3 IT CTX Glut,0030 L2/3 IT CTX Glut_2,3064,Adrb1,86.7,59.5,27.3
007 L2/3 IT CTX Glut,0030 L2/3 IT CTX Glut_2,3064,Grm2,61.4,39.8,21.6
007 L2/3 IT CTX Glut,0030 L2/3 IT CTX Glut_2,3064,Lrrtm2,78.0,44.7,33.3
007 L2/3 IT CTX Glut,0030 L2/3 IT CTX Glut_2,3064,Scg2,84.4,54.1,30.2
007 L2/3 IT CTX Glut,0030 L2/3 IT CTX Glut_2,3064,Vgf,88.5,54.0,34.5
007 L2/3 IT CTX Glut,0030 L2/3 IT CTX Glut_2,3064,Arhgap15,75.9,37.7,38.3
007 L2/3 IT CTX Glut,0030 L2/3 IT CTX Glut_2,3064,Trhde,64.5,25.0,39.5
007 L2/3 IT CTX Glut,0030 L2/3 IT CTX Glut_2,3064,Pparg,69.9,48.4,21.5
007 L2/3 IT CTX Glut,0030 L2/3 IT CTX Glut_2,3064,Zdhhc5,54.4,33.2,21.1
007 L2/3 IT CTX Glut,0030 L2/3 IT CTX Glut_2,3064,Zfp941,66.3,45.7,20.6
007 L2/3 IT CTX Glut,0032 L2/3 IT CTX Glut_4,921,Arc,80.3,48.0,32.4
007 L2/3 IT CTX Glut,0032 L2/3 IT CTX Glut_4,921,Bdnf,96.9,58.1,38.8
007 L2/3 IT CTX Glut,0032 L2/3 IT CTX Glut_4,921,Cbln2,78.5,53.5,25.0
007 L2/3 IT CTX Glut,0032 L2/3 IT CTX Glut_4,921,Dusp1,52.4,29.3,23.2
007 L2/3 IT CTX Glut,0032 L2/3 IT CTX Glut_4,921,Egr4,72.6,40.4,32.2
007 L2/3 IT CTX Glut,0032 L2/3 IT CTX Glut_4,921,Fos,60.0,28.0,32.0
007 L2/3 IT CTX Glut,0032 L2/3 IT CTX Glut_4,921,Fosb,64.6,19.5,45.1
007 L2/3 IT CTX Glut,0032 L2/3 IT CTX Glut_4,921,Fosl2,77.6,24.8,52.9
007 L2/3 IT CTX Glut,0032 L2/3 IT CTX Glut_4,921,Maml3,81.1,60.0,21.1
007 L2/3 IT CTX Glut,0032 L2/3 IT CTX Glut_4,921,Mas1,54.0,21.4,32.5
007 L2/3 IT CTX Glut,0032 L2/3 IT CTX Glut_4,921,Nptx2,91.1,35.8,55.3
007 L2/3 IT CTX Glut,0032 L2/3 IT CTX Glut_4,921,Nr4a1,86.0,55.1,30.9
007 L2/3 IT CTX Glut,0032 L2/3 IT CTX Glut_4,921,Nr4a3,70.5,28.8,41.7
007 L2/3 IT CTX Glut,0032 L2/3 IT CTX Glut_4,921,Pcsk1,66.6,38.3,28.2
007 L2/3 IT CTX Glut,0032 L2/3 IT CTX Glut_4,921,Btg2,65.4,43.9,21.4
007 L2/3 IT CTX Glut,0032 L2/3 IT CTX Glut_4,921,Egr2,57.1,20.3,36.9
007 L2/3 IT CTX Glut,0032 L2/3 IT CTX Glut_4,921,Scg2,87.3,61.9,25.4
007 L2/3 IT CTX Glut,0032 L2/3 IT CTX Glut_4,921,Vgf,90.1,63.1,27.0
007 L2/3 IT CTX Glut,0032 L2/3 IT CTX Glut_4,921,Arhgap31,81.2,56.5,24.7
007 L2/3 IT CTX Glut,0031 L2/3 IT CTX Glut_3,395,Arhgef28,90.9,65.0,25.9
007 L2/3 IT CTX Glut,0031 L2/3 IT CTX Glut_3,395,Bcl11b,73.2,47.2,26.0
007 L2/3 IT CTX Glut,0031 L2/3 IT CTX Glut_3,395,Bhlhe22,96.5,72.3,24.2
007 L2/3 IT CTX Glut,0031 L2/3 IT CTX Glut_3,395,Dpyd,92.7,54.2,38.5
007 L2/3 IT CTX Glut,0031 L2/3 IT CTX Glut_3,395,Inpp4b,68.9,42.2,26.6
007 L2/3 IT CTX Glut,0031 L2/3 IT CTX Glut_3,395,Matn2,92.7,67.3,25.3
007 L2/3 IT CTX Glut,0031 L2/3 IT CTX Glut_3,395,Necab2,72.2,45.4,26.8
007 L2/3 IT CTX Glut,0031 L2/3 IT CTX Glut_3,395,Nos1,86.3,46.9,39.4
007 L2/3 IT CTX Glut,0031 L2/3 IT CTX Glut_3,395,Otof,69.1,45.5,23.7
007 L2/3 IT CTX Glut,0031 L2/3 IT CTX Glut_3,395,Vat1l,70.1,47.9,22.2
007 L2/3 IT CTX Glut,0031 L2/3 IT CTX Glut_3,395,Grin3a,70.6,45.3,25.3
007 L2/3 IT CTX Glut,0031 L2/3 IT CTX Glut_3,395,Crispld1,67.6,28.4,39.2
007 L2/3 IT CTX Glut,0031 L2/3 IT CTX Glut_3,395,Dio3,70.4,11.5,58.9
007 L2/3 IT CTX Glut,0031 L2/3 IT CTX Glut_3,395,Lypd1,84.6,49.2,35.4
007 L2/3 IT CTX Glut,0031 L2/3 IT CTX Glut_3,395,Spon1,78.0,38.6,39.4
006 L4/5 IT CTX Glut,0024 L4/5 IT CTX Glut_2,3180,Calb1,89.0,41.2,47.7
006 L4/5 IT CTX Glut,0024 L4/5 IT CTX Glut_2,3180,Cbln2,84.3,40.5,43.8
006 L4/5 IT CTX Glut,0024 L4/5 IT CTX Glut_2,3180,Cbln4,78.7,17.3,61.4
006 L4/5 IT CTX Glut,0024 L4/5 IT CTX Glut_2,3180,Cdh20,75.7,39.8,35.9
006 L4/5 IT CTX Glut,0024 L4/5 IT CTX Glut_2,3180,Cdh6,77.5,55.0,22.4
006 L4/5 IT CTX Glut,0024 L4/5 IT CTX Glut_2,3180,Chrm2,61.9,27.7,34.2
006 L4/5 IT CTX Glut,0024 L4/5 IT CTX Glut_2,3180,Npnt,51.4,12.1,39.3
006 L4/5 IT CTX Glut,0024 L4/5 IT CTX Glut_2,3180,Pde7b,88.6,59.7,28.9
006 L4/5 IT CTX Glut,0024 L4/5 IT CTX Glut_2,3180,Pld5,89.0,22.2,66.8
006 L4/5 IT CTX Glut,0024 L4/5 IT CTX Glut_2,3180,Pou3f1,56.4,20.6,35.8
006 L4/5 IT CTX Glut,0024 L4/5 IT CTX Glut_2,3180,Rspo1,74.5,17.6,56.9
006 L4/5 IT CTX Glut,0024 L4/5 IT CTX Glut_2,3180,Shisa6,60.6,12.3,48.2
006 L4/5 IT CTX Glut,0024 L4/5 IT CTX Glut_2,3180,Slc17a6,58.7,17.5,41.2
006 L4/5 IT CTX Glut,0024 L4/5 IT CTX Glut_2,3180,Tshz2,85.3,32.2,53.1
006 L4/5 IT CTX Glut,0026 L4/5 IT CTX Glut_4,2904,Adamtsl1,59.7,28.0,31.7
006 L4/5 IT CTX Glut,0026 L4/5 IT CTX Glut_4,2904,Adra1b,57.7,32.4,25.4
006 L4/5 IT CTX Glut,0026 L4/5 IT CTX Glut_4,2904,Arhgef28,69.1,39.6,29.5
006 L4/5 IT CTX Glut,0026 L4/5 IT CTX Glut_4,2904,Cdh13,81.0,51.9,29.1
006 L4/5 IT CTX Glut,0026 L4/5 IT CTX Glut_4,2904,Cpne6,72.5,51.4,21.1
006 L4/5 IT CTX Glut,0026 L4/5 IT CTX Glut_4,2904,Cux2,89.5,61.1,28.4
006 L4/5 IT CTX Glut,0026 L4/5 IT CTX Glut_4,2904,Dpyd,54.5,29.7,24.7
006 L4/5 IT CTX Glut,0026 L4/5 IT CTX Glut_4,2904,Grm1,88.2,52.3,35.9
006 L4/5 IT CTX Glut,0026 L4/5 IT CTX Glut_4,2904,Grm8,93.6,60.5,33.1
006 L4/5 IT CTX Glut,0026 L4/5 IT CTX Glut_4,2904,Htr2c,52.2,25.7,26.5
006 L4/5 IT CTX Glut,0026 L4/5 IT CTX Glut_4,2904,Igsf21,63.7,37.3,26.4
006 L4/5 IT CTX Glut,0026 L4/5 IT CTX Glut_4,2904,Meis2,91.4,63.3,28.0
006 L4/5 IT CTX Glut,0026 L4/5 IT CTX Glut_4,2904,Necab1,97.9,64.5,33.3
006 L4/5 IT CTX Glut,0026 L4/5 IT CTX Glut_4,2904,Nrp2,66.4,41.6,24.8
006 L4/5 IT CTX Glut,0026 L4/5 IT CTX Glut_4,2904,Rspo2,73.7,39.9,33.8
006 L4/5 IT CTX Glut,0026 L4/5 IT CTX Glut_4,2904,Sox11,66.1,40.4,25.7
006 L4/5 IT CTX Glut,0026 L4/5 IT CTX Glut_4,2904,Synpr,96.5,70.8,25.7
006 L4/5 IT CTX Glut,0026 L4/5 IT CTX Glut_4,2904,Syt17,87.6,64.9,22.7
006 L4/5 IT CTX Glut,0026 L4/5 IT CTX Glut_4,2904,Vat1l,61.2,36.8,24.4
006 L4/5 IT CTX Glut,0026 L4/5 IT CTX Glut_4,2904,Zfpm2,62.7,42.4,20.3
006 L4/5 IT CTX Glut,0026 L4/5 IT CTX Glut_4,2904,Grin3a,69.0,29.0,40.0
006 L4/5 IT CTX Glut,0026 L4/5 IT CTX Glut_4,2904,Smoc2,65.1,43.3,21.8
006 L4/5 IT CTX Glut,0026 L4/5 IT CTX Glut_4,2904,Glra3,50.7,24.3,26.4
006 L4/5 IT CTX Glut,0026 L4/5 IT CTX Glut_4,2904,Luzp2,52.8,15.3,37.5
006 L4/5 IT CTX Glut,0026 L4/5 IT CTX Glut_4,2904,Nbl1,70.2,41.9,28.3
006 L4/5 IT CTX Glut,0026 L4/5 IT CTX Glut_4,2904,Zfp804b,95.5,54.7,40.8
006 L4/5 IT CTX Glut,0027 L4/5 IT CTX Glut_5,2853,Calb1,82.3,44.3,38.0
006 L4/5 IT CTX Glut,0027 L4/5 IT CTX Glut_5,2853,Cbln2,74.2,44.3,29.9
006 L4/5 IT CTX Glut,0027 L4/5 IT CTX Glut_5,2853,Cbln4,50.9,26.1,24.8
006 L4/5 IT CTX Glut,0027 L4/5 IT CTX Glut_5,2853,Cdh20,64.1,43.8,20.3
006 L4/5 IT CTX Glut,0027 L4/5 IT CTX Glut_5,2853,Col19a1,79.3,54.2,25.1
006 L4/5 IT CTX Glut,0027 L4/5 IT CTX Glut_5,2853,Cux2,88.2,61.6,26.6
006 L4/5 IT CTX Glut,0027 L4/5 IT CTX Glut_5,2853,Gsg1l,77.0,48.5,28.5
006 L4/5 IT CTX Glut,0027 L4/5 IT CTX Glut_5,2853,Lamp5,83.4,60.9,22.4
006 L4/5 IT CTX Glut,0027 L4/5 IT CTX Glut_5,2853,Pde7b,89.8,60.3,29.5
006 L4/5 IT CTX Glut,0027 L4/5 IT CTX Glut_5,2853,Pou3f1,54.4,22.1,32.3
006 L4/5 IT CTX Glut,0027 L4/5 IT CTX Glut_5,2853,Rasgrf2,77.8,56.6,21.2
006 L4/5 IT CTX Glut,0027 L4/5 IT CTX Glut_5,2853,Synpr,94.1,71.5,22.6
006 L4/5 IT CTX Glut,0027 L4/5 IT CTX Glut_5,2853,Pparg,72.9,52.6,20.3
006 L4/5 IT CTX Glut,0023 L4/5 IT CTX Glut_1,2800,Adamtsl1,57.9,28.8,29.1
006 L4/5 IT CTX Glut,0023 L4/5 IT CTX Glut_1,2800,Cdh6,78.2,55.6,22.6
006 L4/5 IT CTX Glut,0023 L4/5 IT CTX Glut_1,2800,Coch,75.5,52.1,23.3
006 L4/5 IT CTX Glut,0023 L4/5 IT CTX Glut_1,2800,Crhr1,81.6,61.6,20.0
006 L4/5 IT CTX Glut,0023 L4/5 IT CTX Glut_1,2800,Deptor,76.1,49.5,26.6
006 L4/5 IT CTX Glut,0023 L4/5 IT CTX Glut_1,2800,Egr4,80.8,55.0,25.7
006 L4/5 IT CTX Glut,0023 L4/5 IT CTX Glut_1,2800,Etv1,73.5,41.6,31.9
006 L4/5 IT CTX Glut,0023 L4/5 IT CTX Glut_1,2800,Fezf2,57.4,27.5,29.8
006 L4/5 IT CTX Glut,0023 L4/5 IT CTX Glut_1,2800,Htr1f,87.2,52.6,34.6
006 L4/5 IT CTX Glut,0023 L4/5 IT CTX Glut_1,2800,Htr2a,86.5,64.2,22.3
006 L4/5 IT CTX Glut,0023 L4/5 IT CTX Glut_1,2800,Htr2c,58.0,24.5,33.4
006 L4/5 IT CTX Glut,0023 L4/5 IT CTX Glut_1,2800,Igfbp5,77.4,49.4,28.0
006 L4/5 IT CTX Glut,0023 L4/5 IT CTX Glut_1,2800,Necab1,96.3,65.2,31.1
006 L4/5 IT CTX Glut,0023 L4/5 IT CTX Glut_1,2800,Opn3,56.9,27.6,29.3
006 L4/5 IT CTX Glut,0023 L4/5 IT CTX Glut_1,2800,Pkib,84.6,63.7,21.0
006 L4/5 IT CTX Glut,0023 L4/5 IT CTX Glut_1,2800,Sema6a,61.9,40.6,21.3
006 L4/5 IT CTX Glut,0023 L4/5 IT CTX Glut_1,2800,Thsd7a,95.0,65.4,29.5
006 L4/5 IT CTX Glut,0023 L4/5 IT CTX Glut_1,2800,Myo1b,72.4,52.3,20.1
006 L4/5 IT CTX Glut,0023 L4/5 IT CTX Glut_1,2800,Pde1b,84.2,63.3,21.0
006 L4/5 IT CTX Glut,0023 L4/5 IT CTX Glut_1,2800,Spon1,58.5,30.1,28.4
006 L4/5 IT CTX Glut,0023 L4/5 IT CTX Glut_1,2800,Trpc3,84.9,43.6,41.2
006 L4/5 IT CTX Glut,0025 L4/5 IT CTX Glut_3,2322,Cntnap4,57.6,37.5,20.1
006 L4/5 IT CTX Glut,0025 L4/5 IT CTX Glut_3,2322,Deptor,87.9,48.2,39.7
006 L4/5 IT CTX Glut,0025 L4/5 IT CTX Glut_3,2322,Dner,80.7,51.5,29.2
006 L4/5 IT CTX Glut,0025 L4/5 IT CTX Glut_3,2322,Etv1,91.7,39.3,52.4
006 L4/5 IT CTX Glut,0025 L4/5 IT CTX Glut_3,2322,Fezf2,65.2,27.2,37.9
006 L4/5 IT CTX Glut,0025 L4/5 IT CTX Glut_3,2322,Gadd45a,51.3,12.0,39.4
006 L4/5 IT CTX Glut,0025 L4/5 IT CTX Glut_3,2322,Galnt14,67.1,35.1,32.0
006 L4/5 IT CTX Glut,0025 L4/5 IT CTX Glut_3,2322,Gng12,72.6,21.8,50.8
006 L4/5 IT CTX Glut,0025 L4/5 IT CTX Glut_3,2322,Grik3,86.4,30.0,56.4
006 L4/5 IT CTX Glut,0025 L4/5 IT CTX Glut_3,2322,Grm1,80.1,55.6,24.5
006 L4/5 IT CTX Glut,0025 L4/5 IT CTX Glut_3,2322,Grm8,96.3,61.6,34.7
006 L4/5 IT CTX Glut,0025 L4/5 IT CTX Glut_3,2322,Hs3st2,92.0,70.1,21.9
006 L4/5 IT CTX Glut,0025 L4/5 IT CTX Glut_3,2322,Mbp,87.8,64.0,23.8
006 L4/5 IT CTX Glut,0025 L4/5 IT CTX Glut_3,2322,Myl4,64.8,30.9,33.9
006 L4/5 IT CTX Glut,0025 L4/5 IT CTX Glut_3,2322,Nell1,89.4,66.3,23.1
006 L4/5 IT CTX Glut,0025 L4/5 IT CTX Glut_3,2322,Neto2,58.6,28.2,30.4
006 L4/5 IT CTX Glut,0025 L4/5 IT CTX Glut_3,2322,Nptx2,72.3,39.4,32.9
006 L4/5 IT CTX Glut,0025 L4/5 IT CTX Glut_3,2322,Parm1,58.5,25.8,32.7
006 L4/5 IT CTX Glut,0025 L4/5 IT CTX Glut_3,2322,Plcxd3,51.6,16.9,34.7
006 L4/5 IT CTX Glut,0025 L4/5 IT CTX Glut_3,2322,Rprm,68.0,23.6,44.4
006 L4/5 IT CTX Glut,0025 L4/5 IT CTX Glut_3,2322,Rspo2,72.4,41.8,30.5
006 L4/5 IT CTX Glut,0025 L4/5 IT CTX Glut_3,2322,Sdk2,78.8,37.9,40.9
006 L4/5 IT CTX Glut,0025 L4/5 IT CTX Glut_3,2322,Sstr2,65.8,16.2,49.6
006 L4/5 IT CTX Glut,0025 L4/5 IT CTX Glut_3,2322,Trbc2,72.7,44.6,28.1
006 L4/5 IT CTX Glut,0025 L4/5 IT CTX Glut_3,2322,Jun,63.4,40.4,23.0
006 L4/5 IT CTX Glut,0025 L4/5 IT CTX Glut_3,2322,Pvt1,63.8,35.3,28.5
006 L4/5 IT CTX Glut,0025 L4/5 IT CTX Glut_3,2322,Spon1,61.6,30.6,31.0
006 L4/5 IT CTX Glut,0025 L4/5 IT CTX Glut_3,2322,Hes1,61.5,35.4,26.1
006 L4/5 IT CTX Glut,0028 L4/5 IT CTX Glut_6,93,Rspo1,65.6,30.2,35.4
006 L4/5 IT CTX Glut,0028 L4/5 IT CTX Glut_6,93,Sema3e,61.3,28.9,32.4
006 L4/5 IT CTX Glut,0028 L4/5 IT CTX Glut_6,93,Tshz2,81.7,43.9,37.8
005 L5 IT CTX Glut,0018 L5 IT CTX Glut_1,2895,Arc,95.0,50.3,44.7
005 L5 IT CTX Glut,0018 L5 IT CTX Glut_1,2895,Bdnf,92.6,68.1,24.5
005 L5 IT CTX Glut,0018 L5 IT CTX Glut_1,2895,Bhlhe40,64.9,43.1,21.8
005 L5 IT CTX Glut,0018 L5 IT CTX Glut_1,2895,Cbln2,97.7,36.5,61.1
005 L5 IT CTX Glut,0018 L5 IT CTX Glut_1,2895,Cbln4,85.2,6.1,79.1
005 L5 IT CTX Glut,0018 L5 IT CTX Glut_1,2895,Cdh20,70.4,13.9,56.5
005 L5 IT CTX Glut,0018 L5 IT CTX Glut_1,2895,Chrm3,97.8,77.3,20.5
005 L5 IT CTX Glut,0018 L5 IT CTX Glut_1,2895,Col19a1,73.5,30.1,43.5
005 L5 IT CTX Glut,0018 L5 IT CTX Glut_1,2895,Cpne4,97.0,68.0,29.1
005 L5 IT CTX Glut,0018 L5 IT CTX Glut_1,2895,Dusp1,65.2,30.6,34.6
005 L5 IT CTX Glut,0018 L5 IT CTX Glut_1,2895,Dusp5,50.3,11.4,38.8
005 L5 IT CTX Glut,0018 L5 IT CTX Glut_1,2895,Fos,68.9,33.3,35.6
005 L5 IT CTX Glut,0018 L5 IT CTX Glut_1,2895,Fosl2,59.2,29.7,29.5
005 L5 IT CTX Glut,0018 L5 IT CTX Glut_1,2895,Gadd45a,55.0,30.4,24.6
005 L5 IT CTX Glut,0018 L5 IT CTX Glut_1,2895,Htr1f,79.7,36.4,43.3
005 L5 IT CTX Glut,0018 L5 IT CTX Glut_1,2895,Htr2a,91.7,53.7,38.1
005 L5 IT CTX Glut,0018 L5 IT CTX Glut_1,2895,Igfbp4,54.0,6.4,47.6
005 L5 IT CTX Glut,0018 L5 IT CTX Glut_1,2895,Lamp5,58.0,12.3,45.8
005 L5 IT CTX Glut,0018 L5 IT CTX Glut_1,2895,Maf,52.5,4.8,47.7
005 L5 IT CTX Glut,0018 L5 IT CTX Glut_1,2895,Maml3,91.8,61.0,30.9
005 L5 IT CTX Glut,0018 L5 IT CTX Glut_1,2895,Myl4,59.7,31.6,28.1
005 L5 IT CTX Glut,0018 L5 IT CTX Glut_1,2895,Neto2,76.4,40.6,35.8
005 L5 IT CTX Glut,0018 L5 IT CTX Glut_1,2895,Nr4a1,91.1,63.0,28.1
005 L5 IT CTX Glut,0018 L5 IT CTX Glut_1,2895,Nr4a2,50.0,26.8,23.2
005 L5 IT CTX Glut,0018 L5 IT CTX Glut_1,2895,Nrep,67.0,46.7,20.4
005 L5 IT CTX Glut,0018 L5 IT CTX Glut_1,2895,Pde7b,92.0,16.5,75.5
005 L5 IT CTX Glut,0018 L5 IT CTX Glut_1,2895,Pdzrn3,93.5,31.0,62.6
005 L5 IT CTX Glut,0018 L5 IT CTX Glut_1,2895,Pip5k1b,69.2,44.5,24.7
005 L5 IT CTX Glut,0018 L5 IT CTX Glut_1,2895,Plcxd2,89.3,56.6,32.7
005 L5 IT CTX Glut,0018 L5 IT CTX Glut_1,2895,Pld5,93.8,7.0,86.9
005 L5 IT CTX Glut,0018 L5 IT CTX Glut_1,2895,Prdm8,51.5,8.5,43.0
005 L5 IT CTX Glut,0018 L5 IT CTX Glut_1,2895,Prr16,70.7,41.6,29.1
005 L5 IT CTX Glut,0018 L5 IT CTX Glut_1,2895,Rims3,92.2,69.9,22.3
005 L5 IT CTX Glut,0018 L5 IT CTX Glut_1,2895,Rorb,90.5,65.2,25.2
005 L5 IT CTX Glut,0018 L5 IT CTX Glut_1,2895,Sema3a,64.3,23.1,41.2
005 L5 IT CTX Glut,0018 L5 IT CTX Glut_1,2895,Thsd7b,54.1,19.4,34.7
005 L5 IT CTX Glut,0018 L5 IT CTX Glut_1,2895,Slc30a3,71.8,30.4,41.5
005 L5 IT CTX Glut,0018 L5 IT CTX Glut_1,2895,Vgf,91.7,70.5,21.2
005 L5 IT CTX Glut,0018 L5 IT CTX Glut_1,2895,Arhgap31,77.5,25.5,52.0
005 L5 IT CTX Glut,0018 L5 IT CTX Glut_1,2895,Myo1b,66.0,28.7,37.3
005 L5 IT CTX Glut,0018 L5 IT CTX Glut_1,2895,Trhde,97.6,54.6,43.0
005 L5 IT CTX Glut,0022 L5 IT CTX Glut_5,1251,Angpt1,59.5,12.0,47.5
005 L5 IT CTX Glut,0022 L5 IT CTX Glut_5,1251,Arhgef28,76.6,35.2,41.4
005 L5 IT CTX Glut,0022 L5 IT CTX Glut_5,1251,Bcl11b,61.1,21.8,39.3
005 L5 IT CTX Glut,0022 L5 IT CTX Glut_5,1251,Cdh13,97.7,43.5,54.2
005 L5 IT CTX Glut,0022 L5 IT CTX Glut_5,1251,Cdh9,76.7,52.5,24.2
005 L5 IT CTX Glut,0022 L5 IT CTX Glut_5,1251,Clmn,70.5,9.1,61.4
005 L5 IT CTX Glut,0022 L5 IT CTX Glut_5,1251,Cnr1,99.4,61.7,37.6
005 L5 IT CTX Glut,0022 L5 IT CTX Glut_5,1251,Cntnap4,84.4,48.6,35.8
005 L5 IT CTX Glut,0022 L5 IT CTX Glut_5,1251,Col6a1,62.5,20.0,42.5
005 L5 IT CTX Glut,0022 L5 IT CTX Glut_5,1251,Cpne6,79.0,34.8,44.2
005 L5 IT CTX Glut,0022 L5 IT CTX Glut_5,1251,Dpyd,54.5,11.1,43.4
005 L5 IT CTX Glut,0022 L5 IT CTX Glut_5,1251,Drd1,59.0,8.0,51.0
005 L5 IT CTX Glut,0022 L5 IT CTX Glut_5,1251,Galnt14,93.1,62.1,31.0
005 L5 IT CTX Glut,0022 L5 IT CTX Glut_5,1251,Gng12,77.7,50.2,27.5
005 L5 IT CTX Glut,0022 L5 IT CTX Glut_5,1251,Gpr22,96.9,76.7,20.2
005 L5 IT CTX Glut,0022 L5 IT CTX Glut_5,1251,Grm1,92.2,51.4,40.8
005 L5 IT CTX Glut,0022 L5 IT CTX Glut_5,1251,Gucy1a1,79.5,58.1,21.4
005 L5 IT CTX Glut,0022 L5 IT CTX Glut_5,1251,Hpcal1,77.1,31.6,45.5
005 L5 IT CTX Glut,0022 L5 IT CTX Glut_5,1251,Igfbp5,56.7,32.6,24.1
005 L5 IT CTX Glut,0022 L5 IT CTX Glut_5,1251,Igsf21,91.9,63.9,28.1
005 L5 IT CTX Glut,0022 L5 IT CTX Glut_5,1251,Meis2,85.5,45.4,40.0
005 L5 IT CTX Glut,0022 L5 IT CTX Glut_5,1251,Myo16,65.1,45.0,20.1
005 L5 IT CTX Glut,0022 L5 IT CTX Glut_5,1251,Necab1,99.2,27.3,71.9
005 L5 IT CTX Glut,0022 L5 IT CTX Glut_5,1251,Nell1,94.8,42.1,52.7
005 L5 IT CTX Glut,0022 L5 IT CTX Glut_5,1251,Nrp2,62.9,26.5,36.4
005 L5 IT CTX Glut,0022 L5 IT CTX Glut_5,1251,Ntsr1,51.8,10.7,41.1
005 L5 IT CTX Glut,0022 L5 IT CTX Glut_5,1251,Parm1,54.5,33.0,21.5
005 L5 IT CTX Glut,0022 L5 IT CTX Glut_5,1251,Pcsk5,81.4,60.1,21.3
005 L5 IT CTX Glut,0022 L5 IT CTX Glut_5,1251,Rab3b,56.6,7.3,49.3
005 L5 IT CTX Glut,0022 L5 IT CTX Glut_5,1251,Rasgrf2,55.6,29.9,25.8
005 L5 IT CTX Glut,0022 L5 IT CTX Glut_5,1251,Rmst,94.2,68.8,25.4
005 L5 IT CTX Glut,0022 L5 IT CTX Glut_5,1251,Rspo2,94.0,54.7,39.3
005 L5 IT CTX Glut,0022 L5 IT CTX Glut_5,1251,Rxfp1,68.8,14.6,54.2
005 L5 IT CTX Glut,0022 L5 IT CTX Glut_5,1251,Sdk2,89.4,50.8,38.6
005 L5 IT CTX Glut,0022 L5 IT CTX Glut_5,1251,Sema3e,89.0,58.9,30.1
005 L5 IT CTX Glut,0022 L5 IT CTX Glut_5,1251,Sipa1l3,64.9,42.1,22.8
005 L5 IT CTX Glut,0022 L5 IT CTX Glut_5,1251,Slc44a5,58.8,17.6,41.2
005 L5 IT CTX Glut,0022 L5 IT CTX Glut_5,1251,Sox11,61.9,33.6,28.3
005 L5 IT CTX Glut,0022 L5 IT CTX Glut_5,1251,Syt17,93.2,29.7,63.5
005 L5 IT CTX Glut,0022 L5 IT CTX Glut_5,1251,Vat1l,62.3,37.5,24.8
005 L5 IT CTX Glut,0022 L5 IT CTX Glut_5,1251,Cdh8,79.3,54.0,25.3
005 L5 IT CTX Glut,0022 L5 IT CTX Glut_5,1251,Grin3a,77.3,15.3,62.0
005 L5 IT CTX Glut,0022 L5 IT CTX Glut_5,1251,Jun,56.7,33.8,22.9
005 L5 IT CTX Glut,0022 L5 IT CTX Glut_5,1251,Rgs2,69.2,48.8,20.4
005 L5 IT CTX Glut,0022 L5 IT CTX Glut_5,1251,Smoc2,71.1,13.7,57.4
005 L5 IT CTX Glut,0022 L5 IT CTX Glut_5,1251,Fbn2,50.8,13.6,37.2
005 L5 IT CTX Glut,0022 L5 IT CTX Glut_5,1251,Nbl1,73.1,49.7,23.4
005 L5 IT CTX Glut,0022 L5 IT CTX Glut_5,1251,Spon1,60.9,27.9,33.0
005 L5 IT CTX Glut,0022 L5 IT CTX Glut_5,1251,Zfp804b,99.9,26.8,73.2
005 L5 IT CTX Glut,0022 L5 IT CTX Glut_5,1251,Pparg,53.2,26.7,26.5
005 L5 IT CTX Glut,0020 L5 IT CTX Glut_3,131,Cntnap5b,64.1,39.2,24.9
005 L5 IT CTX Glut,0020 L5 IT CTX Glut_3,131,Deptor,83.2,44.0,39.2
005 L5 IT CTX Glut,0020 L5 IT CTX Glut_3,131,Etv1,69.5,29.6,39.8
005 L5 IT CTX Glut,0020 L5 IT CTX Glut_3,131,Kcnh5,62.6,27.1,35.5
005 L5 IT CTX Glut,0020 L5 IT CTX Glut_3,131,Myl4,75.6,49.2,26.3
005 L5 IT CTX Glut,0020 L5 IT CTX Glut_3,131,Ndst3,75.6,54.5,21.0
005 L5 IT CTX Glut,0020 L5 IT CTX Glut_3,131,Nell1,78.6,56.3,22.3
005 L5 IT CTX Glut,0020 L5 IT CTX Glut_3,131,Nptx2,71.8,46.2,25.5
005 L5 IT CTX Glut,0020 L5 IT CTX Glut_3,131,Rprm,68.7,19.5,49.2
005 L5 IT CTX Glut,0020 L5 IT CTX Glut_3,131,Slc30a3,80.2,56.9,23.3
005 L5 IT CTX Glut,0019 L5 IT CTX Glut_2,129,Arhgap25,62.8,15.8,47.0
005 L5 IT CTX Glut,0019 L5 IT CTX Glut_2,129,Bhlhe22,70.5,25.9,44.6
005 L5 IT CTX Glut,0019 L5 IT CTX Glut_2,129,Cckbr,79.8,53.6,26.2
005 L5 IT CTX Glut,0019 L5 IT CTX Glut_2,129,Cdh6,51.2,26.2,24.9
005 L5 IT CTX Glut,0019 L5 IT CTX Glut_2,129,Cnr1,96.9,71.6,25.3
005 L5 IT CTX Glut,0019 L5 IT CTX Glut_2,129,Cntnap5b,85.3,38.6,46.7
005 L5 IT CTX Glut,0019 L5 IT CTX Glut_2,129,Cpne8,83.7,39.5,44.3
005 L5 IT CTX Glut,0019 L5 IT CTX Glut_2,129,Deptor,99.2,43.5,55.7
005 L5 IT CTX Glut,0019 L5 IT CTX Glut_2,129,Dner,86.0,48.8,37.2
005 L5 IT CTX Glut,0019 L5 IT CTX Glut_2,129,Etv1,98.4,28.8,69.7
005 L5 IT CTX Glut,0019 L5 IT CTX Glut_2,129,Fezf2,66.7,15.0,51.7
005 L5 IT CTX Glut,0019 L5 IT CTX Glut_2,129,Gm19410,69.8,16.0,53.7
005 L5 IT CTX Glut,0019 L5 IT CTX Glut_2,129,Gng12,89.1,57.0,32.1
005 L5 IT CTX Glut,0019 L5 IT CTX Glut_2,129,Gpr88,74.4,11.7,62.7
005 L5 IT CTX Glut,0019 L5 IT CTX Glut_2,129,Inpp4b,67.4,10.4,57.0
005 L5 IT CTX Glut,0019 L5 IT CTX Glut_2,129,Kcnh5,68.2,27.0,41.2
005 L5 IT CTX Glut,0019 L5 IT CTX Glut_2,129,Ndst3,99.2,53.8,45.4
005 L5 IT CTX Glut,0019 L5 IT CTX Glut_2,129,Necab1,91.5,46.3,45.1
005 L5 IT CTX Glut,0019 L5 IT CTX Glut_2,129,Nell1,94.6,55.9,38.7
005 L5 IT CTX Glut,0019 L5 IT CTX Glut_2,129,Nos1,64.3,14.2,50.2
005 L5 IT CTX Glut,0019 L5 IT CTX Glut_2,129,Nptx2,84.5,45.9,38.6
005 L5 IT CTX Glut,0019 L5 IT CTX Glut_2,129,Parm1,58.9,38.5,20.4
005 L5 IT CTX Glut,0019 L5 IT CTX Glut_2,129,Pdzrn3,96.1,71.2,24.9
005 L5 IT CTX Glut,0019 L5 IT CTX Glut_2,129,Pkib,77.5,34.8,42.7
005 L5 IT CTX Glut,0019 L5 IT CTX Glut_2,129,Rasgrf2,68.2,36.2,32.0
005 L5 IT CTX Glut,0019 L5 IT CTX Glut_2,129,Rprm,79.1,19.2,59.9
005 L5 IT CTX Glut,0019 L5 IT CTX Glut_2,129,Rspo2,85.3,65.2,20.0
005 L5 IT CTX Glut,0019 L5 IT CTX Glut_2,129,Sdk2,93.0,60.8,32.3
005 L5 IT CTX Glut,0019 L5 IT CTX Glut_2,129,Syt17,69.0,47.0,22.0
005 L5 IT CTX Glut,0019 L5 IT CTX Glut_2,129,Zfpm2,74.4,32.7,41.8
005 L5 IT CTX Glut,0019 L5 IT CTX Glut_2,129,Jun,68.2,39.4,28.8
005 L5 IT CTX Glut,0019 L5 IT CTX Glut_2,129,Slc30a3,95.3,56.4,38.9
005 L5 IT CTX Glut,0019 L5 IT CTX Glut_2,129,Dipk2a,62.0,28.9,33.2
005 L5 IT CTX Glut,0019 L5 IT CTX Glut_2,129,Pde1c,65.9,14.8,51.0
005 L5 IT CTX Glut,0019 L5 IT CTX Glut_2,129,Tafa1,99.2,64.5,34.7
005 L5 IT CTX Glut,0019 L5 IT CTX Glut_2,129,Trpc3,55.0,23.4,31.7
005 L5 IT CTX Glut,0019 L5 IT CTX Glut_2,129,Zfp804b,76.0,46.6,29.3
022 L5 ET CTX Glut,0094 L5 ET CTX Glut_5,1335,Adamts2,79.3,43.4,35.9
022 L5 ET CTX Glut,0094 L5 ET CTX Glut_5,1335,Arhgef28,86.1,61.9,24.1
022 L5 ET CTX Glut,0094 L5 ET CTX Glut_5,1335,Cpne4,81.2,56.2,25.0
022 L5 ET CTX Glut,0094 L5 ET CTX Glut_5,1335,Deptor,60.7,30.2,30.5
022 L5 ET CTX Glut,0094 L5 ET CTX Glut_5,1335,Dpyd,91.1,65.8,25.3
022 L5 ET CTX Glut,0094 L5 ET CTX Glut_5,1335,Igfbp5,52.7,29.6,23.1
022 L5 ET CTX Glut,0094 L5 ET CTX Glut_5,1335,Inpp4b,60.7,31.8,29.0
022 L5 ET CTX Glut,0094 L5 ET CTX Glut_5,1335,Nrp2,59.9,21.7,38.1
022 L5 ET CTX Glut,0094 L5 ET CTX Glut_5,1335,Pkib,63.1,39.1,24.0
022 L5 ET CTX Glut,0094 L5 ET CTX Glut_5,1335,Rasgrf2,92.6,49.8,42.8
022 L5 ET CTX Glut,0094 L5 ET CTX Glut_5,1335,Wfs1,83.7,49.8,34.0
022 L5 ET CTX Glut,0094 L5 ET CTX Glut_5,1335,Adamts17,58.4,27.1,31.3
022 L5 ET CTX Glut,0094 L5 ET CTX Glut_5,1335,Glra3,80.6,44.9,35.7
022 L5 ET CTX Glut,0090 L5 ET CTX Glut_1,1251,Arc,71.4,32.9,38.5
022 L5 ET CTX Glut,0090 L5 ET CTX Glut_1,1251,Bdnf,78.4,55.0,23.4
022 L5 ET CTX Glut,0090 L5 ET CTX Glut_1,1251,Cbln2,69.5,18.6,50.9
022 L5 ET CTX Glut,0090 L5 ET CTX Glut_1,1251,Cdh20,71.5,20.7,50.8
022 L5 ET CTX Glut,0090 L5 ET CTX Glut_1,1251,Dusp1,66.3,44.3,22.0
022 L5 ET CTX Glut,0090 L5 ET CTX Glut_1,1251,Egr1,96.5,75.0,21.5
022 L5 ET CTX Glut,0090 L5 ET CTX Glut_1,1251,Egr4,76.7,39.1,37.6
022 L5 ET CTX Glut,0090 L5 ET CTX Glut_1,1251,Fhl2,62.7,39.7,23.1
022 L5 ET CTX Glut,0090 L5 ET CTX Glut_1,1251,Fhod3,66.4,39.5,26.9
022 L5 ET CTX Glut,0090 L5 ET CTX Glut_1,1251,Fos,58.9,25.1,33.8
022 L5 ET CTX Glut,0090 L5 ET CTX Glut_1,1251,Fosb,50.3,26.5,23.8
022 L5 ET CTX Glut,0090 L5 ET CTX Glut_1,1251,Hivep1,89.3,68.7,20.6
022 L5 ET CTX Glut,0090 L5 ET CTX Glut_1,1251,Hsd17b12,73.5,52.8,20.7
022 L5 ET CTX Glut,0090 L5 ET CTX Glut_1,1251,Htr2a,51.1,8.4,42.7
022 L5 ET CTX Glut,0090 L5 ET CTX Glut_1,1251,Igfbp6,67.1,36.1,31.0
022 L5 ET CTX Glut,0090 L5 ET CTX Glut_1,1251,Kctd8,51.5,16.8,34.7
022 L5 ET CTX Glut,0090 L5 ET CTX Glut_1,1251,Klf10,74.1,50.0,24.1
022 L5 ET CTX Glut,0090 L5 ET CTX Glut_1,1251,Lratd2,70.9,35.4,35.5
022 L5 ET CTX Glut,0090 L5 ET CTX Glut_1,1251,Maml3,62.9,23.3,39.6
022 L5 ET CTX Glut,0090 L5 ET CTX Glut_1,1251,Npnt,56.4,13.0,43.4
022 L5 ET CTX Glut,0090 L5 ET CTX Glut_1,1251,Nr4a1,90.8,54.7,36.1
022 L5 ET CTX Glut,0090 L5 ET CTX Glut_1,1251,Nr4a3,61.5,32.9,28.6
022 L5 ET CTX Glut,0090 L5 ET CTX Glut_1,1251,Pcsk1,81.1,42.2,38.8
022 L5 ET CTX Glut,0090 L5 ET CTX Glut_1,1251,Pdzrn3,85.8,35.7,50.1
022 L5 ET CTX Glut,0090 L5 ET CTX Glut_1,1251,Per1,68.9,48.0,20.9
022 L5 ET CTX Glut,0090 L5 ET CTX Glut_1,1251,Plcxd2,74.1,50.6,23.5
022 L5 ET CTX Glut,0090 L5 ET CTX Glut_1,1251,Sema3a,53.1,24.9,28.2
022 L5 ET CTX Glut,0090 L5 ET CTX Glut_1,1251,Sema3e,51.2,9.9,41.3
022 L5 ET CTX Glut,0090 L5 ET CTX Glut_1,1251,Sema6a,69.9,40.3,29.7
022 L5 ET CTX Glut,0090 L5 ET CTX Glut_1,1251,Sorcs3,87.9,61.7,26.3
022 L5 ET CTX Glut,0090 L5 ET CTX Glut_1,1251,Tmem163,89.4,66.7,22.6
022 L5 ET CTX Glut,0090 L5 ET CTX Glut_1,1251,Zdbf2,87.2,62.5,24.7
022 L5 ET CTX Glut,0090 L5 ET CTX Glut_1,1251,Adcyap1,87.5,54.9,32.5
022 L5 ET CTX Glut,0090 L5 ET CTX Glut_1,1251,Scg2,76.1,39.8,36.3
022 L5 ET CTX Glut,0090 L5 ET CTX Glut_1,1251,Sgk1,78.3,54.7,23.6
022 L5 ET CTX Glut,0090 L5 ET CTX Glut_1,1251,Vgf,94.5,63.1,31.4
022 L5 ET CTX Glut,0090 L5 ET CTX Glut_1,1251,Arhgap15,66.7,32.6,34.2
022 L5 ET CTX Glut,0090 L5 ET CTX Glut_1,1251,Plcl1,81.1,46.7,34.4
022 L5 ET CTX Glut,0090 L5 ET CTX Glut_1,1251,Bcl6,87.3,64.4,22.9
022 L5 ET CTX Glut,0090 L5 ET CTX Glut_1,1251,Zdhhc5,58.6,38.0,20.6
022 L5 ET CTX Glut,0091 L5 ET CTX Glut_2,1138,Epha4,91.6,69.3,22.3
022 L5 ET CTX Glut,0091 L5 ET CTX Glut_2,1138,Fosl2,59.9,35.2,24.8
022 L5 ET CTX Glut,0091 L5 ET CTX Glut_2,1138,Gfra2,61.9,22.9,38.9
022 L5 ET CTX Glut,0091 L5 ET CTX Glut_2,1138,Nell1,65.0,36.0,29.0
022 L5 ET CTX Glut,0091 L5 ET CTX Glut_2,1138,Neurod6,69.8,41.6,28.2
022 L5 ET CTX Glut,0091 L5 ET CTX Glut_2,1138,Nrn1,73.8,50.9,22.9
022 L5 ET CTX Glut,0091 L5 ET CTX Glut_2,1138,Rorb,51.0,29.0,22.0
022 L5 ET CTX Glut,0091 L5 ET CTX Glut_2,1138,Slc44a5,85.5,56.4,29.1
022 L5 ET CTX Glut,0091 L5 ET CTX Glut_2,1138,Jun,59.9,35.5,24.4
022 L5 ET CTX Glut,0091 L5 ET CTX Glut_2,1138,Lypd1,95.3,25.6,69.7
022 L5 ET CTX Glut,0091 L5 ET CTX Glut_2,1138,Nckap5,86.1,51.2,34.9
022 L5 ET CTX Glut,0091 L5 ET CTX Glut_2,1138,Pde1b,53.3,14.3,39.1
022 L5 ET CTX Glut,0091 L5 ET CTX Glut_2,1138,Rspo3,84.4,62.9,21.5
022 L5 ET CTX Glut,0091 L5 ET CTX Glut_2,1138,Trpm3,59.0,36.1,22.9
032 L5 NP CTX Glut,0123 L5 NP CTX Glut_2,2477,Cdh13,53.4,30.0,23.4
032 L5 NP CTX Glut,0123 L5 NP CTX Glut_2,2477,Cntnap5b,86.1,63.4,22.7
032 L5 NP CTX Glut,0123 L5 NP CTX Glut_2,2477,Nrp2,51.8,23.4,28.5
032 L5 NP CTX Glut,0123 L5 NP CTX Glut_2,2477,Rmst,51.4,20.8,30.5
032 L5 NP CTX Glut,0123 L5 NP CTX Glut_2,2477,Sema5b,71.4,25.7,45.7
032 L5 NP CTX Glut,0123 L5 NP CTX Glut_2,2477,Stard5,83.8,62.7,21.1
032 L5 NP CTX Glut,0124 L5 NP CTX Glut_3,1230,Cnih3,79.7,51.3,28.3
032 L5 NP CTX Glut,0124 L5 NP CTX Glut_3,1230,Dkk3,78.2,51.9,26.3
032 L5 NP CTX Glut,0124 L5 NP CTX Glut_3,1230,Dpy19l1,83.6,61.6,22.0
032 L5 NP CTX Glut,0124 L5 NP CTX Glut_3,1230,Gabbr2,82.6,38.9,43.7
032 L5 NP CTX Glut,0124 L5 NP CTX Glut_3,1230,Gpr26,78.5,57.5,20.9
032 L5 NP CTX Glut,0124 L5 NP CTX Glut_3,1230,Gucy1a1,74.5,54.4,20.1
032 L5 NP CTX Glut,0124 L5 NP CTX Glut_3,1230,Hs3st2,59.1,35.9,23.2
032 L5 NP CTX Glut,0124 L5 NP CTX Glut_3,1230,Myo16,66.9,43.8,23.1
032 L5 NP CTX Glut,0124 L5 NP CTX Glut_3,1230,Ndst3,52.8,31.2,21.6
032 L5 NP CTX Glut,0124 L5 NP CTX Glut_3,1230,Oprm1,72.5,33.4,39.2
032 L5 NP CTX Glut,0124 L5 NP CTX Glut_3,1230,Sema3e,81.2,28.8,52.4
032 L5 NP CTX Glut,0124 L5 NP CTX Glut_3,1230,Tmem132d,66.2,33.3,32.9
032 L5 NP CTX Glut,0124 L5 NP CTX Glut_3,1230,Tmem163,67.0,30.6,36.4
032 L5 NP CTX Glut,0124 L5 NP CTX Glut_3,1230,Cdh8,94.2,66.2,28.0
032 L5 NP CTX Glut,0124 L5 NP CTX Glut_3,1230,Elfn1,60.8,34.2,26.6
032 L5 NP CTX Glut,0124 L5 NP CTX Glut_3,1230,Trhde,94.2,55.3,38.9
032 L5 NP CTX Glut,0124 L5 NP CTX Glut_3,1230,Trpm3,59.4,34.9,24.5
032 L5 NP CTX Glut,0125 L5 NP CTX Glut_4,281,Cntnap4,50.9,28.3,22.6
032 L5 NP CTX Glut,0125 L5 NP CTX Glut_4,281,Dkk3,92.9,57.5,35.4
032 L5 NP CTX Glut,0125 L5 NP CTX Glut_4,281,Gabbr2,76.5,50.6,26.0
032 L5 NP CTX Glut,0125 L5 NP CTX Glut_4,281,Gfra2,61.6,35.3,26.3
032 L5 NP CTX Glut,0125 L5 NP CTX Glut_4,281,Hs3st2,74.4,40.7,33.7
032 L5 NP CTX Glut,0125 L5 NP CTX Glut_4,281,Mpped1,71.5,44.2,27.4
032 L5 NP CTX Glut,0125 L5 NP CTX Glut_4,281,Ndst3,73.0,35.2,37.7
032 L5 NP CTX Glut,0125 L5 NP CTX Glut_4,281,Rxfp1,68.7,22.0,46.6
032 L5 NP CTX Glut,0125 L5 NP CTX Glut_4,281,Sdk2,73.3,33.2,40.1
032 L5 NP CTX Glut,0125 L5 NP CTX Glut_4,281,Sema5a,83.3,59.8,23.5
032 L5 NP CTX Glut,0125 L5 NP CTX Glut_4,281,Trbc2,50.9,8.1,42.8
032 L5 NP CTX Glut,0125 L5 NP CTX Glut_4,281,Zfpm2,83.6,47.8,35.9
032 L5 NP CTX Glut,0125 L5 NP CTX Glut_4,281,Neto1,50.2,12.3,37.8
030 L6 CT CTX Glut,0118 L6 CT CTX Glut_5,10694,Arhgef28,82.8,59.0,23.8
030 L6 CT CTX Glut,0118 L6 CT CTX Glut_5,10694,Cdh13,98.1,48.0,50.1
030 L6 CT CTX Glut,0118 L6 CT CTX Glut_5,10694,Cdh6,79.9,41.6,38.3
030 L6 CT CTX Glut,0118 L6 CT CTX Glut_5,10694,Cnih3,75.9,47.7,28.2
030 L6 CT CTX Glut,0118 L6 CT CTX Glut_5,10694,Cntnap5b,65.6,44.5,21.2
030 L6 CT CTX Glut,0118 L6 CT CTX Glut_5,10694,Col23a1,64.4,28.7,35.7
030 L6 CT CTX Glut,0118 L6 CT CTX Glut_5,10694,Deptor,53.0,27.6,25.4
030 L6 CT CTX Glut,0118 L6 CT CTX Glut_5,10694,Dpyd,51.3,16.8,34.5
030 L6 CT CTX Glut,0118 L6 CT CTX Glut_5,10694,Drd1,50.9,20.3,30.6
030 L6 CT CTX Glut,0118 L6 CT CTX Glut_5,10694,Inpp4b,73.4,38.0,35.4
030 L6 CT CTX Glut,0118 L6 CT CTX Glut_5,10694,Nrp2,81.0,16.6,64.4
030 L6 CT CTX Glut,0118 L6 CT CTX Glut_5,10694,Prr16,78.5,22.3,56.2
030 L6 CT CTX Glut,0118 L6 CT CTX Glut_5,10694,Prss35,78.7,33.3,45.4
030 L6 CT CTX Glut,0118 L6 CT CTX Glut_5,10694,Rab3b,68.5,32.9,35.5
030 L6 CT CTX Glut,0118 L6 CT CTX Glut_5,10694,Rai14,82.0,61.7,20.3
030 L6 CT CTX Glut,0118 L6 CT CTX Glut_5,10694,Rspo2,60.8,25.6,35.2
030 L6 CT CTX Glut,0118 L6 CT CTX Glut_5,10694,Sema5b,81.0,54.3,26.7
030 L6 CT CTX Glut,0118 L6 CT CTX Glut_5,10694,Sorcs3,65.9,44.4,21.5
030 L6 CT CTX Glut,0118 L6 CT CTX Glut_5,10694,Tmem132d,92.9,71.9,21.0
030 L6 CT CTX Glut,0118 L6 CT CTX Glut_5,10694,Jun,56.5,35.9,20.6
030 L6 CT CTX Glut,0118 L6 CT CTX Glut_5,10694,Sulf1,92.8,51.1,41.7
030 L6 CT CTX Glut,0118 L6 CT CTX Glut_5,10694,Lypd1,64.2,24.2,40.0
030 L6 CT CTX Glut,0118 L6 CT CTX Glut_5,10694,Nbl1,51.8,14.8,37.0
030 L6 CT CTX Glut,0118 L6 CT CTX Glut_5,10694,Nckap5,51.1,23.7,27.4
030 L6 CT CTX Glut,0118 L6 CT CTX Glut_5,10694,Spon1,96.4,58.3,38.1
030 L6 CT CTX Glut,0114 L6 CT CTX Glut_1,7993,Arc,81.9,57.4,24.5
030 L6 CT CTX Glut,0114 L6 CT CTX Glut_1,7993,Gadd45a,80.5,49.9,30.5
030 L6 CT CTX Glut,0114 L6 CT CTX Glut_1,7993,Igfbp4,82.2,43.6,38.6
030 L6 CT CTX Glut,0114 L6 CT CTX Glut_1,7993,Ndst3,82.3,47.7,34.5
030 L6 CT CTX Glut,0114 L6 CT CTX Glut_1,7993,Nr4a1,77.7,52.8,24.9
030 L6 CT CTX Glut,0114 L6 CT CTX Glut_1,7993,Nrn1,82.1,44.2,37.9
030 L6 CT CTX Glut,0114 L6 CT CTX Glut_1,7993,Plcxd3,85.5,43.4,42.1
030 L6 CT CTX Glut,0114 L6 CT CTX Glut_1,7993,Sema3a,75.0,44.0,31.0
030 L6 CT CTX Glut,0114 L6 CT CTX Glut_1,7993,Vgf,79.2,56.2,23.0
030 L6 CT CTX Glut,0114 L6 CT CTX Glut_1,7993,Trhde,68.1,39.4,28.7
030 L6 CT CTX Glut,0115 L6 CT CTX Glut_2,2092,Cdh9,76.0,54.0,22.0
030 L6 CT CTX Glut,0115 L6 CT CTX Glut_2,2092,Igfbp4,80.0,55.6,24.4
030 L6 CT CTX Glut,0115 L6 CT CTX Glut_2,2092,Myl4,63.6,34.9,28.7
030 L6 CT CTX Glut,0115 L6 CT CTX Glut_2,2092,Necab1,72.1,45.8,26.3
030 L6 CT CTX Glut,0116 L6 CT CTX Glut_3,602,Cdh9,84.4,55.3,29.1
030 L6 CT CTX Glut,0116 L6 CT CTX Glut_3,602,Etv1,57.1,30.3,26.8
030 L6 CT CTX Glut,0116 L6 CT CTX Glut_3,602,Mbp,62.8,38.9,23.8
030 L6 CT CTX Glut,0116 L6 CT CTX Glut_3,602,Rmst,64.0,10.5,53.5
030 L6 CT CTX Glut,0116 L6 CT CTX Glut_3,602,Rxfp1,73.8,25.8,47.9
030 L6 CT CTX Glut,0116 L6 CT CTX Glut_3,602,Sema3e,79.9,49.7,30.2
030 L6 CT CTX Glut,0116 L6 CT CTX Glut_3,602,Sox11,75.6,51.5,24.1
030 L6 CT CTX Glut,0119 L6 CT CTX Glut_6,72,Adcyap1r1,59.7,17.3,42.4
030 L6 CT CTX Glut,0119 L6 CT CTX Glut_6,72,Cdh4,70.8,25.9,44.9
030 L6 CT CTX Glut,0119 L6 CT CTX Glut_6,72,Cnr1,79.2,26.6,52.5
030 L6 CT CTX Glut,0119 L6 CT CTX Glut_6,72,Col23a1,73.6,46.4,27.2
030 L6 CT CTX Glut,0119 L6 CT CTX Glut_6,72,Col6a1,84.7,50.0,34.7
030 L6 CT CTX Glut,0119 L6 CT CTX Glut_6,72,Dner,56.9,21.7,35.2
030 L6 CT CTX Glut,0119 L6 CT CTX Glut_6,72,Epha4,95.8,74.8,21.1
030 L6 CT CTX Glut,0119 L6 CT CTX Glut_6,72,Grm1,95.8,74.8,21.1
030 L6 CT CTX Glut,0119 L6 CT CTX Glut_6,72,Igfbp4,81.9,57.9,24.1
030 L6 CT CTX Glut,0119 L6 CT CTX Glut_6,72,Inpp4b,84.7,55.6,29.1
030 L6 CT CTX Glut,0119 L6 CT CTX Glut_6,72,Maml3,94.4,65.8,28.7
030 L6 CT CTX Glut,0119 L6 CT CTX Glut_6,72,Mbp,59.7,39.5,20.2
030 L6 CT CTX Glut,0119 L6 CT CTX Glut_6,72,Mdga1,79.2,23.1,56.1
030 L6 CT CTX Glut,0119 L6 CT CTX Glut_6,72,Ndst3,80.6,60.5,20.0
030 L6 CT CTX Glut,0119 L6 CT CTX Glut_6,72,Necab1,75.0,48.3,26.7
030 L6 CT CTX Glut,0119 L6 CT CTX Glut_6,72,Necab2,50.0,20.4,29.6
030 L6 CT CTX Glut,0119 L6 CT CTX Glut_6,72,Rasl10a,93.1,71.0,22.1
030 L6 CT CTX Glut,0119 L6 CT CTX Glut_6,72,Sema3e,80.6,50.5,30.1
030 L6 CT CTX Glut,0119 L6 CT CTX Glut_6,72,Sorcs3,88.9,55.0,33.9
030 L6 CT CTX Glut,0119 L6 CT CTX Glut_6,72,Sox11,73.6,52.1,21.5
030 L6 CT CTX Glut,0119 L6 CT CTX Glut_6,72,Strip2,68.1,23.1,45.0
030 L6 CT CTX Glut,0119 L6 CT CTX Glut_6,72,Scg2,70.8,48.7,22.2
030 L6 CT CTX Glut,0119 L6 CT CTX Glut_6,72,Zbtb20,58.3,33.8,24.6
030 L6 CT CTX Glut,0119 L6 CT CTX Glut_6,72,Pde1b,68.1,47.9,20.2
030 L6 CT CTX Glut,0119 L6 CT CTX Glut_6,72,Rspo3,73.6,35.5,38.1
030 L6 CT CTX Glut,0119 L6 CT CTX Glut_6,72,Hes1,55.6,15.5,40.0
029 L6b CTX Glut,0110 L6b CTX Glut_1,1014,Arhgap25,67.1,31.1,35.9
029 L6b CTX Glut,0110 L6b CTX Glut_1,1014,Cdh6,95.8,68.2,27.6
029 L6b CTX Glut,0110 L6b CTX Glut_1,1014,Cnih3,63.1,23.3,39.9
029 L6b CTX Glut,0110 L6b CTX Glut_1,1014,Cntnap4,91.3,29.9,61.4
029 L6b CTX Glut,0110 L6b CTX Glut_1,1014,Col23a1,50.1,10.8,39.3
029 L6b CTX Glut,0110 L6b CTX Glut_1,1014,Dkk3,74.4,26.2,48.1
029 L6b CTX Glut,0110 L6b CTX Glut_1,1014,Egr3,62.6,33.4,29.2
029 L6b CTX Glut,0110 L6b CTX Glut_1,1014,Fhl2,65.1,38.6,26.5
029 L6b CTX Glut,0110 L6b CTX Glut_1,1014,Foxp2,94.1,23.8,70.3
029 L6b CTX Glut,0110 L6b CTX Glut_1,1014,Gfra2,78.8,49.3,29.5
029 L6b CTX Glut,0110 L6b CTX Glut_1,1014,Grm1,75.9,46.5,29.4
029 L6b CTX Glut,0110 L6b CTX Glut_1,1014,Grm8,89.5,65.9,23.6
029 L6b CTX Glut,0110 L6b CTX Glut_1,1014,Gsg1l,89.3,67.7,21.7
029 L6b CTX Glut,0110 L6b CTX Glut_1,1014,Htr1f,88.2,48.1,40.1
029 L6b CTX Glut,0110 L6b CTX Glut_1,1014,Igsf21,91.9,66.6,25.3
029 L6b CTX Glut,0110 L6b CTX Glut_1,1014,Klf10,63.7,43.0,20.7
029 L6b CTX Glut,0110 L6b CTX Glut_1,1014,Neurod6,91.4,60.3,31.1
029 L6b CTX Glut,0110 L6b CTX Glut_1,1014,Nwd2,56.2,18.4,37.9
029 L6b CTX Glut,0110 L6b CTX Glut_1,1014,Prr16,66.9,27.6,39.2
029 L6b CTX Glut,0110 L6b CTX Glut_1,1014,Prss35,53.8,4.9,49.0
029 L6b CTX Glut,0110 L6b CTX Glut_1,1014,Rspo2,73.7,30.9,42.7
029 L6b CTX Glut,0110 L6b CTX Glut_1,1014,Sema5b,87.3,55.6,31.7
029 L6b CTX Glut,0110 L6b CTX Glut_1,1014,Shisa6,86.2,29.5,56.6
029 L6b CTX Glut,0110 L6b CTX Glut_1,1014,Sla,56.7,21.3,35.4
029 L6b CTX Glut,0110 L6b CTX Glut_1,1014,Slit2,59.9,29.7,30.1
029 L6b CTX Glut,0110 L6b CTX Glut_1,1014,Syt6,63.5,11.9,51.6
029 L6b CTX Glut,0110 L6b CTX Glut_1,1014,Thsd7b,87.9,56.8,31.1
029 L6b CTX Glut,0110 L6b CTX Glut_1,1014,Trbc2,62.8,14.9,48.0
029 L6b CTX Glut,0110 L6b CTX Glut_1,1014,Jun,56.7,29.2,27.5
029 L6b CTX Glut,0110 L6b CTX Glut_1,1014,Sulf1,89.8,58.7,31.1
029 L6b CTX Glut,0110 L6b CTX Glut_1,1014,Spon1,96.6,36.5,60.1
029 L6b CTX Glut,0110 L6b CTX Glut_1,1014,Trhde,60.0,36.9,23.1
029 L6b CTX Glut,0112 L6b CTX Glut_3,490,Bhlhe22,73.7,12.6,61.1
029 L6b CTX Glut,0112 L6b CTX Glut_3,490,Cacna2d2,51.4,25.5,26.0
029 L6b CTX Glut,0112 L6b CTX Glut_3,490,Ccn2,98.8,67.2,31.6
029 L6b CTX Glut,0112 L6b CTX Glut_3,490,Chrm2,84.5,48.7,35.8
029 L6b CTX Glut,0112 L6b CTX Glut_3,490,Cntn6,96.9,50.8,46.1
029 L6b CTX Glut,0112 L6b CTX Glut_3,490,Cntnap5b,87.1,64.9,22.3
029 L6b CTX Glut,0112 L6b CTX Glut_3,490,Col19a1,97.1,47.1,50.1
029 L6b CTX Glut,0112 L6b CTX Glut_3,490,Cplx3,98.2,45.3,52.9
029 L6b CTX Glut,0112 L6b CTX Glut_3,490,Cpne8,65.5,32.7,32.8
029 L6b CTX Glut,0112 L6b CTX Glut_3,490,Dner,85.5,49.6,35.9
029 L6b CTX Glut,0112 L6b CTX Glut_3,490,Drd1,84.3,59.6,24.7
029 L6b CTX Glut,0112 L6b CTX Glut_3,490,Fign,60.2,31.2,29.0
029 L6b CTX Glut,0112 L6b CTX Glut_3,490,Galnt14,93.1,55.7,37.4
029 L6b CTX Glut,0112 L6b CTX Glut_3,490,Hpcal1,90.0,45.6,44.4
029 L6b CTX Glut,0112 L6b CTX Glut_3,490,Hrh3,78.2,40.0,38.2
029 L6b CTX Glut,0112 L6b CTX Glut_3,490,Htr2a,87.6,33.4,54.2
029 L6b CTX Glut,0112 L6b CTX Glut_3,490,Igfbp5,99.4,60.5,38.9
029 L6b CTX Glut,0112 L6b CTX Glut_3,490,Inpp4b,96.5,59.0,37.5
029 L6b CTX Glut,0112 L6b CTX Glut_3,490,Kcnh5,61.0,14.1,47.0
029 L6b CTX Glut,0112 L6b CTX Glut_3,490,Lypd6,51.6,12.4,39.2
029 L6b CTX Glut,0112 L6b CTX Glut_3,490,Nrn1,65.9,18.9,47.0
029 L6b CTX Glut,0112 L6b CTX Glut_3,490,Nxph4,97.8,51.0,46.8
029 L6b CTX Glut,0112 L6b CTX Glut_3,490,Pip5k1b,69.2,31.6,37.6
029 L6b CTX Glut,0112 L6b CTX Glut_3,490,Pkib,70.0,30.7,39.3
029 L6b CTX Glut,0112 L6b CTX Glut_3,490,Plcxd2,56.1,33.7,22.5
029 L6b CTX Glut,0112 L6b CTX Glut_3,490,Plcxd3,85.9,58.0,27.9
029 L6b CTX Glut,0112 L6b CTX Glut_3,490,Ror1,52.7,3.5,49.2
029 L6b CTX Glut,0112 L6b CTX Glut_3,490,Tmem163,98.6,58.6,40.0
029 L6b CTX Glut,0112 L6b CTX Glut_3,490,Vwc2l,85.9,41.0,45.0
029 L6b CTX Glut,0112 L6b CTX Glut_3,490,Adra2a,77.6,24.6,52.9
029 L6b CTX Glut,0112 L6b CTX Glut_3,490,Bhlhe41,62.7,17.2,45.5
029 L6b CTX Glut,0112 L6b CTX Glut_3,490,Luzp2,92.7,41.4,51.2
029 L6b CTX Glut,0112 L6b CTX Glut_3,490,Lypd1,70.8,32.0,38.8
029 L6b CTX Glut,0112 L6b CTX Glut_3,490,Masp1,56.1,21.3,34.9
029 L6b CTX Glut,0112 L6b CTX Glut_3,490,Pde1b,89.6,57.8,31.8
029 L6b CTX Glut,0112 L6b CTX Glut_3,490,Plcl1,88.4,46.4,41.9
029 L6b CTX Glut,0112 L6b CTX Glut_3,490,Rspo3,81.4,57.9,23.5
029 L6b CTX Glut,0112 L6b CTX Glut_3,490,Bbx,66.3,44.0,22.3
029 L6b CTX Glut,0113 L6b CTX Glut_4,62,Adra1b,95.2,31.0,64.2
029 L6b CTX Glut,0113 L6b CTX Glut_4,62,Arhgap12,59.7,32.1,27.6
029 L6b CTX Glut,0113 L6b CTX Glut_4,62,Bdnf,58.1,27.6,30.5
029 L6b CTX Glut,0113 L6b CTX Glut_4,62,Cabp7,56.5,33.4,23.1
029 L6b CTX Glut,0113 L6b CTX Glut_4,62,Cdh9,61.3,19.7,41.6
029 L6b CTX Glut,0113 L6b CTX Glut_4,62,Chrm2,96.8,58.3,38.5
029 L6b CTX Glut,0113 L6b CTX Glut_4,62,Cntn6,85.5,64.2,21.2
029 L6b CTX Glut,0113 L6b CTX Glut_4,62,Dner,98.4,59.2,39.2
029 L6b CTX Glut,0113 L6b CTX Glut_4,62,Fign,79.0,38.6,40.4
029 L6b CTX Glut,0113 L6b CTX Glut_4,62,Galnt14,93.5,66.1,27.4
029 L6b CTX Glut,0113 L6b CTX Glut_4,62,Gfra1,88.7,54.4,34.3
029 L6b CTX Glut,0113 L6b CTX Glut_4,62,Gfra2,91.9,67.2,24.7
029 L6b CTX Glut,0113 L6b CTX Glut_4,62,Hcrtr2,88.7,32.8,55.9
029 L6b CTX Glut,0113 L6b CTX Glut_4,62,Hrh1,59.7,37.8,21.9
029 L6b CTX Glut,0113 L6b CTX Glut_4,62,Kitl,85.5,29.1,56.4
029 L6b CTX Glut,0113 L6b CTX Glut_4,62,Mas1,66.1,25.8,40.3
029 L6b CTX Glut,0113 L6b CTX Glut_4,62,Mbp,62.9,23.7,39.2
029 L6b CTX Glut,0113 L6b CTX Glut_4,62,Nptx2,51.6,29.5,22.1
029 L6b CTX Glut,0113 L6b CTX Glut_4,62,Nrep,62.9,21.5,41.4
029 L6b CTX Glut,0113 L6b CTX Glut_4,62,Plcxd2,64.5,39.6,24.9
029 L6b CTX Glut,0113 L6b CTX Glut_4,62,Rbp4,50.0,14.6,35.4
029 L6b CTX Glut,0113 L6b CTX Glut_4,62,Rspo2,88.7,57.0,31.7
029 L6b CTX Glut,0113 L6b CTX Glut_4,62,Sema3a,74.2,36.2,38.0
029 L6b CTX Glut,0113 L6b CTX Glut_4,62,Sema3e,61.3,13.6,47.6
029 L6b CTX Glut,0113 L6b CTX Glut_4,62,Tmem163,96.8,69.9,26.9
029 L6b CTX Glut,0113 L6b CTX Glut_4,62,Tmem255a,74.2,18.6,55.6
029 L6b CTX Glut,0113 L6b CTX Glut_4,62,Trhr,66.1,15.0,51.1
029 L6b CTX Glut,0113 L6b CTX Glut_4,62,Grm2,64.5,19.9,44.6
029 L6b CTX Glut,0113 L6b CTX Glut_4,62,Nr1d2,72.6,51.3,21.3
029 L6b CTX Glut,0113 L6b CTX Glut_4,62,Rgs2,82.3,32.5,49.7
029 L6b CTX Glut,0113 L6b CTX Glut_4,62,Rgs5,93.5,8.5,85.1
029 L6b CTX Glut,0113 L6b CTX Glut_4,62,Uty,67.7,47.5,20.2
029 L6b CTX Glut,0113 L6b CTX Glut_4,62,Vgf,90.3,67.1,23.3
029 L6b CTX Glut,0113 L6b CTX Glut_4,62,Luzp2,95.2,55.7,39.5
029 L6b CTX Glut,0113 L6b CTX Glut_4,62,Pde1c,56.5,10.6,45.9
029 L6b CTX Glut,0113 L6b CTX Glut_4,62,Plcl1,96.8,57.9,38.9
029 L6b CTX Glut,0113 L6b CTX Glut_4,62,Rspo3,98.4,63.8,34.5
029 L6b CTX Glut,0113 L6b CTX Glut_4,62,Dusp22,82.3,54.5,27.8
029 L6b CTX Glut,0113 L6b CTX Glut_4,62,Zfp941,58.1,32.3,25.8
004 L6 IT CTX Glut,0014 L6 IT CTX Glut_2,5123,Arhgap25,53.8,24.5,29.3
004 L6 IT CTX Glut,0014 L6 IT CTX Glut_2,5123,Cbln2,86.8,51.8,35.0
004 L6 IT CTX Glut,0014 L6 IT CTX Glut_2,5123,Cpne4,74.4,48.4,26.0
004 L6 IT CTX Glut,0014 L6 IT CTX Glut_2,5123,Gadd45a,53.2,26.3,26.9
004 L6 IT CTX Glut,0014 L6 IT CTX Glut_2,5123,Htr2a,80.8,60.2,20.6
004 L6 IT CTX Glut,0014 L6 IT CTX Glut_2,5123,Igfbp4,58.5,20.4,38.1
004 L6 IT CTX Glut,0014 L6 IT CTX Glut_2,5123,Nptx2,80.8,50.6,30.2
004 L6 IT CTX Glut,0014 L6 IT CTX Glut_2,5123,Pde7b,63.6,35.5,28.1
004 L6 IT CTX Glut,0014 L6 IT CTX Glut_2,5123,Plekha2,66.8,37.8,29.0
004 L6 IT CTX Glut,0014 L6 IT CTX Glut_2,5123,Ptpru,78.5,56.9,21.6
004 L6 IT CTX Glut,0014 L6 IT CTX Glut_2,5123,Sema3a,75.3,39.8,35.6
004 L6 IT CTX Glut,0014 L6 IT CTX Glut_2,5123,Sema5a,64.0,22.4,41.6
004 L6 IT CTX Glut,0014 L6 IT CTX Glut_2,5123,Sema5b,72.8,34.0,38.8
004 L6 IT CTX Glut,0014 L6 IT CTX Glut_2,5123,Sstr2,55.3,32.4,22.9
004 L6 IT CTX Glut,0014 L6 IT CTX Glut_2,5123,Thsd7b,71.3,44.1,27.1
004 L6 IT CTX Glut,0014 L6 IT CTX Glut_2,5123,Trhde,81.4,53.3,28.1
004 L6 IT CTX Glut,0013 L6 IT CTX Glut_1,3397,Angpt1,67.6,42.3,25.4
004 L6 IT CTX Glut,0013 L6 IT CTX Glut_1,3397,Clmn,50.3,26.2,24.0
004 L6 IT CTX Glut,0013 L6 IT CTX Glut_1,3397,Dner,79.1,55.1,23.9
004 L6 IT CTX Glut,0013 L6 IT CTX Glut_1,3397,Inpp4b,89.5,48.7,40.7
004 L6 IT CTX Glut,0013 L6 IT CTX Glut_1,3397,Meis2,79.6,59.5,20.1
004 L6 IT CTX Glut,0013 L6 IT CTX Glut_1,3397,Npy,56.5,22.4,34.1
004 L6 IT CTX Glut,0013 L6 IT CTX Glut_1,3397,Oprk1,56.7,29.2,27.5
004 L6 IT CTX Glut,0013 L6 IT CTX Glut_1,3397,Rasgrf2,69.4,36.3,33.1
004 L6 IT CTX Glut,0013 L6 IT CTX Glut_1,3397,Rxfp1,54.2,22.0,32.2
004 L6 IT CTX Glut,0013 L6 IT CTX Glut_1,3397,Slc44a5,57.6,31.3,26.3
004 L6 IT CTX Glut,0013 L6 IT CTX Glut_1,3397,Syt17,77.3,50.8,26.5
004 L6 IT CTX Glut,0013 L6 IT CTX Glut_1,3397,Grin3a,53.2,28.4,24.7
004 L6 IT CTX Glut,0013 L6 IT CTX Glut_1,3397,Sulf1,92.1,66.5,25.6
004 L6 IT CTX Glut,0013 L6 IT CTX Glut_1,3397,Nckap5,51.9,15.8,36.1
004 L6 IT CTX Glut,0013 L6 IT CTX Glut_1,3397,Spon1,96.3,70.3,25.9
004 L6 IT CTX Glut,0013 L6 IT CTX Glut_1,3397,Trpm3,85.9,59.6,26.3
004 L6 IT CTX Glut,0013 L6 IT CTX Glut_1,3397,Pparg,60.6,34.2,26.4
004 L6 IT CTX Glut,0015 L6 IT CTX Glut_3,1329,Adra1b,72.2,49.1,23.0
004 L6 IT CTX Glut,0015 L6 IT CTX Glut_3,1329,Arc,87.4,61.9,25.4
004 L6 IT CTX Glut,0015 L6 IT CTX Glut_3,1329,Bhlhe40,60.2,37.7,22.5
004 L6 IT CTX Glut,0015 L6 IT CTX Glut_3,1329,Cnr1,97.7,68.0,29.7
004 L6 IT CTX Glut,0015 L6 IT CTX Glut_3,1329,Cntn6,86.5,21.5,64.9
004 L6 IT CTX Glut,0015 L6 IT CTX Glut_3,1329,Col19a1,52.4,21.5,31.0
004 L6 IT CTX Glut,0015 L6 IT CTX Glut_3,1329,Cpne4,94.1,55.6,38.4
004 L6 IT CTX Glut,0015 L6 IT CTX Glut_3,1329,Cpne6,72.5,44.8,27.7
004 L6 IT CTX Glut,0015 L6 IT CTX Glut_3,1329,Cpne8,55.8,5.0,50.8
004 L6 IT CTX Glut,0015 L6 IT CTX Glut_3,1329,Crhr1,72.1,31.5,40.6
004 L6 IT CTX Glut,0015 L6 IT CTX Glut_3,1329,Dusp1,58.3,33.1,25.2
004 L6 IT CTX Glut,0015 L6 IT CTX Glut_3,1329,Egr4,67.9,31.7,36.2
004 L6 IT CTX Glut,0015 L6 IT CTX Glut_3,1329,Fhod3,98.3,69.0,29.3
004 L6 IT CTX Glut,0015 L6 IT CTX Glut_3,1329,Fos,60.8,33.3,27.5
004 L6 IT CTX Glut,0015 L6 IT CTX Glut_3,1329,Garnl3,88.0,55.8,32.2
004 L6 IT CTX Glut,0015 L6 IT CTX Glut_3,1329,Hpcal1,74.9,14.6,60.3
004 L6 IT CTX Glut,0015 L6 IT CTX Glut_3,1329,Hrh3,88.6,24.2,64.3
004 L6 IT CTX Glut,0015 L6 IT CTX Glut_3,1329,Junb,75.2,54.8,20.5
004 L6 IT CTX Glut,0015 L6 IT CTX Glut_3,1329,Myl4,57.9,30.4,27.5
004 L6 IT CTX Glut,0015 L6 IT CTX Glut_3,1329,Ndst3,73.1,18.2,54.9
004 L6 IT CTX Glut,0015 L6 IT CTX Glut_3,1329,Nell1,63.5,31.8,31.7
004 L6 IT CTX Glut,0015 L6 IT CTX Glut_3,1329,Nr4a1,90.5,54.4,36.1
004 L6 IT CTX Glut,0015 L6 IT CTX Glut_3,1329,Opn3,51.0,7.3,43.7
004 L6 IT CTX Glut,0015 L6 IT CTX Glut_3,1329,Parm1,62.0,20.3,41.7
004 L6 IT CTX Glut,0015 L6 IT CTX Glut_3,1329,Pcsk1,68.0,40.6,27.4
004 L6 IT CTX Glut,0015 L6 IT CTX Glut_3,1329,Pde7b,78.0,44.2,33.7
004 L6 IT CTX Glut,0015 L6 IT CTX Glut_3,1329,Pdzrn3,57.2,15.1,42.1
004 L6 IT CTX Glut,0015 L6 IT CTX Glut_3,1329,Per1,63.5,42.2,21.3
004 L6 IT CTX Glut,0015 L6 IT CTX Glut_3,1329,Pip5k1b,68.2,32.6,35.6
004 L6 IT CTX Glut,0015 L6 IT CTX Glut_3,1329,Plcxd2,79.0,28.8,50.2
004 L6 IT CTX Glut,0015 L6 IT CTX Glut_3,1329,Plcxd3,78.3,39.6,38.8
004 L6 IT CTX Glut,0015 L6 IT CTX Glut_3,1329,Rgs4,98.9,67.7,31.3
004 L6 IT CTX Glut,0015 L6 IT CTX Glut_3,1329,Rims3,87.1,46.3,40.8
004 L6 IT CTX Glut,0015 L6 IT CTX Glut_3,1329,Rmst,93.4,29.7,63.7
004 L6 IT CTX Glut,0015 L6 IT CTX Glut_3,1329,Rorb,90.1,20.8,69.4
004 L6 IT CTX Glut,0015 L6 IT CTX Glut_3,1329,Slit2,88.6,61.5,27.0
004 L6 IT CTX Glut,0015 L6 IT CTX Glut_3,1329,Synpr,56.9,17.9,39.0
004 L6 IT CTX Glut,0015 L6 IT CTX Glut_3,1329,Syt17,87.6,54.9,32.7
004 L6 IT CTX Glut,0015 L6 IT CTX Glut_3,1329,Trbc2,55.5,34.7,20.8
004 L6 IT CTX Glut,0015 L6 IT CTX Glut_3,1329,Vat1l,55.4,28.1,27.2
004 L6 IT CTX Glut,0015 L6 IT CTX Glut_3,1329,Adcyap1,72.2,13.2,59.1
004 L6 IT CTX Glut,0015 L6 IT CTX Glut_3,1329,Adrb1,83.9,60.9,23.0
004 L6 IT CTX Glut,0015 L6 IT CTX Glut_3,1329,Cdh8,86.7,63.0,23.7
004 L6 IT CTX Glut,0015 L6 IT CTX Glut_3,1329,Grin3a,56.7,33.1,23.7
004 L6 IT CTX Glut,0015 L6 IT CTX Glut_3,1329,Vgf,91.5,63.6,27.9
004 L6 IT CTX Glut,0015 L6 IT CTX Glut_3,1329,Gpx3,69.2,10.9,58.3
004 L6 IT CTX Glut,0015 L6 IT CTX Glut_3,1329,Myo1b,50.0,19.9,30.1
004 L6 IT CTX Glut,0015 L6 IT CTX Glut_3,1329,Plcl1,90.7,62.0,28.7
004 L6 IT CTX Glut,0015 L6 IT CTX Glut_3,1329,Tafa1,89.9,32.8,57.1
004 L6 IT CTX Glut,0015 L6 IT CTX Glut_3,1329,Trhde,91.4,62.6,28.8
004 L6 IT CTX Glut,0015 L6 IT CTX Glut_3,1329,Bcl6,51.0,10.0,41.0
004 L6 IT CTX Glut,0015 L6 IT CTX Glut_3,1329,Hes1,64.6,41.5,23.2
004 L6 IT CTX Glut,0015 L6 IT CTX Glut_3,1329,Nuak1,96.6,74.4,22.2
004 L6 IT CTX Glut,0017 L6 IT CTX Glut_5,860,Arhgef28,77.9,42.3,35.7
004 L6 IT CTX Glut,0017 L6 IT CTX Glut_5,860,Bhlhe40,64.7,38.3,26.3
004 L6 IT CTX Glut,0017 L6 IT CTX Glut_5,860,Cdh4,89.5,54.8,34.8
004 L6 IT CTX Glut,0017 L6 IT CTX Glut_5,860,Cntnap4,82.8,58.6,24.2
004 L6 IT CTX Glut,0017 L6 IT CTX Glut_5,860,Gsg1l,72.8,44.1,28.7
004 L6 IT CTX Glut,0017 L6 IT CTX Glut_5,860,Htr1b,67.1,24.7,42.4
004 L6 IT CTX Glut,0017 L6 IT CTX Glut_5,860,Inpp4b,84.4,59.0,25.4
004 L6 IT CTX Glut,0017 L6 IT CTX Glut_5,860,Matn2,70.1,44.7,25.4
004 L6 IT CTX Glut,0017 L6 IT CTX Glut_5,860,Meis2,97.2,62.9,34.3
004 L6 IT CTX Glut,0017 L6 IT CTX Glut_5,860,Nell1,62.2,33.3,28.9
004 L6 IT CTX Glut,0017 L6 IT CTX Glut_5,860,Oprk1,69.7,34.8,34.9
004 L6 IT CTX Glut,0017 L6 IT CTX Glut_5,860,Prr16,70.0,41.1,28.9
004 L6 IT CTX Glut,0017 L6 IT CTX Glut_5,860,Rasgrf2,73.1,44.0,29.1
004 L6 IT CTX Glut,0017 L6 IT CTX Glut_5,860,Rxfp1,87.7,27.1,60.6
004 L6 IT CTX Glut,0017 L6 IT CTX Glut_5,860,Sipa1l3,72.6,52.2,20.3
004 L6 IT CTX Glut,0017 L6 IT CTX Glut_5,860,Slc44a5,68.8,36.7,32.1
004 L6 IT CTX Glut,0017 L6 IT CTX Glut_5,860,Sox11,71.3,41.3,30.0
004 L6 IT CTX Glut,0017 L6 IT CTX Glut_5,860,Unc13c,66.0,14.4,51.6
004 L6 IT CTX Glut,0017 L6 IT CTX Glut_5,860,Ccbe1,74.0,16.6,57.4
004 L6 IT CTX Glut,0017 L6 IT CTX Glut_5,860,Per3,77.4,57.0,20.5
004 L6 IT CTX Glut,0017 L6 IT CTX Glut_5,860,Plcl1,84.5,63.8,20.8
004 L6 IT CTX Glut,0017 L6 IT CTX Glut_5,860,Pvt1,66.4,42.5,23.9
004 L6 IT CTX Glut,0016 L6 IT CTX Glut_4,629,Adra1a,75.0,47.8,27.3
004 L6 IT CTX Glut,0016 L6 IT CTX Glut_4,629,Bdnf,99.2,71.2,28.0
004 L6 IT CTX Glut,0016 L6 IT CTX Glut_4,629,Cnr1,93.3,70.2,23.2
004 L6 IT CTX Glut,0016 L6 IT CTX Glut_4,629,Crem,69.6,47.7,21.9
004 L6 IT CTX Glut,0016 L6 IT CTX Glut_4,629,Dusp1,55.3,34.9,20.4
004 L6 IT CTX Glut,0016 L6 IT CTX Glut_4,629,Egr4,66.1,34.2,31.9
004 L6 IT CTX Glut,0016 L6 IT CTX Glut_4,629,Fos,74.9,34.3,40.6
004 L6 IT CTX Glut,0016 L6 IT CTX Glut_4,629,Fosb,81.7,20.9,60.9
004 L6 IT CTX Glut,0016 L6 IT CTX Glut_4,629,Fosl2,90.9,38.9,52.1
004 L6 IT CTX Glut,0016 L6 IT CTX Glut_4,629,Junb,86.0,55.5,30.5
004 L6 IT CTX Glut,0016 L6 IT CTX Glut_4,629,Kitl,74.2,47.8,26.4
004 L6 IT CTX Glut,0016 L6 IT CTX Glut_4,629,Mapk4,95.7,73.2,22.5
004 L6 IT CTX Glut,0016 L6 IT CTX Glut_4,629,Mas1,65.7,32.7,33.0
004 L6 IT CTX Glut,0016 L6 IT CTX Glut_4,629,Nell1,79.0,33.0,46.1
004 L6 IT CTX Glut,0016 L6 IT CTX Glut_4,629,Nptx2,90.6,62.7,27.9
004 L6 IT CTX Glut,0016 L6 IT CTX Glut_4,629,Nr4a1,88.6,56.8,31.7
004 L6 IT CTX Glut,0016 L6 IT CTX Glut_4,629,Nr4a2,80.4,36.0,44.4
004 L6 IT CTX Glut,0016 L6 IT CTX Glut_4,629,Nr4a3,89.2,61.9,27.3
004 L6 IT CTX Glut,0016 L6 IT CTX Glut_4,629,Pcsk1,83.3,41.5,41.8
004 L6 IT CTX Glut,0016 L6 IT CTX Glut_4,629,Per2,65.8,43.1,22.7
004 L6 IT CTX Glut,0016 L6 IT CTX Glut_4,629,Rgs9,63.3,42.8,20.5
004 L6 IT CTX Glut,0016 L6 IT CTX Glut_4,629,Rmst,62.2,35.7,26.5
004 L6 IT CTX Glut,0016 L6 IT CTX Glut_4,629,Stk40,66.5,42.2,24.2
004 L6 IT CTX Glut,0016 L6 IT CTX Glut_4,629,Tiparp,53.3,18.2,35.1
004 L6 IT CTX Glut,0016 L6 IT CTX Glut_4,629,Zdbf2,83.9,56.5,27.4
004 L6 IT CTX Glut,0016 L6 IT CTX Glut_4,629,Adcyap1,54.1,18.1,36.0
004 L6 IT CTX Glut,0016 L6 IT CTX Glut_4,629,Arhgap31,71.2,32.7,38.5
052 Pvalb Gaba,0207 Pvalb Gaba_3,1018,Camk2a,89.8,67.3,22.5
052 Pvalb Gaba,0207 Pvalb Gaba_3,1018,Cartpt,68.1,46.6,21.5
052 Pvalb Gaba,0207 Pvalb Gaba_3,1018,Cntn6,82.3,47.1,35.2
052 Pvalb Gaba,0207 Pvalb Gaba_3,1018,Col19a1,85.7,52.9,32.8
052 Pvalb Gaba,0207 Pvalb Gaba_3,1018,Eya4,86.1,32.3,53.8
052 Pvalb Gaba,0207 Pvalb Gaba_3,1018,Grik3,66.2,44.6,21.6
052 Pvalb Gaba,0207 Pvalb Gaba_3,1018,Grin2a,89.2,37.4,51.8
052 Pvalb Gaba,0207 Pvalb Gaba_3,1018,Htr2a,72.8,50.1,22.7
052 Pvalb Gaba,0207 Pvalb Gaba_3,1018,Ndst3,84.2,63.2,21.0
052 Pvalb Gaba,0207 Pvalb Gaba_3,1018,Neto2,96.9,61.0,35.9
052 Pvalb Gaba,0207 Pvalb Gaba_3,1018,Npnt,54.8,14.2,40.7
052 Pvalb Gaba,0207 Pvalb Gaba_3,1018,Parm1,95.6,39.3,56.2
052 Pvalb Gaba,0207 Pvalb Gaba_3,1018,Pdzrn3,84.5,52.1,32.4
052 Pvalb Gaba,0207 Pvalb Gaba_3,1018,Prr16,83.2,36.0,47.2
052 Pvalb Gaba,0207 Pvalb Gaba_3,1018,Pvalb,91.6,60.1,31.4
052 Pvalb Gaba,0207 Pvalb Gaba_3,1018,Sema5a,83.7,37.6,46.1
052 Pvalb Gaba,0207 Pvalb Gaba_3,1018,Sema6a,64.3,22.7,41.7
052 Pvalb Gaba,0207 Pvalb Gaba_3,1018,Syndig1,78.1,23.0,55.1
052 Pvalb Gaba,0207 Pvalb Gaba_3,1018,Grm3,75.0,47.2,27.9
052 Pvalb Gaba,0207 Pvalb Gaba_3,1018,Nlgn1,99.7,74.1,25.6
052 Pvalb Gaba,0207 Pvalb Gaba_3,1018,Dipk2a,68.4,39.9,28.4
052 Pvalb Gaba,0207 Pvalb Gaba_3,1018,Hs3st1,60.7,37.8,22.9
052 Pvalb Gaba,0207 Pvalb Gaba_3,1018,Lin7a,69.2,45.6,23.6
052 Pvalb Gaba,0207 Pvalb Gaba_3,1018,Luzp2,95.3,28.3,67.0
052 Pvalb Gaba,0207 Pvalb Gaba_3,1018,Minar1,61.7,37.0,24.7
052 Pvalb Gaba,0207 Pvalb Gaba_3,1018,Trpc3,65.0,22.4,42.6
052 Pvalb Gaba,0208 Pvalb Gaba_4,666,Cdh9,75.4,52.2,23.2
052 Pvalb Gaba,0208 Pvalb Gaba_4,666,Chrm2,57.4,35.2,22.2
052 Pvalb Gaba,0208 Pvalb Gaba_4,666,Cnih3,80.9,39.4,41.5
052 Pvalb Gaba,0208 Pvalb Gaba_4,666,Cnr1,89.2,58.9,30.3
052 Pvalb Gaba,0208 Pvalb Gaba_4,666,Hrh3,63.7,42.1,21.6
052 Pvalb Gaba,0208 Pvalb Gaba_4,666,Igfbp4,82.7,58.3,24.4
052 Pvalb Gaba,0208 Pvalb Gaba_4,666,Kctd8,90.4,68.8,21.6
052 Pvalb Gaba,0208 Pvalb Gaba_4,666,Lypd6,92.5,58.6,33.9
052 Pvalb Gaba,0208 Pvalb Gaba_4,666,Maml3,69.7,43.5,26.2
052 Pvalb Gaba,0208 Pvalb Gaba_4,666,Myo16,92.8,70.6,22.2
052 Pvalb Gaba,0208 Pvalb Gaba_4,666,Npy,68.3,29.2,39.1
052 Pvalb Gaba,0208 Pvalb Gaba_4,666,Pdzrn3,79.9,58.6,21.2
052 Pvalb Gaba,0208 Pvalb Gaba_4,666,Rbp4,96.8,75.3,21.6
052 Pvalb Gaba,0208 Pvalb Gaba_4,666,Rspo2,71.9,31.0,40.9
052 Pvalb Gaba,0208 Pvalb Gaba_4,666,Sema3e,68.6,24.0,44.6
052 Pvalb Gaba,0208 Pvalb Gaba_4,666,Slc44a5,85.9,63.3,22.6
052 Pvalb Gaba,0208 Pvalb Gaba_4,666,Sorcs3,50.2,19.1,31.1
052 Pvalb Gaba,0208 Pvalb Gaba_4,666,Sst,71.6,26.2,45.4
052 Pvalb Gaba,0208 Pvalb Gaba_4,666,Synpr,53.2,28.9,24.3
052 Pvalb Gaba,0208 Pvalb Gaba_4,666,Tac1,86.9,65.0,22.0
052 Pvalb Gaba,0208 Pvalb Gaba_4,666,Tmem132d,95.9,75.2,20.7
052 Pvalb Gaba,0208 Pvalb Gaba_4,666,Slc30a3,71.0,47.6,23.4
052 Pvalb Gaba,0208 Pvalb Gaba_4,666,Trhde,85.3,41.6,43.7
052 Pvalb Gaba,0212 Pvalb Gaba_8,478,Calb1,74.3,42.0,32.3
052 Pvalb Gaba,0212 Pvalb Gaba_8,478,Cartpt,83.5,48.3,35.1
052 Pvalb Gaba,0212 Pvalb Gaba_8,478,Chrm2,61.1,36.2,24.9
052 Pvalb Gaba,0212 Pvalb Gaba_8,478,Cntnap5b,76.8,44.9,31.9
052 Pvalb Gaba,0212 Pvalb Gaba_8,478,Dnah5,50.0,25.3,24.7
052 Pvalb Gaba,0212 Pvalb Gaba_8,478,Etv1,60.7,33.4,27.3
052 Pvalb Gaba,0212 Pvalb Gaba_8,478,Gfra2,64.9,26.6,38.3
052 Pvalb Gaba,0212 Pvalb Gaba_8,478,Grm1,56.3,28.2,28.1
052 Pvalb Gaba,0212 Pvalb Gaba_8,478,Rgs4,92.9,70.4,22.5
052 Pvalb Gaba,0212 Pvalb Gaba_8,478,Tac1,92.9,65.5,27.4
052 Pvalb Gaba,0212 Pvalb Gaba_8,478,Zfpm2,58.6,34.9,23.7
052 Pvalb Gaba,0212 Pvalb Gaba_8,478,Arhgap31,64.2,27.8,36.5
052 Pvalb Gaba,0212 Pvalb Gaba_8,478,Plcl1,86.0,63.6,22.4
052 Pvalb Gaba,0205 Pvalb Gaba_1,339,Cdh20,56.3,29.4,26.9
052 Pvalb Gaba,0205 Pvalb Gaba_1,339,Chrm2,81.4,34.8,46.6
052 Pvalb Gaba,0205 Pvalb Gaba_1,339,Cnr1,86.7,63.2,23.6
052 Pvalb Gaba,0205 Pvalb Gaba_1,339,Dpy19l1,74.6,32.3,42.3
052 Pvalb Gaba,0205 Pvalb Gaba_1,339,Htr1f,78.8,45.7,33.1
052 Pvalb Gaba,0205 Pvalb Gaba_1,339,Lypd6,90.6,63.2,27.4
052 Pvalb Gaba,0205 Pvalb Gaba_1,339,Maml3,83.5,45.0,38.5
052 Pvalb Gaba,0205 Pvalb Gaba_1,339,Nell1,87.0,55.3,31.7
052 Pvalb Gaba,0205 Pvalb Gaba_1,339,Nos1,55.5,25.1,30.3
052 Pvalb Gaba,0205 Pvalb Gaba_1,339,Nr4a2,92.6,22.0,70.6
052 Pvalb Gaba,0205 Pvalb Gaba_1,339,Pnoc,78.5,15.6,62.9
052 Pvalb Gaba,0205 Pvalb Gaba_1,339,Synpr,65.5,30.4,35.1
052 Pvalb Gaba,0205 Pvalb Gaba_1,339,Th,72.3,3.2,69.1
052 Pvalb Gaba,0205 Pvalb Gaba_1,339,Cdh8,77.9,48.3,29.6
052 Pvalb Gaba,0205 Pvalb Gaba_1,339,Myo1b,83.8,44.4,39.4
052 Pvalb Gaba,0205 Pvalb Gaba_1,339,Plcl1,90.0,64.3,25.7
052 Pvalb Gaba,0205 Pvalb Gaba_1,339,Rspo3,60.5,29.1,31.4
052 Pvalb Gaba,0210 Pvalb Gaba_6,154,Calb1,100.0,44.4,55.6
052 Pvalb Gaba,0210 Pvalb Gaba_6,154,Cdh4,61.7,26.0,35.7
052 Pvalb Gaba,0210 Pvalb Gaba_6,154,Cort,83.8,60.7,23.0
052 Pvalb Gaba,0210 Pvalb Gaba_6,154,Etv1,66.9,36.3,30.6
052 Pvalb Gaba,0210 Pvalb Gaba_6,154,Gfra2,60.4,31.4,29.0
052 Pvalb Gaba,0210 Pvalb Gaba_6,154,Grik3,88.3,50.2,38.1
052 Pvalb Gaba,0210 Pvalb Gaba_6,154,Igfbp4,94.8,62.2,32.6
052 Pvalb Gaba,0210 Pvalb Gaba_6,154,Ndst3,96.1,69.2,26.9
052 Pvalb Gaba,0210 Pvalb Gaba_6,154,Necab1,96.1,37.9,58.2
052 Pvalb Gaba,0210 Pvalb Gaba_6,154,Neto2,93.5,72.6,20.9
052 Pvalb Gaba,0210 Pvalb Gaba_6,154,Nos1,53.2,27.3,25.9
052 Pvalb Gaba,0210 Pvalb Gaba_6,154,Oprm1,71.4,22.5,49.0
052 Pvalb Gaba,0210 Pvalb Gaba_6,154,Rnf152,53.9,13.8,40.1
052 Pvalb Gaba,0210 Pvalb Gaba_6,154,Sema3a,81.8,33.2,48.6
052 Pvalb Gaba,0210 Pvalb Gaba_6,154,Thsd7a,96.8,50.8,46.0
052 Pvalb Gaba,0210 Pvalb Gaba_6,154,Grin3a,70.8,27.4,43.3
052 Pvalb Gaba,0210 Pvalb Gaba_6,154,Pcdh8,69.5,20.7,48.8
052 Pvalb Gaba,0210 Pvalb Gaba_6,154,Elfn1,52.6,5.7,46.9
052 Pvalb Gaba,0210 Pvalb Gaba_6,154,Glra3,56.5,16.5,40.0
052 Pvalb Gaba,0210 Pvalb Gaba_6,154,Marcks,84.4,49.9,34.5
052 Pvalb Gaba,0209 Pvalb Gaba_5,108,Calb1,98.1,45.4,52.8
052 Pvalb Gaba,0209 Pvalb Gaba_5,108,Cdh9,84.3,56.5,27.7
052 Pvalb Gaba,0209 Pvalb Gaba_5,108,Cort,81.5,61.2,20.3
052 Pvalb Gaba,0209 Pvalb Gaba_5,108,Etv1,80.6,36.3,44.3
052 Pvalb Gaba,0209 Pvalb Gaba_5,108,Eya4,82.4,50.1,32.3
052 Pvalb Gaba,0209 Pvalb Gaba_5,108,Grik3,73.1,51.4,21.7
052 Pvalb Gaba,0209 Pvalb Gaba_5,108,Htr2c,81.5,22.4,59.1
052 Pvalb Gaba,0209 Pvalb Gaba_5,108,Id2,53.7,21.2,32.5
052 Pvalb Gaba,0209 Pvalb Gaba_5,108,Igf1,55.6,21.5,34.0
052 Pvalb Gaba,0209 Pvalb Gaba_5,108,Kitl,54.6,17.0,37.7
052 Pvalb Gaba,0209 Pvalb Gaba_5,108,Ndst3,99.1,69.5,29.5
052 Pvalb Gaba,0209 Pvalb Gaba_5,108,Necab1,71.3,39.8,31.5
052 Pvalb Gaba,0209 Pvalb Gaba_5,108,Oprm1,51.9,24.0,27.8
052 Pvalb Gaba,0209 Pvalb Gaba_5,108,Sema3a,72.2,34.4,37.9
052 Pvalb Gaba,0209 Pvalb Gaba_5,108,Thsd7a,93.5,51.6,41.9
052 Pvalb Gaba,0209 Pvalb Gaba_5,108,Glra3,56.5,17.2,39.3
052 Pvalb Gaba,0211 Pvalb Gaba_7,81,Chrm2,84.0,39.1,44.9
052 Pvalb Gaba,0211 Pvalb Gaba_7,81,Cnr1,87.7,65.3,22.3
052 Pvalb Gaba,0211 Pvalb Gaba_7,81,Dnah5,50.6,28.8,21.8
052 Pvalb Gaba,0211 Pvalb Gaba_7,81,Grm1,65.4,31.9,33.5
052 Pvalb Gaba,0211 Pvalb Gaba_7,81,Lypd6,93.8,65.6,28.2
052 Pvalb Gaba,0211 Pvalb Gaba_7,81,Nr4a2,50.6,29.7,20.9
052 Pvalb Gaba,0211 Pvalb Gaba_7,81,Plch1,60.5,32.5,28.0
052 Pvalb Gaba,0211 Pvalb Gaba_7,81,Rspo2,74.1,39.5,34.5
052 Pvalb Gaba,0211 Pvalb Gaba_7,81,Slc44a5,88.9,67.9,21.0
052 Pvalb Gaba,0211 Pvalb Gaba_7,81,Sorcs3,61.7,25.3,36.5
052 Pvalb Gaba,0211 Pvalb Gaba_7,81,Sst,80.2,35.5,44.7
052 Pvalb Gaba,0211 Pvalb Gaba_7,81,Synpr,82.7,33.1,49.6
052 Pvalb Gaba,0211 Pvalb Gaba_7,81,Grin3a,66.7,28.7,38.0
052 Pvalb Gaba,0211 Pvalb Gaba_7,81,Gpx3,71.6,27.8,43.8
052 Pvalb Gaba,0211 Pvalb Gaba_7,81,Spon1,80.2,25.3,54.9
052 Pvalb Gaba,0211 Pvalb Gaba_7,81,Trhde,91.4,50.6,40.7
053 Sst Gaba,0217 Sst Gaba_4,1482,Calb1,97.0,75.3,21.8
053 Sst Gaba,0217 Sst Gaba_4,1482,Cartpt,64.4,14.1,50.3
053 Sst Gaba,0217 Sst Gaba_4,1482,Cntn6,95.1,64.0,31.1
053 Sst Gaba,0217 Sst Gaba_4,1482,Galnt14,83.5,61.9,21.6
053 Sst Gaba,0217 Sst Gaba_4,1482,Gfra2,75.6,26.1,49.5
053 Sst Gaba,0217 Sst Gaba_4,1482,Igfbp5,75.4,15.7,59.7
053 Sst Gaba,0217 Sst Gaba_4,1482,Nr2f2,93.4,21.8,71.5
053 Sst Gaba,0217 Sst Gaba_4,1482,Nwd2,56.5,32.9,23.5
053 Sst Gaba,0217 Sst Gaba_4,1482,Parm1,75.8,23.6,52.2
053 Sst Gaba,0217 Sst Gaba_4,1482,Pld5,82.3,31.6,50.6
053 Sst Gaba,0217 Sst Gaba_4,1482,Ptpru,65.2,36.9,28.3
053 Sst Gaba,0217 Sst Gaba_4,1482,Shisa6,97.5,70.7,26.8
053 Sst Gaba,0217 Sst Gaba_4,1482,Sox11,53.6,29.0,24.7
053 Sst Gaba,0217 Sst Gaba_4,1482,Unc13c,85.6,44.2,41.4
053 Sst Gaba,0217 Sst Gaba_4,1482,Grm3,75.7,48.8,26.9
053 Sst Gaba,0217 Sst Gaba_4,1482,Slc1a2,68.2,44.3,24.0
053 Sst Gaba,0217 Sst Gaba_4,1482,Glra3,69.2,38.0,31.2
053 Sst Gaba,0217 Sst Gaba_4,1482,Gpx3,75.5,45.1,30.4
053 Sst Gaba,0217 Sst Gaba_4,1482,Minar1,74.3,50.3,24.0
053 Sst Gaba,0217 Sst Gaba_4,1482,Plcl1,71.3,42.0,29.4
053 Sst Gaba,0217 Sst Gaba_4,1482,Plpp4,70.0,6.1,63.9
053 Sst Gaba,0217 Sst Gaba_4,1482,Trpm3,68.8,39.1,29.7
053 Sst Gaba,0214 Sst Gaba_1,686,Cdh13,99.4,69.6,29.8
053 Sst Gaba,0214 Sst Gaba_1,686,Crh,75.2,11.1,64.2
053 Sst Gaba,0214 Sst Gaba_1,686,Gpr22,76.7,44.1,32.5
053 Sst Gaba,0214 Sst Gaba_1,686,Htr2a,59.5,23.8,35.6
053 Sst Gaba,0214 Sst Gaba_1,686,Necab2,51.5,15.9,35.6
053 Sst Gaba,0214 Sst Gaba_1,686,Prr16,89.4,24.7,64.7
053 Sst Gaba,0214 Sst Gaba_1,686,Sema3e,81.3,47.6,33.7
053 Sst Gaba,0214 Sst Gaba_1,686,Slit2,57.1,26.1,31.1
053 Sst Gaba,0214 Sst Gaba_1,686,Sorcs3,72.4,41.4,31.0
053 Sst Gaba,0214 Sst Gaba_1,686,Thsd7b,90.5,50.1,40.4
053 Sst Gaba,0214 Sst Gaba_1,686,Trpc4,62.5,30.7,31.8
053 Sst Gaba,0214 Sst Gaba_1,686,Zfpm2,58.7,20.7,38.1
053 Sst Gaba,0214 Sst Gaba_1,686,Grm3,90.2,51.3,39.0
053 Sst Gaba,0214 Sst Gaba_1,686,Lrrtm2,71.9,44.0,27.9
053 Sst Gaba,0214 Sst Gaba_1,686,Nlgn1,96.5,76.3,20.2
053 Sst Gaba,0214 Sst Gaba_1,686,Dipk2a,54.1,27.2,26.9
053 Sst Gaba,0214 Sst Gaba_1,686,Myo1b,71.7,23.7,48.0
053 Sst Gaba,0214 Sst Gaba_1,686,Spon1,94.0,65.5,28.5
053 Sst Gaba,0214 Sst Gaba_1,686,Bcl6,63.6,18.4,45.1
053 Sst Gaba,0218 Sst Gaba_5,447,Adra1a,75.8,49.9,26.0
053 Sst Gaba,0218 Sst Gaba_5,447,Arhgap6,74.7,53.7,21.1
053 Sst Gaba,0218 Sst Gaba_5,447,Cdh9,97.5,69.7,27.9
053 Sst Gaba,0218 Sst Gaba_5,447,Cnih3,70.0,39.1,30.9
053 Sst Gaba,0218 Sst Gaba_5,447,Cntnap5b,64.9,39.6,25.3
053 Sst Gaba,0218 Sst Gaba_5,447,Cort,91.3,44.3,47.0
053 Sst Gaba,0218 Sst Gaba_5,447,Eya4,84.3,44.1,40.3
053 Sst Gaba,0218 Sst Gaba_5,447,Fibcd1,75.8,27.6,48.2
053 Sst Gaba,0218 Sst Gaba_5,447,Grm8,90.8,43.5,47.3
053 Sst Gaba,0218 Sst Gaba_5,447,Igf1,83.7,53.5,30.1
053 Sst Gaba,0218 Sst Gaba_5,447,Igfbp4,66.0,36.6,29.4
053 Sst Gaba,0218 Sst Gaba_5,447,Maml3,72.7,49.9,22.8
053 Sst Gaba,0218 Sst Gaba_5,447,Ndst3,86.8,29.0,57.8
053 Sst Gaba,0218 Sst Gaba_5,447,Nos1,55.7,25.8,29.9
053 Sst Gaba,0218 Sst Gaba_5,447,Npy,96.4,65.7,30.8
053 Sst Gaba,0218 Sst Gaba_5,447,Pdzrn3,67.1,21.9,45.2
053 Sst Gaba,0218 Sst Gaba_5,447,Rspo2,65.1,18.6,46.5
053 Sst Gaba,0218 Sst Gaba_5,447,Sema3a,88.6,62.9,25.7
053 Sst Gaba,0218 Sst Gaba_5,447,Sema3e,79.9,49.4,30.5
053 Sst Gaba,0218 Sst Gaba_5,447,Slc44a5,81.0,58.9,22.1
053 Sst Gaba,0218 Sst Gaba_5,447,Sorcs3,66.7,43.4,23.2
053 Sst Gaba,0218 Sst Gaba_5,447,Sox5,86.8,27.4,59.4
053 Sst Gaba,0218 Sst Gaba_5,447,Tmem132d,95.3,52.3,43.0
053 Sst Gaba,0218 Sst Gaba_5,447,Zfp536,94.9,45.6,49.2
053 Sst Gaba,0218 Sst Gaba_5,447,Pcdh8,66.0,26.3,39.7
053 Sst Gaba,0218 Sst Gaba_5,447,Arhgap15,53.7,28.4,25.3
053 Sst Gaba,0218 Sst Gaba_5,447,Pde1c,71.6,45.8,25.8
053 Sst Gaba,0218 Sst Gaba_5,447,Rspo3,53.0,13.6,39.4
053 Sst Gaba,0226 Sst Gaba_13,416,Arhgap6,75.7,53.7,22.0
053 Sst Gaba,0226 Sst Gaba_13,416,Arhgef28,62.3,34.0,28.3
053 Sst Gaba,0226 Sst Gaba_13,416,Calb1,100.0,79.7,20.3
053 Sst Gaba,0226 Sst Gaba_13,416,Cdh9,99.0,69.7,29.3
053 Sst Gaba,0226 Sst Gaba_13,416,Cnih3,75.7,38.8,36.9
053 Sst Gaba,0226 Sst Gaba_13,416,Cort,86.8,45.0,41.8
053 Sst Gaba,0226 Sst Gaba_13,416,Crem,67.1,42.0,25.1
053 Sst Gaba,0226 Sst Gaba_13,416,Etv5,77.4,50.6,26.8
053 Sst Gaba,0226 Sst Gaba_13,416,Eya4,71.2,45.4,25.7
053 Sst Gaba,0226 Sst Gaba_13,416,Fibcd1,61.1,29.1,31.9
053 Sst Gaba,0226 Sst Gaba_13,416,Galnt14,89.9,66.0,23.9
053 Sst Gaba,0226 Sst Gaba_13,416,Grm8,97.6,43.2,54.4
053 Sst Gaba,0226 Sst Gaba_13,416,Igf1,79.1,54.1,25.0
053 Sst Gaba,0226 Sst Gaba_13,416,Maml3,76.4,49.7,26.7
053 Sst Gaba,0226 Sst Gaba_13,416,Ndst3,54.1,32.1,22.0
053 Sst Gaba,0226 Sst Gaba_13,416,Nell1,77.9,56.4,21.5
053 Sst Gaba,0226 Sst Gaba_13,416,Npy,97.1,65.8,31.3
053 Sst Gaba,0226 Sst Gaba_13,416,Nr2f2,76.7,38.6,38.1
053 Sst Gaba,0226 Sst Gaba_13,416,Nwd2,59.1,37.8,21.4
053 Sst Gaba,0226 Sst Gaba_13,416,Oprm1,86.8,65.6,21.2
053 Sst Gaba,0226 Sst Gaba_13,416,Rgs9,82.7,62.4,20.3
053 Sst Gaba,0226 Sst Gaba_13,416,Rnf152,65.6,40.6,25.1
053 Sst Gaba,0226 Sst Gaba_13,416,Sema3a,86.5,63.3,23.3
053 Sst Gaba,0226 Sst Gaba_13,416,Sema3e,82.2,49.4,32.8
053 Sst Gaba,0226 Sst Gaba_13,416,Slc44a5,82.5,58.9,23.5
053 Sst Gaba,0226 Sst Gaba_13,416,Tmem132d,87.7,53.2,34.6
053 Sst Gaba,0226 Sst Gaba_13,416,Tmem255a,72.6,40.0,32.6
053 Sst Gaba,0226 Sst Gaba_13,416,Dipk2a,51.4,28.8,22.6
053 Sst Gaba,0226 Sst Gaba_13,416,Glra3,70.0,44.7,25.3
053 Sst Gaba,0226 Sst Gaba_13,416,Gpx3,80.5,51.2,29.3
053 Sst Gaba,0226 Sst Gaba_13,416,Pde1c,93.3,44.1,49.1
053 Sst Gaba,0226 Sst Gaba_13,416,Plcl1,81.2,47.4,33.8
053 Sst Gaba,0223 Sst Gaba_10,376,Calb2,84.6,10.1,74.5
053 Sst Gaba,0223 Sst Gaba_10,376,Cbln4,71.3,9.0,62.3
053 Sst Gaba,0223 Sst Gaba_10,376,Cdh13,98.9,71.5,27.5
053 Sst Gaba,0223 Sst Gaba_10,376,Cdh9,93.6,70.4,23.3
053 Sst Gaba,0223 Sst Gaba_10,376,Egr1,75.0,50.8,24.2
053 Sst Gaba,0223 Sst Gaba_10,376,Grin2a,99.2,75.2,24.0
053 Sst Gaba,0223 Sst Gaba_10,376,Kctd12,63.6,43.2,20.4
053 Sst Gaba,0223 Sst Gaba_10,376,Maf,99.5,65.8,33.7
053 Sst Gaba,0223 Sst Gaba_10,376,Nell1,96.3,55.2,41.1
053 Sst Gaba,0223 Sst Gaba_10,376,Npy,92.3,66.4,25.9
053 Sst Gaba,0223 Sst Gaba_10,376,Oxtr,83.0,24.2,58.8
053 Sst Gaba,0223 Sst Gaba_10,376,Pcsk5,76.9,10.4,66.5
053 Sst Gaba,0223 Sst Gaba_10,376,Pdyn,77.4,23.2,54.2
053 Sst Gaba,0223 Sst Gaba_10,376,Ptpru,69.7,42.9,26.8
053 Sst Gaba,0223 Sst Gaba_10,376,Rnf152,78.2,39.8,38.4
053 Sst Gaba,0223 Sst Gaba_10,376,Syndig1,76.6,33.8,42.8
053 Sst Gaba,0223 Sst Gaba_10,376,Thsd7a,98.4,63.5,34.9
053 Sst Gaba,0223 Sst Gaba_10,376,Tox,94.7,47.8,46.9
053 Sst Gaba,0223 Sst Gaba_10,376,Unc13c,95.5,52.6,42.8
053 Sst Gaba,0223 Sst Gaba_10,376,Cdh8,92.6,66.7,25.8
053 Sst Gaba,0223 Sst Gaba_10,376,Nlgn1,98.7,77.4,21.3
053 Sst Gaba,0223 Sst Gaba_10,376,Pcdh8,72.1,26.4,45.7
053 Sst Gaba,0223 Sst Gaba_10,376,Zbtb20,91.5,39.0,52.5
053 Sst Gaba,0223 Sst Gaba_10,376,Arhgap15,50.0,29.0,21.0
053 Sst Gaba,0223 Sst Gaba_10,376,Luzp2,92.6,60.5,32.0
053 Sst Gaba,0223 Sst Gaba_10,376,Trpm3,76.1,45.2,30.9
053 Sst Gaba,0229 Sst Gaba_16,371,Arhgap6,85.2,53.2,32.0
053 Sst Gaba,0229 Sst Gaba_16,371,Bcl11b,94.1,73.0,21.1
053 Sst Gaba,0229 Sst Gaba_16,371,Cdh13,93.5,71.9,21.6
053 Sst Gaba,0229 Sst Gaba_16,371,Cdh9,98.4,70.0,28.3
053 Sst Gaba,0229 Sst Gaba_16,371,Cntn6,92.5,71.1,21.3
053 Sst Gaba,0229 Sst Gaba_16,371,Cort,77.4,46.1,31.3
053 Sst Gaba,0229 Sst Gaba_16,371,Eya4,77.6,45.2,32.4
053 Sst Gaba,0229 Sst Gaba_16,371,Fibcd1,59.8,29.5,30.3
053 Sst Gaba,0229 Sst Gaba_16,371,Grin2a,98.4,75.3,23.1
053 Sst Gaba,0229 Sst Gaba_16,371,Htr2a,55.8,26.3,29.4
053 Sst Gaba,0229 Sst Gaba_16,371,Igf1,74.9,54.6,20.3
053 Sst Gaba,0229 Sst Gaba_16,371,Maf,90.3,66.5,23.8
053 Sst Gaba,0229 Sst Gaba_16,371,Oprd1,76.0,45.7,30.3
053 Sst Gaba,0229 Sst Gaba_16,371,Oxtr,57.1,26.1,31.0
053 Sst Gaba,0229 Sst Gaba_16,371,Pdyn,62.0,24.4,37.6
053 Sst Gaba,0229 Sst Gaba_16,371,Ptpru,64.2,43.3,20.9
053 Sst Gaba,0229 Sst Gaba_16,371,Rnf152,70.1,40.5,29.6
053 Sst Gaba,0229 Sst Gaba_16,371,Sema3a,87.1,63.4,23.6
053 Sst Gaba,0229 Sst Gaba_16,371,Sox5,73.0,29.3,43.7
053 Sst Gaba,0229 Sst Gaba_16,371,Tmem132d,85.4,53.7,31.8
053 Sst Gaba,0229 Sst Gaba_16,371,Tox,94.3,47.8,46.5
053 Sst Gaba,0229 Sst Gaba_16,371,Unc13c,88.9,53.2,35.8
053 Sst Gaba,0229 Sst Gaba_16,371,Zfp536,86.8,47.0,39.8
053 Sst Gaba,0229 Sst Gaba_16,371,Nlgn1,97.6,77.5,20.1
053 Sst Gaba,0229 Sst Gaba_16,371,Pcdh8,60.9,27.3,33.6
053 Sst Gaba,0229 Sst Gaba_16,371,Arhgap15,60.9,28.2,32.7
053 Sst Gaba,0229 Sst Gaba_16,371,Luzp2,93.0,60.5,32.5
053 Sst Gaba,0229 Sst Gaba_16,371,Masp1,82.7,61.9,20.9
053 Sst Gaba,0229 Sst Gaba_16,371,Vegfc,52.8,21.1,31.7
053 Sst Gaba,0221 Sst Gaba_8,339,Calb1,100.0,80.0,20.0
053 Sst Gaba,0221 Sst Gaba_8,339,Cdh13,93.2,72.1,21.1
053 Sst Gaba,0221 Sst Gaba_8,339,Cntn6,92.0,71.3,20.7
053 Sst Gaba,0221 Sst Gaba_8,339,Dkk3,59.9,23.1,36.8
053 Sst Gaba,0221 Sst Gaba_8,339,Etv1,57.8,10.5,47.3
053 Sst Gaba,0221 Sst Gaba_8,339,Gfra2,63.1,38.2,25.0
053 Sst Gaba,0221 Sst Gaba_8,339,Grin2a,96.8,75.5,21.2
053 Sst Gaba,0221 Sst Gaba_8,339,Igfbp4,80.8,36.2,44.6
053 Sst Gaba,0221 Sst Gaba_8,339,Maf,95.0,66.4,28.6
053 Sst Gaba,0221 Sst Gaba_8,339,Ndst3,58.1,32.2,26.0
053 Sst Gaba,0221 Sst Gaba_8,339,Necab1,90.3,19.2,71.1
053 Sst Gaba,0221 Sst Gaba_8,339,Nos1,77.3,25.0,52.3
053 Sst Gaba,0221 Sst Gaba_8,339,Oprd1,67.6,46.5,21.1
053 Sst Gaba,0221 Sst Gaba_8,339,Oxtr,55.2,26.5,28.7
053 Sst Gaba,0221 Sst Gaba_8,339,Plcxd2,51.9,30.9,21.1
053 Sst Gaba,0221 Sst Gaba_8,339,Plcxd3,76.1,54.4,21.7
053 Sst Gaba,0221 Sst Gaba_8,339,Rnf152,73.2,40.4,32.7
053 Sst Gaba,0221 Sst Gaba_8,339,Syndig1,60.5,35.2,25.3
053 Sst Gaba,0221 Sst Gaba_8,339,Thsd7a,100.0,63.7,36.3
053 Sst Gaba,0221 Sst Gaba_8,339,Tmem132d,87.9,53.7,34.2
053 Sst Gaba,0221 Sst Gaba_8,339,Tox,88.2,48.6,39.6
053 Sst Gaba,0221 Sst Gaba_8,339,Trbc2,52.8,13.8,39.0
053 Sst Gaba,0221 Sst Gaba_8,339,Zfp536,89.1,47.1,42.0
053 Sst Gaba,0221 Sst Gaba_8,339,Zfpm2,54.9,23.5,31.3
053 Sst Gaba,0221 Sst Gaba_8,339,Nlgn1,100.0,77.5,22.5
053 Sst Gaba,0221 Sst Gaba_8,339,Ntrk3,98.2,71.2,27.1
053 Sst Gaba,0221 Sst Gaba_8,339,Pcdh8,89.1,25.6,63.5
053 Sst Gaba,0221 Sst Gaba_8,339,Zbtb20,77.0,40.4,36.6
053 Sst Gaba,0221 Sst Gaba_8,339,Adamts17,79.1,36.0,43.1
053 Sst Gaba,0221 Sst Gaba_8,339,Arhgap15,67.3,28.0,39.3
053 Sst Gaba,0221 Sst Gaba_8,339,Lin7a,60.8,34.5,26.3
053 Sst Gaba,0221 Sst Gaba_8,339,Luzp2,92.3,60.8,31.6
053 Sst Gaba,0227 Sst Gaba_14,276,Adra1a,75.7,50.8,25.0
053 Sst Gaba,0227 Sst Gaba_14,276,Cdh9,96.7,70.7,26.1
053 Sst Gaba,0227 Sst Gaba_14,276,Chrm2,60.5,28.9,31.6
053 Sst Gaba,0227 Sst Gaba_14,276,Cort,87.3,46.1,41.2
053 Sst Gaba,0227 Sst Gaba_14,276,Cpne8,81.5,30.5,51.0
053 Sst Gaba,0227 Sst Gaba_14,276,Fos,56.2,30.7,25.4
053 Sst Gaba,0227 Sst Gaba_14,276,Fosl2,62.7,22.2,40.5
053 Sst Gaba,0227 Sst Gaba_14,276,Gpr22,78.3,46.7,31.6
053 Sst Gaba,0227 Sst Gaba_14,276,Grm8,81.9,45.6,36.3
053 Sst Gaba,0227 Sst Gaba_14,276,Htr1f,58.3,33.4,25.0
053 Sst Gaba,0227 Sst Gaba_14,276,Maml3,85.1,50.0,35.2
053 Sst Gaba,0227 Sst Gaba_14,276,Nell1,84.1,56.6,27.4
053 Sst Gaba,0227 Sst Gaba_14,276,Nr4a2,61.6,7.5,54.0
053 Sst Gaba,0227 Sst Gaba_14,276,Nrp2,53.3,14.5,38.8
053 Sst Gaba,0227 Sst Gaba_14,276,Penk,62.0,7.7,54.3
053 Sst Gaba,0227 Sst Gaba_14,276,Plcxd3,75.4,54.7,20.6
053 Sst Gaba,0227 Sst Gaba_14,276,Pnoc,57.2,15.7,41.6
053 Sst Gaba,0227 Sst Gaba_14,276,Sema3e,80.4,50.4,30.0
053 Sst Gaba,0227 Sst Gaba_14,276,Slc44a5,87.7,59.3,28.4
053 Sst Gaba,0227 Sst Gaba_14,276,Slit2,82.2,27.2,55.0
053 Sst Gaba,0227 Sst Gaba_14,276,Sorcs3,91.3,42.9,48.4
053 Sst Gaba,0227 Sst Gaba_14,276,Th,58.7,1.6,57.1
053 Sst Gaba,0227 Sst Gaba_14,276,Trpc4,79.3,32.3,47.0
053 Sst Gaba,0227 Sst Gaba_14,276,Zfp536,79.0,48.1,30.8
053 Sst Gaba,0227 Sst Gaba_14,276,Adrb1,56.9,33.8,23.1
053 Sst Gaba,0227 Sst Gaba_14,276,Npas2,50.0,28.8,21.2
053 Sst Gaba,0227 Sst Gaba_14,276,Ntrk3,94.9,71.7,23.2
053 Sst Gaba,0227 Sst Gaba_14,276,Scg2,94.6,74.3,20.3
053 Sst Gaba,0227 Sst Gaba_14,276,Gpx3,88.0,51.6,36.4
053 Sst Gaba,0227 Sst Gaba_14,276,Rspo3,62.0,14.4,47.5
053 Sst Gaba,0227 Sst Gaba_14,276,Bcl6,70.3,21.7,48.6
053 Sst Gaba,0220 Sst Gaba_7,229,2010300C02Rik,60.3,36.1,24.2
053 Sst Gaba,0220 Sst Gaba_7,229,Arhgap6,88.6,53.9,34.7
053 Sst Gaba,0220 Sst Gaba_7,229,Bcl11b,96.9,73.4,23.5
053 Sst Gaba,0220 Sst Gaba_7,229,Cdh13,100.0,72.2,27.8
053 Sst Gaba,0220 Sst Gaba_7,229,Cdh9,99.1,70.8,28.3
053 Sst Gaba,0220 Sst Gaba_7,229,Chrm2,52.8,29.6,23.3
053 Sst Gaba,0220 Sst Gaba_7,229,Cpne4,83.0,48.8,34.2
053 Sst Gaba,0220 Sst Gaba_7,229,Egr1,77.7,51.4,26.3
053 Sst Gaba,0220 Sst Gaba_7,229,Eya4,73.4,46.3,27.1
053 Sst Gaba,0220 Sst Gaba_7,229,Grin2a,100.0,75.8,24.2
053 Sst Gaba,0220 Sst Gaba_7,229,Htr1a,68.1,19.9,48.2
053 Sst Gaba,0220 Sst Gaba_7,229,Maf,99.6,66.8,32.8
053 Sst Gaba,0220 Sst Gaba_7,229,Mbp,65.5,44.6,20.9
053 Sst Gaba,0220 Sst Gaba_7,229,Nell1,86.5,56.8,29.7
053 Sst Gaba,0220 Sst Gaba_7,229,Npnt,59.4,8.5,50.9
053 Sst Gaba,0220 Sst Gaba_7,229,Npy,90.0,67.2,22.7
053 Sst Gaba,0220 Sst Gaba_7,229,Oprd1,73.4,46.7,26.7
053 Sst Gaba,0220 Sst Gaba_7,229,Oxtr,82.5,25.9,56.7
053 Sst Gaba,0220 Sst Gaba_7,229,Pdyn,100.0,23.7,76.3
053 Sst Gaba,0220 Sst Gaba_7,229,Pdzd2,88.2,66.7,21.5
053 Sst Gaba,0220 Sst Gaba_7,229,Ptpru,86.0,42.9,43.1
053 Sst Gaba,0220 Sst Gaba_7,229,Rnf152,78.2,40.9,37.3
053 Sst Gaba,0220 Sst Gaba_7,229,Sema6a,94.3,69.7,24.7
053 Sst Gaba,0220 Sst Gaba_7,229,Shisa6,99.6,77.2,22.4
053 Sst Gaba,0220 Sst Gaba_7,229,Sox5,55.9,31.3,24.6
053 Sst Gaba,0220 Sst Gaba_7,229,Syndig1,85.2,34.6,50.5
053 Sst Gaba,0220 Sst Gaba_7,229,Syndig1l,62.0,10.9,51.1
053 Sst Gaba,0220 Sst Gaba_7,229,Thsd7a,90.0,64.9,25.0
053 Sst Gaba,0220 Sst Gaba_7,229,Tiparp,52.4,27.9,24.5
053 Sst Gaba,0220 Sst Gaba_7,229,Tle4,73.8,51.0,22.8
053 Sst Gaba,0220 Sst Gaba_7,229,Tox,99.6,48.9,50.7
053 Sst Gaba,0220 Sst Gaba_7,229,Unc13c,99.1,53.7,45.4
053 Sst Gaba,0220 Sst Gaba_7,229,Zfp536,81.7,48.3,33.3
053 Sst Gaba,0220 Sst Gaba_7,229,Nlgn1,99.6,78.0,21.6
053 Sst Gaba,0220 Sst Gaba_7,229,Arhgap15,59.0,29.2,29.8
053 Sst Gaba,0220 Sst Gaba_7,229,Hpse,88.2,7.7,80.6
053 Sst Gaba,0220 Sst Gaba_7,229,Hs3st1,53.7,14.2,39.5
053 Sst Gaba,0220 Sst Gaba_7,229,Luzp2,100.0,61.1,38.9
053 Sst Gaba,0220 Sst Gaba_7,229,Trpm3,86.0,45.6,40.4
053 Sst Gaba,0224 Sst Gaba_11,227,Adra1a,73.6,51.1,22.5
053 Sst Gaba,0224 Sst Gaba_11,227,Arhgef28,55.5,35.3,20.2
053 Sst Gaba,0224 Sst Gaba_11,227,Cnih3,70.9,40.4,30.6
053 Sst Gaba,0224 Sst Gaba_11,227,Cntnap5b,62.6,40.8,21.8
053 Sst Gaba,0224 Sst Gaba_11,227,Col19a1,99.1,77.2,21.9
053 Sst Gaba,0224 Sst Gaba_11,227,Gfra2,64.8,38.6,26.1
053 Sst Gaba,0224 Sst Gaba_11,227,Grm8,81.5,45.9,35.6
053 Sst Gaba,0224 Sst Gaba_11,227,Igfbp4,78.4,37.3,41.1
053 Sst Gaba,0224 Sst Gaba_11,227,Igfbp5,83.3,29.9,53.4
053 Sst Gaba,0224 Sst Gaba_11,227,Necab1,52.0,22.4,29.6
053 Sst Gaba,0224 Sst Gaba_11,227,Npy,93.0,67.1,25.8
053 Sst Gaba,0224 Sst Gaba_11,227,Nr2f2,92.5,39.3,53.2
053 Sst Gaba,0224 Sst Gaba_11,227,Pip5k1b,91.2,61.6,29.6
053 Sst Gaba,0224 Sst Gaba_11,227,Thsd7a,89.9,64.9,24.9
053 Sst Gaba,0224 Sst Gaba_11,227,Tmem132d,81.5,54.7,26.8
053 Sst Gaba,0224 Sst Gaba_11,227,Ntrk3,93.8,72.0,21.9
053 Sst Gaba,0224 Sst Gaba_11,227,Pcdh8,51.1,28.6,22.5
053 Sst Gaba,0224 Sst Gaba_11,227,Slc1a2,72.2,49.9,22.3
053 Sst Gaba,0224 Sst Gaba_11,227,Fbn2,55.5,9.6,46.0
053 Sst Gaba,0224 Sst Gaba_11,227,Gpx3,73.1,52.6,20.5
053 Sst Gaba,0224 Sst Gaba_11,227,Pde1c,89.0,46.1,42.9
053 Sst Gaba,0224 Sst Gaba_11,227,Rprml,77.5,27.5,50.1
053 Sst Gaba,0224 Sst Gaba_11,227,Spon1,96.9,67.9,29.0
053 Sst Gaba,0225 Sst Gaba_12,213,Cdh13,98.6,72.4,26.2
053 Sst Gaba,0225 Sst Gaba_12,213,Crh,78.9,16.8,62.1
053 Sst Gaba,0225 Sst Gaba_12,213,Eya4,69.0,46.5,22.5
053 Sst Gaba,0225 Sst Gaba_12,213,Htr2a,66.7,26.8,39.9
053 Sst Gaba,0225 Sst Gaba_12,213,Ndst3,61.0,32.7,28.4
053 Sst Gaba,0225 Sst Gaba_12,213,Nrp2,53.5,15.0,38.6
053 Sst Gaba,0225 Sst Gaba_12,213,Oprm1,89.2,66.3,22.9
053 Sst Gaba,0225 Sst Gaba_12,213,Pdzrn3,70.4,23.8,46.6
053 Sst Gaba,0225 Sst Gaba_12,213,Prr16,85.4,30.8,54.7
053 Sst Gaba,0225 Sst Gaba_12,213,Rspo2,59.6,20.9,38.7
053 Sst Gaba,0225 Sst Gaba_12,213,Sema3d,55.9,12.1,43.7
053 Sst Gaba,0225 Sst Gaba_12,213,Sema3e,80.3,50.8,29.5
053 Sst Gaba,0225 Sst Gaba_12,213,Slc44a5,81.7,59.9,21.8
053 Sst Gaba,0225 Sst Gaba_12,213,Slit2,75.6,28.2,47.4
053 Sst Gaba,0225 Sst Gaba_12,213,Sorcs3,78.9,44.0,34.9
053 Sst Gaba,0225 Sst Gaba_12,213,Thsd7b,89.7,53.8,35.8
053 Sst Gaba,0225 Sst Gaba_12,213,Trpc4,74.6,33.1,41.5
053 Sst Gaba,0225 Sst Gaba_12,213,Zfp536,84.0,48.3,35.7
053 Sst Gaba,0225 Sst Gaba_12,213,Spon1,97.7,68.0,29.7
053 Sst Gaba,0225 Sst Gaba_12,213,Bcl6,69.5,22.3,47.2
053 Sst Gaba,0222 Sst Gaba_9,205,2010300C02Rik,63.9,36.0,27.9
053 Sst Gaba,0222 Sst Gaba_9,205,Cdh13,99.0,72.4,26.6
053 Sst Gaba,0222 Sst Gaba_9,205,Cdh9,100.0,70.9,29.1
053 Sst Gaba,0222 Sst Gaba_9,205,Cpne8,80.5,31.3,49.2
053 Sst Gaba,0222 Sst Gaba_9,205,Egr1,72.7,51.7,21.0
053 Sst Gaba,0222 Sst Gaba_9,205,Eya4,75.6,46.3,29.3
053 Sst Gaba,0222 Sst Gaba_9,205,Galnt14,90.7,66.9,23.8
053 Sst Gaba,0222 Sst Gaba_9,205,Gng12,84.4,54.7,29.7
053 Sst Gaba,0222 Sst Gaba_9,205,Grin2a,99.5,76.0,23.5
053 Sst Gaba,0222 Sst Gaba_9,205,Htr1a,70.7,20.1,50.7
053 Sst Gaba,0222 Sst Gaba_9,205,Igf1,78.0,55.2,22.9
053 Sst Gaba,0222 Sst Gaba_9,205,Igsf21,57.6,22.5,35.1
053 Sst Gaba,0222 Sst Gaba_9,205,Maf,95.6,67.1,28.5
053 Sst Gaba,0222 Sst Gaba_9,205,Nell1,90.7,56.7,34.0
053 Sst Gaba,0222 Sst Gaba_9,205,Oprd1,73.7,46.8,26.9
053 Sst Gaba,0222 Sst Gaba_9,205,Oxtr,67.8,26.7,41.1
053 Sst Gaba,0222 Sst Gaba_9,205,Pdyn,100.0,24.1,75.9
053 Sst Gaba,0222 Sst Gaba_9,205,Pdzd2,94.1,66.6,27.6
053 Sst Gaba,0222 Sst Gaba_9,205,Ptpru,89.8,42.9,46.8
053 Sst Gaba,0222 Sst Gaba_9,205,Rnf152,68.8,41.5,27.3
053 Sst Gaba,0222 Sst Gaba_9,205,Sema6a,95.6,69.7,25.9
053 Sst Gaba,0222 Sst Gaba_9,205,Shisa6,99.5,77.3,22.3
053 Sst Gaba,0222 Sst Gaba_9,205,Syndig1,88.8,34.7,54.1
053 Sst Gaba,0222 Sst Gaba_9,205,Syndig1l,76.6,10.5,66.0
053 Sst Gaba,0222 Sst Gaba_9,205,Tox,97.6,49.2,48.4
053 Sst Gaba,0222 Sst Gaba_9,205,Unc13c,99.5,53.9,45.6
053 Sst Gaba,0222 Sst Gaba_9,205,Cdh8,95.6,67.4,28.2
053 Sst Gaba,0222 Sst Gaba_9,205,Cry2,83.4,63.3,20.2
053 Sst Gaba,0222 Sst Gaba_9,205,Nlgn1,99.5,78.1,21.5
053 Sst Gaba,0222 Sst Gaba_9,205,Rgs2,60.0,36.2,23.8
053 Sst Gaba,0222 Sst Gaba_9,205,Luzp2,99.5,61.3,38.2
053 Sst Gaba,0222 Sst Gaba_9,205,Minar1,88.8,55.7,33.1
053 Sst Gaba,0222 Sst Gaba_9,205,Trpm3,93.7,45.5,48.2
046 Vip Gaba,0177 Vip Gaba_5,866,Angpt1,57.4,35.9,21.5
046 Vip Gaba,0177 Vip Gaba_5,866,Calb2,88.5,56.1,32.4
046 Vip Gaba,0177 Vip Gaba_5,866,Cbln2,84.1,63.0,21.1
046 Vip Gaba,0177 Vip Gaba_5,866,Cdh13,87.8,58.7,29.1
046 Vip Gaba,0177 Vip Gaba_5,866,Hs3st2,53.6,27.5,26.0
046 Vip Gaba,0177 Vip Gaba_5,866,Maf,92.4,70.2,22.2
046 Vip Gaba,0177 Vip Gaba_5,866,Nell1,86.6,64.6,22.0
046 Vip Gaba,0177 Vip Gaba_5,866,Npy2r,68.7,29.1,39.6
046 Vip Gaba,0177 Vip Gaba_5,866,Pthlh,68.4,37.4,31.0
046 Vip Gaba,0177 Vip Gaba_5,866,Rspo2,55.2,15.9,39.3
046 Vip Gaba,0177 Vip Gaba_5,866,Sema3e,58.5,33.8,24.7
046 Vip Gaba,0177 Vip Gaba_5,866,Sema5a,88.2,51.3,37.0
046 Vip Gaba,0177 Vip Gaba_5,866,Sema5b,85.2,55.8,29.4
046 Vip Gaba,0177 Vip Gaba_5,866,Pcdh8,67.2,40.8,26.4
046 Vip Gaba,0177 Vip Gaba_5,866,Slc5a7,79.9,27.6,52.3
046 Vip Gaba,0177 Vip Gaba_5,866,Arhgap15,60.0,38.7,21.3
046 Vip Gaba,0177 Vip Gaba_5,866,Pvt1,52.5,27.4,25.1
046 Vip Gaba,0177 Vip Gaba_5,866,Zfp804b,72.2,50.8,21.4
046 Vip Gaba,0175 Vip Gaba_3,544,Cck,74.6,48.4,26.2
046 Vip Gaba,0175 Vip Gaba_3,544,Cdh13,86.8,62.3,24.5
046 Vip Gaba,0175 Vip Gaba_3,544,Cdh4,84.6,54.9,29.7
046 Vip Gaba,0175 Vip Gaba_3,544,Crh,82.7,51.3,31.4
046 Vip Gaba,0175 Vip Gaba_3,544,Htr2c,81.4,54.5,26.9
046 Vip Gaba,0175 Vip Gaba_3,544,Parm1,83.1,56.3,26.8
046 Vip Gaba,0175 Vip Gaba_3,544,Sox5,85.1,37.7,47.4
046 Vip Gaba,0175 Vip Gaba_3,544,Tac2,77.8,41.7,36.1
046 Vip Gaba,0175 Vip Gaba_3,544,Vwc2l,67.8,39.1,28.8
046 Vip Gaba,0175 Vip Gaba_3,544,Lypd1,68.8,38.9,29.8
046 Vip Gaba,0175 Vip Gaba_3,544,Pde1c,57.5,36.6,20.9
046 Vip Gaba,0175 Vip Gaba_3,544,Plpp4,67.3,38.5,28.8
046 Vip Gaba,0176 Vip Gaba_4,415,Adra1a,86.7,52.5,34.3
046 Vip Gaba,0176 Vip Gaba_4,415,Angpt1,69.4,37.5,31.9
046 Vip Gaba,0176 Vip Gaba_4,415,Arhgef28,70.4,28.6,41.7
046 Vip Gaba,0176 Vip Gaba_4,415,Car4,58.8,23.4,35.4
046 Vip Gaba,0176 Vip Gaba_4,415,Cdh20,91.1,64.0,27.1
046 Vip Gaba,0176 Vip Gaba_4,415,Cntnap4,77.1,28.8,48.3
046 Vip Gaba,0176 Vip Gaba_4,415,Cntnap5b,63.6,34.6,29.1
046 Vip Gaba,0176 Vip Gaba_4,415,Cpne4,70.4,39.7,30.7
046 Vip Gaba,0176 Vip Gaba_4,415,Crh,83.4,52.7,30.7
046 Vip Gaba,0176 Vip Gaba_4,415,Grm8,81.9,61.6,20.4
046 Vip Gaba,0176 Vip Gaba_4,415,Htr2c,77.8,56.3,21.6
046 Vip Gaba,0176 Vip Gaba_4,415,Neto2,54.2,23.1,31.1
046 Vip Gaba,0176 Vip Gaba_4,415,Npy2r,75.9,34.3,41.6
046 Vip Gaba,0176 Vip Gaba_4,415,Nrp2,52.0,26.7,25.4
046 Vip Gaba,0176 Vip Gaba_4,415,Parm1,82.2,57.6,24.6
046 Vip Gaba,0176 Vip Gaba_4,415,Pdzrn3,74.0,32.3,41.7
046 Vip Gaba,0176 Vip Gaba_4,415,Pld5,56.4,33.6,22.8
046 Vip Gaba,0176 Vip Gaba_4,415,Prr16,82.4,49.4,33.0
046 Vip Gaba,0176 Vip Gaba_4,415,Rab3b,82.4,39.9,42.5
046 Vip Gaba,0176 Vip Gaba_4,415,Rasgrf2,84.3,43.6,40.7
046 Vip Gaba,0176 Vip Gaba_4,415,Sema5a,92.5,56.5,36.1
046 Vip Gaba,0176 Vip Gaba_4,415,Slc44a5,95.4,74.5,21.0
046 Vip Gaba,0176 Vip Gaba_4,415,Sntb1,67.2,7.5,59.7
046 Vip Gaba,0176 Vip Gaba_4,415,Syndig1,60.0,23.7,36.3
046 Vip Gaba,0176 Vip Gaba_4,415,Thsd7b,68.2,40.9,27.3
046 Vip Gaba,0176 Vip Gaba_4,415,Vat1l,57.8,18.3,39.6
046 Vip Gaba,0176 Vip Gaba_4,415,Gria3,82.9,41.6,41.2
046 Vip Gaba,0176 Vip Gaba_4,415,Grin3a,69.4,47.9,21.5
046 Vip Gaba,0176 Vip Gaba_4,415,Sgk1,90.6,69.2,21.4
046 Vip Gaba,0176 Vip Gaba_4,415,Zbtb20,97.3,60.8,36.6
046 Vip Gaba,0176 Vip Gaba_4,415,Lin7a,74.2,20.8,53.5
046 Vip Gaba,0176 Vip Gaba_4,415,Maml2,71.3,31.0,40.3
046 Vip Gaba,0176 Vip Gaba_4,415,Pde1b,59.8,37.8,21.9
046 Vip Gaba,0178 Vip Gaba_6,411,Adra1b,94.6,72.7,21.9
046 Vip Gaba,0178 Vip Gaba_6,411,Cbln2,98.8,64.2,34.6
046 Vip Gaba,0178 Vip Gaba_6,411,Cck,91.2,47.3,44.0
046 Vip Gaba,0178 Vip Gaba_6,411,Cntnap4,66.2,30.5,35.7
046 Vip Gaba,0178 Vip Gaba_6,411,Col19a1,52.1,12.9,39.1
046 Vip Gaba,0178 Vip Gaba_6,411,Crh,90.0,51.7,38.3
046 Vip Gaba,0178 Vip Gaba_6,411,Fosl2,64.7,31.1,33.6
046 Vip Gaba,0178 Vip Gaba_6,411,Grin2a,92.7,68.9,23.8
046 Vip Gaba,0178 Vip Gaba_6,411,Igfbp4,69.8,24.3,45.5
046 Vip Gaba,0178 Vip Gaba_6,411,Igfbp5,72.0,51.0,21.0
046 Vip Gaba,0178 Vip Gaba_6,411,Kctd12,73.5,41.0,32.5
046 Vip Gaba,0178 Vip Gaba_6,411,Maml3,78.3,55.9,22.4
046 Vip Gaba,0178 Vip Gaba_6,411,Myo16,74.7,52.8,21.9
046 Vip Gaba,0178 Vip Gaba_6,411,Nr2f2,84.4,62.7,21.7
046 Vip Gaba,0178 Vip Gaba_6,411,Nr4a1,64.7,41.7,23.0
046 Vip Gaba,0178 Vip Gaba_6,411,Pdzd2,77.4,51.7,25.7
046 Vip Gaba,0178 Vip Gaba_6,411,Pld5,55.5,33.7,21.7
046 Vip Gaba,0178 Vip Gaba_6,411,Pnoc,73.0,35.6,37.4
046 Vip Gaba,0178 Vip Gaba_6,411,Sp8,59.4,19.7,39.6
046 Vip Gaba,0178 Vip Gaba_6,411,Tac2,96.1,40.7,55.4
046 Vip Gaba,0178 Vip Gaba_6,411,Vwc2l,72.0,39.8,32.2
046 Vip Gaba,0178 Vip Gaba_6,411,Cdh8,87.3,57.0,30.3
046 Vip Gaba,0178 Vip Gaba_6,411,Adamts17,51.6,25.2,26.4
046 Vip Gaba,0178 Vip Gaba_6,411,Crispld2,87.1,6.6,80.5
046 Vip Gaba,0178 Vip Gaba_6,411,Lypd1,65.5,40.8,24.7
046 Vip Gaba,0178 Vip Gaba_6,411,Mybpc1,81.0,8.2,72.8
046 Vip Gaba,0178 Vip Gaba_6,411,Plpp4,77.9,38.3,39.5
046 Vip Gaba,0178 Vip Gaba_6,411,Zfp804b,96.4,50.7,45.7
046 Vip Gaba,0173 Vip Gaba_1,351,Adcyap1r1,76.4,55.2,21.2
046 Vip Gaba,0173 Vip Gaba_1,351,Adra1a,80.3,54.0,26.3
046 Vip Gaba,0173 Vip Gaba_1,351,Bcl11b,63.5,14.8,48.7
046 Vip Gaba,0173 Vip Gaba_1,351,Calb2,83.2,62.4,20.8
046 Vip Gaba,0173 Vip Gaba_1,351,Cdh20,91.5,64.6,26.9
046 Vip Gaba,0173 Vip Gaba_1,351,Cpne4,74.1,39.9,34.2
046 Vip Gaba,0173 Vip Gaba_1,351,Epha4,69.2,30.5,38.8
046 Vip Gaba,0173 Vip Gaba_1,351,Garnl3,86.0,60.2,25.9
046 Vip Gaba,0173 Vip Gaba_1,351,Grm8,96.9,60.2,36.6
046 Vip Gaba,0173 Vip Gaba_1,351,Hrh3,50.1,17.9,32.3
046 Vip Gaba,0173 Vip Gaba_1,351,Htr2c,76.9,56.8,20.1
046 Vip Gaba,0173 Vip Gaba_1,351,Neto2,52.7,24.0,28.7
046 Vip Gaba,0173 Vip Gaba_1,351,Nr2e1,62.4,39.0,23.4
046 Vip Gaba,0173 Vip Gaba_1,351,Nr2f2,96.6,61.7,34.9
046 Vip Gaba,0173 Vip Gaba_1,351,Parm1,98.9,56.2,42.7
046 Vip Gaba,0173 Vip Gaba_1,351,Penk,86.3,57.4,28.9
046 Vip Gaba,0173 Vip Gaba_1,351,Pip5k1b,87.5,48.4,39.0
046 Vip Gaba,0173 Vip Gaba_1,351,Plcxd2,58.7,33.3,25.4
046 Vip Gaba,0173 Vip Gaba_1,351,Prr16,88.9,49.4,39.5
046 Vip Gaba,0173 Vip Gaba_1,351,Rasgrf2,72.4,46.0,26.4
046 Vip Gaba,0173 Vip Gaba_1,351,Sdk2,75.5,40.1,35.4
046 Vip Gaba,0173 Vip Gaba_1,351,Sox11,65.2,43.6,21.7
046 Vip Gaba,0173 Vip Gaba_1,351,Syt17,63.5,41.4,22.1
046 Vip Gaba,0173 Vip Gaba_1,351,Thsd7a,100.0,65.2,34.8
046 Vip Gaba,0173 Vip Gaba_1,351,Thsd7b,99.7,37.7,62.0
046 Vip Gaba,0173 Vip Gaba_1,351,Zfpm2,53.3,26.8,26.5
046 Vip Gaba,0173 Vip Gaba_1,351,Gria3,74.6,43.5,31.1
046 Vip Gaba,0173 Vip Gaba_1,351,Grin3a,99.4,44.8,54.7
046 Vip Gaba,0173 Vip Gaba_1,351,Sgk1,93.4,69.3,24.1
046 Vip Gaba,0173 Vip Gaba_1,351,Zbtb20,98.0,61.5,36.5
046 Vip Gaba,0173 Vip Gaba_1,351,Plcl1,84.9,23.7,61.3
046 Vip Gaba,0173 Vip Gaba_1,351,Stac,60.7,7.1,53.5
046 Vip Gaba,0174 Vip Gaba_2,311,Cbln2,89.7,66.3,23.4
046 Vip Gaba,0174 Vip Gaba_2,311,Cbln4,65.0,14.3,50.7
046 Vip Gaba,0174 Vip Gaba_2,311,Grm8,98.1,60.6,37.5
046 Vip Gaba,0174 Vip Gaba_2,311,Hpcal1,51.4,30.5,21.0
046 Vip Gaba,0174 Vip Gaba_2,311,Igfbp4,84.6,24.3,60.3
046 Vip Gaba,0174 Vip Gaba_2,311,Igfbp5,84.2,50.5,33.8
046 Vip Gaba,0174 Vip Gaba_2,311,Nr2f2,84.9,63.4,21.5
046 Vip Gaba,0174 Vip Gaba_2,311,Penk,91.3,57.3,34.0
046 Vip Gaba,0174 Vip Gaba_2,311,Prr16,83.6,50.5,33.1
046 Vip Gaba,0174 Vip Gaba_2,311,Sema5b,82.3,61.6,20.7
046 Vip Gaba,0174 Vip Gaba_2,311,Thsd7a,99.0,65.8,33.3
046 Vip Gaba,0174 Vip Gaba_2,311,Vgf,91.0,66.1,24.9
046 Vip Gaba,0174 Vip Gaba_2,311,Luzp2,70.7,27.3,43.4
046 Vip Gaba,0174 Vip Gaba_2,311,Lypd1,62.4,41.9,20.4
046 Vip Gaba,0174 Vip Gaba_2,311,Plpp4,73.0,40.2,32.8
046 Vip Gaba,0174 Vip Gaba_2,311,Zfp804b,77.2,54.2,22.9
046 Vip Gaba,0184 Vip Gaba_12,138,Adra1a,82.6,55.7,26.9
046 Vip Gaba,0184 Vip Gaba_12,138,Arhgef28,63.8,32.6,31.2
046 Vip Gaba,0184 Vip Gaba_12,138,Car4,78.3,25.6,52.6
046 Vip Gaba,0184 Vip Gaba_12,138,Cck,75.4,51.8,23.6
046 Vip Gaba,0184 Vip Gaba_12,138,Cdh13,89.1,65.4,23.8
046 Vip Gaba,0184 Vip Gaba_12,138,Cdh6,87.0,28.7,58.2
046 Vip Gaba,0184 Vip Gaba_12,138,Cnih3,55.1,19.3,35.8
046 Vip Gaba,0184 Vip Gaba_12,138,Crem,54.3,30.9,23.5
046 Vip Gaba,0184 Vip Gaba_12,138,Crh,92.8,55.0,37.8
046 Vip Gaba,0184 Vip Gaba_12,138,Deptor,55.1,17.4,37.6
046 Vip Gaba,0184 Vip Gaba_12,138,Fos,63.0,39.0,24.1
046 Vip Gaba,0184 Vip Gaba_12,138,Fosl2,76.1,33.5,42.5
046 Vip Gaba,0184 Vip Gaba_12,138,Grin2a,91.3,71.0,20.3
046 Vip Gaba,0184 Vip Gaba_12,138,Htr1f,60.9,10.9,49.9
046 Vip Gaba,0184 Vip Gaba_12,138,Htr2a,51.4,3.7,47.8
046 Vip Gaba,0184 Vip Gaba_12,138,Htr2c,85.5,57.8,27.7
046 Vip Gaba,0184 Vip Gaba_12,138,Hunk,62.3,26.4,35.9
046 Vip Gaba,0184 Vip Gaba_12,138,Kctd12,70.3,44.0,26.3
046 Vip Gaba,0184 Vip Gaba_12,138,Necab2,55.8,34.2,21.6
046 Vip Gaba,0184 Vip Gaba_12,138,Npy,79.7,11.9,67.8
046 Vip Gaba,0184 Vip Gaba_12,138,Nr4a1,65.2,43.7,21.5
046 Vip Gaba,0184 Vip Gaba_12,138,Nwd2,62.3,39.3,23.0
046 Vip Gaba,0184 Vip Gaba_12,138,Parm1,84.1,59.7,24.4
046 Vip Gaba,0184 Vip Gaba_12,138,Pde11a,51.4,12.1,39.4
046 Vip Gaba,0184 Vip Gaba_12,138,Pde7b,75.4,27.2,48.2
046 Vip Gaba,0184 Vip Gaba_12,138,Pdzd2,75.4,54.0,21.3
046 Vip Gaba,0184 Vip Gaba_12,138,Pnoc,60.9,39.4,21.5
046 Vip Gaba,0184 Vip Gaba_12,138,Pthlh,68.1,44.6,23.5
046 Vip Gaba,0184 Vip Gaba_12,138,Rasgrf2,68.1,47.9,20.2
046 Vip Gaba,0184 Vip Gaba_12,138,Sox5,95.7,43.4,52.3
046 Vip Gaba,0184 Vip Gaba_12,138,Sp9,50.0,8.4,41.6
046 Vip Gaba,0184 Vip Gaba_12,138,Tac2,89.9,45.8,44.0
046 Vip Gaba,0184 Vip Gaba_12,138,Vwc2l,95.7,41.6,54.1
046 Vip Gaba,0184 Vip Gaba_12,138,Cdh8,81.2,59.9,21.2
046 Vip Gaba,0184 Vip Gaba_12,138,Scg2,93.5,68.9,24.6
046 Vip Gaba,0184 Vip Gaba_12,138,Zbtb20,92.8,64.2,28.5
046 Vip Gaba,0184 Vip Gaba_12,138,Pde1c,84.1,38.1,45.9
046 Vip Gaba,0184 Vip Gaba_12,138,Plpp4,65.2,42.3,22.9
046 Vip Gaba,0184 Vip Gaba_12,138,Zfp804b,79.7,55.4,24.3
046 Vip Gaba,0183 Vip Gaba_11,100,Adra1a,87.0,55.9,31.1
046 Vip Gaba,0183 Vip Gaba_11,100,Arhgef28,65.0,32.9,32.1
046 Vip Gaba,0183 Vip Gaba_11,100,Bcl11b,55.0,18.9,36.1
046 Vip Gaba,0183 Vip Gaba_11,100,Car4,56.0,27.0,29.0
046 Vip Gaba,0183 Vip Gaba_11,100,Crh,96.0,55.3,40.7
046 Vip Gaba,0183 Vip Gaba_11,100,Epha4,64.0,33.7,30.3
046 Vip Gaba,0183 Vip Gaba_11,100,Galnt14,97.0,73.5,23.5
046 Vip Gaba,0183 Vip Gaba_11,100,Grm8,97.0,63.1,33.9
046 Vip Gaba,0183 Vip Gaba_11,100,Nwd2,67.0,39.5,27.5
046 Vip Gaba,0183 Vip Gaba_11,100,Parm1,92.0,59.7,32.3
046 Vip Gaba,0183 Vip Gaba_11,100,Pde7b,58.0,28.3,29.7
046 Vip Gaba,0183 Vip Gaba_11,100,Pdzrn3,77.0,36.4,40.6
046 Vip Gaba,0183 Vip Gaba_11,100,Pnoc,66.0,39.5,26.5
046 Vip Gaba,0183 Vip Gaba_11,100,Prr16,75.0,52.9,22.1
046 Vip Gaba,0183 Vip Gaba_11,100,Rab3b,66.0,44.6,21.4
046 Vip Gaba,0183 Vip Gaba_11,100,Rasgrf2,71.0,48.1,22.9
046 Vip Gaba,0183 Vip Gaba_11,100,Rxfp1,58.0,8.3,49.7
046 Vip Gaba,0183 Vip Gaba_11,100,Sox5,88.0,44.2,43.8
046 Vip Gaba,0183 Vip Gaba_11,100,Thsd7a,93.0,68.2,24.8
046 Vip Gaba,0183 Vip Gaba_11,100,Vwc2l,70.0,43.0,27.0
046 Vip Gaba,0183 Vip Gaba_11,100,Gria3,81.0,45.8,35.2
046 Vip Gaba,0183 Vip Gaba_11,100,Zbtb20,96.0,64.5,31.5
046 Vip Gaba,0180 Vip Gaba_8,90,Angpt1,64.4,40.9,23.5
046 Vip Gaba,0180 Vip Gaba_8,90,Calb2,90.0,63.9,26.1
046 Vip Gaba,0180 Vip Gaba_8,90,Cck,90.0,51.7,38.3
046 Vip Gaba,0180 Vip Gaba_8,90,Cd24a,83.3,13.5,69.9
046 Vip Gaba,0180 Vip Gaba_8,90,Cdh6,57.8,30.4,27.3
046 Vip Gaba,0180 Vip Gaba_8,90,Gucy1a1,66.7,28.1,38.5
046 Vip Gaba,0180 Vip Gaba_8,90,Htr2c,85.6,58.2,27.3
046 Vip Gaba,0180 Vip Gaba_8,90,Id2,70.0,21.7,48.3
046 Vip Gaba,0180 Vip Gaba_8,90,Inpp4b,71.1,20.4,50.7
046 Vip Gaba,0180 Vip Gaba_8,90,Maf,96.7,75.5,21.2
046 Vip Gaba,0180 Vip Gaba_8,90,Nrp2,62.2,29.0,33.3
046 Vip Gaba,0180 Vip Gaba_8,90,Pdzrn3,63.3,36.9,26.5
046 Vip Gaba,0180 Vip Gaba_8,90,Rasgrf2,87.8,47.7,40.1
046 Vip Gaba,0180 Vip Gaba_8,90,Rprm,51.1,20.2,30.9
046 Vip Gaba,0180 Vip Gaba_8,90,Slc44a5,98.9,76.5,22.4
046 Vip Gaba,0180 Vip Gaba_8,90,Sp8,71.1,23.4,47.7
046 Vip Gaba,0180 Vip Gaba_8,90,Syndig1,66.7,27.2,39.4
046 Vip Gaba,0180 Vip Gaba_8,90,Trpc4,85.6,62.9,22.7
046 Vip Gaba,0180 Vip Gaba_8,90,Scg2,94.4,69.2,25.2
046 Vip Gaba,0180 Vip Gaba_8,90,Slc1a2,98.9,78.1,20.8
046 Vip Gaba,0180 Vip Gaba_8,90,Zbtb20,87.8,64.8,23.0
046 Vip Gaba,0180 Vip Gaba_8,90,Elfn1,92.2,72.0,20.2
046 Vip Gaba,0180 Vip Gaba_8,90,Maml2,62.2,35.4,26.8
046 Vip Gaba,0180 Vip Gaba_8,90,Nbl1,60.0,21.5,38.5
046 Vip Gaba,0180 Vip Gaba_8,90,Neto1,74.4,43.9,30.5
049 Lamp5 Gaba,0199 Lamp5 Gaba_1,1895,Arhgap6,51.8,26.1,25.6
049 Lamp5 Gaba,0199 Lamp5 Gaba_1,1895,Arhgef28,71.9,45.7,26.2
049 Lamp5 Gaba,0199 Lamp5 Gaba_1,1895,Car4,68.0,14.0,54.0
049 Lamp5 Gaba,0199 Lamp5 Gaba_1,1895,Col19a1,82.1,46.6,35.5
049 Lamp5 Gaba,0199 Lamp5 Gaba_1,1895,Cpne4,59.2,27.9,31.3
049 Lamp5 Gaba,0199 Lamp5 Gaba_1,1895,Cpne8,67.1,43.0,24.1
049 Lamp5 Gaba,0199 Lamp5 Gaba_1,1895,Cux2,68.1,28.8,39.2
049 Lamp5 Gaba,0199 Lamp5 Gaba_1,1895,Gsg1l,55.8,13.5,42.3
049 Lamp5 Gaba,0199 Lamp5 Gaba_1,1895,Hapln1,94.6,65.1,29.5
049 Lamp5 Gaba,0199 Lamp5 Gaba_1,1895,Hcrtr2,77.8,22.5,55.3
049 Lamp5 Gaba,0199 Lamp5 Gaba_1,1895,Htr1f,65.9,16.2,49.7
049 Lamp5 Gaba,0199 Lamp5 Gaba_1,1895,Htr2a,75.7,22.3,53.4
049 Lamp5 Gaba,0199 Lamp5 Gaba_1,1895,Kcnmb2,95.6,63.7,31.9
049 Lamp5 Gaba,0199 Lamp5 Gaba_1,1895,Lamp5,97.9,64.0,34.0
049 Lamp5 Gaba,0199 Lamp5 Gaba_1,1895,Mpped1,99.1,75.5,23.6
049 Lamp5 Gaba,0199 Lamp5 Gaba_1,1895,Ndst3,81.1,33.8,47.3
049 Lamp5 Gaba,0199 Lamp5 Gaba_1,1895,Nos1,74.0,20.5,53.5
049 Lamp5 Gaba,0199 Lamp5 Gaba_1,1895,Npy,95.6,55.9,39.7
049 Lamp5 Gaba,0199 Lamp5 Gaba_1,1895,Oprm1,63.5,28.2,35.4
049 Lamp5 Gaba,0199 Lamp5 Gaba_1,1895,Pde11a,88.0,23.0,65.0
049 Lamp5 Gaba,0199 Lamp5 Gaba_1,1895,Pnoc,90.2,43.9,46.3
049 Lamp5 Gaba,0199 Lamp5 Gaba_1,1895,Rab3b,64.5,32.4,32.1
049 Lamp5 Gaba,0199 Lamp5 Gaba_1,1895,Sema5a,98.8,58.3,40.5
049 Lamp5 Gaba,0199 Lamp5 Gaba_1,1895,Sp9,50.9,16.9,34.0
049 Lamp5 Gaba,0199 Lamp5 Gaba_1,1895,Tox,72.6,16.2,56.3
049 Lamp5 Gaba,0199 Lamp5 Gaba_1,1895,Adamts17,88.7,62.2,26.5
049 Lamp5 Gaba,0199 Lamp5 Gaba_1,1895,Crispld1,84.3,46.2,38.1
049 Lamp5 Gaba,0199 Lamp5 Gaba_1,1895,Lin7a,79.7,33.3,46.4
049 Lamp5 Gaba,0199 Lamp5 Gaba_1,1895,Luzp2,96.3,41.7,54.6
049 Lamp5 Gaba,0200 Lamp5 Gaba_2,246,Btbd11,87.4,66.4,21.0
049 Lamp5 Gaba,0200 Lamp5 Gaba_2,246,Cdh4,53.3,21.9,31.3
049 Lamp5 Gaba,0200 Lamp5 Gaba_2,246,Cdh9,65.0,27.3,37.7
049 Lamp5 Gaba,0200 Lamp5 Gaba_2,246,Cnih3,61.8,35.2,26.6
049 Lamp5 Gaba,0200 Lamp5 Gaba_2,246,Cntn6,72.4,39.1,33.3
049 Lamp5 Gaba,0200 Lamp5 Gaba_2,246,Deptor,62.6,31.2,31.4
049 Lamp5 Gaba,0200 Lamp5 Gaba_2,246,Egr1,57.3,25.6,31.7
049 Lamp5 Gaba,0200 Lamp5 Gaba_2,246,Fhod3,54.9,32.0,22.9
049 Lamp5 Gaba,0200 Lamp5 Gaba_2,246,Galnt14,89.8,33.4,56.4
049 Lamp5 Gaba,0200 Lamp5 Gaba_2,246,Grm8,58.5,15.5,43.1
049 Lamp5 Gaba,0200 Lamp5 Gaba_2,246,Ndst4,82.1,17.3,64.8
049 Lamp5 Gaba,0200 Lamp5 Gaba_2,246,Nell1,63.4,14.9,48.6
049 Lamp5 Gaba,0200 Lamp5 Gaba_2,246,Npy1r,59.8,16.9,42.9
049 Lamp5 Gaba,0200 Lamp5 Gaba_2,246,Nr2f2,97.2,63.8,33.4
049 Lamp5 Gaba,0200 Lamp5 Gaba_2,246,Rxfp1,86.6,22.4,64.2
049 Lamp5 Gaba,0200 Lamp5 Gaba_2,246,Sdk2,52.4,28.0,24.5
049 Lamp5 Gaba,0200 Lamp5 Gaba_2,246,Sema3e,87.8,50.5,37.3
049 Lamp5 Gaba,0200 Lamp5 Gaba_2,246,Synpr,55.7,20.3,35.4
049 Lamp5 Gaba,0200 Lamp5 Gaba_2,246,Thsd7a,55.7,25.4,30.3
049 Lamp5 Gaba,0200 Lamp5 Gaba_2,246,Thsd7b,80.1,40.6,39.5
049 Lamp5 Gaba,0200 Lamp5 Gaba_2,246,Trpc4,63.8,6.6,57.2
049 Lamp5 Gaba,0200 Lamp5 Gaba_2,246,Vat1l,80.1,57.9,22.2
049 Lamp5 Gaba,0200 Lamp5 Gaba_2,246,Grin3a,88.6,42.2,46.4
049 Lamp5 Gaba,0200 Lamp5 Gaba_2,246,Grm7,95.9,53.5,42.5
049 Lamp5 Gaba,0200 Lamp5 Gaba_2,246,Ntrk3,93.5,57.9,35.6
049 Lamp5 Gaba,0200 Lamp5 Gaba_2,246,Rgs2,52.8,30.8,22.1
049 Lamp5 Gaba,0200 Lamp5 Gaba_2,246,Marcks,66.3,41.0,25.2
049 Lamp5 Gaba,0200 Lamp5 Gaba_2,246,Trhde,64.2,9.2,55.1
049 Lamp5 Gaba,0200 Lamp5 Gaba_2,246,Zfp804b,91.1,39.9,51.2
049 Lamp5 Gaba,0201 Lamp5 Gaba_3,137,Adamtsl1,81.0,44.0,37.1
049 Lamp5 Gaba,0201 Lamp5 Gaba_3,137,Btbd11,87.6,67.4,20.2
049 Lamp5 Gaba,0201 Lamp5 Gaba_3,137,Cck,92.7,72.1,20.6
049 Lamp5 Gaba,0201 Lamp5 Gaba_3,137,Cdh13,84.7,58.3,26.4
049 Lamp5 Gaba,0201 Lamp5 Gaba_3,137,Cdh4,76.6,22.0,54.6
049 Lamp5 Gaba,0201 Lamp5 Gaba_3,137,Cdh9,62.0,29.4,32.7
049 Lamp5 Gaba,0201 Lamp5 Gaba_3,137,Cnih3,71.5,35.9,35.7
049 Lamp5 Gaba,0201 Lamp5 Gaba_3,137,Cntnap5b,51.1,16.3,34.8
049 Lamp5 Gaba,0201 Lamp5 Gaba_3,137,Deptor,83.2,31.5,51.7
049 Lamp5 Gaba,0201 Lamp5 Gaba_3,137,Egr1,54.0,27.4,26.6
049 Lamp5 Gaba,0201 Lamp5 Gaba_3,137,Galnt14,85.4,36.5,48.9
049 Lamp5 Gaba,0201 Lamp5 Gaba_3,137,Kitl,61.3,40.6,20.7
049 Lamp5 Gaba,0201 Lamp5 Gaba_3,137,Ndst4,66.4,21.5,44.9
049 Lamp5 Gaba,0201 Lamp5 Gaba_3,137,Nell1,59.1,17.5,41.6
049 Lamp5 Gaba,0201 Lamp5 Gaba_3,137,Npy1r,56.2,19.2,37.0
049 Lamp5 Gaba,0201 Lamp5 Gaba_3,137,Nr2f2,97.1,65.4,31.6
049 Lamp5 Gaba,0201 Lamp5 Gaba_3,137,Pdzd2,53.3,16.1,37.2
049 Lamp5 Gaba,0201 Lamp5 Gaba_3,137,Rxfp1,99.3,24.8,74.5
049 Lamp5 Gaba,0201 Lamp5 Gaba_3,137,Sdk2,65.0,28.4,36.6
049 Lamp5 Gaba,0201 Lamp5 Gaba_3,137,Sema3e,75.2,53.1,22.0
049 Lamp5 Gaba,0201 Lamp5 Gaba_3,137,Thsd7b,71.5,43.1,28.4
049 Lamp5 Gaba,0201 Lamp5 Gaba_3,137,Vat1l,86.1,58.6,27.5
049 Lamp5 Gaba,0201 Lamp5 Gaba_3,137,Grm7,93.4,55.7,37.7
049 Lamp5 Gaba,0201 Lamp5 Gaba_3,137,Ntrk3,98.5,59.3,39.2
049 Lamp5 Gaba,0201 Lamp5 Gaba_3,137,Pcdh8,83.2,34.1,49.2
049 Lamp5 Gaba,0201 Lamp5 Gaba_3,137,Vgf,75.2,55.2,20.0
049 Lamp5 Gaba,0201 Lamp5 Gaba_3,137,Fbn2,70.1,5.9,64.2
049 Lamp5 Gaba,0201 Lamp5 Gaba_3,137,Marcks,83.2,41.2,42.0
049 Lamp5 Gaba,0201 Lamp5 Gaba_3,137,Nbl1,52.6,13.7,38.8
049 Lamp5 Gaba,0201 Lamp5 Gaba_3,137,Tafa1,64.2,13.0,51.2
049 Lamp5 Gaba,0201 Lamp5 Gaba_3,137,Trpm3,90.5,19.8,70.8
049 Lamp5 Gaba,0201 Lamp5 Gaba_3,137,Zfp804b,99.3,41.9,57.4
049 Lamp5 Gaba,0201 Lamp5 Gaba_3,137,Zmiz1,70.1,44.6,25.5
049 Lamp5 Gaba,0202 Lamp5 Gaba_4,61,Adamtsl1,85.2,45.1,40.2
049 Lamp5 Gaba,0202 Lamp5 Gaba_4,61,Cbln2,72.1,10.9,61.2
049 Lamp5 Gaba,0202 Lamp5 Gaba_4,61,Cck,100.0,72.6,27.4
049 Lamp5 Gaba,0202 Lamp5 Gaba_4,61,Chrm3,98.4,71.3,27.0
049 Lamp5 Gaba,0202 Lamp5 Gaba_4,61,Cntnap5b,78.7,16.7,62.0
049 Lamp5 Gaba,0202 Lamp5 Gaba_4,61,Dkk3,67.2,42.2,25.0
049 Lamp5 Gaba,0202 Lamp5 Gaba_4,61,Dpy19l1,83.6,22.1,61.5
049 Lamp5 Gaba,0202 Lamp5 Gaba_4,61,Inpp4b,88.5,15.8,72.7
049 Lamp5 Gaba,0202 Lamp5 Gaba_4,61,Kctd12,88.5,16.2,72.3
049 Lamp5 Gaba,0202 Lamp5 Gaba_4,61,Myo16,73.8,49.4,24.3
049 Lamp5 Gaba,0202 Lamp5 Gaba_4,61,Nr2f2,90.2,66.7,23.5
049 Lamp5 Gaba,0202 Lamp5 Gaba_4,61,Sdk2,83.6,29.1,54.5
049 Lamp5 Gaba,0202 Lamp5 Gaba_4,61,Slc44a5,55.7,24.0,31.8
049 Lamp5 Gaba,0202 Lamp5 Gaba_4,61,Sp8,88.5,28.4,60.1
049 Lamp5 Gaba,0202 Lamp5 Gaba_4,61,Synpr,63.9,22.9,41.0
049 Lamp5 Gaba,0202 Lamp5 Gaba_4,61,Ntrk3,91.8,60.8,31.0
049 Lamp5 Gaba,0202 Lamp5 Gaba_4,61,Scg2,90.2,65.6,24.6
049 Lamp5 Gaba,0202 Lamp5 Gaba_4,61,Maml2,80.3,45.0,35.3
049 Lamp5 Gaba,0202 Lamp5 Gaba_4,61,Marcks,72.1,42.9,29.2
049 Lamp5 Gaba,0202 Lamp5 Gaba_4,61,Neto1,98.4,72.4,25.9
049 Lamp5 Gaba,0202 Lamp5 Gaba_4,61,Plcl1,72.1,40.3,31.8
049 Lamp5 Gaba,0202 Lamp5 Gaba_4,61,Trpm3,73.8,22.6,51.2
049 Lamp5 Gaba,0202 Lamp5 Gaba_4,61,Zfp804b,91.8,44.0,47.8
012 MEA Slc17a7 Glut,0057 MEA Slc17a7 Glut_3,1698,Cacna2d2,89.3,58.7,30.7
012 MEA Slc17a7 Glut,0057 MEA Slc17a7 Glut_3,1698,Calb1,98.1,62.8,35.2
012 MEA Slc17a7 Glut,0057 MEA Slc17a7 Glut_3,1698,Cck,92.4,69.1,23.3
012 MEA Slc17a7 Glut,0057 MEA Slc17a7 Glut_3,1698,Cckbr,72.9,46.9,25.9
012 MEA Slc17a7 Glut,0057 MEA Slc17a7 Glut_3,1698,Cdh9,99.4,69.2,30.2
012 MEA Slc17a7 Glut,0057 MEA Slc17a7 Glut_3,1698,Cnih3,98.3,78.0,20.3
012 MEA Slc17a7 Glut,0057 MEA Slc17a7 Glut_3,1698,Col23a1,96.7,68.0,28.7
012 MEA Slc17a7 Glut,0057 MEA Slc17a7 Glut_3,1698,Dnah5,71.1,31.6,39.5
012 MEA Slc17a7 Glut,0057 MEA Slc17a7 Glut_3,1698,Dpyd,87.0,66.6,20.5
012 MEA Slc17a7 Glut,0057 MEA Slc17a7 Glut_3,1698,Egr3,94.9,74.9,20.0
012 MEA Slc17a7 Glut,0057 MEA Slc17a7 Glut_3,1698,Emx1,56.5,29.8,26.7
012 MEA Slc17a7 Glut,0057 MEA Slc17a7 Glut_3,1698,Gpr88,92.8,31.8,61.0
012 MEA Slc17a7 Glut,0057 MEA Slc17a7 Glut_3,1698,Gucy1a1,94.2,63.9,30.3
012 MEA Slc17a7 Glut,0057 MEA Slc17a7 Glut_3,1698,Hrh1,57.5,37.3,20.3
012 MEA Slc17a7 Glut,0057 MEA Slc17a7 Glut_3,1698,Htr2c,76.7,46.1,30.7
012 MEA Slc17a7 Glut,0057 MEA Slc17a7 Glut_3,1698,Id2,88.8,63.8,25.0
012 MEA Slc17a7 Glut,0057 MEA Slc17a7 Glut_3,1698,Kcnmb2,95.3,34.7,60.6
012 MEA Slc17a7 Glut,0057 MEA Slc17a7 Glut_3,1698,Mapk4,92.0,62.0,30.0
012 MEA Slc17a7 Glut,0057 MEA Slc17a7 Glut_3,1698,Ndst3,93.5,67.2,26.3
012 MEA Slc17a7 Glut,0057 MEA Slc17a7 Glut_3,1698,Npy2r,92.2,63.5,28.7
012 MEA Slc17a7 Glut,0057 MEA Slc17a7 Glut_3,1698,Oprm1,82.6,45.7,36.9
012 MEA Slc17a7 Glut,0057 MEA Slc17a7 Glut_3,1698,Otof,77.3,52.9,24.3
012 MEA Slc17a7 Glut,0057 MEA Slc17a7 Glut_3,1698,Pcsk5,90.8,62.8,28.0
012 MEA Slc17a7 Glut,0057 MEA Slc17a7 Glut_3,1698,Pde7b,91.3,69.5,21.9
012 MEA Slc17a7 Glut,0057 MEA Slc17a7 Glut_3,1698,Pdzd2,85.7,62.9,22.8
012 MEA Slc17a7 Glut,0057 MEA Slc17a7 Glut_3,1698,Pdzrn3,69.4,44.4,25.0
012 MEA Slc17a7 Glut,0057 MEA Slc17a7 Glut_3,1698,Plcxd2,69.8,46.4,23.4
012 MEA Slc17a7 Glut,0057 MEA Slc17a7 Glut_3,1698,Rab3b,97.5,55.1,42.4
012 MEA Slc17a7 Glut,0057 MEA Slc17a7 Glut_3,1698,Rasl10a,87.5,37.8,49.8
012 MEA Slc17a7 Glut,0057 MEA Slc17a7 Glut_3,1698,Rorb,82.0,36.0,45.9
012 MEA Slc17a7 Glut,0057 MEA Slc17a7 Glut_3,1698,Rprm,93.3,59.7,33.7
012 MEA Slc17a7 Glut,0057 MEA Slc17a7 Glut_3,1698,Sema3a,88.6,63.3,25.2
012 MEA Slc17a7 Glut,0057 MEA Slc17a7 Glut_3,1698,Sema5a,60.6,40.0,20.6
012 MEA Slc17a7 Glut,0057 MEA Slc17a7 Glut_3,1698,Slc29a4,77.8,55.3,22.5
012 MEA Slc17a7 Glut,0057 MEA Slc17a7 Glut_3,1698,Tacr1,73.9,52.5,21.3
012 MEA Slc17a7 Glut,0057 MEA Slc17a7 Glut_3,1698,Thsd7a,97.9,72.4,25.4
012 MEA Slc17a7 Glut,0057 MEA Slc17a7 Glut_3,1698,Tmem132d,99.8,75.3,24.5
012 MEA Slc17a7 Glut,0057 MEA Slc17a7 Glut_3,1698,Trh,57.8,5.9,51.8
012 MEA Slc17a7 Glut,0057 MEA Slc17a7 Glut_3,1698,Unc13c,93.3,51.3,42.1
012 MEA Slc17a7 Glut,0057 MEA Slc17a7 Glut_3,1698,Zfp536,65.0,44.9,20.0
012 MEA Slc17a7 Glut,0057 MEA Slc17a7 Glut_3,1698,Btg2,56.9,34.5,22.4
012 MEA Slc17a7 Glut,0057 MEA Slc17a7 Glut_3,1698,Esr1,85.0,62.6,22.4
012 MEA Slc17a7 Glut,0057 MEA Slc17a7 Glut_3,1698,Grm3,67.6,44.7,22.9
012 MEA Slc17a7 Glut,0057 MEA Slc17a7 Glut_3,1698,Lhx9,84.1,58.1,26.0
012 MEA Slc17a7 Glut,0057 MEA Slc17a7 Glut_3,1698,Slc30a3,98.4,61.7,36.7
012 MEA Slc17a7 Glut,0057 MEA Slc17a7 Glut_3,1698,Arhgap15,61.1,36.0,25.1
012 MEA Slc17a7 Glut,0057 MEA Slc17a7 Glut_3,1698,Glra3,91.5,41.6,49.9
012 MEA Slc17a7 Glut,0057 MEA Slc17a7 Glut_3,1698,Hs3st1,58.4,15.4,43.0
012 MEA Slc17a7 Glut,0057 MEA Slc17a7 Glut_3,1698,Neto1,98.6,76.5,22.1
012 MEA Slc17a7 Glut,0057 MEA Slc17a7 Glut_3,1698,Tafa1,73.1,43.8,29.3
012 MEA Slc17a7 Glut,0057 MEA Slc17a7 Glut_3,1698,Trhde,75.6,47.1,28.4
012 MEA Slc17a7 Glut,0057 MEA Slc17a7 Glut_3,1698,Pparg,71.6,40.0,31.5
012 MEA Slc17a7 Glut,0055 MEA Slc17a7 Glut_1,1330,Adamtsl1,88.6,53.9,34.7
012 MEA Slc17a7 Glut,0055 MEA Slc17a7 Glut_1,1330,Arhgap6,84.3,53.1,31.2
012 MEA Slc17a7 Glut,0055 MEA Slc17a7 Glut_1,1330,Arhgef28,85.8,60.9,24.9
012 MEA Slc17a7 Glut,0055 MEA Slc17a7 Glut_1,1330,Bdnf,82.6,46.1,36.5
012 MEA Slc17a7 Glut,0055 MEA Slc17a7 Glut_1,1330,Cabp7,66.7,21.4,45.3
012 MEA Slc17a7 Glut,0055 MEA Slc17a7 Glut_1,1330,Cd24a,79.0,11.0,68.1
012 MEA Slc17a7 Glut,0055 MEA Slc17a7 Glut_1,1330,Cdh9,96.0,75.1,20.9
012 MEA Slc17a7 Glut,0055 MEA Slc17a7 Glut_1,1330,Chrm3,98.2,73.7,24.5
012 MEA Slc17a7 Glut,0055 MEA Slc17a7 Glut_1,1330,Cnr1,91.0,52.5,38.5
012 MEA Slc17a7 Glut,0055 MEA Slc17a7 Glut_1,1330,Etv1,83.4,50.8,32.6
012 MEA Slc17a7 Glut,0055 MEA Slc17a7 Glut_1,1330,Fezf2,61.8,24.1,37.7
012 MEA Slc17a7 Glut,0055 MEA Slc17a7 Glut_1,1330,Gpr101,66.2,32.7,33.4
012 MEA Slc17a7 Glut,0055 MEA Slc17a7 Glut_1,1330,Kctd12,92.5,63.8,28.7
012 MEA Slc17a7 Glut,0055 MEA Slc17a7 Glut_1,1330,Kitl,92.6,69.2,23.4
012 MEA Slc17a7 Glut,0055 MEA Slc17a7 Glut_1,1330,Lypd6,61.7,14.0,47.7
012 MEA Slc17a7 Glut,0055 MEA Slc17a7 Glut_1,1330,Matn2,60.8,25.8,34.9
012 MEA Slc17a7 Glut,0055 MEA Slc17a7 Glut_1,1330,Necab1,92.8,64.5,28.2
012 MEA Slc17a7 Glut,0055 MEA Slc17a7 Glut_1,1330,Npr3,84.8,33.2,51.7
012 MEA Slc17a7 Glut,0055 MEA Slc17a7 Glut_1,1330,Npy1r,77.1,55.1,21.9
012 MEA Slc17a7 Glut,0055 MEA Slc17a7 Glut_1,1330,Npy2r,89.2,69.0,20.2
012 MEA Slc17a7 Glut,0055 MEA Slc17a7 Glut_1,1330,Nr4a3,61.7,22.5,39.2
012 MEA Slc17a7 Glut,0055 MEA Slc17a7 Glut_1,1330,Ntsr1,57.4,23.7,33.7
012 MEA Slc17a7 Glut,0055 MEA Slc17a7 Glut_1,1330,Oxtr,73.1,50.7,22.4
012 MEA Slc17a7 Glut,0055 MEA Slc17a7 Glut_1,1330,Parm1,96.3,74.2,22.2
012 MEA Slc17a7 Glut,0055 MEA Slc17a7 Glut_1,1330,Pde11a,91.4,40.8,50.6
012 MEA Slc17a7 Glut,0055 MEA Slc17a7 Glut_1,1330,Prr16,83.1,50.6,32.5
012 MEA Slc17a7 Glut,0055 MEA Slc17a7 Glut_1,1330,Ror1,53.5,9.2,44.2
012 MEA Slc17a7 Glut,0055 MEA Slc17a7 Glut_1,1330,Rspo1,59.5,15.7,43.8
012 MEA Slc17a7 Glut,0055 MEA Slc17a7 Glut_1,1330,Sdk2,67.8,46.9,20.9
012 MEA Slc17a7 Glut,0055 MEA Slc17a7 Glut_1,1330,Slc29a4,84.4,55.1,29.2
012 MEA Slc17a7 Glut,0055 MEA Slc17a7 Glut_1,1330,Slit2,81.5,35.9,45.6
012 MEA Slc17a7 Glut,0055 MEA Slc17a7 Glut_1,1330,Tacr1,84.4,50.2,34.1
012 MEA Slc17a7 Glut,0055 MEA Slc17a7 Glut_1,1330,Tanc1,96.6,51.1,45.5
012 MEA Slc17a7 Glut,0055 MEA Slc17a7 Glut_1,1330,Thsd7b,96.7,70.8,25.9
012 MEA Slc17a7 Glut,0055 MEA Slc17a7 Glut_1,1330,Tmem163,90.0,65.7,24.3
012 MEA Slc17a7 Glut,0055 MEA Slc17a7 Glut_1,1330,Tmem255a,86.1,61.9,24.2
012 MEA Slc17a7 Glut,0055 MEA Slc17a7 Glut_1,1330,Trpc4,60.0,25.1,34.9
012 MEA Slc17a7 Glut,0055 MEA Slc17a7 Glut_1,1330,Zic2,72.5,49.7,22.8
012 MEA Slc17a7 Glut,0055 MEA Slc17a7 Glut_1,1330,Adra2a,59.5,34.6,24.8
012 MEA Slc17a7 Glut,0055 MEA Slc17a7 Glut_1,1330,Esr1,87.2,64.5,22.7
012 MEA Slc17a7 Glut,0055 MEA Slc17a7 Glut_1,1330,Jun,87.7,54.9,32.8
012 MEA Slc17a7 Glut,0055 MEA Slc17a7 Glut_1,1330,Lhx9,86.4,60.6,25.8
012 MEA Slc17a7 Glut,0055 MEA Slc17a7 Glut_1,1330,Pcdh8,95.3,70.1,25.3
012 MEA Slc17a7 Glut,0055 MEA Slc17a7 Glut_1,1330,Rgs2,62.3,41.4,20.9
012 MEA Slc17a7 Glut,0055 MEA Slc17a7 Glut_1,1330,Slc6a1,75.9,52.9,23.0
012 MEA Slc17a7 Glut,0055 MEA Slc17a7 Glut_1,1330,Dio3,66.5,12.9,53.6
012 MEA Slc17a7 Glut,0055 MEA Slc17a7 Glut_1,1330,Maml2,93.8,55.6,38.1
012 MEA Slc17a7 Glut,0055 MEA Slc17a7 Glut_1,1330,Nckap5,92.2,69.0,23.2
012 MEA Slc17a7 Glut,0055 MEA Slc17a7 Glut_1,1330,Plce1,67.7,42.1,25.6
012 MEA Slc17a7 Glut,0055 MEA Slc17a7 Glut_1,1330,Pvt1,90.2,50.8,39.4
012 MEA Slc17a7 Glut,0055 MEA Slc17a7 Glut_1,1330,Rspo3,88.0,29.5,58.5
012 MEA Slc17a7 Glut,0056 MEA Slc17a7 Glut_2,956,Adcyap1r1,68.4,38.4,30.0
012 MEA Slc17a7 Glut,0056 MEA Slc17a7 Glut_2,956,Angpt1,91.8,59.4,32.5
012 MEA Slc17a7 Glut,0056 MEA Slc17a7 Glut_2,956,Baiap3,70.1,22.7,47.4
012 MEA Slc17a7 Glut,0056 MEA Slc17a7 Glut_2,956,Btbd11,51.8,21.2,30.6
012 MEA Slc17a7 Glut,0056 MEA Slc17a7 Glut_2,956,Calb2,62.0,13.3,48.7
012 MEA Slc17a7 Glut,0056 MEA Slc17a7 Glut_2,956,Clmn,78.1,48.9,29.2
012 MEA Slc17a7 Glut,0056 MEA Slc17a7 Glut_2,956,Cntn6,66.0,10.8,55.2
012 MEA Slc17a7 Glut,0056 MEA Slc17a7 Glut_2,956,Cntnap4,58.1,10.5,47.6
012 MEA Slc17a7 Glut,0056 MEA Slc17a7 Glut_2,956,Fhod3,77.2,21.9,55.3
012 MEA Slc17a7 Glut,0056 MEA Slc17a7 Glut_2,956,Fign,56.0,3.2,52.7
012 MEA Slc17a7 Glut,0056 MEA Slc17a7 Glut_2,956,Gfra1,71.9,20.7,51.2
012 MEA Slc17a7 Glut,0056 MEA Slc17a7 Glut_2,956,Grm8,69.5,36.7,32.8
012 MEA Slc17a7 Glut,0056 MEA Slc17a7 Glut_2,956,Hivep1,55.2,13.3,41.9
012 MEA Slc17a7 Glut,0056 MEA Slc17a7 Glut_2,956,Inpp4b,78.0,38.0,40.1
012 MEA Slc17a7 Glut,0056 MEA Slc17a7 Glut_2,956,Nell1,95.8,61.7,34.2
012 MEA Slc17a7 Glut,0056 MEA Slc17a7 Glut_2,956,Neto2,72.2,37.8,34.4
012 MEA Slc17a7 Glut,0056 MEA Slc17a7 Glut_2,956,Plch1,57.4,8.8,48.6
012 MEA Slc17a7 Glut,0056 MEA Slc17a7 Glut_2,956,Plcxd3,58.5,19.4,39.1
012 MEA Slc17a7 Glut,0056 MEA Slc17a7 Glut_2,956,Pld5,79.7,37.6,42.1
012 MEA Slc17a7 Glut,0056 MEA Slc17a7 Glut_2,956,Prox1,71.4,6.9,64.5
012 MEA Slc17a7 Glut,0056 MEA Slc17a7 Glut_2,956,Ptpru,59.7,17.7,42.0
012 MEA Slc17a7 Glut,0056 MEA Slc17a7 Glut_2,956,Rims3,88.1,21.4,66.7
012 MEA Slc17a7 Glut,0056 MEA Slc17a7 Glut_2,956,Rmst,94.5,43.5,51.0
012 MEA Slc17a7 Glut,0056 MEA Slc17a7 Glut_2,956,Scn5a,65.0,3.7,61.3
012 MEA Slc17a7 Glut,0056 MEA Slc17a7 Glut_2,956,Sema5a,84.8,37.4,47.4
012 MEA Slc17a7 Glut,0056 MEA Slc17a7 Glut_2,956,Slc17a6,93.5,22.7,70.8
012 MEA Slc17a7 Glut,0056 MEA Slc17a7 Glut_2,956,Sorcs3,81.4,48.3,33.1
012 MEA Slc17a7 Glut,0056 MEA Slc17a7 Glut_2,956,Syndig1,63.1,35.0,28.0
012 MEA Slc17a7 Glut,0056 MEA Slc17a7 Glut_2,956,Tox,80.6,13.6,67.0
012 MEA Slc17a7 Glut,0056 MEA Slc17a7 Glut_2,956,Tshz2,91.3,19.6,71.7
012 MEA Slc17a7 Glut,0056 MEA Slc17a7 Glut_2,956,Vat1l,85.3,58.2,27.1
012 MEA Slc17a7 Glut,0056 MEA Slc17a7 Glut_2,956,Bhlhe41,68.6,30.8,37.8
012 MEA Slc17a7 Glut,0056 MEA Slc17a7 Glut_2,956,Cdh8,78.3,37.8,40.5
012 MEA Slc17a7 Glut,0056 MEA Slc17a7 Glut_2,956,Dipk2a,60.9,20.6,40.3
012 MEA Slc17a7 Glut,0056 MEA Slc17a7 Glut_2,956,Zfp804b,63.1,33.0,30.1
113 MEA-COA-BMA Ccdc42 Glut,0507 MEA-COA-BMA Ccdc42 Glut_3,8707,Adamts2,68.9,40.9,28.1
113 MEA-COA-BMA Ccdc42 Glut,0507 MEA-COA-BMA Ccdc42 Glut_3,8707,Adra1a,81.6,59.3,22.3
113 MEA-COA-BMA Ccdc42 Glut,0507 MEA-COA-BMA Ccdc42 Glut_3,8707,Bdnf,72.7,45.8,26.9
113 MEA-COA-BMA Ccdc42 Glut,0507 MEA-COA-BMA Ccdc42 Glut_3,8707,Calb1,86.1,65.8,20.3
113 MEA-COA-BMA Ccdc42 Glut,0507 MEA-COA-BMA Ccdc42 Glut_3,8707,Dpy19l1,80.5,51.3,29.2
113 MEA-COA-BMA Ccdc42 Glut,0507 MEA-COA-BMA Ccdc42 Glut_3,8707,Epha4,85.2,58.0,27.2
113 MEA-COA-BMA Ccdc42 Glut,0507 MEA-COA-BMA Ccdc42 Glut_3,8707,Fezf1,56.7,22.6,34.1
113 MEA-COA-BMA Ccdc42 Glut,0507 MEA-COA-BMA Ccdc42 Glut_3,8707,Gpr101,60.0,27.7,32.3
113 MEA-COA-BMA Ccdc42 Glut,0507 MEA-COA-BMA Ccdc42 Glut_3,8707,Htr2c,91.0,54.8,36.2
113 MEA-COA-BMA Ccdc42 Glut,0507 MEA-COA-BMA Ccdc42 Glut_3,8707,Krt9,55.0,32.1,22.9
113 MEA-COA-BMA Ccdc42 Glut,0507 MEA-COA-BMA Ccdc42 Glut_3,8707,Lamb3,69.4,42.7,26.7
113 MEA-COA-BMA Ccdc42 Glut,0507 MEA-COA-BMA Ccdc42 Glut_3,8707,Myo16,60.2,22.8,37.3
113 MEA-COA-BMA Ccdc42 Glut,0507 MEA-COA-BMA Ccdc42 Glut_3,8707,Necab1,86.6,52.9,33.6
113 MEA-COA-BMA Ccdc42 Glut,0507 MEA-COA-BMA Ccdc42 Glut_3,8707,Nell1,89.5,63.8,25.7
113 MEA-COA-BMA Ccdc42 Glut,0507 MEA-COA-BMA Ccdc42 Glut_3,8707,Npy1r,64.1,39.9,24.2
113 MEA-COA-BMA Ccdc42 Glut,0507 MEA-COA-BMA Ccdc42 Glut_3,8707,Oprm1,84.2,63.7,20.5
113 MEA-COA-BMA Ccdc42 Glut,0507 MEA-COA-BMA Ccdc42 Glut_3,8707,Pcsk5,50.2,27.3,22.9
113 MEA-COA-BMA Ccdc42 Glut,0507 MEA-COA-BMA Ccdc42 Glut_3,8707,Penk,77.7,56.8,20.9
113 MEA-COA-BMA Ccdc42 Glut,0507 MEA-COA-BMA Ccdc42 Glut_3,8707,Slit2,95.8,74.0,21.7
113 MEA-COA-BMA Ccdc42 Glut,0507 MEA-COA-BMA Ccdc42 Glut_3,8707,Trhr,76.3,41.4,34.9
113 MEA-COA-BMA Ccdc42 Glut,0507 MEA-COA-BMA Ccdc42 Glut_3,8707,Per3,77.1,55.9,21.3
113 MEA-COA-BMA Ccdc42 Glut,0507 MEA-COA-BMA Ccdc42 Glut_3,8707,Plce1,52.1,28.1,24.1
113 MEA-COA-BMA Ccdc42 Glut,0507 MEA-COA-BMA Ccdc42 Glut_3,8707,Pvt1,80.6,49.4,31.2
113 MEA-COA-BMA Ccdc42 Glut,0507 MEA-COA-BMA Ccdc42 Glut_3,8707,Tafa1,69.3,46.4,23.0
113 MEA-COA-BMA Ccdc42 Glut,0508 MEA-COA-BMA Ccdc42 Glut_4,719,Cck,91.7,32.1,59.6
113 MEA-COA-BMA Ccdc42 Glut,0508 MEA-COA-BMA Ccdc42 Glut_4,719,Cdh6,59.8,17.7,42.1
113 MEA-COA-BMA Ccdc42 Glut,0508 MEA-COA-BMA Ccdc42 Glut_4,719,Cntnap4,62.3,37.8,24.5
113 MEA-COA-BMA Ccdc42 Glut,0508 MEA-COA-BMA Ccdc42 Glut_4,719,Deptor,57.6,21.5,36.1
113 MEA-COA-BMA Ccdc42 Glut,0508 MEA-COA-BMA Ccdc42 Glut_4,719,Galnt14,54.5,32.3,22.2
113 MEA-COA-BMA Ccdc42 Glut,0508 MEA-COA-BMA Ccdc42 Glut_4,719,Maml3,72.0,45.2,26.8
113 MEA-COA-BMA Ccdc42 Glut,0508 MEA-COA-BMA Ccdc42 Glut_4,719,Meis2,86.9,28.3,58.7
113 MEA-COA-BMA Ccdc42 Glut,0508 MEA-COA-BMA Ccdc42 Glut_4,719,Pcsk1,71.2,49.9,21.3
113 MEA-COA-BMA Ccdc42 Glut,0508 MEA-COA-BMA Ccdc42 Glut_4,719,Thsd7a,62.2,30.9,31.3
113 MEA-COA-BMA Ccdc42 Glut,0508 MEA-COA-BMA Ccdc42 Glut_4,719,Vwc2l,62.9,40.9,22.0
113 MEA-COA-BMA Ccdc42 Glut,0508 MEA-COA-BMA Ccdc42 Glut_4,719,Zfpm2,89.4,42.6,46.8
113 MEA-COA-BMA Ccdc42 Glut,0508 MEA-COA-BMA Ccdc42 Glut_4,719,Lhx9,64.5,17.0,47.6
113 MEA-COA-BMA Ccdc42 Glut,0508 MEA-COA-BMA Ccdc42 Glut_4,719,Pcdh8,68.4,46.5,21.9
113 MEA-COA-BMA Ccdc42 Glut,0508 MEA-COA-BMA Ccdc42 Glut_4,719,Slc6a1,84.4,62.7,21.7
113 MEA-COA-BMA Ccdc42 Glut,0508 MEA-COA-BMA Ccdc42 Glut_4,719,Meis1,85.5,7.7,77.9
113 MEA-COA-BMA Ccdc42 Glut,0506 MEA-COA-BMA Ccdc42 Glut_2,147,Angpt1,62.6,18.7,43.9
113 MEA-COA-BMA Ccdc42 Glut,0506 MEA-COA-BMA Ccdc42 Glut_2,147,Bcl11b,72.8,51.0,21.8
113 MEA-COA-BMA Ccdc42 Glut,0506 MEA-COA-BMA Ccdc42 Glut_2,147,Crhr1,62.6,38.8,23.8
113 MEA-COA-BMA Ccdc42 Glut,0506 MEA-COA-BMA Ccdc42 Glut_2,147,Egr1,89.8,62.0,27.8
113 MEA-COA-BMA Ccdc42 Glut,0506 MEA-COA-BMA Ccdc42 Glut_2,147,Galnt14,76.9,33.3,43.5
113 MEA-COA-BMA Ccdc42 Glut,0506 MEA-COA-BMA Ccdc42 Glut_2,147,Gfra1,55.1,22.7,32.4
113 MEA-COA-BMA Ccdc42 Glut,0506 MEA-COA-BMA Ccdc42 Glut_2,147,Gfra2,57.8,24.6,33.2
113 MEA-COA-BMA Ccdc42 Glut,0506 MEA-COA-BMA Ccdc42 Glut_2,147,Grik3,77.6,49.7,27.8
113 MEA-COA-BMA Ccdc42 Glut,0506 MEA-COA-BMA Ccdc42 Glut_2,147,Gucy1a1,87.8,67.4,20.3
113 MEA-COA-BMA Ccdc42 Glut,0506 MEA-COA-BMA Ccdc42 Glut_2,147,Id2,91.8,63.7,28.2
113 MEA-COA-BMA Ccdc42 Glut,0506 MEA-COA-BMA Ccdc42 Glut_2,147,Klf10,58.5,33.9,24.6
113 MEA-COA-BMA Ccdc42 Glut,0506 MEA-COA-BMA Ccdc42 Glut_2,147,Pdzd2,85.7,58.8,26.9
113 MEA-COA-BMA Ccdc42 Glut,0506 MEA-COA-BMA Ccdc42 Glut_2,147,Pld5,96.6,66.5,30.1
113 MEA-COA-BMA Ccdc42 Glut,0506 MEA-COA-BMA Ccdc42 Glut_2,147,Slc17a7,74.8,9.4,65.4
113 MEA-COA-BMA Ccdc42 Glut,0506 MEA-COA-BMA Ccdc42 Glut_2,147,Sox5,83.7,32.4,51.3
113 MEA-COA-BMA Ccdc42 Glut,0506 MEA-COA-BMA Ccdc42 Glut_2,147,Syndig1,78.2,53.1,25.2
113 MEA-COA-BMA Ccdc42 Glut,0506 MEA-COA-BMA Ccdc42 Glut_2,147,Tox,90.5,45.7,44.8
113 MEA-COA-BMA Ccdc42 Glut,0506 MEA-COA-BMA Ccdc42 Glut_2,147,Adamts17,74.8,40.6,34.2
113 MEA-COA-BMA Ccdc42 Glut,0506 MEA-COA-BMA Ccdc42 Glut_2,147,Tafa1,89.1,66.8,22.4
113 MEA-COA-BMA Ccdc42 Glut,0505 MEA-COA-BMA Ccdc42 Glut_1,81,Adamtsl1,54.3,11.4,42.9
113 MEA-COA-BMA Ccdc42 Glut,0505 MEA-COA-BMA Ccdc42 Glut_1,81,Cck,66.7,36.3,30.4
113 MEA-COA-BMA Ccdc42 Glut,0505 MEA-COA-BMA Ccdc42 Glut_1,81,Gfra1,79.0,22.7,56.3
113 MEA-COA-BMA Ccdc42 Glut,0505 MEA-COA-BMA Ccdc42 Glut_1,81,Hs3st2,66.7,19.3,47.4
113 MEA-COA-BMA Ccdc42 Glut,0505 MEA-COA-BMA Ccdc42 Glut_1,81,Igfbp5,84.0,49.8,34.2
113 MEA-COA-BMA Ccdc42 Glut,0505 MEA-COA-BMA Ccdc42 Glut_1,81,Igfbp6,58.0,34.4,23.6
113 MEA-COA-BMA Ccdc42 Glut,0505 MEA-COA-BMA Ccdc42 Glut_1,81,Igsf21,50.6,23.9,26.7
113 MEA-COA-BMA Ccdc42 Glut,0505 MEA-COA-BMA Ccdc42 Glut_1,81,Klf10,54.3,34.1,20.2
113 MEA-COA-BMA Ccdc42 Glut,0505 MEA-COA-BMA Ccdc42 Glut_1,81,Maml3,87.7,46.9,40.8
113 MEA-COA-BMA Ccdc42 Glut,0505 MEA-COA-BMA Ccdc42 Glut_1,81,Ndst4,54.3,34.3,20.0
113 MEA-COA-BMA Ccdc42 Glut,0505 MEA-COA-BMA Ccdc42 Glut_1,81,Npy2r,69.1,25.1,44.0
113 MEA-COA-BMA Ccdc42 Glut,0505 MEA-COA-BMA Ccdc42 Glut_1,81,Nxph3,61.7,7.6,54.1
113 MEA-COA-BMA Ccdc42 Glut,0505 MEA-COA-BMA Ccdc42 Glut_1,81,Pkib,82.7,50.2,32.6
113 MEA-COA-BMA Ccdc42 Glut,0505 MEA-COA-BMA Ccdc42 Glut_1,81,Plch1,72.8,14.9,57.9
113 MEA-COA-BMA Ccdc42 Glut,0505 MEA-COA-BMA Ccdc42 Glut_1,81,Sim1,55.6,13.4,42.1
113 MEA-COA-BMA Ccdc42 Glut,0505 MEA-COA-BMA Ccdc42 Glut_1,81,Sox5,70.4,32.8,37.5
113 MEA-COA-BMA Ccdc42 Glut,0505 MEA-COA-BMA Ccdc42 Glut_1,81,Synpr,55.6,18.9,36.6
113 MEA-COA-BMA Ccdc42 Glut,0505 MEA-COA-BMA Ccdc42 Glut_1,81,Lhx9,59.3,20.2,39.1
113 MEA-COA-BMA Ccdc42 Glut,0505 MEA-COA-BMA Ccdc42 Glut_1,81,Sulf1,50.6,28.8,21.8
121 MEA-BST Otp Zic2 Glut,0540 MEA-BST Otp Zic2 Glut_2,789,Angpt1,89.1,44.6,44.5
121 MEA-BST Otp Zic2 Glut,0540 MEA-BST Otp Zic2 Glut_2,789,Bhlhe40,86.7,60.7,26.0
121 MEA-BST Otp Zic2 Glut,0540 MEA-BST Otp Zic2 Glut_2,789,Calb1,97.3,76.6,20.7
121 MEA-BST Otp Zic2 Glut,0540 MEA-BST Otp Zic2 Glut_2,789,Calb2,91.3,59.9,31.4
121 MEA-BST Otp Zic2 Glut,0540 MEA-BST Otp Zic2 Glut_2,789,Cbln1,92.8,20.4,72.4
121 MEA-BST Otp Zic2 Glut,0540 MEA-BST Otp Zic2 Glut_2,789,Chrm2,56.8,36.1,20.7
121 MEA-BST Otp Zic2 Glut,0540 MEA-BST Otp Zic2 Glut_2,789,Cnr1,75.9,43.3,32.6
121 MEA-BST Otp Zic2 Glut,0540 MEA-BST Otp Zic2 Glut_2,789,Grm8,89.0,48.1,40.9
121 MEA-BST Otp Zic2 Glut,0540 MEA-BST Otp Zic2 Glut_2,789,Inpp4b,87.1,55.4,31.7
121 MEA-BST Otp Zic2 Glut,0540 MEA-BST Otp Zic2 Glut_2,789,Kcnh5,88.3,18.2,70.1
121 MEA-BST Otp Zic2 Glut,0540 MEA-BST Otp Zic2 Glut_2,789,Kctd12,51.8,15.0,36.8
121 MEA-BST Otp Zic2 Glut,0540 MEA-BST Otp Zic2 Glut_2,789,Mapk4,72.5,37.3,35.2
121 MEA-BST Otp Zic2 Glut,0540 MEA-BST Otp Zic2 Glut_2,789,Ndst3,84.4,56.0,28.4
121 MEA-BST Otp Zic2 Glut,0540 MEA-BST Otp Zic2 Glut_2,789,Necab1,76.6,53.6,22.9
121 MEA-BST Otp Zic2 Glut,0540 MEA-BST Otp Zic2 Glut_2,789,Npy1r,66.8,43.6,23.2
121 MEA-BST Otp Zic2 Glut,0540 MEA-BST Otp Zic2 Glut_2,789,Otof,76.8,49.8,27.0
121 MEA-BST Otp Zic2 Glut,0540 MEA-BST Otp Zic2 Glut_2,789,Parm1,82.1,58.6,23.5
121 MEA-BST Otp Zic2 Glut,0540 MEA-BST Otp Zic2 Glut_2,789,Pcsk1,66.3,45.1,21.2
121 MEA-BST Otp Zic2 Glut,0540 MEA-BST Otp Zic2 Glut_2,789,Pcsk5,74.7,38.0,36.7
121 MEA-BST Otp Zic2 Glut,0540 MEA-BST Otp Zic2 Glut_2,789,Plcxd3,69.2,28.1,41.1
121 MEA-BST Otp Zic2 Glut,0540 MEA-BST Otp Zic2 Glut_2,789,Ptpru,54.6,33.9,20.7
121 MEA-BST Otp Zic2 Glut,0540 MEA-BST Otp Zic2 Glut_2,789,Rab3b,61.0,19.7,41.2
121 MEA-BST Otp Zic2 Glut,0540 MEA-BST Otp Zic2 Glut_2,789,Sim1,95.9,74.5,21.5
121 MEA-BST Otp Zic2 Glut,0540 MEA-BST Otp Zic2 Glut_2,789,Slc39a12,51.3,8.2,43.2
121 MEA-BST Otp Zic2 Glut,0540 MEA-BST Otp Zic2 Glut_2,789,Strip2,52.9,10.9,41.9
121 MEA-BST Otp Zic2 Glut,0540 MEA-BST Otp Zic2 Glut_2,789,Trhr,95.3,54.9,40.4
121 MEA-BST Otp Zic2 Glut,0540 MEA-BST Otp Zic2 Glut_2,789,Zfp536,94.3,50.6,43.7
121 MEA-BST Otp Zic2 Glut,0540 MEA-BST Otp Zic2 Glut_2,789,Zic1,82.1,48.7,33.4
121 MEA-BST Otp Zic2 Glut,0540 MEA-BST Otp Zic2 Glut_2,789,Adcyap1,96.8,45.7,51.1
121 MEA-BST Otp Zic2 Glut,0540 MEA-BST Otp Zic2 Glut_2,789,Ddc,52.6,17.2,35.4
121 MEA-BST Otp Zic2 Glut,0540 MEA-BST Otp Zic2 Glut_2,789,Esr1,87.3,66.1,21.2
121 MEA-BST Otp Zic2 Glut,0540 MEA-BST Otp Zic2 Glut_2,789,Grin3a,56.3,33.9,22.4
121 MEA-BST Otp Zic2 Glut,0540 MEA-BST Otp Zic2 Glut_2,789,Npas2,78.8,48.3,30.6
121 MEA-BST Otp Zic2 Glut,0540 MEA-BST Otp Zic2 Glut_2,789,Adamts17,87.8,50.6,37.2
121 MEA-BST Otp Zic2 Glut,0540 MEA-BST Otp Zic2 Glut_2,789,Gpx3,84.2,62.9,21.3
121 MEA-BST Otp Zic2 Glut,0540 MEA-BST Otp Zic2 Glut_2,789,Minar1,56.3,17.4,38.9
121 MEA-BST Otp Zic2 Glut,0540 MEA-BST Otp Zic2 Glut_2,789,Nckap5,66.2,45.9,20.2
121 MEA-BST Otp Zic2 Glut,0540 MEA-BST Otp Zic2 Glut_2,789,Pde1c,78.5,26.2,52.3
121 MEA-BST Otp Zic2 Glut,0540 MEA-BST Otp Zic2 Glut_2,789,Plcl1,72.0,44.2,27.8
121 MEA-BST Otp Zic2 Glut,0540 MEA-BST Otp Zic2 Glut_2,789,Trhde,96.6,68.7,27.9
121 MEA-BST Otp Zic2 Glut,0540 MEA-BST Otp Zic2 Glut_2,789,Trpm3,74.8,51.9,22.8
121 MEA-BST Otp Zic2 Glut,0541 MEA-BST Otp Zic2 Glut_3,283,Bcl11b,54.1,33.8,20.2
121 MEA-BST Otp Zic2 Glut,0541 MEA-BST Otp Zic2 Glut_3,283,Calcrl,73.5,38.5,35.0
121 MEA-BST Otp Zic2 Glut,0541 MEA-BST Otp Zic2 Glut_3,283,Cdh9,84.8,49.8,35.0
121 MEA-BST Otp Zic2 Glut,0541 MEA-BST Otp Zic2 Glut_3,283,Chrm1,81.3,44.0,37.2
121 MEA-BST Otp Zic2 Glut,0541 MEA-BST Otp Zic2 Glut_3,283,Chrm3,79.2,42.5,36.7
121 MEA-BST Otp Zic2 Glut,0541 MEA-BST Otp Zic2 Glut_3,283,Cnih3,90.5,62.0,28.4
121 MEA-BST Otp Zic2 Glut,0541 MEA-BST Otp Zic2 Glut_3,283,Col6a1,66.1,32.1,34.0
121 MEA-BST Otp Zic2 Glut,0541 MEA-BST Otp Zic2 Glut_3,283,Cpne4,82.7,59.6,23.1
121 MEA-BST Otp Zic2 Glut,0541 MEA-BST Otp Zic2 Glut_3,283,Ebf3,80.2,0.5,79.7
121 MEA-BST Otp Zic2 Glut,0541 MEA-BST Otp Zic2 Glut_3,283,Epha4,84.1,61.4,22.7
121 MEA-BST Otp Zic2 Glut,0541 MEA-BST Otp Zic2 Glut_3,283,Fezf1,60.8,40.2,20.6
121 MEA-BST Otp Zic2 Glut,0541 MEA-BST Otp Zic2 Glut_3,283,Gucy1a1,86.6,49.1,37.5
121 MEA-BST Otp Zic2 Glut,0541 MEA-BST Otp Zic2 Glut_3,283,Hpcal1,84.8,60.9,23.9
121 MEA-BST Otp Zic2 Glut,0541 MEA-BST Otp Zic2 Glut_3,283,Id2,65.7,16.9,48.9
121 MEA-BST Otp Zic2 Glut,0541 MEA-BST Otp Zic2 Glut_3,283,Kctd8,82.0,58.2,23.7
121 MEA-BST Otp Zic2 Glut,0541 MEA-BST Otp Zic2 Glut_3,283,Neurod2,51.6,4.2,47.4
121 MEA-BST Otp Zic2 Glut,0541 MEA-BST Otp Zic2 Glut_3,283,Npr3,53.4,14.3,39.1
121 MEA-BST Otp Zic2 Glut,0541 MEA-BST Otp Zic2 Glut_3,283,Nr2f2,99.6,69.0,30.6
121 MEA-BST Otp Zic2 Glut,0541 MEA-BST Otp Zic2 Glut_3,283,Pkib,84.1,56.4,27.7
121 MEA-BST Otp Zic2 Glut,0541 MEA-BST Otp Zic2 Glut_3,283,Scn5a,93.6,73.6,20.1
121 MEA-BST Otp Zic2 Glut,0541 MEA-BST Otp Zic2 Glut_3,283,Sdk2,66.1,44.1,21.9
121 MEA-BST Otp Zic2 Glut,0541 MEA-BST Otp Zic2 Glut_3,283,Slc17a7,70.0,14.2,55.8
121 MEA-BST Otp Zic2 Glut,0541 MEA-BST Otp Zic2 Glut_3,283,Sntb1,91.2,33.4,57.7
121 MEA-BST Otp Zic2 Glut,0541 MEA-BST Otp Zic2 Glut_3,283,Sstr2,52.3,31.8,20.5
121 MEA-BST Otp Zic2 Glut,0541 MEA-BST Otp Zic2 Glut_3,283,Tac1,77.7,19.5,58.2
121 MEA-BST Otp Zic2 Glut,0541 MEA-BST Otp Zic2 Glut_3,283,Thsd7b,92.9,62.7,30.3
121 MEA-BST Otp Zic2 Glut,0541 MEA-BST Otp Zic2 Glut_3,283,Tmem132d,90.5,66.5,24.0
121 MEA-BST Otp Zic2 Glut,0541 MEA-BST Otp Zic2 Glut_3,283,Trpc4,77.4,45.7,31.7
121 MEA-BST Otp Zic2 Glut,0541 MEA-BST Otp Zic2 Glut_3,283,Wfs1,65.4,41.5,23.9
121 MEA-BST Otp Zic2 Glut,0541 MEA-BST Otp Zic2 Glut_3,283,Lypd1,74.6,54.5,20.0
121 MEA-BST Otp Zic2 Glut,0541 MEA-BST Otp Zic2 Glut_3,283,Myo1b,66.1,45.4,20.7
121 MEA-BST Otp Zic2 Glut,0539 MEA-BST Otp Zic2 Glut_1,183,Bcl11b,73.8,32.4,41.4
121 MEA-BST Otp Zic2 Glut,0539 MEA-BST Otp Zic2 Glut_1,183,Chrm3,89.6,44.1,45.5
121 MEA-BST Otp Zic2 Glut,0539 MEA-BST Otp Zic2 Glut_1,183,Cnih3,86.3,65.4,20.9
121 MEA-BST Otp Zic2 Glut,0539 MEA-BST Otp Zic2 Glut_1,183,Cntnap4,86.3,63.0,23.4
121 MEA-BST Otp Zic2 Glut,0539 MEA-BST Otp Zic2 Glut_1,183,Dkk3,58.5,37.4,21.1
121 MEA-BST Otp Zic2 Glut,0539 MEA-BST Otp Zic2 Glut_1,183,Fezf1,65.0,41.4,23.6
121 MEA-BST Otp Zic2 Glut,0539 MEA-BST Otp Zic2 Glut_1,183,Gucy1a1,74.9,54.6,20.3
121 MEA-BST Otp Zic2 Glut,0539 MEA-BST Otp Zic2 Glut_1,183,Htr2c,97.3,74.4,22.8
121 MEA-BST Otp Zic2 Glut,0539 MEA-BST Otp Zic2 Glut_1,183,Kctd8,85.8,59.8,26.0
121 MEA-BST Otp Zic2 Glut,0539 MEA-BST Otp Zic2 Glut_1,183,Mdga1,76.5,46.4,30.1
121 MEA-BST Otp Zic2 Glut,0539 MEA-BST Otp Zic2 Glut_1,183,Nr2f2,95.6,72.6,23.1
121 MEA-BST Otp Zic2 Glut,0539 MEA-BST Otp Zic2 Glut_1,183,Oprm1,76.0,52.3,23.6
121 MEA-BST Otp Zic2 Glut,0539 MEA-BST Otp Zic2 Glut_1,183,Syndig1,88.0,63.2,24.7
121 MEA-BST Otp Zic2 Glut,0539 MEA-BST Otp Zic2 Glut_1,183,Syt17,53.6,31.2,22.3
121 MEA-BST Otp Zic2 Glut,0539 MEA-BST Otp Zic2 Glut_1,183,Thsd7b,95.6,65.0,30.6
121 MEA-BST Otp Zic2 Glut,0539 MEA-BST Otp Zic2 Glut_1,183,Zic1,93.4,65.7,27.8
121 MEA-BST Otp Zic2 Glut,0539 MEA-BST Otp Zic2 Glut_1,183,Lrrtm2,76.5,56.2,20.3
121 MEA-BST Otp Zic2 Glut,0539 MEA-BST Otp Zic2 Glut_1,183,Slc6a1,97.3,75.1,22.2
121 MEA-BST Otp Zic2 Glut,0539 MEA-BST Otp Zic2 Glut_1,183,Plpp4,65.6,9.3,56.2
121 MEA-BST Otp Zic2 Glut,0539 MEA-BST Otp Zic2 Glut_1,183,Trpc3,51.9,20.7,31.2
119 SI-MA-LPO-LHA Skor1 Glut,0535 SI-MA-LPO-LHA Skor1 Glut_6,726,Bdnf,78.2,45.0,33.2
119 SI-MA-LPO-LHA Skor1 Glut,0535 SI-MA-LPO-LHA Skor1 Glut_6,726,Cbln2,69.6,40.4,29.2
119 SI-MA-LPO-LHA Skor1 Glut,0535 SI-MA-LPO-LHA Skor1 Glut_6,726,Cck,63.4,23.2,40.2
119 SI-MA-LPO-LHA Skor1 Glut,0535 SI-MA-LPO-LHA Skor1 Glut_6,726,Cdh4,98.6,77.6,21.0
119 SI-MA-LPO-LHA Skor1 Glut,0535 SI-MA-LPO-LHA Skor1 Glut_6,726,Cdh6,78.8,31.0,47.8
119 SI-MA-LPO-LHA Skor1 Glut,0535 SI-MA-LPO-LHA Skor1 Glut_6,726,Cntn6,82.5,61.5,21.0
119 SI-MA-LPO-LHA Skor1 Glut,0535 SI-MA-LPO-LHA Skor1 Glut_6,726,Dpyd,54.0,28.5,25.5
119 SI-MA-LPO-LHA Skor1 Glut,0535 SI-MA-LPO-LHA Skor1 Glut_6,726,Hcrtr2,65.4,40.0,25.4
119 SI-MA-LPO-LHA Skor1 Glut,0535 SI-MA-LPO-LHA Skor1 Glut_6,726,Htr1f,69.8,47.4,22.4
119 SI-MA-LPO-LHA Skor1 Glut,0535 SI-MA-LPO-LHA Skor1 Glut_6,726,Id2,80.9,48.8,32.1
119 SI-MA-LPO-LHA Skor1 Glut,0535 SI-MA-LPO-LHA Skor1 Glut_6,726,Lypd6,70.8,20.5,50.3
119 SI-MA-LPO-LHA Skor1 Glut,0535 SI-MA-LPO-LHA Skor1 Glut_6,726,Mapk4,80.3,57.0,23.3
119 SI-MA-LPO-LHA Skor1 Glut,0535 SI-MA-LPO-LHA Skor1 Glut_6,726,Meis2,88.4,52.6,35.8
119 SI-MA-LPO-LHA Skor1 Glut,0535 SI-MA-LPO-LHA Skor1 Glut_6,726,Ndst4,91.0,67.1,24.0
119 SI-MA-LPO-LHA Skor1 Glut,0535 SI-MA-LPO-LHA Skor1 Glut_6,726,Necab1,51.8,29.0,22.8
119 SI-MA-LPO-LHA Skor1 Glut,0535 SI-MA-LPO-LHA Skor1 Glut_6,726,Nos1,89.4,48.1,41.3
119 SI-MA-LPO-LHA Skor1 Glut,0535 SI-MA-LPO-LHA Skor1 Glut_6,726,Nxph4,94.4,50.3,44.1
119 SI-MA-LPO-LHA Skor1 Glut,0535 SI-MA-LPO-LHA Skor1 Glut_6,726,Oprm1,73.0,46.2,26.8
119 SI-MA-LPO-LHA Skor1 Glut,0535 SI-MA-LPO-LHA Skor1 Glut_6,726,Pcsk1,78.5,41.3,37.2
119 SI-MA-LPO-LHA Skor1 Glut,0535 SI-MA-LPO-LHA Skor1 Glut_6,726,Plcxd3,99.6,73.7,25.9
119 SI-MA-LPO-LHA Skor1 Glut,0535 SI-MA-LPO-LHA Skor1 Glut_6,726,Ptpru,92.0,70.6,21.4
119 SI-MA-LPO-LHA Skor1 Glut,0535 SI-MA-LPO-LHA Skor1 Glut_6,726,Sema3a,96.0,44.2,51.9
119 SI-MA-LPO-LHA Skor1 Glut,0535 SI-MA-LPO-LHA Skor1 Glut_6,726,Sema3e,77.7,37.5,40.2
119 SI-MA-LPO-LHA Skor1 Glut,0535 SI-MA-LPO-LHA Skor1 Glut_6,726,Sema5a,58.3,26.8,31.4
119 SI-MA-LPO-LHA Skor1 Glut,0535 SI-MA-LPO-LHA Skor1 Glut_6,726,Shisa6,98.8,59.4,39.3
119 SI-MA-LPO-LHA Skor1 Glut,0535 SI-MA-LPO-LHA Skor1 Glut_6,726,Sorcs3,93.3,71.1,22.1
119 SI-MA-LPO-LHA Skor1 Glut,0535 SI-MA-LPO-LHA Skor1 Glut_6,726,Sox5,94.9,63.8,31.1
119 SI-MA-LPO-LHA Skor1 Glut,0535 SI-MA-LPO-LHA Skor1 Glut_6,726,Trpc4,70.5,42.7,27.8
119 SI-MA-LPO-LHA Skor1 Glut,0535 SI-MA-LPO-LHA Skor1 Glut_6,726,Unc13c,91.3,57.8,33.5
119 SI-MA-LPO-LHA Skor1 Glut,0535 SI-MA-LPO-LHA Skor1 Glut_6,726,Adra2a,59.1,33.4,25.7
119 SI-MA-LPO-LHA Skor1 Glut,0535 SI-MA-LPO-LHA Skor1 Glut_6,726,Jun,51.1,28.4,22.7
119 SI-MA-LPO-LHA Skor1 Glut,0535 SI-MA-LPO-LHA Skor1 Glut_6,726,Scg2,89.9,69.8,20.1
119 SI-MA-LPO-LHA Skor1 Glut,0535 SI-MA-LPO-LHA Skor1 Glut_6,726,Lin7a,78.7,53.7,24.9
119 SI-MA-LPO-LHA Skor1 Glut,0535 SI-MA-LPO-LHA Skor1 Glut_6,726,Spon1,83.3,31.6,51.8
119 SI-MA-LPO-LHA Skor1 Glut,0535 SI-MA-LPO-LHA Skor1 Glut_6,726,Trhde,95.5,71.0,24.4
119 SI-MA-LPO-LHA Skor1 Glut,0535 SI-MA-LPO-LHA Skor1 Glut_6,726,Trpc3,61.4,35.6,25.9
119 SI-MA-LPO-LHA Skor1 Glut,0531 SI-MA-LPO-LHA Skor1 Glut_2,471,Bcl11b,89.2,38.0,51.1
119 SI-MA-LPO-LHA Skor1 Glut,0531 SI-MA-LPO-LHA Skor1 Glut_2,471,Bhlhe22,55.6,11.6,44.0
119 SI-MA-LPO-LHA Skor1 Glut,0531 SI-MA-LPO-LHA Skor1 Glut_2,471,Cabp7,57.7,30.7,27.0
119 SI-MA-LPO-LHA Skor1 Glut,0531 SI-MA-LPO-LHA Skor1 Glut_2,471,Cdh13,98.5,58.9,39.6
119 SI-MA-LPO-LHA Skor1 Glut,0531 SI-MA-LPO-LHA Skor1 Glut_2,471,Cdh20,53.9,21.1,32.8
119 SI-MA-LPO-LHA Skor1 Glut,0531 SI-MA-LPO-LHA Skor1 Glut_2,471,Dpy19l1,80.7,55.4,25.3
119 SI-MA-LPO-LHA Skor1 Glut,0531 SI-MA-LPO-LHA Skor1 Glut_2,471,Gucy1a1,83.9,56.2,27.7
119 SI-MA-LPO-LHA Skor1 Glut,0531 SI-MA-LPO-LHA Skor1 Glut_2,471,Ndst4,98.1,68.7,29.4
119 SI-MA-LPO-LHA Skor1 Glut,0531 SI-MA-LPO-LHA Skor1 Glut_2,471,Nell1,89.6,45.8,43.8
119 SI-MA-LPO-LHA Skor1 Glut,0531 SI-MA-LPO-LHA Skor1 Glut_2,471,Nfib,84.7,36.2,48.5
119 SI-MA-LPO-LHA Skor1 Glut,0531 SI-MA-LPO-LHA Skor1 Glut_2,471,Pdzd2,73.9,51.6,22.3
119 SI-MA-LPO-LHA Skor1 Glut,0531 SI-MA-LPO-LHA Skor1 Glut_2,471,Sdk2,82.4,61.7,20.7
119 SI-MA-LPO-LHA Skor1 Glut,0531 SI-MA-LPO-LHA Skor1 Glut_2,471,Sgk1,73.7,50.8,22.9
119 SI-MA-LPO-LHA Skor1 Glut,0531 SI-MA-LPO-LHA Skor1 Glut_2,471,Adamts17,52.0,22.9,29.1
119 SI-MA-LPO-LHA Skor1 Glut,0531 SI-MA-LPO-LHA Skor1 Glut_2,471,Masp1,59.9,8.3,51.6
119 SI-MA-LPO-LHA Skor1 Glut,0531 SI-MA-LPO-LHA Skor1 Glut_2,471,Piezo2,59.4,9.4,50.1
119 SI-MA-LPO-LHA Skor1 Glut,0531 SI-MA-LPO-LHA Skor1 Glut_2,471,Rspo3,78.8,37.7,41.0
119 SI-MA-LPO-LHA Skor1 Glut,0534 SI-MA-LPO-LHA Skor1 Glut_5,238,Coch,57.1,24.2,33.0
119 SI-MA-LPO-LHA Skor1 Glut,0534 SI-MA-LPO-LHA Skor1 Glut_5,238,Cux2,57.1,37.1,20.1
119 SI-MA-LPO-LHA Skor1 Glut,0534 SI-MA-LPO-LHA Skor1 Glut_5,238,Dkk3,50.0,21.3,28.7
119 SI-MA-LPO-LHA Skor1 Glut,0534 SI-MA-LPO-LHA Skor1 Glut_5,238,Eya4,50.8,2.7,48.2
119 SI-MA-LPO-LHA Skor1 Glut,0534 SI-MA-LPO-LHA Skor1 Glut_5,238,Gad2,74.4,41.5,32.9
119 SI-MA-LPO-LHA Skor1 Glut,0534 SI-MA-LPO-LHA Skor1 Glut_5,238,Grm8,87.0,64.7,22.3
119 SI-MA-LPO-LHA Skor1 Glut,0534 SI-MA-LPO-LHA Skor1 Glut_5,238,Gucy1a1,81.9,59.7,22.2
119 SI-MA-LPO-LHA Skor1 Glut,0534 SI-MA-LPO-LHA Skor1 Glut_5,238,Kitl,68.9,34.0,34.9
119 SI-MA-LPO-LHA Skor1 Glut,0534 SI-MA-LPO-LHA Skor1 Glut_5,238,Nfib,72.7,43.5,29.2
119 SI-MA-LPO-LHA Skor1 Glut,0534 SI-MA-LPO-LHA Skor1 Glut_5,238,Npy1r,50.0,6.7,43.3
119 SI-MA-LPO-LHA Skor1 Glut,0534 SI-MA-LPO-LHA Skor1 Glut_5,238,Pld5,67.2,25.8,41.4
119 SI-MA-LPO-LHA Skor1 Glut,0534 SI-MA-LPO-LHA Skor1 Glut_5,238,Sema5b,79.0,47.6,31.4
119 SI-MA-LPO-LHA Skor1 Glut,0534 SI-MA-LPO-LHA Skor1 Glut_5,238,Sfrp1,50.8,17.2,33.6
119 SI-MA-LPO-LHA Skor1 Glut,0534 SI-MA-LPO-LHA Skor1 Glut_5,238,Tcf7l2,99.2,38.2,61.0
119 SI-MA-LPO-LHA Skor1 Glut,0534 SI-MA-LPO-LHA Skor1 Glut_5,238,Thsd7a,90.8,65.3,25.5
119 SI-MA-LPO-LHA Skor1 Glut,0534 SI-MA-LPO-LHA Skor1 Glut_5,238,Vwc2l,84.9,43.6,41.3
119 SI-MA-LPO-LHA Skor1 Glut,0534 SI-MA-LPO-LHA Skor1 Glut_5,238,Zic1,95.0,24.1,70.9
119 SI-MA-LPO-LHA Skor1 Glut,0534 SI-MA-LPO-LHA Skor1 Glut_5,238,Zic2,56.3,16.9,39.4
119 SI-MA-LPO-LHA Skor1 Glut,0534 SI-MA-LPO-LHA Skor1 Glut_5,238,Gria3,100.0,77.8,22.2
119 SI-MA-LPO-LHA Skor1 Glut,0534 SI-MA-LPO-LHA Skor1 Glut_5,238,Arhgap15,65.1,12.6,52.5
119 SI-MA-LPO-LHA Skor1 Glut,0534 SI-MA-LPO-LHA Skor1 Glut_5,238,Gm10754,55.5,23.3,32.1
119 SI-MA-LPO-LHA Skor1 Glut,0534 SI-MA-LPO-LHA Skor1 Glut_5,238,Hs3st1,50.0,23.0,27.0
119 SI-MA-LPO-LHA Skor1 Glut,0534 SI-MA-LPO-LHA Skor1 Glut_5,238,Myo1b,55.9,35.8,20.0
119 SI-MA-LPO-LHA Skor1 Glut,0534 SI-MA-LPO-LHA Skor1 Glut_5,238,Neto1,85.3,46.8,38.5
119 SI-MA-LPO-LHA Skor1 Glut,0534 SI-MA-LPO-LHA Skor1 Glut_5,238,Plcl1,96.2,55.0,41.2
119 SI-MA-LPO-LHA Skor1 Glut,0534 SI-MA-LPO-LHA Skor1 Glut_5,238,Rspo3,81.1,42.4,38.7
119 SI-MA-LPO-LHA Skor1 Glut,0534 SI-MA-LPO-LHA Skor1 Glut_5,238,Tafa1,89.9,47.7,42.2
119 SI-MA-LPO-LHA Skor1 Glut,0534 SI-MA-LPO-LHA Skor1 Glut_5,238,Zfp804b,96.2,74.4,21.9
119 SI-MA-LPO-LHA Skor1 Glut,0532 SI-MA-LPO-LHA Skor1 Glut_3,227,Angpt1,57.7,14.4,43.3
119 SI-MA-LPO-LHA Skor1 Glut,0532 SI-MA-LPO-LHA Skor1 Glut_3,227,Cbln4,58.6,28.6,30.0
119 SI-MA-LPO-LHA Skor1 Glut,0532 SI-MA-LPO-LHA Skor1 Glut_3,227,Cdh13,85.5,65.3,20.1
119 SI-MA-LPO-LHA Skor1 Glut,0532 SI-MA-LPO-LHA Skor1 Glut_3,227,Cdh20,64.8,24.0,40.8
119 SI-MA-LPO-LHA Skor1 Glut,0532 SI-MA-LPO-LHA Skor1 Glut_3,227,Chrm2,78.0,56.0,22.0
119 SI-MA-LPO-LHA Skor1 Glut,0532 SI-MA-LPO-LHA Skor1 Glut_3,227,Cpne8,71.8,42.6,29.2
119 SI-MA-LPO-LHA Skor1 Glut,0532 SI-MA-LPO-LHA Skor1 Glut_3,227,Cux2,65.6,36.2,29.4
119 SI-MA-LPO-LHA Skor1 Glut,0532 SI-MA-LPO-LHA Skor1 Glut_3,227,Gad2,70.9,42.0,28.9
119 SI-MA-LPO-LHA Skor1 Glut,0532 SI-MA-LPO-LHA Skor1 Glut_3,227,Gpr101,59.0,15.4,43.6
119 SI-MA-LPO-LHA Skor1 Glut,0532 SI-MA-LPO-LHA Skor1 Glut_3,227,Grin2a,97.8,71.8,26.0
119 SI-MA-LPO-LHA Skor1 Glut,0532 SI-MA-LPO-LHA Skor1 Glut_3,227,Grm8,92.5,64.2,28.4
119 SI-MA-LPO-LHA Skor1 Glut,0532 SI-MA-LPO-LHA Skor1 Glut_3,227,Gucy1a1,83.7,59.7,24.0
119 SI-MA-LPO-LHA Skor1 Glut,0532 SI-MA-LPO-LHA Skor1 Glut_3,227,Igfbp5,78.0,49.3,28.7
119 SI-MA-LPO-LHA Skor1 Glut,0532 SI-MA-LPO-LHA Skor1 Glut_3,227,Kcnmb2,70.0,34.2,35.9
119 SI-MA-LPO-LHA Skor1 Glut,0532 SI-MA-LPO-LHA Skor1 Glut_3,227,Kctd12,70.5,42.3,28.1
119 SI-MA-LPO-LHA Skor1 Glut,0532 SI-MA-LPO-LHA Skor1 Glut_3,227,Kitl,94.7,31.2,63.5
119 SI-MA-LPO-LHA Skor1 Glut,0532 SI-MA-LPO-LHA Skor1 Glut_3,227,Ndnf,67.8,12.2,55.7
119 SI-MA-LPO-LHA Skor1 Glut,0532 SI-MA-LPO-LHA Skor1 Glut_3,227,Ndst4,98.2,72.4,25.9
119 SI-MA-LPO-LHA Skor1 Glut,0532 SI-MA-LPO-LHA Skor1 Glut_3,227,Nfib,95.6,41.0,54.6
119 SI-MA-LPO-LHA Skor1 Glut,0532 SI-MA-LPO-LHA Skor1 Glut_3,227,Npy2r,59.5,30.9,28.5
119 SI-MA-LPO-LHA Skor1 Glut,0532 SI-MA-LPO-LHA Skor1 Glut_3,227,Oprm1,78.4,52.4,26.0
119 SI-MA-LPO-LHA Skor1 Glut,0532 SI-MA-LPO-LHA Skor1 Glut_3,227,Parm1,63.4,42.6,20.8
119 SI-MA-LPO-LHA Skor1 Glut,0532 SI-MA-LPO-LHA Skor1 Glut_3,227,Pcsk5,63.9,31.8,32.0
119 SI-MA-LPO-LHA Skor1 Glut,0532 SI-MA-LPO-LHA Skor1 Glut_3,227,Pld5,72.2,25.4,46.8
119 SI-MA-LPO-LHA Skor1 Glut,0532 SI-MA-LPO-LHA Skor1 Glut_3,227,Prr16,91.6,45.3,46.3
119 SI-MA-LPO-LHA Skor1 Glut,0532 SI-MA-LPO-LHA Skor1 Glut_3,227,Sdk2,89.4,63.4,26.0
119 SI-MA-LPO-LHA Skor1 Glut,0532 SI-MA-LPO-LHA Skor1 Glut_3,227,Synpr,61.2,21.5,39.7
119 SI-MA-LPO-LHA Skor1 Glut,0532 SI-MA-LPO-LHA Skor1 Glut_3,227,Vwc2l,74.4,45.1,29.4
119 SI-MA-LPO-LHA Skor1 Glut,0532 SI-MA-LPO-LHA Skor1 Glut_3,227,Zic1,61.2,28.4,32.8
119 SI-MA-LPO-LHA Skor1 Glut,0532 SI-MA-LPO-LHA Skor1 Glut_3,227,Zic2,50.2,17.9,32.4
119 SI-MA-LPO-LHA Skor1 Glut,0532 SI-MA-LPO-LHA Skor1 Glut_3,227,Cdh8,97.8,71.6,26.2
119 SI-MA-LPO-LHA Skor1 Glut,0532 SI-MA-LPO-LHA Skor1 Glut_3,227,Sulf1,66.1,19.8,46.3
119 SI-MA-LPO-LHA Skor1 Glut,0532 SI-MA-LPO-LHA Skor1 Glut_3,227,Adamts17,54.6,26.3,28.4
119 SI-MA-LPO-LHA Skor1 Glut,0532 SI-MA-LPO-LHA Skor1 Glut_3,227,Dipk2a,54.2,32.8,21.4
119 SI-MA-LPO-LHA Skor1 Glut,0532 SI-MA-LPO-LHA Skor1 Glut_3,227,Gpr149,93.8,62.8,31.1
119 SI-MA-LPO-LHA Skor1 Glut,0532 SI-MA-LPO-LHA Skor1 Glut_3,227,Pde1c,78.4,30.6,47.8
119 SI-MA-LPO-LHA Skor1 Glut,0532 SI-MA-LPO-LHA Skor1 Glut_3,227,Plcl1,78.4,57.3,21.1
119 SI-MA-LPO-LHA Skor1 Glut,0532 SI-MA-LPO-LHA Skor1 Glut_3,227,Rspo3,82.8,42.4,40.4
119 SI-MA-LPO-LHA Skor1 Glut,0530 SI-MA-LPO-LHA Skor1 Glut_1,187,Adra1a,78.1,51.6,26.4
119 SI-MA-LPO-LHA Skor1 Glut,0530 SI-MA-LPO-LHA Skor1 Glut_1,187,Arhgef28,84.0,42.0,41.9
119 SI-MA-LPO-LHA Skor1 Glut,0530 SI-MA-LPO-LHA Skor1 Glut_1,187,Coch,71.1,23.7,47.4
119 SI-MA-LPO-LHA Skor1 Glut,0530 SI-MA-LPO-LHA Skor1 Glut_1,187,Cpne4,75.9,25.3,50.6
119 SI-MA-LPO-LHA Skor1 Glut,0530 SI-MA-LPO-LHA Skor1 Glut_1,187,Cpne8,87.7,41.7,46.0
119 SI-MA-LPO-LHA Skor1 Glut,0530 SI-MA-LPO-LHA Skor1 Glut_1,187,Deptor,71.1,51.0,20.1
119 SI-MA-LPO-LHA Skor1 Glut,0530 SI-MA-LPO-LHA Skor1 Glut_1,187,Drd1,51.3,12.2,39.1
119 SI-MA-LPO-LHA Skor1 Glut,0530 SI-MA-LPO-LHA Skor1 Glut_1,187,Fezf2,56.7,17.8,38.9
119 SI-MA-LPO-LHA Skor1 Glut,0530 SI-MA-LPO-LHA Skor1 Glut_1,187,Fign,57.8,28.3,29.4
119 SI-MA-LPO-LHA Skor1 Glut,0530 SI-MA-LPO-LHA Skor1 Glut_1,187,Grik3,85.0,37.6,47.4
119 SI-MA-LPO-LHA Skor1 Glut,0530 SI-MA-LPO-LHA Skor1 Glut_1,187,Gucy1a1,80.7,60.4,20.3
119 SI-MA-LPO-LHA Skor1 Glut,0530 SI-MA-LPO-LHA Skor1 Glut_1,187,Hpcal1,92.5,68.3,24.2
119 SI-MA-LPO-LHA Skor1 Glut,0530 SI-MA-LPO-LHA Skor1 Glut_1,187,Htr1b,63.1,8.1,55.0
119 SI-MA-LPO-LHA Skor1 Glut,0530 SI-MA-LPO-LHA Skor1 Glut_1,187,Inpp4b,100.0,73.0,27.0
119 SI-MA-LPO-LHA Skor1 Glut,0530 SI-MA-LPO-LHA Skor1 Glut_1,187,Kcnh5,63.6,28.7,34.9
119 SI-MA-LPO-LHA Skor1 Glut,0530 SI-MA-LPO-LHA Skor1 Glut_1,187,Meis2,100.0,61.2,38.8
119 SI-MA-LPO-LHA Skor1 Glut,0530 SI-MA-LPO-LHA Skor1 Glut_1,187,Nos1,85.0,59.7,25.3
119 SI-MA-LPO-LHA Skor1 Glut,0530 SI-MA-LPO-LHA Skor1 Glut_1,187,Nrep,80.7,55.3,25.5
119 SI-MA-LPO-LHA Skor1 Glut,0530 SI-MA-LPO-LHA Skor1 Glut_1,187,Pcsk5,53.5,33.5,20.0
119 SI-MA-LPO-LHA Skor1 Glut,0530 SI-MA-LPO-LHA Skor1 Glut_1,187,Rgs4,85.6,55.9,29.6
119 SI-MA-LPO-LHA Skor1 Glut,0530 SI-MA-LPO-LHA Skor1 Glut_1,187,Sema5b,83.4,48.0,35.4
119 SI-MA-LPO-LHA Skor1 Glut,0530 SI-MA-LPO-LHA Skor1 Glut_1,187,Skor1,72.7,51.8,20.9
119 SI-MA-LPO-LHA Skor1 Glut,0530 SI-MA-LPO-LHA Skor1 Glut_1,187,Slc44a5,98.4,78.2,20.2
119 SI-MA-LPO-LHA Skor1 Glut,0530 SI-MA-LPO-LHA Skor1 Glut_1,187,Stard5,50.8,20.5,30.3
119 SI-MA-LPO-LHA Skor1 Glut,0530 SI-MA-LPO-LHA Skor1 Glut_1,187,Tcf7l2,98.4,39.8,58.6
119 SI-MA-LPO-LHA Skor1 Glut,0530 SI-MA-LPO-LHA Skor1 Glut_1,187,Thsd7a,97.3,65.3,32.0
119 SI-MA-LPO-LHA Skor1 Glut,0530 SI-MA-LPO-LHA Skor1 Glut_1,187,Thsd7b,88.8,68.0,20.7
119 SI-MA-LPO-LHA Skor1 Glut,0530 SI-MA-LPO-LHA Skor1 Glut_1,187,Tmem132d,93.6,51.2,42.4
119 SI-MA-LPO-LHA Skor1 Glut,0530 SI-MA-LPO-LHA Skor1 Glut_1,187,Tox,52.9,16.5,36.5
119 SI-MA-LPO-LHA Skor1 Glut,0530 SI-MA-LPO-LHA Skor1 Glut_1,187,Tspan18,50.3,24.6,25.7
119 SI-MA-LPO-LHA Skor1 Glut,0530 SI-MA-LPO-LHA Skor1 Glut_1,187,Pcdh8,84.0,59.2,24.8
119 SI-MA-LPO-LHA Skor1 Glut,0530 SI-MA-LPO-LHA Skor1 Glut_1,187,Gm10754,72.2,22.6,49.6
119 SI-MA-LPO-LHA Skor1 Glut,0530 SI-MA-LPO-LHA Skor1 Glut_1,187,Maml2,79.7,24.1,55.6
119 SI-MA-LPO-LHA Skor1 Glut,0530 SI-MA-LPO-LHA Skor1 Glut_1,187,Neto1,92.5,47.1,45.4
119 SI-MA-LPO-LHA Skor1 Glut,0530 SI-MA-LPO-LHA Skor1 Glut_1,187,Plcl1,97.3,55.9,41.4
119 SI-MA-LPO-LHA Skor1 Glut,0530 SI-MA-LPO-LHA Skor1 Glut_1,187,Trpc3,68.4,41.9,26.6
119 SI-MA-LPO-LHA Skor1 Glut,0530 SI-MA-LPO-LHA Skor1 Glut_1,187,Vegfc,61.5,5.9,55.6
119 SI-MA-LPO-LHA Skor1 Glut,0533 SI-MA-LPO-LHA Skor1 Glut_4,166,Arhgef28,83.7,42.5,41.2
119 SI-MA-LPO-LHA Skor1 Glut,0533 SI-MA-LPO-LHA Skor1 Glut_4,166,Calb1,73.5,40.9,32.6
119 SI-MA-LPO-LHA Skor1 Glut,0533 SI-MA-LPO-LHA Skor1 Glut_4,166,Cbln2,69.9,48.5,21.4
119 SI-MA-LPO-LHA Skor1 Glut,0533 SI-MA-LPO-LHA Skor1 Glut_4,166,Col19a1,58.4,11.1,47.4
119 SI-MA-LPO-LHA Skor1 Glut,0533 SI-MA-LPO-LHA Skor1 Glut_4,166,Cpne4,59.0,27.3,31.8
119 SI-MA-LPO-LHA Skor1 Glut,0533 SI-MA-LPO-LHA Skor1 Glut_4,166,Epha4,66.3,34.3,32.0
119 SI-MA-LPO-LHA Skor1 Glut,0533 SI-MA-LPO-LHA Skor1 Glut_4,166,Etv1,65.1,18.9,46.2
119 SI-MA-LPO-LHA Skor1 Glut,0533 SI-MA-LPO-LHA Skor1 Glut_4,166,Galr1,50.0,8.8,41.2
119 SI-MA-LPO-LHA Skor1 Glut,0533 SI-MA-LPO-LHA Skor1 Glut_4,166,Gpr26,82.5,43.9,38.6
119 SI-MA-LPO-LHA Skor1 Glut,0533 SI-MA-LPO-LHA Skor1 Glut_4,166,Grik3,88.6,37.8,50.8
119 SI-MA-LPO-LHA Skor1 Glut,0533 SI-MA-LPO-LHA Skor1 Glut_4,166,Grin2a,97.0,72.6,24.3
119 SI-MA-LPO-LHA Skor1 Glut,0533 SI-MA-LPO-LHA Skor1 Glut_4,166,Hpcal1,97.6,68.2,29.4
119 SI-MA-LPO-LHA Skor1 Glut,0533 SI-MA-LPO-LHA Skor1 Glut_4,166,Htr2a,67.5,20.4,47.1
119 SI-MA-LPO-LHA Skor1 Glut,0533 SI-MA-LPO-LHA Skor1 Glut_4,166,Inpp4b,98.2,73.4,24.8
119 SI-MA-LPO-LHA Skor1 Glut,0533 SI-MA-LPO-LHA Skor1 Glut_4,166,Lypd6,83.7,33.4,50.3
119 SI-MA-LPO-LHA Skor1 Glut,0533 SI-MA-LPO-LHA Skor1 Glut_4,166,Mbp,74.7,46.1,28.6
119 SI-MA-LPO-LHA Skor1 Glut,0533 SI-MA-LPO-LHA Skor1 Glut_4,166,Mdga1,78.3,13.5,64.8
119 SI-MA-LPO-LHA Skor1 Glut,0533 SI-MA-LPO-LHA Skor1 Glut_4,166,Meis2,100.0,61.6,38.4
119 SI-MA-LPO-LHA Skor1 Glut,0533 SI-MA-LPO-LHA Skor1 Glut_4,166,Nell1,75.9,53.5,22.4
119 SI-MA-LPO-LHA Skor1 Glut,0533 SI-MA-LPO-LHA Skor1 Glut_4,166,Oprk1,74.7,36.3,38.4
119 SI-MA-LPO-LHA Skor1 Glut,0533 SI-MA-LPO-LHA Skor1 Glut_4,166,Pde11a,60.2,13.8,46.4
119 SI-MA-LPO-LHA Skor1 Glut,0533 SI-MA-LPO-LHA Skor1 Glut_4,166,Pde7b,90.4,55.3,35.1
119 SI-MA-LPO-LHA Skor1 Glut,0533 SI-MA-LPO-LHA Skor1 Glut_4,166,Prr16,74.1,48.2,25.9
119 SI-MA-LPO-LHA Skor1 Glut,0533 SI-MA-LPO-LHA Skor1 Glut_4,166,Rasgrf2,95.2,72.4,22.7
119 SI-MA-LPO-LHA Skor1 Glut,0533 SI-MA-LPO-LHA Skor1 Glut_4,166,Rspo1,66.3,37.6,28.6
119 SI-MA-LPO-LHA Skor1 Glut,0533 SI-MA-LPO-LHA Skor1 Glut_4,166,Sema5a,58.4,35.6,22.9
119 SI-MA-LPO-LHA Skor1 Glut,0533 SI-MA-LPO-LHA Skor1 Glut_4,166,Skor1,77.7,51.6,26.1
119 SI-MA-LPO-LHA Skor1 Glut,0533 SI-MA-LPO-LHA Skor1 Glut_4,166,Slit2,72.9,46.3,26.6
119 SI-MA-LPO-LHA Skor1 Glut,0533 SI-MA-LPO-LHA Skor1 Glut_4,166,Syndig1,92.2,35.7,56.4
119 SI-MA-LPO-LHA Skor1 Glut,0533 SI-MA-LPO-LHA Skor1 Glut_4,166,Syt6,62.0,22.4,39.7
119 SI-MA-LPO-LHA Skor1 Glut,0533 SI-MA-LPO-LHA Skor1 Glut_4,166,Tcf7l2,100.0,40.3,59.7
119 SI-MA-LPO-LHA Skor1 Glut,0533 SI-MA-LPO-LHA Skor1 Glut_4,166,Thsd7b,98.2,67.5,30.7
119 SI-MA-LPO-LHA Skor1 Glut,0533 SI-MA-LPO-LHA Skor1 Glut_4,166,Tmem132d,96.4,51.4,44.9
119 SI-MA-LPO-LHA Skor1 Glut,0533 SI-MA-LPO-LHA Skor1 Glut_4,166,Tspan18,57.8,24.2,33.6
119 SI-MA-LPO-LHA Skor1 Glut,0533 SI-MA-LPO-LHA Skor1 Glut_4,166,Vwc2l,69.3,46.4,22.9
119 SI-MA-LPO-LHA Skor1 Glut,0533 SI-MA-LPO-LHA Skor1 Glut_4,166,Sgk1,78.9,53.8,25.1
119 SI-MA-LPO-LHA Skor1 Glut,0533 SI-MA-LPO-LHA Skor1 Glut_4,166,Elfn1,59.6,20.2,39.5
119 SI-MA-LPO-LHA Skor1 Glut,0533 SI-MA-LPO-LHA Skor1 Glut_4,166,Lypd1,77.1,43.0,34.1
119 SI-MA-LPO-LHA Skor1 Glut,0533 SI-MA-LPO-LHA Skor1 Glut_4,166,Nckap5,89.8,36.8,53.0
119 SI-MA-LPO-LHA Skor1 Glut,0533 SI-MA-LPO-LHA Skor1 Glut_4,166,Neto1,78.3,48.8,29.6
119 SI-MA-LPO-LHA Skor1 Glut,0533 SI-MA-LPO-LHA Skor1 Glut_4,166,Plcl1,86.1,57.3,28.8
119 SI-MA-LPO-LHA Skor1 Glut,0533 SI-MA-LPO-LHA Skor1 Glut_4,166,Plpp4,75.9,47.5,28.4
119 SI-MA-LPO-LHA Skor1 Glut,0536 SI-MA-LPO-LHA Skor1 Glut_7,120,2010300C02Rik,66.7,44.5,22.2
119 SI-MA-LPO-LHA Skor1 Glut,0536 SI-MA-LPO-LHA Skor1 Glut_7,120,Adra1b,80.0,24.6,55.4
119 SI-MA-LPO-LHA Skor1 Glut,0536 SI-MA-LPO-LHA Skor1 Glut_7,120,Arhgef28,66.7,44.4,22.2
119 SI-MA-LPO-LHA Skor1 Glut,0536 SI-MA-LPO-LHA Skor1 Glut_7,120,Bcl11b,85.0,47.0,38.0
119 SI-MA-LPO-LHA Skor1 Glut,0536 SI-MA-LPO-LHA Skor1 Glut_7,120,Calb1,66.7,42.0,24.6
119 SI-MA-LPO-LHA Skor1 Glut,0536 SI-MA-LPO-LHA Skor1 Glut_7,120,Cbln2,87.5,47.9,39.6
119 SI-MA-LPO-LHA Skor1 Glut,0536 SI-MA-LPO-LHA Skor1 Glut_7,120,Chrm1,50.8,20.7,30.2
119 SI-MA-LPO-LHA Skor1 Glut,0536 SI-MA-LPO-LHA Skor1 Glut_7,120,Cpne4,52.5,28.3,24.2
119 SI-MA-LPO-LHA Skor1 Glut,0536 SI-MA-LPO-LHA Skor1 Glut_7,120,Epha4,96.7,33.2,63.5
119 SI-MA-LPO-LHA Skor1 Glut,0536 SI-MA-LPO-LHA Skor1 Glut_7,120,Galr1,63.3,9.0,54.4
119 SI-MA-LPO-LHA Skor1 Glut,0536 SI-MA-LPO-LHA Skor1 Glut_7,120,Gfra2,66.7,27.7,38.9
119 SI-MA-LPO-LHA Skor1 Glut,0536 SI-MA-LPO-LHA Skor1 Glut_7,120,Gpr88,80.0,43.5,36.5
119 SI-MA-LPO-LHA Skor1 Glut,0536 SI-MA-LPO-LHA Skor1 Glut_7,120,Grik3,93.3,38.6,54.7
119 SI-MA-LPO-LHA Skor1 Glut,0536 SI-MA-LPO-LHA Skor1 Glut_7,120,Grin2a,94.2,73.3,20.8
119 SI-MA-LPO-LHA Skor1 Glut,0536 SI-MA-LPO-LHA Skor1 Glut_7,120,Grm8,99.2,65.2,33.9
119 SI-MA-LPO-LHA Skor1 Glut,0536 SI-MA-LPO-LHA Skor1 Glut_7,120,Hcrtr2,77.5,46.8,30.7
119 SI-MA-LPO-LHA Skor1 Glut,0536 SI-MA-LPO-LHA Skor1 Glut_7,120,Htr2a,63.3,21.7,41.7
119 SI-MA-LPO-LHA Skor1 Glut,0536 SI-MA-LPO-LHA Skor1 Glut_7,120,Inpp4b,99.2,73.9,25.3
119 SI-MA-LPO-LHA Skor1 Glut,0536 SI-MA-LPO-LHA Skor1 Glut_7,120,Kdr,52.5,9.0,43.5
119 SI-MA-LPO-LHA Skor1 Glut,0536 SI-MA-LPO-LHA Skor1 Glut_7,120,Mpped1,96.7,61.3,35.4
119 SI-MA-LPO-LHA Skor1 Glut,0536 SI-MA-LPO-LHA Skor1 Glut_7,120,Necab1,75.8,34.3,41.6
119 SI-MA-LPO-LHA Skor1 Glut,0536 SI-MA-LPO-LHA Skor1 Glut_7,120,Nell1,81.7,53.7,28.0
119 SI-MA-LPO-LHA Skor1 Glut,0536 SI-MA-LPO-LHA Skor1 Glut_7,120,Nptx2,50.0,6.4,43.6
119 SI-MA-LPO-LHA Skor1 Glut,0536 SI-MA-LPO-LHA Skor1 Glut_7,120,Oprk1,81.7,36.8,44.9
119 SI-MA-LPO-LHA Skor1 Glut,0536 SI-MA-LPO-LHA Skor1 Glut_7,120,Pcsk5,55.0,34.0,21.0
119 SI-MA-LPO-LHA Skor1 Glut,0536 SI-MA-LPO-LHA Skor1 Glut_7,120,Pde7b,95.8,55.7,40.1
119 SI-MA-LPO-LHA Skor1 Glut,0536 SI-MA-LPO-LHA Skor1 Glut_7,120,Rasgrf2,100.0,72.7,27.3
119 SI-MA-LPO-LHA Skor1 Glut,0536 SI-MA-LPO-LHA Skor1 Glut_7,120,Rgs4,85.0,56.9,28.1
119 SI-MA-LPO-LHA Skor1 Glut,0536 SI-MA-LPO-LHA Skor1 Glut_7,120,Scn5a,85.0,39.1,45.9
119 SI-MA-LPO-LHA Skor1 Glut,0536 SI-MA-LPO-LHA Skor1 Glut_7,120,Sema3a,87.5,59.9,27.6
119 SI-MA-LPO-LHA Skor1 Glut,0536 SI-MA-LPO-LHA Skor1 Glut_7,120,Sema3e,94.2,48.3,45.8
119 SI-MA-LPO-LHA Skor1 Glut,0536 SI-MA-LPO-LHA Skor1 Glut_7,120,Syt17,85.8,58.2,27.7
119 SI-MA-LPO-LHA Skor1 Glut,0536 SI-MA-LPO-LHA Skor1 Glut_7,120,Syt6,84.2,22.0,62.2
119 SI-MA-LPO-LHA Skor1 Glut,0536 SI-MA-LPO-LHA Skor1 Glut_7,120,Tcf7l2,100.0,41.6,58.4
119 SI-MA-LPO-LHA Skor1 Glut,0536 SI-MA-LPO-LHA Skor1 Glut_7,120,Tmem132d,96.7,52.4,44.2
119 SI-MA-LPO-LHA Skor1 Glut,0536 SI-MA-LPO-LHA Skor1 Glut_7,120,Unc13c,96.7,67.4,29.3
119 SI-MA-LPO-LHA Skor1 Glut,0536 SI-MA-LPO-LHA Skor1 Glut_7,120,Adra2a,81.7,39.6,42.1
119 SI-MA-LPO-LHA Skor1 Glut,0536 SI-MA-LPO-LHA Skor1 Glut_7,120,Pcdh8,89.2,59.7,29.5
119 SI-MA-LPO-LHA Skor1 Glut,0536 SI-MA-LPO-LHA Skor1 Glut_7,120,Sgk1,83.3,54.1,29.2
119 SI-MA-LPO-LHA Skor1 Glut,0536 SI-MA-LPO-LHA Skor1 Glut_7,120,Sulf1,61.7,22.5,39.2
119 SI-MA-LPO-LHA Skor1 Glut,0536 SI-MA-LPO-LHA Skor1 Glut_7,120,Vgf,78.3,58.3,20.1
119 SI-MA-LPO-LHA Skor1 Glut,0536 SI-MA-LPO-LHA Skor1 Glut_7,120,Glra3,77.5,35.1,42.4
119 SI-MA-LPO-LHA Skor1 Glut,0536 SI-MA-LPO-LHA Skor1 Glut_7,120,Gm10754,59.2,25.0,34.2
119 SI-MA-LPO-LHA Skor1 Glut,0536 SI-MA-LPO-LHA Skor1 Glut_7,120,Luzp2,84.2,60.8,23.4
119 SI-MA-LPO-LHA Skor1 Glut,0536 SI-MA-LPO-LHA Skor1 Glut_7,120,Lypd1,98.3,42.5,55.8
119 SI-MA-LPO-LHA Skor1 Glut,0536 SI-MA-LPO-LHA Skor1 Glut_7,120,Nckap5,80.8,38.5,42.3
119 SI-MA-LPO-LHA Skor1 Glut,0536 SI-MA-LPO-LHA Skor1 Glut_7,120,Rspo3,84.2,44.4,39.7
119 SI-MA-LPO-LHA Skor1 Glut,0536 SI-MA-LPO-LHA Skor1 Glut_7,120,Zfp804b,99.2,75.4,23.7
119 SI-MA-LPO-LHA Skor1 Glut,0536 SI-MA-LPO-LHA Skor1 Glut_7,120,Bcl6,52.5,31.1,21.4
073 MEA-BST Sox6 Gaba,0342 MEA-BST Sox6 Gaba_6,1680,Calb1,90.3,58.5,31.8
073 MEA-BST Sox6 Gaba,0342 MEA-BST Sox6 Gaba_6,1680,Cdh9,73.6,50.8,22.8
073 MEA-BST Sox6 Gaba,0342 MEA-BST Sox6 Gaba_6,1680,Kcnh5,90.9,57.9,33.0
073 MEA-BST Sox6 Gaba,0342 MEA-BST Sox6 Gaba_6,1680,Lamb3,61.3,26.2,35.1
073 MEA-BST Sox6 Gaba,0342 MEA-BST Sox6 Gaba_6,1680,Meis2,72.1,34.0,38.1
073 MEA-BST Sox6 Gaba,0342 MEA-BST Sox6 Gaba_6,1680,Myo16,93.1,57.8,35.3
073 MEA-BST Sox6 Gaba,0342 MEA-BST Sox6 Gaba_6,1680,Ndst3,76.5,39.3,37.2
073 MEA-BST Sox6 Gaba,0342 MEA-BST Sox6 Gaba_6,1680,Nos1,90.3,67.2,23.1
073 MEA-BST Sox6 Gaba,0342 MEA-BST Sox6 Gaba_6,1680,Npy2r,61.4,30.4,31.0
073 MEA-BST Sox6 Gaba,0342 MEA-BST Sox6 Gaba_6,1680,Pcsk5,77.9,43.5,34.3
073 MEA-BST Sox6 Gaba,0342 MEA-BST Sox6 Gaba_6,1680,Pde11a,58.8,12.5,46.3
073 MEA-BST Sox6 Gaba,0342 MEA-BST Sox6 Gaba_6,1680,Plcxd3,90.7,54.3,36.3
073 MEA-BST Sox6 Gaba,0342 MEA-BST Sox6 Gaba_6,1680,Pld5,61.0,39.1,21.9
073 MEA-BST Sox6 Gaba,0342 MEA-BST Sox6 Gaba_6,1680,Sema5a,94.9,70.7,24.3
073 MEA-BST Sox6 Gaba,0342 MEA-BST Sox6 Gaba_6,1680,Sox6,98.9,48.4,50.5
073 MEA-BST Sox6 Gaba,0342 MEA-BST Sox6 Gaba_6,1680,Sp8,67.3,23.1,44.2
073 MEA-BST Sox6 Gaba,0342 MEA-BST Sox6 Gaba_6,1680,Synpr,71.1,36.5,34.6
073 MEA-BST Sox6 Gaba,0342 MEA-BST Sox6 Gaba_6,1680,Tacr3,50.8,12.8,38.0
073 MEA-BST Sox6 Gaba,0342 MEA-BST Sox6 Gaba_6,1680,Tmem132d,88.4,64.8,23.6
073 MEA-BST Sox6 Gaba,0342 MEA-BST Sox6 Gaba_6,1680,Tox,65.8,44.2,21.7
073 MEA-BST Sox6 Gaba,0342 MEA-BST Sox6 Gaba_6,1680,Vwc2l,61.0,33.9,27.1
073 MEA-BST Sox6 Gaba,0342 MEA-BST Sox6 Gaba_6,1680,Glra3,93.8,73.2,20.7
073 MEA-BST Sox6 Gaba,0342 MEA-BST Sox6 Gaba_6,1680,Gpr149,65.4,7.0,58.4
073 MEA-BST Sox6 Gaba,0342 MEA-BST Sox6 Gaba_6,1680,Plce1,50.8,24.7,26.2
073 MEA-BST Sox6 Gaba,0342 MEA-BST Sox6 Gaba_6,1680,Plcl1,69.5,47.0,22.5
073 MEA-BST Sox6 Gaba,0343 MEA-BST Sox6 Gaba_7,1367,Adamtsl1,50.5,26.9,23.6
073 MEA-BST Sox6 Gaba,0343 MEA-BST Sox6 Gaba_7,1367,Arhgef28,83.0,56.1,26.9
073 MEA-BST Sox6 Gaba,0343 MEA-BST Sox6 Gaba_7,1367,Calb1,85.0,60.8,24.2
073 MEA-BST Sox6 Gaba,0343 MEA-BST Sox6 Gaba_7,1367,Chrm3,95.7,72.6,23.0
073 MEA-BST Sox6 Gaba,0343 MEA-BST Sox6 Gaba_7,1367,Dpyd,98.2,75.1,23.2
073 MEA-BST Sox6 Gaba,0343 MEA-BST Sox6 Gaba_7,1367,Fign,98.4,57.5,40.9
073 MEA-BST Sox6 Gaba,0343 MEA-BST Sox6 Gaba_7,1367,Foxp2,75.9,24.3,51.5
073 MEA-BST Sox6 Gaba,0343 MEA-BST Sox6 Gaba_7,1367,Galnt14,59.4,35.5,23.9
073 MEA-BST Sox6 Gaba,0343 MEA-BST Sox6 Gaba_7,1367,Galr1,52.5,21.4,31.2
073 MEA-BST Sox6 Gaba,0343 MEA-BST Sox6 Gaba_7,1367,Grm8,96.8,74.0,22.8
073 MEA-BST Sox6 Gaba,0343 MEA-BST Sox6 Gaba_7,1367,Hrh3,57.9,31.0,26.9
073 MEA-BST Sox6 Gaba,0343 MEA-BST Sox6 Gaba_7,1367,Htr1b,51.9,27.1,24.7
073 MEA-BST Sox6 Gaba,0343 MEA-BST Sox6 Gaba_7,1367,Htr2c,83.8,61.8,22.0
073 MEA-BST Sox6 Gaba,0343 MEA-BST Sox6 Gaba_7,1367,Kctd8,89.2,57.4,31.7
073 MEA-BST Sox6 Gaba,0343 MEA-BST Sox6 Gaba_7,1367,Lamb3,54.0,29.1,24.9
073 MEA-BST Sox6 Gaba,0343 MEA-BST Sox6 Gaba_7,1367,Ndst4,60.3,34.8,25.5
073 MEA-BST Sox6 Gaba,0343 MEA-BST Sox6 Gaba_7,1367,Oprk1,84.9,22.3,62.6
073 MEA-BST Sox6 Gaba,0343 MEA-BST Sox6 Gaba_7,1367,Otof,76.9,28.5,48.4
073 MEA-BST Sox6 Gaba,0343 MEA-BST Sox6 Gaba_7,1367,Penk,57.1,33.6,23.4
073 MEA-BST Sox6 Gaba,0343 MEA-BST Sox6 Gaba_7,1367,Prox1,89.8,50.9,39.0
073 MEA-BST Sox6 Gaba,0343 MEA-BST Sox6 Gaba_7,1367,Prr16,92.1,56.2,35.9
073 MEA-BST Sox6 Gaba,0343 MEA-BST Sox6 Gaba_7,1367,Rprm,59.7,35.4,24.3
073 MEA-BST Sox6 Gaba,0343 MEA-BST Sox6 Gaba_7,1367,Sema3a,60.7,23.6,37.1
073 MEA-BST Sox6 Gaba,0343 MEA-BST Sox6 Gaba_7,1367,Sema6a,85.3,58.3,27.0
073 MEA-BST Sox6 Gaba,0343 MEA-BST Sox6 Gaba_7,1367,Shisa6,55.6,33.6,22.0
073 MEA-BST Sox6 Gaba,0343 MEA-BST Sox6 Gaba_7,1367,Slit2,93.1,46.4,46.7
073 MEA-BST Sox6 Gaba,0343 MEA-BST Sox6 Gaba_7,1367,Tac1,58.0,11.6,46.4
073 MEA-BST Sox6 Gaba,0343 MEA-BST Sox6 Gaba_7,1367,Thsd7a,60.4,37.8,22.6
073 MEA-BST Sox6 Gaba,0343 MEA-BST Sox6 Gaba_7,1367,Tmem132d,95.2,64.5,30.8
073 MEA-BST Sox6 Gaba,0343 MEA-BST Sox6 Gaba_7,1367,Trhr,57.4,20.8,36.5
073 MEA-BST Sox6 Gaba,0343 MEA-BST Sox6 Gaba_7,1367,Wfs1,90.2,60.0,30.2
073 MEA-BST Sox6 Gaba,0343 MEA-BST Sox6 Gaba_7,1367,Bhlhe41,69.7,47.1,22.6
073 MEA-BST Sox6 Gaba,0343 MEA-BST Sox6 Gaba_7,1367,Ddc,55.7,18.7,37.0
073 MEA-BST Sox6 Gaba,0343 MEA-BST Sox6 Gaba_7,1367,Per3,82.4,51.6,30.8
073 MEA-BST Sox6 Gaba,0343 MEA-BST Sox6 Gaba_7,1367,Gpx3,68.2,47.2,21.0
073 MEA-BST Sox6 Gaba,0343 MEA-BST Sox6 Gaba_7,1367,Maml2,77.6,33.5,44.1
073 MEA-BST Sox6 Gaba,0343 MEA-BST Sox6 Gaba_7,1367,Plce1,64.9,23.2,41.7
073 MEA-BST Sox6 Gaba,0343 MEA-BST Sox6 Gaba_7,1367,Spon1,79.3,33.5,45.8
073 MEA-BST Sox6 Gaba,0343 MEA-BST Sox6 Gaba_7,1367,Tafa1,84.7,51.2,33.5
073 MEA-BST Sox6 Gaba,0343 MEA-BST Sox6 Gaba_7,1367,Trhde,86.3,34.5,51.8
073 MEA-BST Sox6 Gaba,0338 MEA-BST Sox6 Gaba_2,1211,Chrm2,53.8,26.2,27.6
073 MEA-BST Sox6 Gaba,0338 MEA-BST Sox6 Gaba_2,1211,Cnih3,86.2,54.4,31.9
073 MEA-BST Sox6 Gaba,0338 MEA-BST Sox6 Gaba_2,1211,Cntnap4,67.6,44.9,22.7
073 MEA-BST Sox6 Gaba,0338 MEA-BST Sox6 Gaba_2,1211,Cpne8,86.8,60.9,25.9
073 MEA-BST Sox6 Gaba,0338 MEA-BST Sox6 Gaba_2,1211,Gfra1,56.5,10.4,46.1
073 MEA-BST Sox6 Gaba,0338 MEA-BST Sox6 Gaba_2,1211,Gfra2,69.6,48.0,21.6
073 MEA-BST Sox6 Gaba,0338 MEA-BST Sox6 Gaba_2,1211,Hivep1,69.7,37.2,32.5
073 MEA-BST Sox6 Gaba,0338 MEA-BST Sox6 Gaba_2,1211,Htr1a,50.7,19.6,31.1
073 MEA-BST Sox6 Gaba,0338 MEA-BST Sox6 Gaba_2,1211,Htr1b,53.2,27.4,25.7
073 MEA-BST Sox6 Gaba,0338 MEA-BST Sox6 Gaba_2,1211,Hunk,57.5,19.2,38.3
073 MEA-BST Sox6 Gaba,0338 MEA-BST Sox6 Gaba_2,1211,Id2,80.9,21.5,59.5
073 MEA-BST Sox6 Gaba,0338 MEA-BST Sox6 Gaba_2,1211,Ndst4,64.0,34.7,29.3
073 MEA-BST Sox6 Gaba,0338 MEA-BST Sox6 Gaba_2,1211,Necab1,84.1,53.3,30.8
073 MEA-BST Sox6 Gaba,0338 MEA-BST Sox6 Gaba_2,1211,Nfib,97.7,29.5,68.2
073 MEA-BST Sox6 Gaba,0338 MEA-BST Sox6 Gaba_2,1211,Nr4a1,60.0,29.7,30.3
073 MEA-BST Sox6 Gaba,0338 MEA-BST Sox6 Gaba_2,1211,Prr16,88.7,57.5,31.1
073 MEA-BST Sox6 Gaba,0338 MEA-BST Sox6 Gaba_2,1211,Rgs4,87.2,57.5,29.7
073 MEA-BST Sox6 Gaba,0338 MEA-BST Sox6 Gaba_2,1211,Thsd7b,92.9,66.5,26.4
073 MEA-BST Sox6 Gaba,0338 MEA-BST Sox6 Gaba_2,1211,Tox,74.1,44.2,29.9
073 MEA-BST Sox6 Gaba,0338 MEA-BST Sox6 Gaba_2,1211,Grin3a,97.4,64.1,33.2
073 MEA-BST Sox6 Gaba,0338 MEA-BST Sox6 Gaba_2,1211,Adamts17,66.0,45.8,20.2
073 MEA-BST Sox6 Gaba,0338 MEA-BST Sox6 Gaba_2,1211,Gm10754,76.8,14.8,62.0
073 MEA-BST Sox6 Gaba,0338 MEA-BST Sox6 Gaba_2,1211,Rprml,87.4,66.6,20.7
073 MEA-BST Sox6 Gaba,0339 MEA-BST Sox6 Gaba_3,1137,Chrm2,50.3,27.0,23.4
073 MEA-BST Sox6 Gaba,0339 MEA-BST Sox6 Gaba_3,1137,Cntnap5b,90.5,69.8,20.7
073 MEA-BST Sox6 Gaba,0339 MEA-BST Sox6 Gaba_3,1137,Fign,96.0,59.1,37.0
073 MEA-BST Sox6 Gaba,0339 MEA-BST Sox6 Gaba_3,1137,Foxp2,73.5,26.2,47.3
073 MEA-BST Sox6 Gaba,0339 MEA-BST Sox6 Gaba_3,1137,Galnt14,64.9,35.4,29.5
073 MEA-BST Sox6 Gaba,0339 MEA-BST Sox6 Gaba_3,1137,Maml3,85.2,65.2,20.0
073 MEA-BST Sox6 Gaba,0339 MEA-BST Sox6 Gaba_3,1137,Meis2,98.4,32.8,65.7
073 MEA-BST Sox6 Gaba,0339 MEA-BST Sox6 Gaba_3,1137,Myo16,86.5,61.3,25.1
073 MEA-BST Sox6 Gaba,0339 MEA-BST Sox6 Gaba_3,1137,Nr4a3,59.6,19.9,39.7
073 MEA-BST Sox6 Gaba,0339 MEA-BST Sox6 Gaba_3,1137,Pcsk1,58.2,38.1,20.2
073 MEA-BST Sox6 Gaba,0339 MEA-BST Sox6 Gaba_3,1137,Plcxd2,55.4,34.0,21.4
073 MEA-BST Sox6 Gaba,0339 MEA-BST Sox6 Gaba_3,1137,Plcxd3,89.8,57.1,32.7
073 MEA-BST Sox6 Gaba,0339 MEA-BST Sox6 Gaba_3,1137,Prox1,94.2,51.4,42.8
073 MEA-BST Sox6 Gaba,0339 MEA-BST Sox6 Gaba_3,1137,Sema5b,62.7,13.4,49.4
073 MEA-BST Sox6 Gaba,0339 MEA-BST Sox6 Gaba_3,1137,Sox6,99.0,52.0,47.0
073 MEA-BST Sox6 Gaba,0339 MEA-BST Sox6 Gaba_3,1137,Lin7a,93.5,73.2,20.3
073 MEA-BST Sox6 Gaba,0339 MEA-BST Sox6 Gaba_3,1137,Lypd1,87.5,62.1,25.4
073 MEA-BST Sox6 Gaba,0339 MEA-BST Sox6 Gaba_3,1137,Minar1,58.6,16.6,42.0
073 MEA-BST Sox6 Gaba,0341 MEA-BST Sox6 Gaba_5,999,Bcl11b,87.7,62.1,25.6
073 MEA-BST Sox6 Gaba,0341 MEA-BST Sox6 Gaba_5,999,Calb2,80.4,42.8,37.6
073 MEA-BST Sox6 Gaba,0341 MEA-BST Sox6 Gaba_5,999,Cbln4,60.7,31.2,29.5
073 MEA-BST Sox6 Gaba,0341 MEA-BST Sox6 Gaba_5,999,Cdh20,63.4,32.1,31.2
073 MEA-BST Sox6 Gaba,0341 MEA-BST Sox6 Gaba_5,999,Cdh6,80.8,17.7,63.1
073 MEA-BST Sox6 Gaba,0341 MEA-BST Sox6 Gaba_5,999,Cnih3,76.8,56.4,20.3
073 MEA-BST Sox6 Gaba,0341 MEA-BST Sox6 Gaba_5,999,Dlx1,94.8,73.8,21.0
073 MEA-BST Sox6 Gaba,0341 MEA-BST Sox6 Gaba_5,999,Gpr101,73.9,16.3,57.5
073 MEA-BST Sox6 Gaba,0341 MEA-BST Sox6 Gaba_5,999,Mpped1,60.2,27.1,33.1
073 MEA-BST Sox6 Gaba,0341 MEA-BST Sox6 Gaba_5,999,Necab1,76.6,55.1,21.5
073 MEA-BST Sox6 Gaba,0341 MEA-BST Sox6 Gaba_5,999,Nr2e1,78.1,9.8,68.3
073 MEA-BST Sox6 Gaba,0341 MEA-BST Sox6 Gaba_5,999,Oprm1,85.8,54.6,31.2
073 MEA-BST Sox6 Gaba,0341 MEA-BST Sox6 Gaba_5,999,Pkib,69.6,36.2,33.4
073 MEA-BST Sox6 Gaba,0341 MEA-BST Sox6 Gaba_5,999,Prr16,97.8,57.2,40.6
073 MEA-BST Sox6 Gaba,0341 MEA-BST Sox6 Gaba_5,999,Rab3b,66.2,25.4,40.8
073 MEA-BST Sox6 Gaba,0341 MEA-BST Sox6 Gaba_5,999,Rgs9,68.5,47.5,21.0
073 MEA-BST Sox6 Gaba,0341 MEA-BST Sox6 Gaba_5,999,Rmst,83.6,47.1,36.4
073 MEA-BST Sox6 Gaba,0341 MEA-BST Sox6 Gaba_5,999,Sdk2,88.2,62.7,25.5
073 MEA-BST Sox6 Gaba,0341 MEA-BST Sox6 Gaba_5,999,Sema6a,80.7,60.2,20.5
073 MEA-BST Sox6 Gaba,0341 MEA-BST Sox6 Gaba_5,999,Slit2,88.9,49.2,39.7
073 MEA-BST Sox6 Gaba,0341 MEA-BST Sox6 Gaba_5,999,Tox,78.5,44.4,34.0
073 MEA-BST Sox6 Gaba,0341 MEA-BST Sox6 Gaba_5,999,Unc13c,88.8,32.4,56.4
073 MEA-BST Sox6 Gaba,0341 MEA-BST Sox6 Gaba_5,999,Zfpm2,67.6,44.4,23.2
073 MEA-BST Sox6 Gaba,0341 MEA-BST Sox6 Gaba_5,999,Npas2,68.9,48.5,20.4
073 MEA-BST Sox6 Gaba,0341 MEA-BST Sox6 Gaba_5,999,Lypd1,90.4,62.2,28.2
073 MEA-BST Sox6 Gaba,0341 MEA-BST Sox6 Gaba_5,999,Bcl6,79.4,41.7,37.7
073 MEA-BST Sox6 Gaba,0340 MEA-BST Sox6 Gaba_4,850,Bcl11b,93.1,62.0,31.1
073 MEA-BST Sox6 Gaba,0340 MEA-BST Sox6 Gaba_4,850,Col23a1,55.9,29.7,26.2
073 MEA-BST Sox6 Gaba,0340 MEA-BST Sox6 Gaba_4,850,Epha4,70.1,48.8,21.3
073 MEA-BST Sox6 Gaba,0340 MEA-BST Sox6 Gaba_4,850,Htr1f,59.4,34.1,25.3
073 MEA-BST Sox6 Gaba,0340 MEA-BST Sox6 Gaba_4,850,Npy1r,59.5,18.6,41.0
073 MEA-BST Sox6 Gaba,0340 MEA-BST Sox6 Gaba_4,850,Oprm1,76.7,56.1,20.6
073 MEA-BST Sox6 Gaba,0340 MEA-BST Sox6 Gaba_4,850,Rab3b,50.8,27.8,23.0
073 MEA-BST Sox6 Gaba,0340 MEA-BST Sox6 Gaba_4,850,Rgs4,82.0,59.4,22.6
073 MEA-BST Sox6 Gaba,0340 MEA-BST Sox6 Gaba_4,850,Rmst,91.8,47.0,44.8
073 MEA-BST Sox6 Gaba,0340 MEA-BST Sox6 Gaba_4,850,Sox5,54.8,26.4,28.4
073 MEA-BST Sox6 Gaba,0340 MEA-BST Sox6 Gaba_4,850,Luzp2,83.6,53.4,30.3
073 MEA-BST Sox6 Gaba,0340 MEA-BST Sox6 Gaba_4,850,Maml2,66.6,37.6,29.0
073 MEA-BST Sox6 Gaba,0337 MEA-BST Sox6 Gaba_1,581,Adra1b,53.2,12.8,40.3
073 MEA-BST Sox6 Gaba,0337 MEA-BST Sox6 Gaba_1,581,Angpt1,56.5,11.0,45.5
073 MEA-BST Sox6 Gaba,0337 MEA-BST Sox6 Gaba_1,581,Cdh20,80.9,32.5,48.4
073 MEA-BST Sox6 Gaba,0337 MEA-BST Sox6 Gaba_1,581,Cntnap4,87.3,45.3,42.0
073 MEA-BST Sox6 Gaba,0337 MEA-BST Sox6 Gaba_1,581,Fhod3,81.4,57.8,23.6
073 MEA-BST Sox6 Gaba,0337 MEA-BST Sox6 Gaba_1,581,Gsg1l,70.9,48.2,22.7
073 MEA-BST Sox6 Gaba,0337 MEA-BST Sox6 Gaba_1,581,Hivep1,74.0,39.4,34.6
073 MEA-BST Sox6 Gaba,0337 MEA-BST Sox6 Gaba_1,581,Hrh1,71.4,48.8,22.6
073 MEA-BST Sox6 Gaba,0337 MEA-BST Sox6 Gaba_1,581,Id2,91.9,25.3,66.6
073 MEA-BST Sox6 Gaba,0337 MEA-BST Sox6 Gaba_1,581,Lamp5,75.9,27.8,48.1
073 MEA-BST Sox6 Gaba,0337 MEA-BST Sox6 Gaba_1,581,Maf,51.5,17.8,33.7
073 MEA-BST Sox6 Gaba,0337 MEA-BST Sox6 Gaba_1,581,Maml3,89.8,66.2,23.6
073 MEA-BST Sox6 Gaba,0337 MEA-BST Sox6 Gaba_1,581,Necab1,88.1,55.4,32.8
073 MEA-BST Sox6 Gaba,0337 MEA-BST Sox6 Gaba_1,581,Nell1,91.6,62.2,29.4
073 MEA-BST Sox6 Gaba,0337 MEA-BST Sox6 Gaba_1,581,Nfib,100.0,34.6,65.4
073 MEA-BST Sox6 Gaba,0337 MEA-BST Sox6 Gaba_1,581,Nr4a1,56.5,32.3,24.1
073 MEA-BST Sox6 Gaba,0337 MEA-BST Sox6 Gaba_1,581,Parm1,91.9,68.5,23.4
073 MEA-BST Sox6 Gaba,0337 MEA-BST Sox6 Gaba_1,581,Pdzd2,83.5,58.7,24.8
073 MEA-BST Sox6 Gaba,0337 MEA-BST Sox6 Gaba_1,581,Pnoc,58.7,33.3,25.4
073 MEA-BST Sox6 Gaba,0337 MEA-BST Sox6 Gaba_1,581,Prox1,91.7,54.5,37.2
073 MEA-BST Sox6 Gaba,0337 MEA-BST Sox6 Gaba_1,581,Rnf152,65.7,39.8,25.9
073 MEA-BST Sox6 Gaba,0337 MEA-BST Sox6 Gaba_1,581,Sdk2,88.5,64.0,24.5
073 MEA-BST Sox6 Gaba,0337 MEA-BST Sox6 Gaba_1,581,Shisa6,73.7,34.5,39.2
073 MEA-BST Sox6 Gaba,0337 MEA-BST Sox6 Gaba_1,581,Sox5,88.8,24.9,63.9
073 MEA-BST Sox6 Gaba,0337 MEA-BST Sox6 Gaba_1,581,Sstr2,68.2,29.7,38.5
073 MEA-BST Sox6 Gaba,0337 MEA-BST Sox6 Gaba_1,581,Syndig1,55.9,31.3,24.7
073 MEA-BST Sox6 Gaba,0337 MEA-BST Sox6 Gaba_1,581,Thsd7b,95.5,68.4,27.1
073 MEA-BST Sox6 Gaba,0337 MEA-BST Sox6 Gaba_1,581,Zfp536,76.2,21.2,55.0
073 MEA-BST Sox6 Gaba,0337 MEA-BST Sox6 Gaba_1,581,Pcdh8,83.8,60.0,23.8
073 MEA-BST Sox6 Gaba,0337 MEA-BST Sox6 Gaba_1,581,Trpm3,99.1,75.8,23.4
073 MEA-BST Sox6 Gaba,0345 MEA-BST Sox6 Gaba_9,380,Adamtsl1,86.6,28.1,58.5
073 MEA-BST Sox6 Gaba,0345 MEA-BST Sox6 Gaba_9,380,Calb2,92.4,45.1,47.3
073 MEA-BST Sox6 Gaba,0345 MEA-BST Sox6 Gaba_9,380,Cbln2,75.3,16.8,58.4
073 MEA-BST Sox6 Gaba,0345 MEA-BST Sox6 Gaba_9,380,Cbln4,67.4,33.1,34.3
073 MEA-BST Sox6 Gaba,0345 MEA-BST Sox6 Gaba_9,380,Chrm2,69.5,28.2,41.3
073 MEA-BST Sox6 Gaba,0345 MEA-BST Sox6 Gaba_9,380,Chrm3,97.4,75.3,22.1
073 MEA-BST Sox6 Gaba,0345 MEA-BST Sox6 Gaba_9,380,Cnr1,93.4,43.0,50.5
073 MEA-BST Sox6 Gaba,0345 MEA-BST Sox6 Gaba_9,380,Cntnap4,97.4,45.8,51.5
073 MEA-BST Sox6 Gaba,0345 MEA-BST Sox6 Gaba_9,380,Gsg1l,76.6,48.5,28.1
073 MEA-BST Sox6 Gaba,0345 MEA-BST Sox6 Gaba_9,380,Htr2a,90.3,35.9,54.4
073 MEA-BST Sox6 Gaba,0345 MEA-BST Sox6 Gaba_9,380,Kctd8,95.5,60.9,34.6
073 MEA-BST Sox6 Gaba,0345 MEA-BST Sox6 Gaba_9,380,Maml3,92.6,66.7,26.0
073 MEA-BST Sox6 Gaba,0345 MEA-BST Sox6 Gaba_9,380,Ndst3,77.9,45.0,32.9
073 MEA-BST Sox6 Gaba,0345 MEA-BST Sox6 Gaba_9,380,Nell1,89.2,63.0,26.2
073 MEA-BST Sox6 Gaba,0345 MEA-BST Sox6 Gaba_9,380,Nfib,99.2,36.2,63.0
073 MEA-BST Sox6 Gaba,0345 MEA-BST Sox6 Gaba_9,380,Parm1,90.3,69.1,21.1
073 MEA-BST Sox6 Gaba,0345 MEA-BST Sox6 Gaba_9,380,Pcsk5,75.8,49.0,26.8
073 MEA-BST Sox6 Gaba,0345 MEA-BST Sox6 Gaba_9,380,Pkib,59.7,39.1,20.6
073 MEA-BST Sox6 Gaba,0345 MEA-BST Sox6 Gaba_9,380,Pld5,90.3,41.2,49.1
073 MEA-BST Sox6 Gaba,0345 MEA-BST Sox6 Gaba_9,380,Pnoc,67.9,33.5,34.4
073 MEA-BST Sox6 Gaba,0345 MEA-BST Sox6 Gaba_9,380,Rab3b,56.3,28.9,27.5
073 MEA-BST Sox6 Gaba,0345 MEA-BST Sox6 Gaba_9,380,Rgs4,88.7,60.4,28.3
073 MEA-BST Sox6 Gaba,0345 MEA-BST Sox6 Gaba_9,380,Rmst,83.9,49.8,34.1
073 MEA-BST Sox6 Gaba,0345 MEA-BST Sox6 Gaba_9,380,Rnf152,72.6,40.1,32.5
073 MEA-BST Sox6 Gaba,0345 MEA-BST Sox6 Gaba_9,380,Sdk2,96.3,64.2,32.1
073 MEA-BST Sox6 Gaba,0345 MEA-BST Sox6 Gaba_9,380,Slc44a5,80.5,47.7,32.9
073 MEA-BST Sox6 Gaba,0345 MEA-BST Sox6 Gaba_9,380,Sox6,80.0,57.2,22.8
073 MEA-BST Sox6 Gaba,0345 MEA-BST Sox6 Gaba_9,380,Sp8,78.4,29.5,48.9
073 MEA-BST Sox6 Gaba,0345 MEA-BST Sox6 Gaba_9,380,Sstr2,52.4,31.3,21.1
073 MEA-BST Sox6 Gaba,0345 MEA-BST Sox6 Gaba_9,380,Syndig1,60.3,31.7,28.6
073 MEA-BST Sox6 Gaba,0345 MEA-BST Sox6 Gaba_9,380,Synpr,99.7,40.6,59.1
073 MEA-BST Sox6 Gaba,0345 MEA-BST Sox6 Gaba_9,380,Thsd7b,92.9,69.2,23.7
073 MEA-BST Sox6 Gaba,0345 MEA-BST Sox6 Gaba_9,380,Vwc2l,66.8,37.8,29.0
073 MEA-BST Sox6 Gaba,0345 MEA-BST Sox6 Gaba_9,380,Zfp536,96.3,21.7,74.7
073 MEA-BST Sox6 Gaba,0345 MEA-BST Sox6 Gaba_9,380,Zfpm2,72.9,45.9,27.0
073 MEA-BST Sox6 Gaba,0345 MEA-BST Sox6 Gaba_9,380,Pcdh8,80.8,60.8,20.0
073 MEA-BST Sox6 Gaba,0344 MEA-BST Sox6 Gaba_8,306,Cbln4,80.7,32.9,47.8
073 MEA-BST Sox6 Gaba,0344 MEA-BST Sox6 Gaba_8,306,Chrm2,50.3,29.3,21.1
073 MEA-BST Sox6 Gaba,0344 MEA-BST Sox6 Gaba_8,306,Cnr1,87.9,43.6,44.3
073 MEA-BST Sox6 Gaba,0344 MEA-BST Sox6 Gaba_8,306,Egr3,80.1,53.1,27.0
073 MEA-BST Sox6 Gaba,0344 MEA-BST Sox6 Gaba_8,306,Grm8,98.7,76.8,21.9
073 MEA-BST Sox6 Gaba,0344 MEA-BST Sox6 Gaba_8,306,Htr2c,97.7,64.1,33.6
073 MEA-BST Sox6 Gaba,0344 MEA-BST Sox6 Gaba_8,306,Id2,51.0,29.0,22.0
073 MEA-BST Sox6 Gaba,0344 MEA-BST Sox6 Gaba_8,306,Inpp4b,89.2,69.0,20.2
073 MEA-BST Sox6 Gaba,0344 MEA-BST Sox6 Gaba_8,306,Kcnh5,88.2,63.4,24.8
073 MEA-BST Sox6 Gaba,0344 MEA-BST Sox6 Gaba_8,306,Kctd8,87.3,61.5,25.7
073 MEA-BST Sox6 Gaba,0344 MEA-BST Sox6 Gaba_8,306,Lamp5,59.8,30.0,29.8
073 MEA-BST Sox6 Gaba,0344 MEA-BST Sox6 Gaba_8,306,Ndst4,65.7,37.8,27.9
073 MEA-BST Sox6 Gaba,0344 MEA-BST Sox6 Gaba_8,306,Nfib,59.2,38.2,20.9
073 MEA-BST Sox6 Gaba,0344 MEA-BST Sox6 Gaba_8,306,Npnt,50.3,9.2,41.1
073 MEA-BST Sox6 Gaba,0344 MEA-BST Sox6 Gaba_8,306,Npy2r,64.7,35.4,29.3
073 MEA-BST Sox6 Gaba,0344 MEA-BST Sox6 Gaba_8,306,Pde11a,56.9,20.2,36.7
073 MEA-BST Sox6 Gaba,0344 MEA-BST Sox6 Gaba_8,306,Pdyn,52.0,14.4,37.5
073 MEA-BST Sox6 Gaba,0344 MEA-BST Sox6 Gaba_8,306,Penk,64.1,36.3,27.7
073 MEA-BST Sox6 Gaba,0344 MEA-BST Sox6 Gaba_8,306,Pld5,82.4,41.9,40.5
073 MEA-BST Sox6 Gaba,0344 MEA-BST Sox6 Gaba_8,306,Pnoc,64.7,33.9,30.8
073 MEA-BST Sox6 Gaba,0344 MEA-BST Sox6 Gaba_8,306,Prox1,89.9,55.8,34.1
073 MEA-BST Sox6 Gaba,0344 MEA-BST Sox6 Gaba_8,306,Sdk2,89.9,64.7,25.1
073 MEA-BST Sox6 Gaba,0344 MEA-BST Sox6 Gaba_8,306,Sema6a,87.6,61.7,25.9
073 MEA-BST Sox6 Gaba,0344 MEA-BST Sox6 Gaba_8,306,Shisa6,56.5,36.4,20.2
073 MEA-BST Sox6 Gaba,0344 MEA-BST Sox6 Gaba_8,306,Sp8,75.2,30.1,45.1
073 MEA-BST Sox6 Gaba,0344 MEA-BST Sox6 Gaba_8,306,Synpr,84.6,41.7,43.0
073 MEA-BST Sox6 Gaba,0344 MEA-BST Sox6 Gaba_8,306,Thsd7a,61.1,40.6,20.5
073 MEA-BST Sox6 Gaba,0344 MEA-BST Sox6 Gaba_8,306,Zfp536,65.7,23.4,42.3
073 MEA-BST Sox6 Gaba,0344 MEA-BST Sox6 Gaba_8,306,Zfpm2,69.9,46.2,23.7
073 MEA-BST Sox6 Gaba,0344 MEA-BST Sox6 Gaba_8,306,Npas2,71.2,50.1,21.1
073 MEA-BST Sox6 Gaba,0344 MEA-BST Sox6 Gaba_8,306,Dipk2a,77.1,32.3,44.8
073 MEA-BST Sox6 Gaba,0344 MEA-BST Sox6 Gaba_8,306,Hhip,51.6,2.7,49.0
073 MEA-BST Sox6 Gaba,0344 MEA-BST Sox6 Gaba_8,306,Luzp2,88.2,55.2,33.1
073 MEA-BST Sox6 Gaba,0344 MEA-BST Sox6 Gaba_8,306,Maml2,60.5,39.7,20.8
073 MEA-BST Sox6 Gaba,0344 MEA-BST Sox6 Gaba_8,306,Plce1,50.3,29.0,21.4
073 MEA-BST Sox6 Gaba,0344 MEA-BST Sox6 Gaba_8,306,Plcl1,79.4,50.3,29.1
073 MEA-BST Sox6 Gaba,0344 MEA-BST Sox6 Gaba_8,306,Trhde,83.0,41.2,41.8
073 MEA-BST Sox6 Gaba,0346 MEA-BST Sox6 Gaba_10,194,Adamts2,52.1,18.9,33.2
073 MEA-BST Sox6 Gaba,0346 MEA-BST Sox6 Gaba_10,194,Adamtsl1,86.6,29.4,57.2
073 MEA-BST Sox6 Gaba,0346 MEA-BST Sox6 Gaba_10,194,Adra1a,98.5,72.6,25.9
073 MEA-BST Sox6 Gaba,0346 MEA-BST Sox6 Gaba_10,194,Calb2,75.3,46.5,28.8
073 MEA-BST Sox6 Gaba,0346 MEA-BST Sox6 Gaba_10,194,Chrm2,68.0,29.1,38.9
073 MEA-BST Sox6 Gaba,0346 MEA-BST Sox6 Gaba_10,194,Chrm3,99.0,75.7,23.2
073 MEA-BST Sox6 Gaba,0346 MEA-BST Sox6 Gaba_10,194,Cnih3,79.9,58.3,21.6
073 MEA-BST Sox6 Gaba,0346 MEA-BST Sox6 Gaba_10,194,Cntnap4,100.0,46.9,53.1
073 MEA-BST Sox6 Gaba,0346 MEA-BST Sox6 Gaba_10,194,Cntnap5b,92.3,72.1,20.2
073 MEA-BST Sox6 Gaba,0346 MEA-BST Sox6 Gaba_10,194,Epha4,92.3,49.9,42.3
073 MEA-BST Sox6 Gaba,0346 MEA-BST Sox6 Gaba_10,194,Fhod3,88.7,58.7,29.9
073 MEA-BST Sox6 Gaba,0346 MEA-BST Sox6 Gaba_10,194,Garnl3,96.4,75.5,20.9
073 MEA-BST Sox6 Gaba,0346 MEA-BST Sox6 Gaba_10,194,Gfra2,79.9,50.4,29.5
073 MEA-BST Sox6 Gaba,0346 MEA-BST Sox6 Gaba_10,194,Gsg1l,80.9,49.0,31.9
073 MEA-BST Sox6 Gaba,0346 MEA-BST Sox6 Gaba_10,194,Hs3st2,68.0,20.0,48.0
073 MEA-BST Sox6 Gaba,0346 MEA-BST Sox6 Gaba_10,194,Kctd12,68.6,35.9,32.7
073 MEA-BST Sox6 Gaba,0346 MEA-BST Sox6 Gaba_10,194,Lypd6,73.2,10.8,62.4
073 MEA-BST Sox6 Gaba,0346 MEA-BST Sox6 Gaba_10,194,Maml3,92.8,67.2,25.6
073 MEA-BST Sox6 Gaba,0346 MEA-BST Sox6 Gaba_10,194,Nell1,100.0,63.3,36.7
073 MEA-BST Sox6 Gaba,0346 MEA-BST Sox6 Gaba_10,194,Nfib,100.0,37.6,62.4
073 MEA-BST Sox6 Gaba,0346 MEA-BST Sox6 Gaba_10,194,Nrep,76.3,39.3,36.9
073 MEA-BST Sox6 Gaba,0346 MEA-BST Sox6 Gaba_10,194,Pcsk5,95.9,49.1,46.8
073 MEA-BST Sox6 Gaba,0346 MEA-BST Sox6 Gaba_10,194,Plch1,82.5,21.5,61.0
073 MEA-BST Sox6 Gaba,0346 MEA-BST Sox6 Gaba_10,194,Pld5,65.5,42.8,22.7
073 MEA-BST Sox6 Gaba,0346 MEA-BST Sox6 Gaba_10,194,Prox1,96.9,56.1,40.8
073 MEA-BST Sox6 Gaba,0346 MEA-BST Sox6 Gaba_10,194,Rmst,85.6,50.5,35.0
073 MEA-BST Sox6 Gaba,0346 MEA-BST Sox6 Gaba_10,194,Sdk2,90.2,65.1,25.1
073 MEA-BST Sox6 Gaba,0346 MEA-BST Sox6 Gaba_10,194,Sema5a,98.5,74.8,23.6
073 MEA-BST Sox6 Gaba,0346 MEA-BST Sox6 Gaba_10,194,Sema5b,77.3,18.5,58.8
073 MEA-BST Sox6 Gaba,0346 MEA-BST Sox6 Gaba_10,194,Sema6a,85.6,62.0,23.5
073 MEA-BST Sox6 Gaba,0346 MEA-BST Sox6 Gaba_10,194,Slc44a5,73.2,48.6,24.6
073 MEA-BST Sox6 Gaba,0346 MEA-BST Sox6 Gaba_10,194,Sox5,90.2,27.8,62.4
073 MEA-BST Sox6 Gaba,0346 MEA-BST Sox6 Gaba_10,194,Sstr2,67.0,31.4,35.6
073 MEA-BST Sox6 Gaba,0346 MEA-BST Sox6 Gaba_10,194,Synpr,99.5,41.9,57.6
073 MEA-BST Sox6 Gaba,0346 MEA-BST Sox6 Gaba_10,194,Syt2,70.1,4.1,66.0
073 MEA-BST Sox6 Gaba,0346 MEA-BST Sox6 Gaba_10,194,Tac2,76.8,5.2,71.6
073 MEA-BST Sox6 Gaba,0346 MEA-BST Sox6 Gaba_10,194,Thsd7a,80.4,40.4,40.0
073 MEA-BST Sox6 Gaba,0346 MEA-BST Sox6 Gaba_10,194,Thsd7b,99.5,69.5,29.9
073 MEA-BST Sox6 Gaba,0346 MEA-BST Sox6 Gaba_10,194,Vwc2l,96.4,37.8,58.6
073 MEA-BST Sox6 Gaba,0346 MEA-BST Sox6 Gaba_10,194,Zfp536,99.5,23.2,76.3
073 MEA-BST Sox6 Gaba,0346 MEA-BST Sox6 Gaba_10,194,Zfpm2,75.3,46.4,28.9
073 MEA-BST Sox6 Gaba,0346 MEA-BST Sox6 Gaba_10,194,Zhx2,73.7,48.6,25.1
073 MEA-BST Sox6 Gaba,0346 MEA-BST Sox6 Gaba_10,194,Zbtb20,100.0,79.5,20.5
073 MEA-BST Sox6 Gaba,0346 MEA-BST Sox6 Gaba_10,194,Adamts17,89.7,47.6,42.0
073 MEA-BST Sox6 Gaba,0346 MEA-BST Sox6 Gaba_10,194,Lypd1,96.4,64.7,31.7
073 MEA-BST Sox6 Gaba,0346 MEA-BST Sox6 Gaba_10,194,Nckap5,80.9,59.0,22.0
073 MEA-BST Sox6 Gaba,0346 MEA-BST Sox6 Gaba_10,194,Pde1c,94.8,20.1,74.7
073 MEA-BST Sox6 Gaba,0346 MEA-BST Sox6 Gaba_10,194,Plcl1,90.2,50.5,39.8
073 MEA-BST Sox6 Gaba,0346 MEA-BST Sox6 Gaba_10,194,Plpp4,62.9,12.9,50.0
073 MEA-BST Sox6 Gaba,0346 MEA-BST Sox6 Gaba_10,194,Trhde,99.5,41.4,58.1
074 MEA-BST Lhx6 Sp9 Gaba,0347 MEA-BST Lhx6 Sp9 Gaba_1,2458,Btbd11,84.4,50.9,33.4
074 MEA-BST Lhx6 Sp9 Gaba,0347 MEA-BST Lhx6 Sp9 Gaba_1,2458,Lamb3,69.0,26.2,42.9
074 MEA-BST Lhx6 Sp9 Gaba,0347 MEA-BST Lhx6 Sp9 Gaba_1,2458,Myo16,87.4,66.1,21.3
074 MEA-BST Lhx6 Sp9 Gaba,0347 MEA-BST Lhx6 Sp9 Gaba_1,2458,Nos1,93.2,51.4,41.8
074 MEA-BST Lhx6 Sp9 Gaba,0347 MEA-BST Lhx6 Sp9 Gaba_1,2458,Nwd2,70.9,41.1,29.8
074 MEA-BST Lhx6 Sp9 Gaba,0347 MEA-BST Lhx6 Sp9 Gaba_1,2458,Pnoc,72.4,26.7,45.7
074 MEA-BST Lhx6 Sp9 Gaba,0347 MEA-BST Lhx6 Sp9 Gaba_1,2458,Rprm,71.0,32.5,38.5
074 MEA-BST Lhx6 Sp9 Gaba,0347 MEA-BST Lhx6 Sp9 Gaba_1,2458,Sdk2,69.7,46.2,23.4
074 MEA-BST Lhx6 Sp9 Gaba,0347 MEA-BST Lhx6 Sp9 Gaba_1,2458,Sema5a,69.4,45.5,23.9
074 MEA-BST Lhx6 Sp9 Gaba,0347 MEA-BST Lhx6 Sp9 Gaba_1,2458,Sorcs3,98.8,75.6,23.1
074 MEA-BST Lhx6 Sp9 Gaba,0347 MEA-BST Lhx6 Sp9 Gaba_1,2458,Sox6,79.1,30.0,49.1
074 MEA-BST Lhx6 Sp9 Gaba,0347 MEA-BST Lhx6 Sp9 Gaba_1,2458,Trhr,57.0,16.1,40.9
074 MEA-BST Lhx6 Sp9 Gaba,0347 MEA-BST Lhx6 Sp9 Gaba_1,2458,Ddc,58.5,21.6,36.8
074 MEA-BST Lhx6 Sp9 Gaba,0347 MEA-BST Lhx6 Sp9 Gaba_1,2458,Esr1,74.4,47.8,26.5
074 MEA-BST Lhx6 Sp9 Gaba,0347 MEA-BST Lhx6 Sp9 Gaba_1,2458,Pcdh8,82.1,51.6,30.4
074 MEA-BST Lhx6 Sp9 Gaba,0347 MEA-BST Lhx6 Sp9 Gaba_1,2458,Maml2,53.3,30.5,22.8
074 MEA-BST Lhx6 Sp9 Gaba,0347 MEA-BST Lhx6 Sp9 Gaba_1,2458,Plce1,60.4,26.3,34.1
074 MEA-BST Lhx6 Sp9 Gaba,0350 MEA-BST Lhx6 Sp9 Gaba_4,1277,Calb2,77.6,54.1,23.5
074 MEA-BST Lhx6 Sp9 Gaba,0350 MEA-BST Lhx6 Sp9 Gaba_4,1277,Fosl2,52.2,25.3,26.8
074 MEA-BST Lhx6 Sp9 Gaba,0350 MEA-BST Lhx6 Sp9 Gaba_4,1277,Foxp2,84.1,62.1,22.0
074 MEA-BST Lhx6 Sp9 Gaba,0350 MEA-BST Lhx6 Sp9 Gaba_4,1277,Kctd12,50.7,28.0,22.6
074 MEA-BST Lhx6 Sp9 Gaba,0350 MEA-BST Lhx6 Sp9 Gaba_4,1277,Mapk4,90.4,68.0,22.4
074 MEA-BST Lhx6 Sp9 Gaba,0350 MEA-BST Lhx6 Sp9 Gaba_4,1277,Ndst3,76.9,54.2,22.7
074 MEA-BST Lhx6 Sp9 Gaba,0350 MEA-BST Lhx6 Sp9 Gaba_4,1277,Parm1,84.5,48.8,35.7
074 MEA-BST Lhx6 Sp9 Gaba,0350 MEA-BST Lhx6 Sp9 Gaba_4,1277,Rgs4,70.2,50.1,20.1
074 MEA-BST Lhx6 Sp9 Gaba,0350 MEA-BST Lhx6 Sp9 Gaba_4,1277,Rmst,74.8,50.2,24.6
074 MEA-BST Lhx6 Sp9 Gaba,0350 MEA-BST Lhx6 Sp9 Gaba_4,1277,Slit2,80.3,52.5,27.8
074 MEA-BST Lhx6 Sp9 Gaba,0350 MEA-BST Lhx6 Sp9 Gaba_4,1277,Dipk2a,55.1,32.3,22.8
074 MEA-BST Lhx6 Sp9 Gaba,0351 MEA-BST Lhx6 Sp9 Gaba_5,940,Chrm3,83.1,52.3,30.8
074 MEA-BST Lhx6 Sp9 Gaba,0351 MEA-BST Lhx6 Sp9 Gaba_5,940,Etv5,61.8,36.4,25.4
074 MEA-BST Lhx6 Sp9 Gaba,0351 MEA-BST Lhx6 Sp9 Gaba_5,940,Foxp2,99.6,60.8,38.8
074 MEA-BST Lhx6 Sp9 Gaba,0351 MEA-BST Lhx6 Sp9 Gaba_5,940,Galnt14,77.6,46.5,31.0
074 MEA-BST Lhx6 Sp9 Gaba,0351 MEA-BST Lhx6 Sp9 Gaba_5,940,Gfra2,78.4,54.0,24.4
074 MEA-BST Lhx6 Sp9 Gaba,0351 MEA-BST Lhx6 Sp9 Gaba_5,940,Gpr88,76.9,26.4,50.6
074 MEA-BST Lhx6 Sp9 Gaba,0351 MEA-BST Lhx6 Sp9 Gaba_5,940,Htr2c,95.7,65.5,30.3
074 MEA-BST Lhx6 Sp9 Gaba,0351 MEA-BST Lhx6 Sp9 Gaba_5,940,Maml3,74.6,54.0,20.6
074 MEA-BST Lhx6 Sp9 Gaba,0351 MEA-BST Lhx6 Sp9 Gaba_5,940,Nr4a2,63.5,8.2,55.3
074 MEA-BST Lhx6 Sp9 Gaba,0351 MEA-BST Lhx6 Sp9 Gaba_5,940,Nts,67.0,7.1,59.9
074 MEA-BST Lhx6 Sp9 Gaba,0351 MEA-BST Lhx6 Sp9 Gaba_5,940,Parm1,78.0,52.1,25.9
074 MEA-BST Lhx6 Sp9 Gaba,0351 MEA-BST Lhx6 Sp9 Gaba_5,940,Plcxd2,70.4,48.6,21.8
074 MEA-BST Lhx6 Sp9 Gaba,0351 MEA-BST Lhx6 Sp9 Gaba_5,940,Rmst,75.9,51.5,24.3
074 MEA-BST Lhx6 Sp9 Gaba,0351 MEA-BST Lhx6 Sp9 Gaba_5,940,Rnf152,79.4,48.4,31.0
074 MEA-BST Lhx6 Sp9 Gaba,0351 MEA-BST Lhx6 Sp9 Gaba_5,940,Sst,72.6,21.4,51.1
074 MEA-BST Lhx6 Sp9 Gaba,0351 MEA-BST Lhx6 Sp9 Gaba_5,940,Syndig1,68.6,47.0,21.6
074 MEA-BST Lhx6 Sp9 Gaba,0351 MEA-BST Lhx6 Sp9 Gaba_5,940,Tox,56.4,22.8,33.6
074 MEA-BST Lhx6 Sp9 Gaba,0351 MEA-BST Lhx6 Sp9 Gaba_5,940,Grin3a,87.8,60.9,26.9
074 MEA-BST Lhx6 Sp9 Gaba,0351 MEA-BST Lhx6 Sp9 Gaba_5,940,Vgf,85.7,65.6,20.1
074 MEA-BST Lhx6 Sp9 Gaba,0351 MEA-BST Lhx6 Sp9 Gaba_5,940,Meis1,80.1,23.3,56.8
074 MEA-BST Lhx6 Sp9 Gaba,0351 MEA-BST Lhx6 Sp9 Gaba_5,940,Trhde,72.3,38.6,33.8
074 MEA-BST Lhx6 Sp9 Gaba,0352 MEA-BST Lhx6 Sp9 Gaba_6,720,Cdh6,52.9,6.1,46.8
074 MEA-BST Lhx6 Sp9 Gaba,0352 MEA-BST Lhx6 Sp9 Gaba_6,720,Cux2,68.6,25.8,42.8
074 MEA-BST Lhx6 Sp9 Gaba,0352 MEA-BST Lhx6 Sp9 Gaba_6,720,Dlx1,80.1,40.8,39.3
074 MEA-BST Lhx6 Sp9 Gaba,0352 MEA-BST Lhx6 Sp9 Gaba_6,720,Epha4,74.4,42.2,32.3
074 MEA-BST Lhx6 Sp9 Gaba,0352 MEA-BST Lhx6 Sp9 Gaba_6,720,Gpr101,73.2,36.5,36.7
074 MEA-BST Lhx6 Sp9 Gaba,0352 MEA-BST Lhx6 Sp9 Gaba_6,720,Htr1f,84.6,25.8,58.8
074 MEA-BST Lhx6 Sp9 Gaba,0352 MEA-BST Lhx6 Sp9 Gaba_6,720,Htr2c,89.0,67.5,21.6
074 MEA-BST Lhx6 Sp9 Gaba,0352 MEA-BST Lhx6 Sp9 Gaba_6,720,Igfbp5,75.4,45.9,29.5
074 MEA-BST Lhx6 Sp9 Gaba,0352 MEA-BST Lhx6 Sp9 Gaba_6,720,Myo16,95.8,71.5,24.4
074 MEA-BST Lhx6 Sp9 Gaba,0352 MEA-BST Lhx6 Sp9 Gaba_6,720,Necab1,87.4,55.6,31.7
074 MEA-BST Lhx6 Sp9 Gaba,0352 MEA-BST Lhx6 Sp9 Gaba_6,720,Nell1,96.9,57.2,39.8
074 MEA-BST Lhx6 Sp9 Gaba,0352 MEA-BST Lhx6 Sp9 Gaba_6,720,Pdzd2,68.5,44.4,24.1
074 MEA-BST Lhx6 Sp9 Gaba,0352 MEA-BST Lhx6 Sp9 Gaba_6,720,Rnf152,76.7,49.9,26.8
074 MEA-BST Lhx6 Sp9 Gaba,0352 MEA-BST Lhx6 Sp9 Gaba_6,720,Rprm,88.8,41.9,46.8
074 MEA-BST Lhx6 Sp9 Gaba,0352 MEA-BST Lhx6 Sp9 Gaba_6,720,Thsd7b,53.8,32.3,21.4
074 MEA-BST Lhx6 Sp9 Gaba,0352 MEA-BST Lhx6 Sp9 Gaba_6,720,Tle4,92.5,50.9,41.6
074 MEA-BST Lhx6 Sp9 Gaba,0352 MEA-BST Lhx6 Sp9 Gaba_6,720,Grin3a,85.8,62.1,23.7
074 MEA-BST Lhx6 Sp9 Gaba,0352 MEA-BST Lhx6 Sp9 Gaba_6,720,Plcl1,71.9,35.6,36.3
074 MEA-BST Lhx6 Sp9 Gaba,0352 MEA-BST Lhx6 Sp9 Gaba_6,720,Trhde,84.4,38.4,46.1
074 MEA-BST Lhx6 Sp9 Gaba,0352 MEA-BST Lhx6 Sp9 Gaba_6,720,Bbx,92.1,70.4,21.7
074 MEA-BST Lhx6 Sp9 Gaba,0349 MEA-BST Lhx6 Sp9 Gaba_3,693,Bcl11b,67.8,16.0,51.9
074 MEA-BST Lhx6 Sp9 Gaba,0349 MEA-BST Lhx6 Sp9 Gaba_3,693,Cartpt,75.3,31.0,44.3
074 MEA-BST Lhx6 Sp9 Gaba,0349 MEA-BST Lhx6 Sp9 Gaba_3,693,Cbln4,65.4,32.0,33.4
074 MEA-BST Lhx6 Sp9 Gaba,0349 MEA-BST Lhx6 Sp9 Gaba_3,693,Cdh20,78.2,13.6,64.6
074 MEA-BST Lhx6 Sp9 Gaba,0349 MEA-BST Lhx6 Sp9 Gaba_3,693,Chrm3,83.8,53.6,30.3
074 MEA-BST Lhx6 Sp9 Gaba,0349 MEA-BST Lhx6 Sp9 Gaba_3,693,Cntn6,89.6,68.1,21.5
074 MEA-BST Lhx6 Sp9 Gaba,0349 MEA-BST Lhx6 Sp9 Gaba_3,693,Dpy19l1,82.1,43.9,38.2
074 MEA-BST Lhx6 Sp9 Gaba,0349 MEA-BST Lhx6 Sp9 Gaba_3,693,Epha4,77.3,42.0,35.4
074 MEA-BST Lhx6 Sp9 Gaba,0349 MEA-BST Lhx6 Sp9 Gaba_3,693,Etv1,58.6,11.3,47.3
074 MEA-BST Lhx6 Sp9 Gaba,0349 MEA-BST Lhx6 Sp9 Gaba_3,693,Fos,52.8,21.2,31.6
074 MEA-BST Lhx6 Sp9 Gaba,0349 MEA-BST Lhx6 Sp9 Gaba_3,693,Fosl2,61.0,27.0,34.0
074 MEA-BST Lhx6 Sp9 Gaba,0349 MEA-BST Lhx6 Sp9 Gaba_3,693,Galnt14,83.1,47.2,35.9
074 MEA-BST Lhx6 Sp9 Gaba,0349 MEA-BST Lhx6 Sp9 Gaba_3,693,Gpr26,72.7,38.6,34.1
074 MEA-BST Lhx6 Sp9 Gaba,0349 MEA-BST Lhx6 Sp9 Gaba_3,693,Hivep1,50.6,23.4,27.2
074 MEA-BST Lhx6 Sp9 Gaba,0349 MEA-BST Lhx6 Sp9 Gaba_3,693,Maf,66.7,18.7,47.9
074 MEA-BST Lhx6 Sp9 Gaba,0349 MEA-BST Lhx6 Sp9 Gaba_3,693,Maml3,89.0,53.1,35.9
074 MEA-BST Lhx6 Sp9 Gaba,0349 MEA-BST Lhx6 Sp9 Gaba_3,693,Mpped1,55.7,27.0,28.7
074 MEA-BST Lhx6 Sp9 Gaba,0349 MEA-BST Lhx6 Sp9 Gaba_3,693,Necab1,78.9,56.8,22.2
074 MEA-BST Lhx6 Sp9 Gaba,0349 MEA-BST Lhx6 Sp9 Gaba_3,693,Nr4a1,58.3,28.7,29.6
074 MEA-BST Lhx6 Sp9 Gaba,0349 MEA-BST Lhx6 Sp9 Gaba_3,693,Parm1,77.5,53.2,24.2
074 MEA-BST Lhx6 Sp9 Gaba,0349 MEA-BST Lhx6 Sp9 Gaba_3,693,Pld5,54.5,32.0,22.5
074 MEA-BST Lhx6 Sp9 Gaba,0349 MEA-BST Lhx6 Sp9 Gaba_3,693,Ptpru,59.3,39.0,20.3
074 MEA-BST Lhx6 Sp9 Gaba,0349 MEA-BST Lhx6 Sp9 Gaba_3,693,Rnf152,95.7,47.7,47.9
074 MEA-BST Lhx6 Sp9 Gaba,0349 MEA-BST Lhx6 Sp9 Gaba_3,693,Slit2,78.2,55.5,22.7
074 MEA-BST Lhx6 Sp9 Gaba,0349 MEA-BST Lhx6 Sp9 Gaba_3,693,Syt6,76.2,11.9,64.3
074 MEA-BST Lhx6 Sp9 Gaba,0349 MEA-BST Lhx6 Sp9 Gaba_3,693,Tac1,91.8,45.5,46.3
074 MEA-BST Lhx6 Sp9 Gaba,0349 MEA-BST Lhx6 Sp9 Gaba_3,693,Trpc4,95.2,73.3,21.9
074 MEA-BST Lhx6 Sp9 Gaba,0349 MEA-BST Lhx6 Sp9 Gaba_3,693,Zfp536,53.7,7.9,45.8
074 MEA-BST Lhx6 Sp9 Gaba,0349 MEA-BST Lhx6 Sp9 Gaba_3,693,Grin3a,87.3,62.1,25.2
074 MEA-BST Lhx6 Sp9 Gaba,0349 MEA-BST Lhx6 Sp9 Gaba_3,693,Vgf,89.3,66.1,23.3
074 MEA-BST Lhx6 Sp9 Gaba,0349 MEA-BST Lhx6 Sp9 Gaba_3,693,Fbn2,89.8,27.0,62.7
074 MEA-BST Lhx6 Sp9 Gaba,0349 MEA-BST Lhx6 Sp9 Gaba_3,693,Luzp2,89.2,65.2,23.9
074 MEA-BST Lhx6 Sp9 Gaba,0349 MEA-BST Lhx6 Sp9 Gaba_3,693,Meis1,57.4,28.4,29.0
074 MEA-BST Lhx6 Sp9 Gaba,0349 MEA-BST Lhx6 Sp9 Gaba_3,693,Stac,64.4,8.5,55.9
074 MEA-BST Lhx6 Sp9 Gaba,0349 MEA-BST Lhx6 Sp9 Gaba_3,693,Trhde,69.8,40.3,29.5
074 MEA-BST Lhx6 Sp9 Gaba,0348 MEA-BST Lhx6 Sp9 Gaba_2,245,Cbln1,52.2,3.3,48.9
074 MEA-BST Lhx6 Sp9 Gaba,0348 MEA-BST Lhx6 Sp9 Gaba_2,245,Epha4,73.1,44.7,28.4
074 MEA-BST Lhx6 Sp9 Gaba,0348 MEA-BST Lhx6 Sp9 Gaba_2,245,Galnt14,86.9,49.6,37.3
074 MEA-BST Lhx6 Sp9 Gaba,0348 MEA-BST Lhx6 Sp9 Gaba_2,245,Id2,78.4,20.7,57.7
074 MEA-BST Lhx6 Sp9 Gaba,0348 MEA-BST Lhx6 Sp9 Gaba_2,245,Pkib,73.9,35.7,38.2
074 MEA-BST Lhx6 Sp9 Gaba,0348 MEA-BST Lhx6 Sp9 Gaba_2,245,Plcxd2,72.2,51.0,21.2
074 MEA-BST Lhx6 Sp9 Gaba,0348 MEA-BST Lhx6 Sp9 Gaba_2,245,Sema5a,77.1,53.7,23.5
074 MEA-BST Lhx6 Sp9 Gaba,0348 MEA-BST Lhx6 Sp9 Gaba_2,245,Slc44a5,80.4,55.2,25.2
074 MEA-BST Lhx6 Sp9 Gaba,0348 MEA-BST Lhx6 Sp9 Gaba_2,245,Slit2,86.1,56.9,29.3
074 MEA-BST Lhx6 Sp9 Gaba,0348 MEA-BST Lhx6 Sp9 Gaba_2,245,Vwc2l,73.5,40.9,32.5
074 MEA-BST Lhx6 Sp9 Gaba,0348 MEA-BST Lhx6 Sp9 Gaba_2,245,Esr1,91.0,56.6,34.4
074 MEA-BST Lhx6 Sp9 Gaba,0348 MEA-BST Lhx6 Sp9 Gaba_2,245,Fbn2,56.7,32.8,23.9
074 MEA-BST Lhx6 Sp9 Gaba,0348 MEA-BST Lhx6 Sp9 Gaba_2,245,Nckap5,77.6,37.5,40.1
074 MEA-BST Lhx6 Sp9 Gaba,0348 MEA-BST Lhx6 Sp9 Gaba_2,245,Pde1c,79.2,20.7,58.5
074 MEA-BST Lhx6 Sp9 Gaba,0348 MEA-BST Lhx6 Sp9 Gaba_2,245,Plcl1,78.0,38.1,39.8
074 MEA-BST Lhx6 Sp9 Gaba,0348 MEA-BST Lhx6 Sp9 Gaba_2,245,Trpm3,92.7,68.0,24.7
074 MEA-BST Lhx6 Sp9 Gaba,0353 MEA-BST Lhx6 Sp9 Gaba_7,128,Calb2,88.3,58.1,30.2
074 MEA-BST Lhx6 Sp9 Gaba,0353 MEA-BST Lhx6 Sp9 Gaba_7,128,Chrm3,91.4,56.1,35.3
074 MEA-BST Lhx6 Sp9 Gaba,0353 MEA-BST Lhx6 Sp9 Gaba_7,128,Cnr1,66.4,25.7,40.7
074 MEA-BST Lhx6 Sp9 Gaba,0353 MEA-BST Lhx6 Sp9 Gaba_7,128,Cux2,57.0,30.0,27.0
074 MEA-BST Lhx6 Sp9 Gaba,0353 MEA-BST Lhx6 Sp9 Gaba_7,128,Dlx1,93.0,44.2,48.8
074 MEA-BST Lhx6 Sp9 Gaba,0353 MEA-BST Lhx6 Sp9 Gaba_7,128,Garnl3,89.1,65.4,23.7
074 MEA-BST Lhx6 Sp9 Gaba,0353 MEA-BST Lhx6 Sp9 Gaba_7,128,Gfra1,65.6,29.3,36.3
074 MEA-BST Lhx6 Sp9 Gaba,0353 MEA-BST Lhx6 Sp9 Gaba_7,128,Gpr88,72.7,32.9,39.7
074 MEA-BST Lhx6 Sp9 Gaba,0353 MEA-BST Lhx6 Sp9 Gaba_7,128,Hivep1,61.7,25.6,36.1
074 MEA-BST Lhx6 Sp9 Gaba,0353 MEA-BST Lhx6 Sp9 Gaba_7,128,Hrh3,50.8,30.5,20.3
074 MEA-BST Lhx6 Sp9 Gaba,0353 MEA-BST Lhx6 Sp9 Gaba_7,128,Htr1b,53.1,17.1,36.1
074 MEA-BST Lhx6 Sp9 Gaba,0353 MEA-BST Lhx6 Sp9 Gaba_7,128,Htr2c,96.9,69.3,27.6
074 MEA-BST Lhx6 Sp9 Gaba,0353 MEA-BST Lhx6 Sp9 Gaba_7,128,Igfbp5,78.9,48.6,30.3
074 MEA-BST Lhx6 Sp9 Gaba,0353 MEA-BST Lhx6 Sp9 Gaba_7,128,Necab1,80.5,58.7,21.7
074 MEA-BST Lhx6 Sp9 Gaba,0353 MEA-BST Lhx6 Sp9 Gaba_7,128,Nfib,57.0,8.5,48.6
074 MEA-BST Lhx6 Sp9 Gaba,0353 MEA-BST Lhx6 Sp9 Gaba_7,128,Otof,71.9,24.7,47.2
074 MEA-BST Lhx6 Sp9 Gaba,0353 MEA-BST Lhx6 Sp9 Gaba_7,128,Rasgrf2,96.1,75.7,20.4
074 MEA-BST Lhx6 Sp9 Gaba,0353 MEA-BST Lhx6 Sp9 Gaba_7,128,Satb2,92.2,0.7,91.5
074 MEA-BST Lhx6 Sp9 Gaba,0353 MEA-BST Lhx6 Sp9 Gaba_7,128,Slit2,82.0,57.5,24.6
074 MEA-BST Lhx6 Sp9 Gaba,0353 MEA-BST Lhx6 Sp9 Gaba_7,128,Synpr,50.0,22.5,27.5
074 MEA-BST Lhx6 Sp9 Gaba,0353 MEA-BST Lhx6 Sp9 Gaba_7,128,Thsd7b,97.7,33.4,64.2
074 MEA-BST Lhx6 Sp9 Gaba,0353 MEA-BST Lhx6 Sp9 Gaba_7,128,Tox,68.8,26.8,41.9
074 MEA-BST Lhx6 Sp9 Gaba,0353 MEA-BST Lhx6 Sp9 Gaba_7,128,Vwc2l,90.6,41.2,49.4
074 MEA-BST Lhx6 Sp9 Gaba,0353 MEA-BST Lhx6 Sp9 Gaba_7,128,Zfpm2,85.2,28.9,56.2
074 MEA-BST Lhx6 Sp9 Gaba,0353 MEA-BST Lhx6 Sp9 Gaba_7,128,Grin3a,96.9,64.1,32.8
074 MEA-BST Lhx6 Sp9 Gaba,0353 MEA-BST Lhx6 Sp9 Gaba_7,128,Grm3,89.8,44.2,45.6
074 MEA-BST Lhx6 Sp9 Gaba,0353 MEA-BST Lhx6 Sp9 Gaba_7,128,Adamts17,57.0,36.7,20.3
074 MEA-BST Lhx6 Sp9 Gaba,0353 MEA-BST Lhx6 Sp9 Gaba_7,128,Gm10754,59.4,22.1,37.3
074 MEA-BST Lhx6 Sp9 Gaba,0353 MEA-BST Lhx6 Sp9 Gaba_7,128,Gpr149,70.3,5.8,64.5
074 MEA-BST Lhx6 Sp9 Gaba,0353 MEA-BST Lhx6 Sp9 Gaba_7,128,Plcl1,74.2,39.0,35.3
074 MEA-BST Lhx6 Sp9 Gaba,0353 MEA-BST Lhx6 Sp9 Gaba_7,128,Pvt1,85.9,64.7,21.2
074 MEA-BST Lhx6 Sp9 Gaba,0353 MEA-BST Lhx6 Sp9 Gaba_7,128,Spon1,58.6,19.2,39.4
082 CEA-BST Ebf1 Pdyn Gaba,0384 CEA-BST Ebf1 Pdyn Gaba_1,3784,Adcyap1r1,79.3,41.8,37.5
082 CEA-BST Ebf1 Pdyn Gaba,0384 CEA-BST Ebf1 Pdyn Gaba_1,3784,Btbd11,83.7,60.7,22.9
082 CEA-BST Ebf1 Pdyn Gaba,0384 CEA-BST Ebf1 Pdyn Gaba_1,3784,Cdh13,76.2,54.1,22.0
082 CEA-BST Ebf1 Pdyn Gaba,0384 CEA-BST Ebf1 Pdyn Gaba_1,3784,Cdh9,52.1,30.5,21.6
082 CEA-BST Ebf1 Pdyn Gaba,0384 CEA-BST Ebf1 Pdyn Gaba_1,3784,Cntnap4,71.5,49.0,22.5
082 CEA-BST Ebf1 Pdyn Gaba,0384 CEA-BST Ebf1 Pdyn Gaba_1,3784,Fhod3,66.1,42.5,23.6
082 CEA-BST Ebf1 Pdyn Gaba,0384 CEA-BST Ebf1 Pdyn Gaba_1,3784,Gpr101,88.7,67.2,21.5
082 CEA-BST Ebf1 Pdyn Gaba,0384 CEA-BST Ebf1 Pdyn Gaba_1,3784,Htr1f,59.9,35.6,24.2
082 CEA-BST Ebf1 Pdyn Gaba,0384 CEA-BST Ebf1 Pdyn Gaba_1,3784,Igfbp5,60.7,27.7,32.9
082 CEA-BST Ebf1 Pdyn Gaba,0384 CEA-BST Ebf1 Pdyn Gaba_1,3784,Myo16,70.3,49.2,21.2
082 CEA-BST Ebf1 Pdyn Gaba,0384 CEA-BST Ebf1 Pdyn Gaba_1,3784,Parm1,58.4,34.2,24.2
082 CEA-BST Ebf1 Pdyn Gaba,0384 CEA-BST Ebf1 Pdyn Gaba_1,3784,Pkib,50.4,28.7,21.7
082 CEA-BST Ebf1 Pdyn Gaba,0384 CEA-BST Ebf1 Pdyn Gaba_1,3784,Rmst,95.3,71.1,24.2
082 CEA-BST Ebf1 Pdyn Gaba,0384 CEA-BST Ebf1 Pdyn Gaba_1,3784,Scn5a,84.3,61.5,22.8
082 CEA-BST Ebf1 Pdyn Gaba,0384 CEA-BST Ebf1 Pdyn Gaba_1,3784,Sox11,81.1,58.7,22.3
082 CEA-BST Ebf1 Pdyn Gaba,0384 CEA-BST Ebf1 Pdyn Gaba_1,3784,Zfpm2,50.1,26.0,24.1
082 CEA-BST Ebf1 Pdyn Gaba,0384 CEA-BST Ebf1 Pdyn Gaba_1,3784,Grin3a,89.3,44.1,45.2
082 CEA-BST Ebf1 Pdyn Gaba,0384 CEA-BST Ebf1 Pdyn Gaba_1,3784,Grm3,70.8,50.2,20.6
082 CEA-BST Ebf1 Pdyn Gaba,0384 CEA-BST Ebf1 Pdyn Gaba_1,3784,Slc6a1,93.2,68.8,24.4
082 CEA-BST Ebf1 Pdyn Gaba,0384 CEA-BST Ebf1 Pdyn Gaba_1,3784,Dipk2a,55.9,30.7,25.2
082 CEA-BST Ebf1 Pdyn Gaba,0384 CEA-BST Ebf1 Pdyn Gaba_1,3784,Elfn1,60.2,33.8,26.4
082 CEA-BST Ebf1 Pdyn Gaba,0384 CEA-BST Ebf1 Pdyn Gaba_1,3784,Glra3,68.6,48.4,20.2
082 CEA-BST Ebf1 Pdyn Gaba,0384 CEA-BST Ebf1 Pdyn Gaba_1,3784,Lypd1,92.5,72.4,20.1
082 CEA-BST Ebf1 Pdyn Gaba,0384 CEA-BST Ebf1 Pdyn Gaba_1,3784,Nckap5,79.7,43.0,36.7
082 CEA-BST Ebf1 Pdyn Gaba,0384 CEA-BST Ebf1 Pdyn Gaba_1,3784,Pvt1,91.1,70.7,20.5
082 CEA-BST Ebf1 Pdyn Gaba,0384 CEA-BST Ebf1 Pdyn Gaba_1,3784,Spon1,60.5,39.4,21.1
082 CEA-BST Ebf1 Pdyn Gaba,0386 CEA-BST Ebf1 Pdyn Gaba_3,1180,Arhgap6,98.9,58.9,40.0
082 CEA-BST Ebf1 Pdyn Gaba,0386 CEA-BST Ebf1 Pdyn Gaba_3,1180,Cd44,53.6,12.8,40.8
082 CEA-BST Ebf1 Pdyn Gaba,0386 CEA-BST Ebf1 Pdyn Gaba_3,1180,Col6a1,71.3,17.1,54.2
082 CEA-BST Ebf1 Pdyn Gaba,0386 CEA-BST Ebf1 Pdyn Gaba_3,1180,Cpne8,84.3,47.1,37.2
082 CEA-BST Ebf1 Pdyn Gaba,0386 CEA-BST Ebf1 Pdyn Gaba_3,1180,Dnah5,64.7,14.4,50.3
082 CEA-BST Ebf1 Pdyn Gaba,0386 CEA-BST Ebf1 Pdyn Gaba_3,1180,Ebf1,95.3,68.8,26.6
082 CEA-BST Ebf1 Pdyn Gaba,0386 CEA-BST Ebf1 Pdyn Gaba_3,1180,Egr3,68.1,45.6,22.5
082 CEA-BST Ebf1 Pdyn Gaba,0386 CEA-BST Ebf1 Pdyn Gaba_3,1180,Egr4,51.2,21.4,29.8
082 CEA-BST Ebf1 Pdyn Gaba,0386 CEA-BST Ebf1 Pdyn Gaba_3,1180,Etv5,68.9,28.4,40.5
082 CEA-BST Ebf1 Pdyn Gaba,0386 CEA-BST Ebf1 Pdyn Gaba_3,1180,Galnt14,62.1,30.7,31.4
082 CEA-BST Ebf1 Pdyn Gaba,0386 CEA-BST Ebf1 Pdyn Gaba_3,1180,Gfra1,57.5,25.0,32.4
082 CEA-BST Ebf1 Pdyn Gaba,0386 CEA-BST Ebf1 Pdyn Gaba_3,1180,Htr2c,93.3,70.7,22.6
082 CEA-BST Ebf1 Pdyn Gaba,0386 CEA-BST Ebf1 Pdyn Gaba_3,1180,Inpp4b,94.7,69.3,25.4
082 CEA-BST Ebf1 Pdyn Gaba,0386 CEA-BST Ebf1 Pdyn Gaba_3,1180,Junb,65.6,40.5,25.1
082 CEA-BST Ebf1 Pdyn Gaba,0386 CEA-BST Ebf1 Pdyn Gaba_3,1180,Maml3,83.2,56.9,26.3
082 CEA-BST Ebf1 Pdyn Gaba,0386 CEA-BST Ebf1 Pdyn Gaba_3,1180,Matn2,53.0,32.4,20.6
082 CEA-BST Ebf1 Pdyn Gaba,0386 CEA-BST Ebf1 Pdyn Gaba_3,1180,Ndst3,88.1,56.3,31.7
082 CEA-BST Ebf1 Pdyn Gaba,0386 CEA-BST Ebf1 Pdyn Gaba_3,1180,Nts,56.8,25.9,30.8
082 CEA-BST Ebf1 Pdyn Gaba,0386 CEA-BST Ebf1 Pdyn Gaba_3,1180,Nwd2,58.4,36.4,22.0
082 CEA-BST Ebf1 Pdyn Gaba,0386 CEA-BST Ebf1 Pdyn Gaba_3,1180,Pdyn,95.3,56.5,38.9
082 CEA-BST Ebf1 Pdyn Gaba,0386 CEA-BST Ebf1 Pdyn Gaba_3,1180,Pdzd2,77.2,40.8,36.4
082 CEA-BST Ebf1 Pdyn Gaba,0386 CEA-BST Ebf1 Pdyn Gaba_3,1180,Ppp1r1b,86.8,25.0,61.7
082 CEA-BST Ebf1 Pdyn Gaba,0386 CEA-BST Ebf1 Pdyn Gaba_3,1180,Sema5a,87.3,45.2,42.1
082 CEA-BST Ebf1 Pdyn Gaba,0386 CEA-BST Ebf1 Pdyn Gaba_3,1180,Sema6a,90.2,60.9,29.3
082 CEA-BST Ebf1 Pdyn Gaba,0386 CEA-BST Ebf1 Pdyn Gaba_3,1180,Sox8,74.7,21.7,53.1
082 CEA-BST Ebf1 Pdyn Gaba,0386 CEA-BST Ebf1 Pdyn Gaba_3,1180,Sst,91.6,44.4,47.2
082 CEA-BST Ebf1 Pdyn Gaba,0386 CEA-BST Ebf1 Pdyn Gaba_3,1180,Syndig1l,90.4,37.5,52.9
082 CEA-BST Ebf1 Pdyn Gaba,0386 CEA-BST Ebf1 Pdyn Gaba_3,1180,Tox,77.9,27.0,50.9
082 CEA-BST Ebf1 Pdyn Gaba,0386 CEA-BST Ebf1 Pdyn Gaba_3,1180,Unc13c,98.3,64.5,33.8
082 CEA-BST Ebf1 Pdyn Gaba,0386 CEA-BST Ebf1 Pdyn Gaba_3,1180,Arntl,75.7,55.4,20.3
082 CEA-BST Ebf1 Pdyn Gaba,0386 CEA-BST Ebf1 Pdyn Gaba_3,1180,Npas2,86.2,52.3,33.9
082 CEA-BST Ebf1 Pdyn Gaba,0386 CEA-BST Ebf1 Pdyn Gaba_3,1180,Pcdh8,83.8,48.7,35.1
082 CEA-BST Ebf1 Pdyn Gaba,0386 CEA-BST Ebf1 Pdyn Gaba_3,1180,Vgf,67.2,40.2,27.0
082 CEA-BST Ebf1 Pdyn Gaba,0386 CEA-BST Ebf1 Pdyn Gaba_3,1180,Plcl1,97.7,69.8,27.9
082 CEA-BST Ebf1 Pdyn Gaba,0386 CEA-BST Ebf1 Pdyn Gaba_3,1180,Zfp804b,82.2,47.0,35.2
082 CEA-BST Ebf1 Pdyn Gaba,0385 CEA-BST Ebf1 Pdyn Gaba_2,763,Cbln2,73.0,16.5,56.5
082 CEA-BST Ebf1 Pdyn Gaba,0385 CEA-BST Ebf1 Pdyn Gaba_2,763,Cdh13,89.8,63.2,26.6
082 CEA-BST Ebf1 Pdyn Gaba,0385 CEA-BST Ebf1 Pdyn Gaba_2,763,Cdh20,74.6,41.2,33.4
082 CEA-BST Ebf1 Pdyn Gaba,0385 CEA-BST Ebf1 Pdyn Gaba_2,763,Chrm2,57.5,16.9,40.6
082 CEA-BST Ebf1 Pdyn Gaba,0385 CEA-BST Ebf1 Pdyn Gaba_2,763,Chrm3,99.3,67.2,32.2
082 CEA-BST Ebf1 Pdyn Gaba,0385 CEA-BST Ebf1 Pdyn Gaba_2,763,Cpne8,93.2,48.5,44.6
082 CEA-BST Ebf1 Pdyn Gaba,0385 CEA-BST Ebf1 Pdyn Gaba_2,763,Gfra2,86.2,42.9,43.3
082 CEA-BST Ebf1 Pdyn Gaba,0385 CEA-BST Ebf1 Pdyn Gaba_2,763,Gpr88,90.4,70.1,20.4
082 CEA-BST Ebf1 Pdyn Gaba,0385 CEA-BST Ebf1 Pdyn Gaba_2,763,Gucy1a1,57.9,21.1,36.8
082 CEA-BST Ebf1 Pdyn Gaba,0385 CEA-BST Ebf1 Pdyn Gaba_2,763,Htr2c,92.9,72.3,20.6
082 CEA-BST Ebf1 Pdyn Gaba,0385 CEA-BST Ebf1 Pdyn Gaba_2,763,Isl1,78.4,51.9,26.5
082 CEA-BST Ebf1 Pdyn Gaba,0385 CEA-BST Ebf1 Pdyn Gaba_2,763,Nell1,99.9,57.3,42.6
082 CEA-BST Ebf1 Pdyn Gaba,0385 CEA-BST Ebf1 Pdyn Gaba_2,763,Nos1,95.3,50.5,44.8
082 CEA-BST Ebf1 Pdyn Gaba,0385 CEA-BST Ebf1 Pdyn Gaba_2,763,Nwd2,78.2,35.5,42.8
082 CEA-BST Ebf1 Pdyn Gaba,0385 CEA-BST Ebf1 Pdyn Gaba_2,763,Oprk1,62.0,17.2,44.8
082 CEA-BST Ebf1 Pdyn Gaba,0385 CEA-BST Ebf1 Pdyn Gaba_2,763,Pdyn,84.7,60.4,24.3
082 CEA-BST Ebf1 Pdyn Gaba,0385 CEA-BST Ebf1 Pdyn Gaba_2,763,Plch1,78.1,15.2,62.9
082 CEA-BST Ebf1 Pdyn Gaba,0385 CEA-BST Ebf1 Pdyn Gaba_2,763,Ror1,61.5,15.8,45.7
082 CEA-BST Ebf1 Pdyn Gaba,0385 CEA-BST Ebf1 Pdyn Gaba_2,763,Sema3a,97.1,68.1,29.0
082 CEA-BST Ebf1 Pdyn Gaba,0385 CEA-BST Ebf1 Pdyn Gaba_2,763,Shisa6,87.3,25.7,61.6
082 CEA-BST Ebf1 Pdyn Gaba,0385 CEA-BST Ebf1 Pdyn Gaba_2,763,Slc44a5,70.2,45.8,24.5
082 CEA-BST Ebf1 Pdyn Gaba,0385 CEA-BST Ebf1 Pdyn Gaba_2,763,Sst,95.3,47.1,48.2
082 CEA-BST Ebf1 Pdyn Gaba,0385 CEA-BST Ebf1 Pdyn Gaba_2,763,Tac1,99.5,29.2,70.2
082 CEA-BST Ebf1 Pdyn Gaba,0385 CEA-BST Ebf1 Pdyn Gaba_2,763,Tacr1,81.8,18.3,63.5
082 CEA-BST Ebf1 Pdyn Gaba,0385 CEA-BST Ebf1 Pdyn Gaba_2,763,Thsd7b,95.8,62.3,33.5
082 CEA-BST Ebf1 Pdyn Gaba,0385 CEA-BST Ebf1 Pdyn Gaba_2,763,Tmem255a,93.1,64.5,28.5
082 CEA-BST Ebf1 Pdyn Gaba,0385 CEA-BST Ebf1 Pdyn Gaba_2,763,Vwc2l,64.1,31.2,32.8
082 CEA-BST Ebf1 Pdyn Gaba,0385 CEA-BST Ebf1 Pdyn Gaba_2,763,Cdh8,91.2,61.3,29.9
082 CEA-BST Ebf1 Pdyn Gaba,0385 CEA-BST Ebf1 Pdyn Gaba_2,763,Luzp2,97.9,63.4,34.5
082 CEA-BST Ebf1 Pdyn Gaba,0385 CEA-BST Ebf1 Pdyn Gaba_2,763,Plcl1,98.2,71.6,26.5
082 CEA-BST Ebf1 Pdyn Gaba,0385 CEA-BST Ebf1 Pdyn Gaba_2,763,Zfp804b,90.4,48.4,42.0
082 CEA-BST Ebf1 Pdyn Gaba,0389 CEA-BST Ebf1 Pdyn Gaba_6,483,Btbd11,98.1,71.4,26.8
082 CEA-BST Ebf1 Pdyn Gaba,0389 CEA-BST Ebf1 Pdyn Gaba_6,483,Cdh20,65.2,43.3,21.9
082 CEA-BST Ebf1 Pdyn Gaba,0389 CEA-BST Ebf1 Pdyn Gaba_6,483,Cntnap4,83.4,59.6,23.9
082 CEA-BST Ebf1 Pdyn Gaba,0389 CEA-BST Ebf1 Pdyn Gaba_6,483,Cpne4,97.9,53.0,44.9
082 CEA-BST Ebf1 Pdyn Gaba,0389 CEA-BST Ebf1 Pdyn Gaba_6,483,Dpy19l1,90.3,55.5,34.7
082 CEA-BST Ebf1 Pdyn Gaba,0389 CEA-BST Ebf1 Pdyn Gaba_6,483,Etv1,85.9,12.5,73.4
082 CEA-BST Ebf1 Pdyn Gaba,0389 CEA-BST Ebf1 Pdyn Gaba_6,483,Gabre,62.7,29.7,33.1
082 CEA-BST Ebf1 Pdyn Gaba,0389 CEA-BST Ebf1 Pdyn Gaba_6,483,Gfra2,72.3,45.8,26.4
082 CEA-BST Ebf1 Pdyn Gaba,0389 CEA-BST Ebf1 Pdyn Gaba_6,483,Hivep1,63.6,35.1,28.5
082 CEA-BST Ebf1 Pdyn Gaba,0389 CEA-BST Ebf1 Pdyn Gaba_6,483,Hrh1,64.6,26.6,38.0
082 CEA-BST Ebf1 Pdyn Gaba,0389 CEA-BST Ebf1 Pdyn Gaba_6,483,Kctd12,71.6,48.1,23.5
082 CEA-BST Ebf1 Pdyn Gaba,0389 CEA-BST Ebf1 Pdyn Gaba_6,483,Mc4r,63.6,6.4,57.1
082 CEA-BST Ebf1 Pdyn Gaba,0389 CEA-BST Ebf1 Pdyn Gaba_6,483,Npy1r,88.4,36.1,52.3
082 CEA-BST Ebf1 Pdyn Gaba,0389 CEA-BST Ebf1 Pdyn Gaba_6,483,Npy2r,50.1,17.4,32.7
082 CEA-BST Ebf1 Pdyn Gaba,0389 CEA-BST Ebf1 Pdyn Gaba_6,483,Nts,55.1,29.4,25.7
082 CEA-BST Ebf1 Pdyn Gaba,0389 CEA-BST Ebf1 Pdyn Gaba_6,483,Pnoc,88.4,34.8,53.6
082 CEA-BST Ebf1 Pdyn Gaba,0389 CEA-BST Ebf1 Pdyn Gaba_6,483,Rab3b,62.3,16.1,46.2
082 CEA-BST Ebf1 Pdyn Gaba,0389 CEA-BST Ebf1 Pdyn Gaba_6,483,Rasa4,52.4,4.2,48.2
082 CEA-BST Ebf1 Pdyn Gaba,0389 CEA-BST Ebf1 Pdyn Gaba_6,483,Sdk2,86.1,59.2,26.9
082 CEA-BST Ebf1 Pdyn Gaba,0389 CEA-BST Ebf1 Pdyn Gaba_6,483,Sema3a,91.7,69.7,22.0
082 CEA-BST Ebf1 Pdyn Gaba,0389 CEA-BST Ebf1 Pdyn Gaba_6,483,Slit2,96.5,58.0,38.5
082 CEA-BST Ebf1 Pdyn Gaba,0389 CEA-BST Ebf1 Pdyn Gaba_6,483,Syt6,65.6,35.0,30.6
082 CEA-BST Ebf1 Pdyn Gaba,0389 CEA-BST Ebf1 Pdyn Gaba_6,483,Trhr,61.1,24.4,36.7
082 CEA-BST Ebf1 Pdyn Gaba,0389 CEA-BST Ebf1 Pdyn Gaba_6,483,Unc13c,97.5,68.2,29.4
082 CEA-BST Ebf1 Pdyn Gaba,0389 CEA-BST Ebf1 Pdyn Gaba_6,483,Vdr,94.6,5.0,89.6
082 CEA-BST Ebf1 Pdyn Gaba,0389 CEA-BST Ebf1 Pdyn Gaba_6,483,Gpx3,51.6,27.4,24.2
082 CEA-BST Ebf1 Pdyn Gaba,0389 CEA-BST Ebf1 Pdyn Gaba_6,483,Maml2,89.6,62.3,27.4
082 CEA-BST Ebf1 Pdyn Gaba,0389 CEA-BST Ebf1 Pdyn Gaba_6,483,Plpp4,73.7,25.8,47.9
082 CEA-BST Ebf1 Pdyn Gaba,0389 CEA-BST Ebf1 Pdyn Gaba_6,483,Stac,79.5,24.0,55.5
082 CEA-BST Ebf1 Pdyn Gaba,0389 CEA-BST Ebf1 Pdyn Gaba_6,483,Trhde,88.4,49.3,39.1
082 CEA-BST Ebf1 Pdyn Gaba,0388 CEA-BST Ebf1 Pdyn Gaba_5,371,Adcyap1r1,85.7,60.9,24.8
082 CEA-BST Ebf1 Pdyn Gaba,0388 CEA-BST Ebf1 Pdyn Gaba_5,371,Calb1,90.8,51.2,39.7
082 CEA-BST Ebf1 Pdyn Gaba,0388 CEA-BST Ebf1 Pdyn Gaba_5,371,Cbln4,57.4,21.6,35.8
082 CEA-BST Ebf1 Pdyn Gaba,0388 CEA-BST Ebf1 Pdyn Gaba_5,371,Cdh13,88.1,64.9,23.3
082 CEA-BST Ebf1 Pdyn Gaba,0388 CEA-BST Ebf1 Pdyn Gaba_5,371,Chrm2,51.8,19.7,32.1
082 CEA-BST Ebf1 Pdyn Gaba,0388 CEA-BST Ebf1 Pdyn Gaba_5,371,Cntn6,86.5,65.6,20.9
082 CEA-BST Ebf1 Pdyn Gaba,0388 CEA-BST Ebf1 Pdyn Gaba_5,371,Col23a1,51.8,22.1,29.6
082 CEA-BST Ebf1 Pdyn Gaba,0388 CEA-BST Ebf1 Pdyn Gaba_5,371,Drd1,72.8,37.0,35.8
082 CEA-BST Ebf1 Pdyn Gaba,0388 CEA-BST Ebf1 Pdyn Gaba_5,371,Egr1,93.8,66.3,27.5
082 CEA-BST Ebf1 Pdyn Gaba,0388 CEA-BST Ebf1 Pdyn Gaba_5,371,Egr3,76.0,47.9,28.1
082 CEA-BST Ebf1 Pdyn Gaba,0388 CEA-BST Ebf1 Pdyn Gaba_5,371,Etv5,54.7,34.2,20.5
082 CEA-BST Ebf1 Pdyn Gaba,0388 CEA-BST Ebf1 Pdyn Gaba_5,371,Fhod3,84.1,53.7,30.4
082 CEA-BST Ebf1 Pdyn Gaba,0388 CEA-BST Ebf1 Pdyn Gaba_5,371,Gfra2,75.2,46.1,29.1
082 CEA-BST Ebf1 Pdyn Gaba,0388 CEA-BST Ebf1 Pdyn Gaba_5,371,Gng12,65.5,33.1,32.4
082 CEA-BST Ebf1 Pdyn Gaba,0388 CEA-BST Ebf1 Pdyn Gaba_5,371,Gpr22,75.5,44.0,31.5
082 CEA-BST Ebf1 Pdyn Gaba,0388 CEA-BST Ebf1 Pdyn Gaba_5,371,Gpr88,93.5,71.1,22.4
082 CEA-BST Ebf1 Pdyn Gaba,0388 CEA-BST Ebf1 Pdyn Gaba_5,371,Grik3,90.3,35.2,55.1
082 CEA-BST Ebf1 Pdyn Gaba,0388 CEA-BST Ebf1 Pdyn Gaba_5,371,Gsg1l,76.0,43.5,32.5
082 CEA-BST Ebf1 Pdyn Gaba,0388 CEA-BST Ebf1 Pdyn Gaba_5,371,Hcrtr2,56.6,11.8,44.8
082 CEA-BST Ebf1 Pdyn Gaba,0388 CEA-BST Ebf1 Pdyn Gaba_5,371,Hivep1,58.8,35.8,22.9
082 CEA-BST Ebf1 Pdyn Gaba,0388 CEA-BST Ebf1 Pdyn Gaba_5,371,Htr1b,83.0,50.2,32.8
082 CEA-BST Ebf1 Pdyn Gaba,0388 CEA-BST Ebf1 Pdyn Gaba_5,371,Igfbp6,53.6,5.1,48.6
082 CEA-BST Ebf1 Pdyn Gaba,0388 CEA-BST Ebf1 Pdyn Gaba_5,371,Isl1,89.8,52.8,37.0
082 CEA-BST Ebf1 Pdyn Gaba,0388 CEA-BST Ebf1 Pdyn Gaba_5,371,Junb,64.2,43.7,20.5
082 CEA-BST Ebf1 Pdyn Gaba,0388 CEA-BST Ebf1 Pdyn Gaba_5,371,Kctd12,71.4,48.5,22.9
082 CEA-BST Ebf1 Pdyn Gaba,0388 CEA-BST Ebf1 Pdyn Gaba_5,371,Npy2r,57.4,17.5,39.9
082 CEA-BST Ebf1 Pdyn Gaba,0388 CEA-BST Ebf1 Pdyn Gaba_5,371,Nr4a1,50.7,17.1,33.6
082 CEA-BST Ebf1 Pdyn Gaba,0388 CEA-BST Ebf1 Pdyn Gaba_5,371,Oprm1,98.4,75.1,23.3
082 CEA-BST Ebf1 Pdyn Gaba,0388 CEA-BST Ebf1 Pdyn Gaba_5,371,Pde11a,62.0,25.0,37.0
082 CEA-BST Ebf1 Pdyn Gaba,0388 CEA-BST Ebf1 Pdyn Gaba_5,371,Pkib,63.3,39.2,24.2
082 CEA-BST Ebf1 Pdyn Gaba,0388 CEA-BST Ebf1 Pdyn Gaba_5,371,Ptpru,75.7,47.3,28.4
082 CEA-BST Ebf1 Pdyn Gaba,0388 CEA-BST Ebf1 Pdyn Gaba_5,371,Slc44a5,77.6,46.8,30.8
082 CEA-BST Ebf1 Pdyn Gaba,0388 CEA-BST Ebf1 Pdyn Gaba_5,371,Stk40,71.7,50.9,20.8
082 CEA-BST Ebf1 Pdyn Gaba,0388 CEA-BST Ebf1 Pdyn Gaba_5,371,Synpr,70.1,35.9,34.2
082 CEA-BST Ebf1 Pdyn Gaba,0388 CEA-BST Ebf1 Pdyn Gaba_5,371,Grin3a,99.2,66.9,32.3
082 CEA-BST Ebf1 Pdyn Gaba,0388 CEA-BST Ebf1 Pdyn Gaba_5,371,Jun,76.5,38.8,37.7
082 CEA-BST Ebf1 Pdyn Gaba,0388 CEA-BST Ebf1 Pdyn Gaba_5,371,Vgf,82.7,42.6,40.1
082 CEA-BST Ebf1 Pdyn Gaba,0388 CEA-BST Ebf1 Pdyn Gaba_5,371,Dipk2a,65.0,43.3,21.7
082 CEA-BST Ebf1 Pdyn Gaba,0388 CEA-BST Ebf1 Pdyn Gaba_5,371,Fbn2,56.3,15.0,41.4
082 CEA-BST Ebf1 Pdyn Gaba,0388 CEA-BST Ebf1 Pdyn Gaba_5,371,Glra3,94.3,57.4,37.0
082 CEA-BST Ebf1 Pdyn Gaba,0388 CEA-BST Ebf1 Pdyn Gaba_5,371,Gm10754,71.7,33.3,38.4
082 CEA-BST Ebf1 Pdyn Gaba,0388 CEA-BST Ebf1 Pdyn Gaba_5,371,Luzp2,87.6,66.0,21.6
082 CEA-BST Ebf1 Pdyn Gaba,0388 CEA-BST Ebf1 Pdyn Gaba_5,371,Spon1,75.7,49.4,26.3
082 CEA-BST Ebf1 Pdyn Gaba,0388 CEA-BST Ebf1 Pdyn Gaba_5,371,Tafa1,98.9,38.8,60.1
082 CEA-BST Ebf1 Pdyn Gaba,0388 CEA-BST Ebf1 Pdyn Gaba_5,371,Trhde,84.6,50.1,34.5
082 CEA-BST Ebf1 Pdyn Gaba,0387 CEA-BST Ebf1 Pdyn Gaba_4,218,Adcyap1r1,88.5,61.4,27.2
082 CEA-BST Ebf1 Pdyn Gaba,0387 CEA-BST Ebf1 Pdyn Gaba_4,218,Cdh20,77.1,43.8,33.3
082 CEA-BST Ebf1 Pdyn Gaba,0387 CEA-BST Ebf1 Pdyn Gaba_4,218,Drd1,74.3,37.7,36.6
082 CEA-BST Ebf1 Pdyn Gaba,0387 CEA-BST Ebf1 Pdyn Gaba_4,218,Ebf1,99.5,72.4,27.1
082 CEA-BST Ebf1 Pdyn Gaba,0387 CEA-BST Ebf1 Pdyn Gaba_4,218,Egr1,87.6,67.1,20.5
082 CEA-BST Ebf1 Pdyn Gaba,0387 CEA-BST Ebf1 Pdyn Gaba_4,218,Fhod3,84.9,54.3,30.5
082 CEA-BST Ebf1 Pdyn Gaba,0387 CEA-BST Ebf1 Pdyn Gaba_4,218,Grik3,70.6,37.1,33.5
082 CEA-BST Ebf1 Pdyn Gaba,0387 CEA-BST Ebf1 Pdyn Gaba_4,218,Gucy1a1,57.3,24.1,33.2
082 CEA-BST Ebf1 Pdyn Gaba,0387 CEA-BST Ebf1 Pdyn Gaba_4,218,Htr1b,75.7,51.2,24.5
082 CEA-BST Ebf1 Pdyn Gaba,0387 CEA-BST Ebf1 Pdyn Gaba_4,218,Isl1,84.9,53.8,31.1
082 CEA-BST Ebf1 Pdyn Gaba,0387 CEA-BST Ebf1 Pdyn Gaba_4,218,Nell1,96.8,60.8,36.0
082 CEA-BST Ebf1 Pdyn Gaba,0387 CEA-BST Ebf1 Pdyn Gaba_4,218,Npy2r,62.8,18.3,44.6
082 CEA-BST Ebf1 Pdyn Gaba,0387 CEA-BST Ebf1 Pdyn Gaba_4,218,Pkib,74.8,39.3,35.4
082 CEA-BST Ebf1 Pdyn Gaba,0387 CEA-BST Ebf1 Pdyn Gaba_4,218,Ptpru,73.9,48.0,25.8
082 CEA-BST Ebf1 Pdyn Gaba,0387 CEA-BST Ebf1 Pdyn Gaba_4,218,Rnf152,63.8,28.8,35.0
082 CEA-BST Ebf1 Pdyn Gaba,0387 CEA-BST Ebf1 Pdyn Gaba_4,218,Slc44a5,76.6,47.6,29.1
082 CEA-BST Ebf1 Pdyn Gaba,0387 CEA-BST Ebf1 Pdyn Gaba_4,218,Syndig1,67.4,30.1,37.3
082 CEA-BST Ebf1 Pdyn Gaba,0387 CEA-BST Ebf1 Pdyn Gaba_4,218,Tac2,66.5,15.8,50.7
082 CEA-BST Ebf1 Pdyn Gaba,0387 CEA-BST Ebf1 Pdyn Gaba_4,218,Thsd7b,94.0,65.1,29.0
082 CEA-BST Ebf1 Pdyn Gaba,0387 CEA-BST Ebf1 Pdyn Gaba_4,218,Vwc2l,92.2,33.0,59.2
082 CEA-BST Ebf1 Pdyn Gaba,0387 CEA-BST Ebf1 Pdyn Gaba_4,218,Grin3a,98.6,67.7,31.0
082 CEA-BST Ebf1 Pdyn Gaba,0387 CEA-BST Ebf1 Pdyn Gaba_4,218,Grm3,84.9,60.6,24.3
082 CEA-BST Ebf1 Pdyn Gaba,0387 CEA-BST Ebf1 Pdyn Gaba_4,218,Vgf,78.4,43.7,34.8
082 CEA-BST Ebf1 Pdyn Gaba,0387 CEA-BST Ebf1 Pdyn Gaba_4,218,Elfn1,68.8,47.5,21.4
082 CEA-BST Ebf1 Pdyn Gaba,0387 CEA-BST Ebf1 Pdyn Gaba_4,218,Glra3,81.7,58.6,23.0
082 CEA-BST Ebf1 Pdyn Gaba,0387 CEA-BST Ebf1 Pdyn Gaba_4,218,Gm10754,57.8,34.6,23.2
082 CEA-BST Ebf1 Pdyn Gaba,0387 CEA-BST Ebf1 Pdyn Gaba_4,218,Luzp2,87.6,66.5,21.1
082 CEA-BST Ebf1 Pdyn Gaba,0387 CEA-BST Ebf1 Pdyn Gaba_4,218,Nckap5,83.0,62.3,20.8
082 CEA-BST Ebf1 Pdyn Gaba,0387 CEA-BST Ebf1 Pdyn Gaba_4,218,Plpp4,63.3,28.0,35.3
082 CEA-BST Ebf1 Pdyn Gaba,0387 CEA-BST Ebf1 Pdyn Gaba_4,218,Zdhhc5,69.3,49.2,20.0
082 CEA-BST Ebf1 Pdyn Gaba,0391 CEA-BST Ebf1 Pdyn Gaba_8,103,Adamtsl1,54.4,34.2,20.2
082 CEA-BST Ebf1 Pdyn Gaba,0391 CEA-BST Ebf1 Pdyn Gaba_8,103,Adcyap1r1,85.4,61.9,23.6
082 CEA-BST Ebf1 Pdyn Gaba,0391 CEA-BST Ebf1 Pdyn Gaba_8,103,Cdh13,95.1,65.7,29.5
082 CEA-BST Ebf1 Pdyn Gaba,0391 CEA-BST Ebf1 Pdyn Gaba_8,103,Chrm2,64.1,20.7,43.3
082 CEA-BST Ebf1 Pdyn Gaba,0391 CEA-BST Ebf1 Pdyn Gaba_8,103,Chrm3,100.0,70.2,29.8
082 CEA-BST Ebf1 Pdyn Gaba,0391 CEA-BST Ebf1 Pdyn Gaba_8,103,Clmn,90.3,68.3,22.0
082 CEA-BST Ebf1 Pdyn Gaba,0391 CEA-BST Ebf1 Pdyn Gaba_8,103,Cpne8,98.1,52.8,45.3
082 CEA-BST Ebf1 Pdyn Gaba,0391 CEA-BST Ebf1 Pdyn Gaba_8,103,Crem,80.6,39.2,41.3
082 CEA-BST Ebf1 Pdyn Gaba,0391 CEA-BST Ebf1 Pdyn Gaba_8,103,Dpy19l1,93.2,57.4,35.8
082 CEA-BST Ebf1 Pdyn Gaba,0391 CEA-BST Ebf1 Pdyn Gaba_8,103,Drd1,97.1,38.0,59.1
082 CEA-BST Ebf1 Pdyn Gaba,0391 CEA-BST Ebf1 Pdyn Gaba_8,103,Egr1,99.0,67.3,31.8
082 CEA-BST Ebf1 Pdyn Gaba,0391 CEA-BST Ebf1 Pdyn Gaba_8,103,Egr3,80.6,48.9,31.7
082 CEA-BST Ebf1 Pdyn Gaba,0391 CEA-BST Ebf1 Pdyn Gaba_8,103,Egr4,64.1,25.9,38.2
082 CEA-BST Ebf1 Pdyn Gaba,0391 CEA-BST Ebf1 Pdyn Gaba_8,103,Etv5,86.4,34.5,51.9
082 CEA-BST Ebf1 Pdyn Gaba,0391 CEA-BST Ebf1 Pdyn Gaba_8,103,Fos,64.1,13.1,50.9
082 CEA-BST Ebf1 Pdyn Gaba,0391 CEA-BST Ebf1 Pdyn Gaba_8,103,Fosb,57.3,12.7,44.5
082 CEA-BST Ebf1 Pdyn Gaba,0391 CEA-BST Ebf1 Pdyn Gaba_8,103,Fosl2,68.9,10.5,58.4
082 CEA-BST Ebf1 Pdyn Gaba,0391 CEA-BST Ebf1 Pdyn Gaba_8,103,Gfra2,92.2,47.0,45.2
082 CEA-BST Ebf1 Pdyn Gaba,0391 CEA-BST Ebf1 Pdyn Gaba_8,103,Gpr26,65.0,38.9,26.1
082 CEA-BST Ebf1 Pdyn Gaba,0391 CEA-BST Ebf1 Pdyn Gaba_8,103,Gpr88,94.2,72.0,22.2
082 CEA-BST Ebf1 Pdyn Gaba,0391 CEA-BST Ebf1 Pdyn Gaba_8,103,Grik3,82.5,37.5,45.0
082 CEA-BST Ebf1 Pdyn Gaba,0391 CEA-BST Ebf1 Pdyn Gaba_8,103,Hivep1,68.9,36.6,32.3
082 CEA-BST Ebf1 Pdyn Gaba,0391 CEA-BST Ebf1 Pdyn Gaba_8,103,Hs3st2,93.2,18.0,75.2
082 CEA-BST Ebf1 Pdyn Gaba,0391 CEA-BST Ebf1 Pdyn Gaba_8,103,Hsd17b12,80.6,54.7,25.9
082 CEA-BST Ebf1 Pdyn Gaba,0391 CEA-BST Ebf1 Pdyn Gaba_8,103,Htr1f,70.9,48.5,22.4
082 CEA-BST Ebf1 Pdyn Gaba,0391 CEA-BST Ebf1 Pdyn Gaba_8,103,Inpp4b,94.2,73.3,20.9
082 CEA-BST Ebf1 Pdyn Gaba,0391 CEA-BST Ebf1 Pdyn Gaba_8,103,Isl1,94.2,54.2,40.0
082 CEA-BST Ebf1 Pdyn Gaba,0391 CEA-BST Ebf1 Pdyn Gaba_8,103,Junb,72.8,44.3,28.5
082 CEA-BST Ebf1 Pdyn Gaba,0391 CEA-BST Ebf1 Pdyn Gaba_8,103,Maml3,97.1,60.8,36.3
082 CEA-BST Ebf1 Pdyn Gaba,0391 CEA-BST Ebf1 Pdyn Gaba_8,103,Nell1,100.0,61.4,38.6
082 CEA-BST Ebf1 Pdyn Gaba,0391 CEA-BST Ebf1 Pdyn Gaba_8,103,Nr4a1,77.7,18.0,59.7
082 CEA-BST Ebf1 Pdyn Gaba,0391 CEA-BST Ebf1 Pdyn Gaba_8,103,Nr4a3,60.2,10.6,49.6
082 CEA-BST Ebf1 Pdyn Gaba,0391 CEA-BST Ebf1 Pdyn Gaba_8,103,Nrp2,100.0,79.5,20.5
082 CEA-BST Ebf1 Pdyn Gaba,0391 CEA-BST Ebf1 Pdyn Gaba_8,103,Pcsk1,84.5,21.7,62.8
082 CEA-BST Ebf1 Pdyn Gaba,0391 CEA-BST Ebf1 Pdyn Gaba_8,103,Pde11a,99.0,25.9,73.2
082 CEA-BST Ebf1 Pdyn Gaba,0391 CEA-BST Ebf1 Pdyn Gaba_8,103,Pdyn,100.0,62.5,37.5
082 CEA-BST Ebf1 Pdyn Gaba,0391 CEA-BST Ebf1 Pdyn Gaba_8,103,Pdzd2,87.4,46.4,41.0
082 CEA-BST Ebf1 Pdyn Gaba,0391 CEA-BST Ebf1 Pdyn Gaba_8,103,Per1,71.8,36.8,35.0
082 CEA-BST Ebf1 Pdyn Gaba,0391 CEA-BST Ebf1 Pdyn Gaba_8,103,Per2,57.3,33.7,23.6
082 CEA-BST Ebf1 Pdyn Gaba,0391 CEA-BST Ebf1 Pdyn Gaba_8,103,Rai14,77.7,8.9,68.8
082 CEA-BST Ebf1 Pdyn Gaba,0391 CEA-BST Ebf1 Pdyn Gaba_8,103,Scn5a,96.1,73.5,22.6
082 CEA-BST Ebf1 Pdyn Gaba,0391 CEA-BST Ebf1 Pdyn Gaba_8,103,Sox11,93.2,70.5,22.7
082 CEA-BST Ebf1 Pdyn Gaba,0391 CEA-BST Ebf1 Pdyn Gaba_8,103,Strip2,58.3,25.5,32.7
082 CEA-BST Ebf1 Pdyn Gaba,0391 CEA-BST Ebf1 Pdyn Gaba_8,103,Synpr,97.1,36.8,60.3
082 CEA-BST Ebf1 Pdyn Gaba,0391 CEA-BST Ebf1 Pdyn Gaba_8,103,Ddc,69.9,44.4,25.5
082 CEA-BST Ebf1 Pdyn Gaba,0391 CEA-BST Ebf1 Pdyn Gaba_8,103,Grin3a,98.1,68.2,29.9
082 CEA-BST Ebf1 Pdyn Gaba,0391 CEA-BST Ebf1 Pdyn Gaba_8,103,Npas2,88.3,57.6,30.7
082 CEA-BST Ebf1 Pdyn Gaba,0391 CEA-BST Ebf1 Pdyn Gaba_8,103,P2ry12,62.1,28.0,34.1
082 CEA-BST Ebf1 Pdyn Gaba,0391 CEA-BST Ebf1 Pdyn Gaba_8,103,Vgf,85.4,44.2,41.3
082 CEA-BST Ebf1 Pdyn Gaba,0391 CEA-BST Ebf1 Pdyn Gaba_8,103,Dipk2a,81.6,43.9,37.7
082 CEA-BST Ebf1 Pdyn Gaba,0391 CEA-BST Ebf1 Pdyn Gaba_8,103,Gm10754,65.0,34.9,30.1
082 CEA-BST Ebf1 Pdyn Gaba,0391 CEA-BST Ebf1 Pdyn Gaba_8,103,Luzp2,89.3,66.8,22.5
082 CEA-BST Ebf1 Pdyn Gaba,0391 CEA-BST Ebf1 Pdyn Gaba_8,103,Maml2,97.1,63.7,33.4
082 CEA-BST Ebf1 Pdyn Gaba,0391 CEA-BST Ebf1 Pdyn Gaba_8,103,Plcl1,96.1,74.2,21.9
082 CEA-BST Ebf1 Pdyn Gaba,0391 CEA-BST Ebf1 Pdyn Gaba_8,103,Trpc3,75.7,45.1,30.6
082 CEA-BST Ebf1 Pdyn Gaba,0390 CEA-BST Ebf1 Pdyn Gaba_7,64,Angpt1,57.8,3.0,54.8
082 CEA-BST Ebf1 Pdyn Gaba,0390 CEA-BST Ebf1 Pdyn Gaba_7,64,Calb2,75.0,41.3,33.7
082 CEA-BST Ebf1 Pdyn Gaba,0390 CEA-BST Ebf1 Pdyn Gaba_7,64,Cdh13,100.0,65.8,34.2
082 CEA-BST Ebf1 Pdyn Gaba,0390 CEA-BST Ebf1 Pdyn Gaba_7,64,Cdh20,73.4,44.6,28.9
082 CEA-BST Ebf1 Pdyn Gaba,0390 CEA-BST Ebf1 Pdyn Gaba_7,64,Cdh6,75.0,25.3,49.7
082 CEA-BST Ebf1 Pdyn Gaba,0390 CEA-BST Ebf1 Pdyn Gaba_7,64,Chrm2,75.0,20.9,54.1
082 CEA-BST Ebf1 Pdyn Gaba,0390 CEA-BST Ebf1 Pdyn Gaba_7,64,Chrm3,90.6,70.5,20.1
082 CEA-BST Ebf1 Pdyn Gaba,0390 CEA-BST Ebf1 Pdyn Gaba_7,64,Cntnap4,90.6,60.9,29.7
082 CEA-BST Ebf1 Pdyn Gaba,0390 CEA-BST Ebf1 Pdyn Gaba_7,64,Cntnap5b,96.9,74.2,22.7
082 CEA-BST Ebf1 Pdyn Gaba,0390 CEA-BST Ebf1 Pdyn Gaba_7,64,Cpne4,79.7,55.9,23.8
082 CEA-BST Ebf1 Pdyn Gaba,0390 CEA-BST Ebf1 Pdyn Gaba_7,64,Dkk3,50.0,13.4,36.6
082 CEA-BST Ebf1 Pdyn Gaba,0390 CEA-BST Ebf1 Pdyn Gaba_7,64,Dlx1,60.9,4.5,56.4
082 CEA-BST Ebf1 Pdyn Gaba,0390 CEA-BST Ebf1 Pdyn Gaba_7,64,Drd1,60.9,38.7,22.3
082 CEA-BST Ebf1 Pdyn Gaba,0390 CEA-BST Ebf1 Pdyn Gaba_7,64,Fhod3,76.6,55.1,21.5
082 CEA-BST Ebf1 Pdyn Gaba,0390 CEA-BST Ebf1 Pdyn Gaba_7,64,Gfra2,79.7,47.4,32.3
082 CEA-BST Ebf1 Pdyn Gaba,0390 CEA-BST Ebf1 Pdyn Gaba_7,64,Hrh1,53.1,29.0,24.1
082 CEA-BST Ebf1 Pdyn Gaba,0390 CEA-BST Ebf1 Pdyn Gaba_7,64,Htr2c,95.3,74.4,21.0
082 CEA-BST Ebf1 Pdyn Gaba,0390 CEA-BST Ebf1 Pdyn Gaba_7,64,Inpp4b,96.9,73.4,23.5
082 CEA-BST Ebf1 Pdyn Gaba,0390 CEA-BST Ebf1 Pdyn Gaba_7,64,Myo16,89.1,60.4,28.6
082 CEA-BST Ebf1 Pdyn Gaba,0390 CEA-BST Ebf1 Pdyn Gaba_7,64,Nos1,90.6,55.1,35.5
082 CEA-BST Ebf1 Pdyn Gaba,0390 CEA-BST Ebf1 Pdyn Gaba_7,64,Npy2r,50.0,19.4,30.6
082 CEA-BST Ebf1 Pdyn Gaba,0390 CEA-BST Ebf1 Pdyn Gaba_7,64,Nwd2,76.6,39.8,36.7
082 CEA-BST Ebf1 Pdyn Gaba,0390 CEA-BST Ebf1 Pdyn Gaba_7,64,Otof,75.0,45.9,29.1
082 CEA-BST Ebf1 Pdyn Gaba,0390 CEA-BST Ebf1 Pdyn Gaba_7,64,Parm1,73.4,47.1,26.3
082 CEA-BST Ebf1 Pdyn Gaba,0390 CEA-BST Ebf1 Pdyn Gaba_7,64,Pld5,65.6,25.5,40.1
082 CEA-BST Ebf1 Pdyn Gaba,0390 CEA-BST Ebf1 Pdyn Gaba_7,64,Rasgrf2,98.4,65.3,33.1
082 CEA-BST Ebf1 Pdyn Gaba,0390 CEA-BST Ebf1 Pdyn Gaba_7,64,Rnf152,68.8,29.5,39.3
082 CEA-BST Ebf1 Pdyn Gaba,0390 CEA-BST Ebf1 Pdyn Gaba_7,64,Synpr,65.6,37.5,28.2
082 CEA-BST Ebf1 Pdyn Gaba,0390 CEA-BST Ebf1 Pdyn Gaba_7,64,Syt6,82.8,36.7,46.1
082 CEA-BST Ebf1 Pdyn Gaba,0390 CEA-BST Ebf1 Pdyn Gaba_7,64,Tacr3,51.6,29.9,21.6
082 CEA-BST Ebf1 Pdyn Gaba,0390 CEA-BST Ebf1 Pdyn Gaba_7,64,Thsd7b,96.9,65.7,31.2
082 CEA-BST Ebf1 Pdyn Gaba,0390 CEA-BST Ebf1 Pdyn Gaba_7,64,Tox,60.9,35.4,25.6
082 CEA-BST Ebf1 Pdyn Gaba,0390 CEA-BST Ebf1 Pdyn Gaba_7,64,Vwc2l,76.6,34.5,42.1
082 CEA-BST Ebf1 Pdyn Gaba,0390 CEA-BST Ebf1 Pdyn Gaba_7,64,Zfpm2,67.2,38.8,28.4
082 CEA-BST Ebf1 Pdyn Gaba,0390 CEA-BST Ebf1 Pdyn Gaba_7,64,Adra2a,59.4,27.5,31.9
082 CEA-BST Ebf1 Pdyn Gaba,0390 CEA-BST Ebf1 Pdyn Gaba_7,64,Cdh8,85.9,64.4,21.6
082 CEA-BST Ebf1 Pdyn Gaba,0390 CEA-BST Ebf1 Pdyn Gaba_7,64,Grm3,90.6,61.1,29.5
082 CEA-BST Ebf1 Pdyn Gaba,0390 CEA-BST Ebf1 Pdyn Gaba_7,64,Luzp2,87.5,67.0,20.5
082 CEA-BST Ebf1 Pdyn Gaba,0390 CEA-BST Ebf1 Pdyn Gaba_7,64,Meis1,67.2,32.5,34.7
082 CEA-BST Ebf1 Pdyn Gaba,0390 CEA-BST Ebf1 Pdyn Gaba_7,64,Nckap5,87.5,62.7,24.8
082 CEA-BST Ebf1 Pdyn Gaba,0390 CEA-BST Ebf1 Pdyn Gaba_7,64,Plpp4,78.1,28.7,49.5
082 CEA-BST Ebf1 Pdyn Gaba,0390 CEA-BST Ebf1 Pdyn Gaba_7,64,Stac,50.0,27.6,22.4
082 CEA-BST Ebf1 Pdyn Gaba,0390 CEA-BST Ebf1 Pdyn Gaba_7,64,Tafa1,95.3,41.6,53.8
