subclass,2010300C02Rik,Abca8a,Ackr3,Acsbg1,Acsl4,Acta2,Acvrl1,Adamts2,Adamtsl1,Adcyap1r1,Adgrl4,Adra1a,Adra1b,Ahctf1,Aldh1a2,Angpt1,Ano1,Aqp4,Arc,Arhgap12,Arhgap25,Arhgap6,Arhgef28,Arid5b,Baiap3,Banp,Bcl11b,Bdnf,Bhlhe22,Bhlhe40,Btbd11,C1ql1,C1ql2,Cabp7,Cacna2d2,Calb1,Calb2,Calcrl,Camk2a,Camk2g,Car4,Carmn,Cartpt,Cbln1,Cbln2,Cbln4,Ccdc42,Cck,Cckbr,Ccn2,Cd24a,Cd300c2,Cd44,Cd53,Cd68,Cd93,Cdh13,Cdh20,Cdh4,Cdh6,Cdh9,Chat,Chd2,Chodl,Chrd,Chrm1,Chrm2,Chrm3,Cldn5,Clmn,Cnih3,Cnr1,Cntn6,Cntnap4,Cntnap5b,Cobll1,Coch,Col19a1,Col1a1,Col23a1,Col6a1,Cort,Cplx3,Cpne4,Cpne6,Cpne8,Crem,Crh,Crhr1,Cspg4,Ctxn3,Cux2,Cwh43,Cx3cr1,Cyp1b1,Dcn,Deptor,Dkk3,Dlg4,Dlx1,Dnah5,Dner,Dpy19l1,Dpyd,Drd1,Drd2,Dusp1,Dusp4,Dusp5,E2f6,Ebf1,Ebf3,Egr1,Egr3,Egr4,Emcn,Emx1,Ep300,Epha4,Etv1,Etv5,Eya4,Fezf1,Fezf2,Fgd5,Fhl2,Fhod3,Fibcd1,Fign,Fmod,Fn1,Fos,Fosb,Fosl2,Foxp1,Foxp2,Fxr1,Gabbr1,Gabbr2,Gabpa,Gabre,Gad1,Gad2,Gadd45a,Galnt14,Galr1,Garnl3,Gfap,Gfra1,Gfra2,Gjb2,Gjc3,Gli3,Glipr1,Gm19410,Gm2115,Gng12,Gpr101,Gpr12,Gpr17,Gpr22,Gpr26,Gpr3,Gpr63,Gpr68,Gpr88,Gria1,Gria2,Grik3,Grin1,Grin2a,Grin2b,Grm1,Grm5,Grm8,Gsg1l,Gucy1a1,Hapln1,Hat1,Hcrtr1,Hcrtr2,Hivep1,Homer1,Hpcal1,Hrh1,Hrh3,Hs3st2,Hsd17b12,Hsf5,Hspa5,Htr1a,Htr1b,Htr1f,Htr2a,Htr2c,Htr6,Hunk,Id2,Igf1,Igf2,Igfbp4,Igfbp5,Igfbp6,Igsf21,Ikzf1,Inpp4b,Isl1,Junb,Kcnh5,Kcnmb2,Kctd12,Kctd8,Kdr,Kitl,Klf10,Krt9,Lamb3,Lamp5,Laptm5,Lhx6,Lratd2,Ly6a,Lypd6,Lyz2,Maf,Maml3,Mapk4,Mas1,Matn2,Mbnl2,Mbp,Mc4r,Mchr1,Mdga1,Mecom,Meis2,Mgp,Mpped1,Myl4,Myo16,Ndnf,Ndst3,Ndst4,Necab1,Necab2,Nell1,Neto2,Neurod2,Neurod6,Nfib,Nos1,Nostrin,Npas4,Npnt,Npr3,Nptx2,Npy,Npy1r,Npy2r,Nr2e1,Nr2f2,Nr4a1,Nr4a2,Nr4a3,Nrep,Nrn1,Nrp2,Ntrk2,Nts,Ntsr1,Ntsr2,Nwd2,Nxph3,Nxph4,Omg,Opalin,Opn3,Oprd1,Oprk1,Oprl1,Oprm1,Orai2,Otof,Otp,Oxtr,Paqr5,Parm1,Pcsk1,Pcsk5,Pde11a,Pde7b,Pdgfra,Pdyn,Pdzd2,Pdzrn3,Pecam1,Penk,Per1,Per2,Pglyrp1,Pip5k1b,Pkib,Plch1,Plcxd2,Plcxd3,Pld5,Plekha2,Pln,Pnoc,Pou3f1,Ppp1r1b,Prdm8,Prox1,Prph,Prr16,Prss35,Pthlh,Ptpru,Pvalb,Rab3b,Rai14,Rasa4,Rasgrf2,Rasl10a,Rbfox3,Rbms3,Rbp4,Rfx4,Rgs4,Rgs9,Rims3,Rmst,Rnf152,Ror1,Rorb,Rprm,Rspo1,Rspo2,Rxfp1,S1pr3,Satb2,Scn5a,Sdk2,Sema3a,Sema3d,Sema3e,Sema5a,Sema5b,Sema6a,Sfrp1,Shisa6,Siglech,Sim1,Sipa1l3,Skor1,Sla,Slc13a4,Slc17a6,Slc17a7,Slc29a4,Slc32a1,Slc39a12,Slc44a5,Slc6a3,Slfn5,Slit2,Smad5,Snap25,Sncg,Sntb1,Sorcs3,Sox10,Sox11,Sox12,Sox17,Sox5,Sox6,Sox8,Sp8,Sp9,Spag16,Spi1,Spp1,Sst,Sstr2,Sstr4,Stard5,Stk40,Strip2,Syndig1,Syndig1l,Synpr,Syt17,Syt2,Syt6,Tac1,Tac2,Tacr1,Tacr3,Tanc1,Tbr1,Tcf7l2,Th,Thsd7a,Thsd7b,Tiparp,Tle4,Tmem132d,Tmem163,Tmem255a,Tox,Trbc2,Trem2,Trh,Trhr,Trp73,Trpc4,Tshz2,Tspan18,Unc13c,Upk1b,Vat1l,Vdr,Vip,Vipr2,Vps13a,Vwc2l,Wfs1,Zbtb25,Zbtb40,Zdbf2,Zfp366,Zfp46,Zfp536,Zfp580,Zfp641,Zfp933,Zfpm2,Zhx2,Zic1,Zic2,Zkscan16,Zkscan2,Adcyap1,Adra2a,Adrb1,Adrb2,Arhgap32,Arntl,Bhlhe41,Btg2,Camk2b,Ccbe1,Cdh8,Clock,Creb1,Cry1,Cry2,Csf1r,Dbp,Ddc,Ddx3y,Egr2,Eif2s3y,Esr1,Gphn,Gpr158,Gria3,Gria4,Grin3a,Grm2,Grm3,Grm7,Hexb,Ier2,Jun,Jund,Kdm5d,Lhx9,Lrrtm2,Nlgn1,Npas2,Nr1d1,Nr1d2,Nrxn1,Nrxn3,Ntrk3,P2ry12,Pak1,Pcdh8,Pdgfrb,Per3,Rgs2,Rgs5,Scg2,Sgk1,Shank3,Sik1,Slc1a2,Slc30a3,Slc5a7,Slc6a1,Smoc2,St8sia2,Sulf1,Syn1,Syngap1,Syp,Syt1,Uty,Vgf,Vtn,Xist,Zbtb20,Adamts17,Arhgap15,Arhgap31,Crispld1,Crispld2,Dio3,Dipk2a,Elfn1,Fbn2,Glra3,Gm10754,Gpr149,Gpx3,Hhip,Hpse,Hs3st1,Lin7a,Luzp2,Lypd1,Maml2,Marcks,Masp1,Meis1,Minar1,Mybpc1,Myo1b,Nbl1,Nckap5,Neto1,Pde1b,Pde1c,Piezo2,Plce1,Plcl1,Plpp4,Pvt1,Rprml,Rspo3,Spon1,Stac,Tafa1,Trhde,Trpc3,Trpm3,Vegfc,Zfp804b,Arid3b,Bbx,Bcl6,Clk1,Dmc1,Dusp22,Hes1,Hnrnpll,Irf9,Kdm7a,Nuak1,Odc1,Osgin2,Pparg,Prox2,Rapgef2,Rbm3,Rel,Zdhhc5,Zfp286,Zfp414,Zfp867,Zfp938,Zfp941,Zmiz1
001 CLA-EPd-CTX Car3 Glut,4.568,0.014,0.642,0.031,5.013,0.063,0.0,0.849,2.937,3.338,0.0,0.485,0.471,3.6,0.016,4.468,0.0,0.032,6.248,0.284,0.144,1.256,1.182,5.424,0.06,4.504,3.243,6.392,0.652,4.123,0.109,0.043,0.0,1.131,0.33,2.843,0.042,0.016,9.257,7.491,0.13,0.0,2.722,3.108,6.833,4.206,0.088,9.981,0.848,0.461,0.078,0.0,0.975,0.03,0.082,0.014,8.52,3.093,1.801,2.196,5.901,0.0,5.054,0.013,0.149,5.805,4.676,9.802,0.0,1.743,6.115,2.204,0.339,4.079,5.008,2.465,3.967,3.209,0.0,0.074,0.803,0.178,0.165,10.092,0.75,2.709,2.886,0.103,0.859,0.057,0.45,5.137,4.392,0.266,0.014,0.026,1.599,7.56,7.576,0.073,0.028,8.671,4.467,0.651,3.7,0.064,2.553,0.177,1.479,2.661,0.026,0.016,8.056,7.926,1.852,0.026,1.832,3.509,7.155,0.633,4.744,0.045,0.015,0.146,0.014,5.278,7.198,0.061,3.806,0.0,0.029,2.129,1.451,2.758,8.852,0.264,4.182,8.531,9.081,1.189,0.032,0.688,0.585,0.61,7.719,0.0,4.34,0.011,8.136,4.851,0.0,0.06,0.042,0.17,2.036,1.963,1.598,0.043,0.551,0.028,5.275,2.194,0.453,0.025,0.208,1.243,8.973,9.989,4.433,8.076,9.031,10.183,7.036,9.645,5.173,6.967,2.429,0.026,1.084,0.607,0.248,4.724,9.86,0.542,0.761,4.499,7.592,3.637,0.358,6.01,2.771,0.199,4.627,7.749,3.875,0.089,2.03,8.777,1.426,0.0,0.311,2.198,5.702,6.381,0.0,0.98,0.0,3.243,1.517,0.176,0.607,0.128,0.0,7.652,5.147,0.316,0.052,4.85,0.0,0.03,0.459,0.0,5.641,0.0,1.419,3.186,7.087,0.635,1.829,7.757,2.695,0.0,0.486,4.985,0.017,5.256,0.997,2.233,0.607,0.128,0.048,4.014,0.338,1.06,0.178,6.563,5.711,6.339,6.803,6.367,0.196,0.07,0.697,0.71,0.117,3.935,0.885,3.518,0.029,0.027,6.305,4.248,10.533,2.138,3.327,7.371,4.606,8.566,0.0,0.321,0.286,7.039,0.687,0.026,2.743,0.014,0.381,0.992,7.088,2.354,4.094,3.888,0.116,0.0,0.19,0.045,0.28,2.493,6.847,0.38,3.472,0.07,0.088,2.131,3.118,0.058,1.774,2.716,2.408,0.096,3.736,2.264,0.769,3.901,0.397,7.314,2.263,0.032,0.102,1.686,0.491,1.912,0.029,0.154,1.352,0.433,0.015,6.591,0.141,0.254,5.14,0.288,4.085,5.634,9.088,2.285,0.155,0.094,3.873,1.972,3.939,4.239,4.69,1.15,3.729,0.488,1.216,3.657,8.129,0.249,8.165,0.057,2.186,1.209,1.257,1.894,6.764,6.421,3.411,0.096,7.454,0.015,0.0,1.716,0.0,0.092,0.0,4.258,9.655,0.028,0.076,0.027,2.017,0.0,0.057,6.775,1.208,11.073,0.018,0.52,8.402,0.016,5.109,1.293,0.0,8.711,0.087,0.299,0.0,0.046,0.112,0.024,0.0,1.312,7.788,0.0,0.125,2.425,0.354,1.039,0.028,10.54,0.403,0.083,0.18,0.097,0.357,0.331,0.085,0.743,7.427,0.041,0.015,0.499,7.132,0.767,2.37,8.946,8.494,0.272,6.96,0.726,1.271,0.014,0.031,0.028,2.266,0.411,0.101,0.205,0.0,2.235,0.014,0.642,0.0,7.01,1.952,1.954,0.859,1.217,2.231,0.017,1.824,0.3,2.503,1.63,2.821,1.323,0.618,0.0,0.0,0.846,0.907,0.058,3.787,3.747,0.038,7.21,4.875,2.569,2.005,8.325,0.117,6.914,6.353,4.558,1.151,5.472,0.014,2.393,0.0,3.675,0.64,3.062,0.162,7.588,6.26,8.451,10.334,5.329,0.969,2.555,8.728,0.885,1.495,3.155,7.113,1.586,0.017,5.374,8.219,6.763,2.666,4.191,10.696,10.376,7.563,0.327,7.781,3.183,0.0,4.448,2.811,0.136,6.24,0.773,3.036,0.815,9.131,0.354,0.014,0.445,6.232,0.343,3.262,8.945,3.232,9.315,12.176,2.756,4.985,0.012,2.538,3.248,2.214,5.22,1.316,0.804,1.04,0.013,4.886,0.568,0.066,0.724,0.266,0.019,1.015,0.242,0.0,1.716,6.689,8.739,1.003,0.576,8.372,0.088,0.247,0.191,0.014,3.67,1.998,4.211,7.346,3.202,0.574,0.057,0.046,7.699,0.078,3.569,3.983,0.747,1.078,0.04,2.558,9.052,4.025,1.522,0.045,7.64,2.55,4.657,0.206,4.013,0.352,3.675,2.192,5.289,0.528,5.854,6.033,3.689,1.353,0.496,0.059,8.085,4.444,0.997,2.436,1.765,1.745,0.336,2.653,3.064,5.442
002 IT EP-CLA Glut,6.639,0.493,1.215,0.037,5.0,0.006,0.022,1.53,1.411,4.392,0.014,2.703,1.892,3.531,0.009,4.049,0.016,0.038,4.408,0.478,1.735,1.002,2.322,4.45,0.21,3.98,7.106,4.785,0.243,2.118,0.19,0.0,0.0,1.723,0.235,2.305,0.097,0.007,9.509,5.727,0.408,0.008,0.061,1.68,3.835,0.638,0.015,9.923,4.221,0.233,0.111,0.006,0.064,0.023,0.193,0.01,8.577,0.166,3.561,1.693,7.572,0.008,4.598,0.008,1.142,6.111,5.158,8.396,0.013,2.156,7.169,4.862,0.847,3.649,1.389,0.039,0.327,0.481,0.008,1.56,4.635,0.154,0.186,3.927,2.345,0.112,2.847,0.056,1.024,0.045,0.189,0.264,4.199,0.438,0.0,0.504,1.85,7.929,7.798,0.086,0.19,6.584,6.713,2.475,3.85,0.526,1.913,0.157,0.802,2.248,0.007,0.007,6.764,6.666,2.621,0.028,0.883,3.275,6.155,1.029,5.284,0.043,0.006,1.579,0.041,5.53,4.091,0.102,0.536,0.0,0.032,2.442,2.109,3.153,7.308,0.377,3.865,8.249,9.312,1.129,0.013,0.728,0.512,1.493,8.267,0.017,3.585,0.008,1.157,6.128,0.0,0.032,0.008,0.308,1.651,0.307,3.477,0.014,1.05,0.014,6.306,3.506,0.892,0.0,1.601,1.367,10.206,9.842,7.298,8.202,9.278,10.64,6.356,9.965,8.313,3.209,1.95,0.044,0.948,0.068,0.052,4.378,8.318,1.053,2.685,2.646,7.424,3.145,0.502,5.612,1.074,1.193,6.252,4.9,0.435,0.286,0.66,6.825,0.335,0.0,1.685,1.242,4.266,7.372,0.0,6.901,0.0,4.362,0.42,0.185,0.229,0.124,0.013,4.393,5.081,1.715,0.077,0.55,0.012,0.029,0.1,0.008,0.405,0.0,0.111,4.357,4.781,2.299,3.84,8.308,4.909,0.095,0.575,1.057,0.033,6.18,0.349,8.065,0.804,1.056,0.068,0.838,0.023,6.827,1.249,1.198,5.011,6.955,6.691,8.561,1.274,0.065,1.306,0.036,0.927,4.107,2.107,2.355,1.014,0.006,0.444,3.599,5.776,3.294,2.432,7.901,6.173,8.785,0.009,1.698,0.163,6.98,2.482,0.059,2.989,0.043,0.199,0.584,2.355,1.876,3.439,4.254,0.396,0.008,1.095,0.017,2.943,2.866,5.317,0.106,2.047,0.014,0.138,4.971,0.38,0.11,1.784,2.441,2.681,0.043,1.594,1.453,0.385,1.132,2.303,0.524,3.956,0.005,0.064,0.131,1.457,0.815,0.072,0.066,3.978,2.415,0.049,5.646,0.121,1.254,3.141,0.086,4.681,7.428,8.593,1.398,0.394,0.054,3.152,3.026,1.386,1.672,0.625,0.414,1.657,0.467,0.038,5.933,2.003,0.236,8.152,0.033,6.833,3.368,0.211,7.28,2.336,4.704,0.152,0.007,2.47,0.007,0.0,3.423,0.008,0.168,0.021,0.065,9.966,0.254,0.15,0.022,3.362,0.0,0.046,4.362,0.549,10.922,0.0,0.016,8.734,0.02,3.505,1.148,0.0,8.006,0.099,2.126,0.009,0.017,0.58,0.0,0.0,1.018,3.247,0.015,0.038,2.572,1.552,2.899,0.015,0.908,4.452,0.024,0.316,0.133,0.031,1.038,0.117,0.761,5.989,0.007,0.007,0.238,4.766,1.298,1.501,8.246,0.791,0.753,7.844,0.995,0.054,0.0,0.065,0.083,1.815,0.199,0.05,0.614,0.0,2.012,0.056,0.65,0.0,6.709,1.223,1.282,1.068,1.026,3.968,0.04,1.978,0.227,2.25,1.123,2.885,1.614,1.21,0.022,0.0,1.111,0.838,0.471,1.912,3.55,0.046,7.565,3.338,1.437,3.009,8.823,0.627,3.672,6.161,4.127,1.256,5.13,0.054,1.188,0.0,3.24,0.615,2.443,1.591,8.134,7.674,9.362,9.075,3.884,0.657,5.9,9.475,0.997,1.104,4.285,6.746,1.166,0.008,4.23,9.349,6.864,1.787,2.723,10.668,10.334,8.126,0.318,7.391,0.776,0.008,4.071,4.811,0.059,4.591,3.816,2.499,0.656,5.561,5.187,0.0,0.513,0.896,0.055,7.548,9.04,2.71,9.419,11.985,2.629,3.685,0.008,2.308,1.449,2.335,5.096,1.311,0.189,0.127,0.073,2.568,0.089,0.522,0.272,0.683,0.016,0.457,0.031,0.0,0.152,5.547,1.142,0.376,1.094,8.262,0.095,0.008,0.031,0.029,0.766,3.13,2.191,7.331,2.871,0.491,0.389,0.353,4.134,0.712,2.232,6.122,3.893,7.415,0.114,0.992,4.971,0.082,5.448,0.987,7.324,1.415,2.046,0.665,3.859,0.58,3.22,4.051,5.568,0.5,5.508,4.535,3.187,1.182,2.678,0.094,7.808,3.401,0.77,2.083,1.959,1.698,0.363,1.634,2.092,6.822
003 L5/6 IT TPE-ENT Glut,6.18,0.429,1.582,0.078,5.255,0.006,0.052,0.433,1.596,3.732,0.008,3.123,2.646,3.301,0.0,2.005,0.006,0.099,3.052,2.058,0.614,0.427,4.398,5.688,0.327,3.642,4.069,4.833,3.021,2.477,0.327,0.012,0.006,0.786,0.599,1.272,0.14,0.09,9.02,5.14,1.243,0.025,0.062,2.948,1.554,0.295,0.041,9.757,4.073,0.055,0.663,0.0,1.08,0.041,0.169,0.033,7.826,0.301,1.637,0.75,4.289,0.0,5.124,0.007,1.668,6.419,3.192,3.331,0.011,4.659,7.439,8.525,4.072,5.329,1.858,0.041,0.755,1.171,0.02,2.875,3.176,0.182,0.524,4.062,4.386,1.341,3.145,0.128,2.32,0.275,0.234,0.363,1.003,0.554,0.0,0.64,3.413,8.118,7.509,0.101,1.261,6.056,5.779,4.46,3.308,1.178,1.916,0.06,0.577,2.38,0.045,0.007,5.992,6.125,2.794,0.023,0.833,3.502,6.764,4.888,4.784,0.061,0.0,2.663,0.058,5.108,5.42,0.268,0.148,0.009,0.026,2.302,2.316,2.453,8.557,1.495,4.036,8.351,9.281,1.063,0.036,0.806,0.617,1.715,6.798,0.042,5.462,0.019,1.234,6.447,0.0,0.016,0.043,0.784,2.253,0.466,4.913,0.014,0.672,0.0,7.106,4.137,0.664,0.028,2.321,0.284,9.734,9.816,6.601,7.833,9.013,10.505,6.828,9.937,9.037,2.519,4.261,0.031,0.932,0.044,0.107,4.781,7.65,5.046,2.176,5.455,6.321,3.384,0.717,5.41,0.704,1.06,2.059,1.576,0.376,0.296,0.954,5.981,0.126,0.0,0.303,2.467,3.957,5.571,0.0,2.089,0.0,3.898,0.528,1.935,1.487,0.103,0.0,2.683,4.175,0.464,0.156,1.122,0.013,0.053,0.016,0.006,0.487,0.024,0.119,3.32,4.433,2.617,0.797,7.958,5.627,0.014,0.966,0.162,0.045,5.926,0.146,8.363,2.004,3.387,0.036,4.713,0.082,8.003,1.032,7.716,2.212,7.033,7.204,8.207,2.734,0.1,1.391,0.084,0.72,3.585,1.65,2.739,1.908,0.015,0.112,3.515,2.06,4.026,2.294,7.62,3.686,8.898,0.0,2.175,0.921,6.864,1.369,0.051,3.173,0.039,1.627,1.565,0.805,2.325,3.58,4.043,0.175,0.006,0.579,0.013,3.348,3.272,4.967,0.167,0.389,0.02,0.228,5.132,2.062,0.09,0.904,2.954,2.603,0.132,2.552,2.501,0.305,3.509,3.189,0.224,0.509,0.012,0.093,0.11,0.518,0.562,0.078,0.127,2.785,0.35,0.032,2.005,0.084,3.628,2.62,0.214,2.556,6.015,7.833,1.494,0.589,0.097,6.345,1.742,3.722,6.136,0.187,1.442,4.623,1.864,0.302,6.463,4.819,0.408,7.929,0.008,5.959,1.149,1.664,5.965,0.735,0.488,0.358,0.168,0.597,0.006,0.0,3.801,0.006,0.094,0.012,0.114,9.789,0.711,0.184,0.085,3.015,0.016,0.041,5.941,1.046,10.4,0.009,0.016,7.634,0.047,3.565,1.737,0.005,6.888,0.148,1.178,0.046,0.007,0.216,0.0,0.0,1.378,2.715,0.014,0.024,3.903,0.467,4.717,0.083,1.608,7.306,0.035,0.683,0.177,0.217,0.974,0.154,1.601,4.724,0.023,0.008,1.01,1.126,1.222,1.147,6.847,1.467,0.455,7.998,2.378,0.014,0.015,1.036,0.081,0.95,0.257,0.016,0.144,0.015,3.264,0.036,0.757,0.0,6.586,1.432,2.306,1.297,1.087,4.361,0.005,1.867,0.325,2.385,1.319,2.687,1.215,1.318,0.093,0.0,1.607,0.914,3.662,0.435,4.142,0.0,7.77,3.385,2.186,1.809,8.263,0.415,3.9,5.986,4.117,0.746,5.733,0.067,2.826,0.016,2.53,0.716,1.775,1.955,7.544,7.086,8.74,8.634,4.494,2.23,6.119,9.907,1.17,1.199,4.196,6.989,1.035,0.068,4.296,10.433,6.575,2.891,3.734,10.833,9.709,7.563,0.49,7.402,0.649,0.056,3.054,4.84,0.541,4.569,2.812,3.206,0.631,7.098,2.25,0.025,0.568,3.309,0.318,2.41,9.135,3.197,9.656,11.53,1.785,4.03,0.027,4.661,1.401,2.683,4.784,1.71,0.032,0.316,0.095,2.324,0.869,1.78,0.491,0.972,0.041,2.241,0.039,0.0,0.199,5.463,0.681,0.861,1.478,8.101,0.087,0.016,0.025,0.019,1.026,3.568,2.305,5.32,3.557,0.75,0.342,0.345,4.253,0.532,2.776,5.454,3.883,4.275,0.215,6.539,2.493,0.786,3.004,0.534,9.567,0.63,1.759,1.26,3.875,0.602,3.706,3.414,4.647,0.579,5.294,5.596,3.497,1.33,2.645,0.109,7.859,3.668,0.442,2.116,2.172,1.997,0.566,2.351,2.859,6.889
004 L6 IT CTX Glut,6.502,0.24,1.211,0.053,4.787,0.01,0.073,0.465,1.23,4.039,0.017,3.154,3.258,3.481,0.001,3.234,0.009,0.033,4.552,0.479,2.299,0.499,2.743,4.897,0.069,4.769,5.597,5.408,0.659,2.427,0.151,0.013,0.002,0.622,0.297,1.9,0.073,0.035,9.481,6.046,0.582,0.022,0.046,1.974,4.882,1.15,0.03,9.993,4.308,0.076,0.347,0.011,0.095,0.029,0.108,0.017,7.707,0.486,3.946,2.118,7.423,0.002,5.047,0.006,0.743,6.28,5.61,8.284,0.022,1.997,6.583,5.1,1.853,3.99,1.4,0.042,0.481,1.503,0.004,0.65,4.031,0.13,0.225,4.458,2.957,0.651,2.934,0.082,2.111,0.075,0.244,0.332,2.774,0.47,0.006,0.429,2.128,8.24,7.723,0.098,0.29,4.17,6.451,1.512,2.678,0.277,2.154,0.12,1.172,2.337,0.038,0.003,6.958,7.22,2.23,0.038,0.855,3.664,7.176,0.901,5.589,0.067,0.003,1.19,0.026,5.57,5.03,0.07,0.819,0.002,0.029,2.361,1.486,2.676,8.224,0.371,4.0,8.29,9.353,1.162,0.011,0.697,0.625,2.352,7.532,0.011,3.871,0.008,0.96,5.79,0.002,0.026,0.033,0.473,1.471,0.434,3.31,0.006,0.795,0.028,6.635,3.872,0.729,0.025,2.327,0.337,9.797,9.944,6.298,7.989,9.373,10.64,6.648,9.739,8.659,2.886,4.2,0.078,0.98,0.167,0.097,5.363,8.346,1.306,2.837,2.0,7.071,3.128,0.57,5.539,0.612,1.633,4.206,4.754,0.251,0.275,0.708,6.878,0.215,0.003,2.351,1.492,5.762,6.811,0.005,4.824,0.001,3.815,0.644,0.361,0.471,0.17,0.008,3.124,4.903,0.877,0.119,0.769,0.021,0.057,0.059,0.011,0.809,0.006,0.397,5.235,5.257,2.02,2.919,8.22,4.887,0.046,0.713,0.54,0.021,4.644,0.104,7.645,2.17,1.425,0.039,1.535,0.053,6.724,0.787,2.499,4.424,7.04,7.135,7.887,1.169,0.088,1.189,0.113,0.726,4.665,2.196,2.986,0.903,0.012,0.129,4.021,2.493,4.148,3.371,8.376,3.902,8.833,0.025,1.67,0.301,6.89,1.544,0.045,3.116,0.097,0.694,1.051,2.456,1.781,2.83,4.253,0.458,0.004,0.458,0.026,1.523,2.78,4.205,0.097,3.344,0.023,0.129,4.669,1.317,0.072,2.049,2.664,2.651,0.111,2.181,1.816,0.592,2.135,2.956,2.168,3.279,0.017,0.062,0.505,1.003,0.615,0.053,0.056,2.839,1.634,0.02,4.427,0.077,0.898,2.81,0.107,3.046,7.481,8.576,1.744,0.462,0.095,5.169,2.623,3.199,2.631,0.291,0.27,2.043,0.675,0.068,6.425,2.316,0.343,8.333,0.006,6.252,3.68,0.505,6.7,2.714,3.358,0.218,0.055,1.398,0.014,0.007,3.31,0.006,0.238,0.01,0.054,9.875,0.278,0.132,0.037,2.514,0.002,0.033,4.358,0.553,10.958,0.016,0.024,9.05,0.043,2.703,1.413,0.006,7.747,0.142,1.961,0.011,0.02,0.269,0.006,0.005,1.026,2.632,0.043,0.034,2.582,1.134,5.481,0.033,1.361,3.977,0.055,0.35,0.101,0.122,0.63,0.142,0.756,5.541,0.026,0.006,0.37,3.805,1.175,1.635,7.965,0.516,0.521,7.257,2.334,0.103,0.008,0.072,0.117,1.886,0.341,0.029,1.23,0.009,1.823,0.134,0.527,0.01,6.698,0.982,1.494,1.198,1.176,3.697,0.009,1.949,0.276,2.374,1.556,3.071,1.449,1.574,0.024,0.0,1.568,0.91,1.293,0.713,4.029,0.018,7.621,3.602,1.268,2.53,8.537,1.368,4.348,6.27,4.291,1.058,5.165,0.062,1.393,0.006,3.143,0.689,2.481,1.302,7.941,7.169,9.197,9.219,2.312,1.167,6.776,9.784,1.137,1.093,4.081,6.989,1.375,0.01,4.549,9.706,6.759,1.903,3.297,10.724,11.256,8.379,0.491,7.412,0.301,0.029,3.678,4.413,0.183,5.549,3.949,2.974,0.541,7.09,4.881,0.011,0.555,1.624,0.315,5.617,8.982,3.147,9.361,11.954,2.54,4.498,0.011,2.838,1.455,2.14,5.536,2.247,0.3,0.154,0.037,2.106,0.262,0.713,0.221,1.229,0.011,1.096,0.036,0.014,0.292,5.573,0.601,0.389,1.829,8.066,0.111,0.019,0.038,0.01,1.346,3.288,1.657,7.215,2.863,0.515,0.228,0.335,4.531,1.073,2.677,6.22,3.378,5.926,0.127,2.795,4.633,0.273,5.04,0.931,7.498,1.486,2.025,0.837,3.985,0.544,3.542,2.735,5.132,0.532,5.801,5.222,3.219,1.208,2.674,0.123,7.948,3.386,0.868,2.338,1.986,1.763,0.434,2.039,2.856,6.947
005 L5 IT CTX Glut,6.107,0.085,1.128,0.076,5.224,0.011,0.06,0.229,0.851,3.499,0.032,3.626,2.53,3.469,0.006,1.546,0.014,0.05,5.96,1.007,0.972,0.349,2.795,5.186,0.127,4.436,1.985,6.235,1.516,3.478,0.23,0.017,0.0,0.223,0.44,1.655,0.09,0.04,9.294,6.48,1.092,0.032,0.258,1.071,6.08,4.061,0.056,10.069,3.223,0.074,1.04,0.012,0.26,0.055,0.117,0.012,4.476,3.306,1.762,1.632,3.902,0.005,5.252,0.006,1.232,6.335,4.546,7.402,0.038,1.601,6.429,5.363,5.268,3.74,2.538,0.042,1.569,3.729,0.009,0.638,1.904,0.156,0.188,7.137,2.858,2.428,3.857,0.172,3.341,0.111,0.191,0.668,0.892,0.508,0.009,0.095,2.744,8.1,7.64,0.109,0.693,2.992,6.246,1.441,1.284,0.288,3.218,0.217,2.082,2.768,0.067,0.002,8.162,7.752,3.021,0.046,1.291,3.796,7.998,1.906,6.379,0.077,0.005,0.918,0.06,5.195,7.316,0.081,1.47,0.003,0.025,3.58,1.578,2.976,9.514,0.472,4.154,8.581,9.229,1.285,0.02,0.772,0.701,2.711,4.893,0.009,5.926,0.019,1.552,6.789,0.001,0.026,0.048,0.404,0.988,0.61,3.567,0.008,0.574,0.028,5.564,5.11,0.895,0.055,1.945,0.834,8.748,10.118,5.543,7.972,9.724,10.584,4.141,9.532,8.045,2.896,3.956,0.083,1.039,0.092,0.539,5.937,9.086,2.698,3.603,4.839,7.615,3.599,0.612,5.666,1.545,2.061,4.307,5.534,0.266,0.155,1.616,6.57,0.243,0.004,2.262,2.252,5.397,4.736,0.006,0.69,0.001,4.337,1.769,1.039,1.513,0.318,0.005,1.757,4.781,0.198,0.128,2.696,0.026,0.08,0.157,0.018,1.826,0.008,2.166,5.898,6.156,1.119,1.266,7.881,5.745,0.031,0.797,0.576,0.028,3.802,0.115,7.586,3.263,3.064,0.043,3.541,0.095,3.594,0.339,4.262,4.084,6.626,7.522,6.615,0.94,0.117,1.792,0.623,0.5,3.004,0.971,3.878,0.519,0.008,0.117,5.74,2.574,3.852,3.717,8.684,2.157,9.312,0.003,1.238,0.43,6.011,1.108,0.049,3.603,0.022,1.375,1.289,0.403,1.79,2.441,3.434,0.102,0.001,0.151,0.018,2.311,4.219,4.332,0.136,4.908,0.025,0.15,3.766,5.562,0.077,0.42,3.424,2.905,0.142,3.777,2.022,0.754,5.504,4.685,5.284,0.767,0.031,0.054,1.308,1.187,2.192,0.063,0.105,4.153,0.155,0.018,1.976,0.076,1.278,2.365,0.4,2.259,5.894,8.589,1.87,1.61,0.068,8.996,1.604,5.739,5.718,0.755,0.566,6.329,1.21,0.827,4.399,1.963,1.129,8.157,0.01,3.966,3.082,2.083,4.57,1.854,1.65,0.512,0.19,1.981,0.008,0.013,2.791,0.003,0.086,0.012,0.197,9.77,0.234,0.145,0.07,1.704,0.001,0.036,5.125,0.595,11.006,0.007,0.029,8.671,0.037,2.383,1.463,0.012,7.349,0.18,1.338,0.014,0.017,0.159,0.011,0.005,1.125,3.309,0.029,0.064,3.438,0.575,6.032,0.042,1.962,3.221,0.087,0.317,0.155,0.143,0.274,0.093,1.18,5.789,0.027,0.005,0.622,2.714,1.51,2.261,6.868,0.648,0.296,7.059,4.869,0.249,0.01,0.326,0.077,1.077,0.455,0.022,0.288,0.002,2.542,0.157,0.544,0.008,6.946,0.734,1.372,1.165,1.416,3.698,0.016,2.056,0.3,2.435,1.58,2.99,2.067,1.477,0.069,0.001,1.378,1.014,3.716,0.202,5.24,0.012,7.821,4.509,1.369,1.453,8.305,0.319,3.911,6.62,4.458,1.139,5.932,0.074,2.059,0.01,3.168,0.867,2.45,0.647,7.53,7.59,8.772,9.617,2.105,3.026,7.296,9.953,1.178,1.589,2.335,7.268,1.374,0.056,4.954,10.371,7.456,2.797,4.223,10.845,11.222,6.813,0.604,8.405,0.191,0.035,3.072,3.255,0.428,5.987,2.411,3.618,0.819,9.29,3.628,0.017,0.627,1.883,0.898,1.062,8.973,3.773,9.527,11.827,2.292,6.009,0.017,3.38,1.446,2.105,6.02,4.024,0.552,0.079,0.041,1.632,0.636,1.405,0.283,0.995,0.023,2.58,0.124,0.054,0.732,6.443,0.685,0.465,1.032,8.286,0.566,0.036,0.038,0.025,3.175,3.339,1.118,6.497,3.247,0.898,0.085,0.105,6.001,0.361,3.89,6.952,2.429,2.26,0.063,4.993,6.463,1.388,2.489,0.574,4.248,1.548,2.682,1.361,4.059,0.563,3.526,2.5,5.123,0.609,5.99,6.857,3.614,1.257,2.032,0.135,7.504,3.888,1.197,2.908,2.166,1.866,0.592,2.717,3.671,6.211
006 L4/5 IT CTX Glut,6.406,0.024,0.706,0.055,5.158,0.006,0.127,0.065,2.178,2.436,0.025,1.43,2.224,3.225,0.003,0.307,0.012,0.033,6.087,1.252,0.407,0.216,2.699,5.578,0.068,4.451,0.854,5.026,3.502,4.999,0.15,0.01,0.003,0.052,0.51,3.616,0.108,0.082,9.708,6.485,2.814,0.028,0.651,0.321,3.432,2.088,0.055,9.652,4.361,0.046,0.286,0.014,0.896,0.039,0.131,0.023,3.871,3.114,2.498,4.048,0.807,0.002,5.264,0.008,1.664,6.456,2.239,5.583,0.03,1.42,7.377,6.331,5.048,2.386,5.447,0.039,3.434,3.834,0.012,0.298,0.348,0.171,0.15,8.057,3.38,4.641,3.494,0.1,4.035,0.061,0.431,4.802,0.193,0.442,0.029,0.01,3.499,7.245,7.499,0.103,1.599,3.508,5.744,2.131,0.248,0.013,3.343,0.305,1.862,2.285,0.108,0.003,8.901,7.875,3.845,0.106,1.892,3.65,8.815,3.3,5.335,0.151,0.006,1.936,0.077,4.673,7.735,0.065,1.095,0.003,0.04,4.073,1.996,2.629,9.298,0.523,3.981,8.65,8.939,1.211,0.004,0.731,0.682,1.05,2.521,0.012,6.539,0.011,0.778,6.456,0.003,0.023,0.051,0.163,1.859,0.32,1.769,0.005,0.768,0.027,5.707,6.003,0.875,0.032,1.724,3.291,8.386,9.897,2.515,8.222,9.602,10.576,4.043,9.879,5.185,3.459,3.189,0.073,0.968,0.07,0.05,5.223,9.104,2.656,2.825,5.541,5.106,3.698,0.659,5.416,1.407,1.211,3.96,4.61,1.948,0.172,2.449,4.935,0.122,0.004,0.517,3.366,3.535,2.537,0.004,1.077,0.002,4.887,6.197,0.537,1.711,0.337,0.01,3.388,4.661,0.153,0.342,4.328,0.024,0.07,0.074,0.019,0.387,0.018,1.145,4.51,6.253,0.813,1.547,8.024,4.302,0.021,0.538,0.443,0.031,5.255,0.051,6.953,2.362,5.622,0.042,5.783,0.057,5.522,0.443,5.052,1.95,6.532,7.335,5.739,1.288,0.074,2.058,1.304,0.105,2.914,0.954,3.96,0.065,0.01,0.551,6.332,0.942,2.165,3.62,9.16,2.787,9.365,0.035,0.287,0.354,7.028,0.656,0.049,3.531,0.019,1.869,0.981,0.101,1.959,3.054,2.962,0.213,0.002,0.112,0.039,1.82,4.272,4.809,0.179,4.765,0.029,0.157,4.821,8.008,0.075,0.185,3.857,3.68,0.154,3.506,4.359,0.665,5.985,1.417,2.749,0.209,0.027,0.071,1.762,1.792,3.625,0.053,0.2,7.564,0.13,0.048,0.629,0.075,0.675,1.009,0.718,4.042,2.564,8.438,1.574,1.36,0.087,9.467,0.586,5.906,5.79,0.761,0.084,8.555,1.869,2.076,2.985,0.447,1.386,7.793,0.019,2.699,3.805,0.925,1.837,0.476,0.506,2.748,0.619,1.469,0.012,0.006,2.543,0.005,0.088,0.008,1.61,9.508,0.178,0.139,0.05,1.442,0.004,0.043,6.367,1.001,10.934,0.011,0.029,6.562,0.045,2.73,1.387,0.007,3.145,0.152,1.139,0.015,0.023,0.124,0.006,0.004,1.191,1.388,0.021,0.084,3.554,0.454,6.335,0.043,5.667,4.655,0.084,0.206,0.124,0.147,0.142,0.14,0.992,5.044,0.035,0.005,5.365,0.997,1.713,2.085,6.827,0.794,0.417,6.52,3.217,0.102,0.009,0.522,0.047,1.695,3.078,0.018,0.464,0.009,2.417,0.095,0.601,0.009,6.852,1.21,1.93,1.117,1.373,3.113,0.012,2.272,0.537,2.197,1.53,3.071,3.075,1.327,0.16,0.003,1.2,1.01,4.339,0.358,4.894,0.036,8.461,5.066,1.918,1.542,8.221,0.982,6.616,6.431,4.548,1.384,6.196,0.071,2.434,0.01,2.697,1.483,2.034,0.403,7.609,9.222,7.849,9.511,2.314,4.443,8.318,10.524,0.963,1.797,2.601,7.264,1.133,0.138,4.598,10.902,6.536,3.13,3.966,11.311,11.325,7.153,0.655,8.643,0.413,0.076,3.366,3.38,0.198,4.086,3.232,3.896,0.65,9.589,5.964,0.015,0.637,3.068,1.209,0.24,9.063,3.79,9.54,11.837,2.007,5.618,0.019,4.347,1.341,3.162,4.514,1.45,0.843,0.043,0.292,2.338,0.787,1.092,1.754,0.186,0.442,1.266,0.093,0.031,1.65,6.746,1.417,1.171,1.022,7.9,0.661,0.016,0.042,0.017,3.46,2.819,0.976,5.581,4.153,1.073,0.081,0.061,6.123,0.182,2.285,7.188,2.507,2.165,0.107,8.559,5.921,3.228,3.674,0.389,5.258,1.029,2.308,0.702,3.972,0.52,2.898,2.336,4.55,0.595,5.94,7.172,3.39,1.112,3.648,0.142,7.23,4.058,1.004,2.708,2.073,1.804,0.507,2.605,3.264,5.578
007 L2/3 IT CTX Glut,7.187,0.032,0.615,0.053,4.75,0.007,0.019,0.772,1.158,3.411,0.026,1.97,0.667,3.79,0.002,2.284,0.007,0.056,3.493,0.753,0.188,1.776,4.45,6.369,0.103,5.083,3.002,4.624,4.979,5.287,0.664,0.022,0.011,0.074,0.316,7.409,0.062,0.063,10.057,5.784,3.221,0.008,0.044,0.049,3.86,1.265,0.027,9.623,4.865,0.046,0.296,0.013,0.049,0.034,0.176,0.008,7.355,2.953,5.121,3.496,4.881,0.003,4.984,0.006,1.561,6.678,1.5,8.986,0.035,2.302,2.638,5.664,3.4,0.873,4.074,0.104,1.411,3.819,0.007,0.856,2.349,0.121,0.156,5.89,5.525,3.664,2.573,0.258,2.08,0.044,0.695,7.38,0.55,0.468,0.037,0.037,0.831,7.046,7.902,0.111,0.976,2.389,3.389,3.997,0.284,0.03,1.877,0.481,1.03,2.388,0.038,0.001,6.14,6.886,2.753,0.078,1.653,3.89,8.474,1.766,4.574,0.064,0.001,0.155,0.039,4.564,5.14,0.31,0.391,0.01,0.029,2.014,1.454,1.906,7.776,0.262,4.034,8.468,9.018,1.274,0.012,0.728,0.632,0.795,0.986,0.007,3.638,0.019,0.59,1.226,0.001,0.03,0.07,0.131,2.953,0.249,1.628,0.068,1.074,0.042,6.546,4.571,0.364,0.025,1.99,4.119,9.23,10.175,0.685,8.301,9.576,11.145,7.679,10.483,2.881,6.963,6.625,0.073,0.829,0.052,0.039,3.665,8.526,2.745,2.736,1.666,2.171,2.848,0.656,5.334,0.825,1.7,1.027,2.841,1.234,0.173,0.702,6.2,0.106,0.002,1.64,3.008,6.154,4.594,0.004,2.919,0.001,4.413,2.559,0.423,3.549,1.265,0.046,5.47,3.151,0.581,0.207,6.439,0.048,0.065,0.11,0.018,0.232,0.009,0.714,4.27,7.051,1.418,4.651,8.6,4.204,0.236,1.079,2.862,0.032,9.101,0.645,7.272,0.562,3.634,0.069,6.384,0.212,5.929,2.973,0.787,5.266,5.773,4.685,7.294,3.311,0.133,1.169,1.405,0.928,2.912,0.866,4.058,0.862,0.014,0.198,4.095,1.026,2.04,1.953,7.328,5.01,8.682,0.003,0.901,0.269,7.912,0.362,0.023,2.821,0.076,0.116,1.392,0.039,1.771,2.007,3.331,2.923,0.004,0.923,0.039,0.72,2.595,3.987,0.277,5.185,0.033,1.798,5.601,6.275,0.15,1.874,3.145,3.531,0.168,4.464,2.9,1.433,1.564,0.455,0.418,1.281,0.03,0.061,2.487,1.827,2.381,0.054,0.023,6.336,0.131,0.018,1.583,0.077,1.266,0.204,0.054,7.951,7.688,8.817,1.942,0.396,0.264,6.892,1.104,3.5,0.457,0.216,0.055,1.179,0.641,0.333,3.86,0.219,0.519,7.332,0.095,3.197,3.846,0.36,0.413,0.353,1.441,3.216,0.169,0.851,0.015,0.004,3.525,0.009,0.171,0.023,0.847,9.037,1.095,0.134,0.573,2.203,0.009,0.041,4.039,1.127,10.649,0.01,0.034,7.483,0.048,4.525,1.667,0.006,4.008,0.162,3.002,0.012,0.023,0.265,0.006,0.005,1.133,0.366,0.021,0.027,2.621,2.991,4.682,0.042,6.004,6.823,0.098,0.175,0.104,0.078,0.299,0.078,0.409,3.958,0.043,0.003,0.579,0.493,1.421,1.465,5.86,0.301,1.298,3.883,0.676,0.15,0.012,0.686,0.119,1.584,0.724,0.065,0.722,0.021,2.962,0.189,0.586,0.013,6.923,2.416,5.094,1.313,1.22,2.912,0.013,2.091,0.815,2.419,1.445,3.396,3.107,1.985,0.139,0.002,1.724,1.135,1.942,0.716,4.47,0.049,8.425,4.803,2.887,2.892,8.45,5.247,6.18,6.287,4.318,1.54,5.465,0.07,2.426,0.01,2.583,1.455,2.282,1.029,7.983,8.241,9.729,8.987,3.028,2.762,5.389,10.268,0.7,0.804,2.797,7.234,1.327,0.004,3.464,11.151,6.193,2.159,3.288,11.046,11.629,9.569,1.037,7.827,2.722,0.034,3.902,4.106,0.054,4.472,4.058,3.803,0.475,7.669,5.288,0.01,0.597,5.864,1.323,0.916,8.383,4.118,8.935,11.508,2.192,4.61,0.019,4.256,1.165,3.396,3.213,3.912,1.872,0.015,0.916,3.304,0.913,0.54,4.19,2.425,0.119,1.237,0.044,0.018,0.83,6.137,3.801,3.985,1.866,8.046,0.131,0.024,0.139,0.013,2.001,3.564,1.969,6.738,3.837,0.537,0.159,0.512,6.104,0.263,3.171,6.494,2.066,2.562,0.336,9.444,2.386,0.543,3.583,1.555,3.86,1.11,3.121,1.431,4.204,0.598,3.152,1.124,3.654,0.596,6.154,5.196,3.264,1.068,3.516,0.172,7.903,3.856,0.652,2.302,2.095,2.087,0.439,2.159,3.197,6.072
010 IT AON-TT-DP Glut,7.643,0.234,1.061,0.01,5.336,0.0,0.0,2.934,0.296,1.179,0.013,3.06,0.251,3.658,0.0,0.109,0.051,0.048,2.465,1.89,0.385,0.895,5.838,6.967,0.232,3.6,8.569,3.722,5.186,5.903,0.357,0.024,0.018,1.464,1.126,3.708,0.274,0.027,9.675,3.466,0.096,0.0,0.209,0.092,0.948,0.051,0.015,8.046,2.731,0.0,0.016,0.0,0.058,0.015,0.532,0.0,9.551,0.386,6.626,2.221,4.977,0.0,4.592,0.0,2.389,6.139,0.64,6.939,0.038,2.348,5.016,6.013,2.487,2.649,5.355,0.217,0.127,0.144,0.0,1.947,4.602,0.169,0.127,4.246,4.551,1.836,3.116,0.15,0.743,0.0,0.0,0.596,0.851,0.486,0.019,0.105,1.407,4.109,7.942,0.174,0.726,7.058,4.227,5.423,0.201,0.385,1.935,0.52,1.013,2.102,0.871,0.016,6.11,5.82,3.199,0.032,1.105,3.831,7.326,4.102,5.065,0.044,0.0,3.599,0.034,3.195,3.142,0.087,0.014,0.0,0.013,2.005,2.006,3.491,7.008,0.59,4.313,8.534,8.095,1.486,0.0,0.692,0.613,0.336,2.938,0.0,6.463,0.0,0.153,4.233,0.0,0.023,0.092,0.058,5.782,0.077,3.436,0.0,1.003,0.015,6.306,4.576,0.933,0.0,0.534,0.401,10.347,10.313,2.332,8.023,9.542,11.036,5.311,10.747,6.728,2.528,3.576,0.061,1.063,0.0,0.068,2.22,8.053,1.745,0.251,2.086,5.996,3.041,0.557,5.219,1.264,1.37,5.847,0.694,1.016,0.245,0.868,4.129,0.146,0.0,5.111,1.649,3.177,5.523,0.0,3.229,0.0,4.153,1.06,0.184,3.757,0.184,0.034,2.012,3.683,0.064,0.286,4.65,0.011,0.058,0.068,0.0,0.167,0.0,0.119,3.159,4.877,3.255,4.01,8.379,3.288,0.208,1.62,1.239,0.107,7.501,0.316,7.254,0.608,5.281,4.109,8.653,1.801,3.17,4.033,5.012,4.502,7.143,4.833,9.707,6.327,0.047,1.223,0.084,2.926,2.221,0.729,2.348,0.088,0.021,0.128,3.572,3.659,2.514,0.666,6.928,3.955,8.552,0.0,0.653,0.059,4.725,0.567,0.093,3.018,0.018,0.455,0.429,0.095,2.293,2.993,1.451,0.237,0.0,0.914,0.0,5.926,2.145,6.272,0.122,0.72,0.018,2.21,6.045,1.943,0.175,0.387,2.819,2.166,0.071,3.962,3.041,0.293,2.342,1.501,0.168,3.921,0.013,0.018,3.234,3.591,2.142,0.037,0.047,6.506,0.211,0.09,2.465,0.128,0.583,0.739,0.113,2.302,3.467,8.166,2.007,0.536,0.103,6.559,2.786,0.461,1.037,0.424,0.021,4.621,1.575,0.029,1.141,1.098,0.291,4.481,0.789,4.951,1.375,0.098,0.325,1.865,0.268,0.944,0.017,1.349,0.01,0.0,4.68,0.0,1.203,0.0,0.435,9.314,0.715,0.112,0.036,5.58,0.019,0.031,3.303,1.591,10.728,0.011,0.016,2.929,0.014,2.774,1.676,0.0,7.198,0.199,3.066,0.021,0.029,0.036,0.0,0.0,0.935,2.651,0.061,0.277,3.36,0.387,3.223,0.134,0.765,6.64,0.018,0.703,0.164,0.067,0.415,0.154,4.159,4.473,0.031,0.0,3.169,0.416,1.05,2.263,4.802,2.602,1.439,8.651,0.309,0.012,0.052,0.026,0.039,3.826,0.61,0.032,0.039,0.0,2.164,0.048,0.608,0.017,5.938,1.525,3.311,1.116,0.971,3.935,0.017,2.117,1.946,2.101,0.708,3.391,2.567,1.109,1.962,0.0,1.253,1.068,1.075,2.976,3.1,0.126,8.138,4.02,1.949,2.172,8.695,0.554,3.581,6.101,4.367,0.764,5.499,0.012,2.004,0.0,3.075,0.434,2.55,1.274,8.038,8.016,9.98,6.786,1.939,1.091,3.889,9.95,1.045,0.442,3.529,6.553,1.452,0.051,3.694,11.419,5.088,2.117,4.036,10.971,9.777,8.634,0.518,7.532,3.725,0.0,2.298,3.974,0.892,2.711,3.144,3.129,0.666,5.532,3.921,0.016,0.604,0.805,0.442,0.464,8.576,3.429,9.467,11.617,2.311,3.825,0.0,3.026,1.268,1.263,0.694,0.205,0.353,0.019,1.064,4.749,1.365,0.282,3.545,3.725,0.049,0.262,0.068,0.0,0.322,6.465,3.571,8.224,0.545,7.651,0.265,0.0,0.053,0.0,0.436,2.809,6.292,7.34,4.337,0.368,0.047,0.877,4.267,0.054,3.937,6.498,5.904,3.407,2.071,7.207,1.003,0.305,4.642,0.944,1.126,0.41,3.312,2.94,4.562,0.606,2.564,1.398,4.104,0.603,5.843,4.746,3.055,0.997,2.715,0.122,8.15,3.698,0.65,2.259,2.582,2.266,0.408,2.162,0.759,5.937
012 MEA Slc17a7 Glut,7.171,1.835,0.349,0.105,4.942,0.022,0.019,0.841,5.155,2.603,0.022,1.305,0.08,4.469,0.068,4.792,0.006,0.239,0.474,4.62,0.128,4.283,4.264,7.0,1.974,5.045,7.352,3.618,6.505,2.82,1.622,0.052,0.536,1.965,4.575,5.617,1.642,0.554,9.744,6.143,2.31,0.003,0.298,0.179,0.198,0.265,0.143,5.781,3.313,0.039,2.109,0.007,0.277,0.017,0.319,0.018,9.418,0.697,8.208,0.323,6.773,0.005,6.154,0.117,1.16,5.668,0.879,6.607,0.018,3.26,6.24,3.943,1.664,1.588,7.445,0.595,1.86,0.418,0.501,5.807,1.12,0.027,0.047,6.185,5.863,4.001,1.968,0.039,2.205,0.066,0.03,2.499,0.079,0.728,0.007,0.024,0.672,2.909,7.488,0.122,2.764,8.012,4.734,5.212,0.14,0.133,0.729,0.312,0.483,2.834,0.223,0.035,4.53,5.464,1.553,0.128,2.177,5.482,7.011,3.932,1.577,0.093,0.032,1.976,0.046,1.661,2.142,0.134,1.143,0.01,0.032,0.57,0.592,1.466,6.924,0.383,5.523,8.176,8.676,1.967,0.039,1.125,1.983,0.196,3.458,0.389,6.75,0.069,2.036,2.731,0.006,0.089,0.06,0.173,0.475,0.039,1.488,2.944,2.546,0.044,5.818,4.902,0.071,0.079,2.298,3.784,10.55,9.94,1.589,7.797,9.416,11.002,7.839,10.544,3.022,2.724,4.939,0.123,1.325,0.19,0.672,1.292,6.39,7.0,2.516,1.769,0.802,3.501,1.022,5.315,1.278,0.932,1.634,0.232,3.989,0.171,0.927,4.83,0.027,0.004,1.016,5.559,0.523,1.83,0.017,3.059,0.025,2.94,1.224,4.555,4.65,1.222,0.418,5.177,2.848,0.625,0.457,1.339,0.03,0.119,0.043,0.009,1.738,0.008,0.38,5.006,4.842,1.996,2.141,8.753,5.139,0.051,0.999,0.923,0.044,1.094,0.816,0.677,0.299,6.007,0.17,5.337,1.267,5.004,5.536,5.075,2.717,5.918,0.815,9.157,6.912,0.101,0.646,0.256,3.067,0.707,0.249,3.639,5.071,0.046,7.135,1.346,1.079,2.009,0.938,8.135,7.96,8.114,0.22,1.865,0.289,6.854,0.658,0.088,2.756,0.036,0.103,0.555,0.148,3.158,3.699,3.909,3.764,0.068,3.343,0.144,5.588,1.433,5.595,4.271,5.572,0.05,0.259,4.555,3.12,0.148,0.608,2.185,2.578,0.374,7.768,5.871,1.303,3.194,1.849,3.139,0.137,0.111,0.333,0.048,1.132,6.464,1.54,0.097,4.535,0.464,0.142,1.557,0.02,4.97,0.209,0.131,6.896,3.678,8.677,7.587,0.098,0.269,5.978,1.061,2.325,4.179,0.381,1.49,4.219,4.963,1.788,0.628,0.058,0.514,0.345,1.168,3.149,4.814,0.363,0.177,3.471,0.634,4.805,0.089,6.586,0.013,0.391,4.71,0.012,0.021,0.022,2.568,8.206,3.819,0.335,1.06,5.899,0.007,0.023,3.488,1.748,10.106,0.009,0.12,3.872,0.07,5.1,2.59,0.007,1.89,0.315,1.944,0.013,0.092,0.128,0.007,0.007,0.78,2.111,0.058,0.711,2.063,0.891,2.499,0.567,7.721,6.465,0.136,0.203,0.852,0.068,3.94,0.606,4.364,2.15,0.061,0.007,6.518,5.713,3.275,4.889,6.846,4.918,4.307,2.093,0.075,0.021,1.65,6.584,0.104,2.146,2.774,0.156,5.025,0.013,3.882,0.025,0.048,0.16,7.092,1.053,2.277,1.73,1.217,6.562,0.002,2.99,3.468,2.157,1.759,3.929,9.651,4.905,0.043,3.169,3.896,1.87,0.729,2.31,1.568,0.044,7.414,3.603,2.259,2.397,8.678,1.171,3.216,6.791,5.233,1.903,5.52,0.082,1.859,0.155,3.187,0.211,3.574,4.896,8.847,8.871,8.756,8.151,6.517,1.104,3.501,9.876,0.974,0.346,4.136,6.889,2.074,4.237,3.585,11.862,5.614,2.539,4.301,11.598,11.13,9.232,1.747,7.681,4.925,0.057,3.683,2.685,0.509,4.68,4.6,4.956,0.49,7.552,5.307,0.03,3.655,0.345,0.307,1.107,7.909,4.03,8.684,11.141,3.293,2.702,0.026,3.085,9.259,3.295,2.723,0.564,1.173,0.041,1.721,1.68,0.237,0.738,4.151,0.553,0.158,0.548,0.091,0.068,1.839,5.573,3.15,7.565,4.75,8.272,0.074,0.189,0.14,0.295,0.782,1.459,4.936,6.359,4.675,0.929,1.104,2.945,4.288,0.872,3.901,4.749,3.064,2.452,0.374,4.382,3.949,0.696,9.389,1.268,2.835,1.006,4.919,0.531,5.3,0.798,3.303,0.612,4.03,1.03,5.959,4.678,3.395,1.293,3.386,0.308,7.751,4.415,0.569,2.771,2.077,1.859,0.596,2.146,3.433,6.101
013 COAp Grxcr2 Glut,8.084,0.074,0.0,0.158,5.811,0.0,0.0,0.299,2.991,1.718,0.0,0.636,0.229,3.897,0.411,1.485,0.0,0.165,4.343,3.495,0.0,4.293,1.549,8.043,0.956,4.938,7.039,8.951,5.783,3.794,0.222,0.067,0.539,0.817,5.584,8.31,0.322,0.344,9.961,6.038,3.156,0.0,1.704,0.075,0.161,0.366,0.0,5.972,6.437,0.105,0.091,0.0,0.074,0.0,0.363,0.0,9.419,0.356,8.194,0.866,7.933,0.0,5.998,0.076,0.62,5.606,3.012,2.107,0.069,2.044,6.132,1.701,1.02,0.579,7.763,0.254,2.06,0.477,0.163,5.155,1.311,0.08,0.076,4.593,5.484,5.623,2.804,0.241,2.278,0.0,0.382,1.63,0.0,0.538,0.0,0.0,0.24,3.132,7.773,0.0,3.23,8.203,2.846,6.237,0.617,0.0,2.75,1.664,2.533,2.37,0.079,0.078,7.488,8.288,4.742,0.159,3.495,4.62,7.551,1.812,3.22,0.259,0.0,1.524,0.0,2.758,2.46,0.0,0.108,0.073,0.092,3.329,4.564,5.655,5.211,0.335,4.869,8.348,8.907,1.16,0.0,1.123,1.764,0.472,5.215,0.08,5.345,0.0,1.77,2.581,0.0,0.0,0.072,0.075,0.936,0.0,1.369,0.809,2.778,0.0,7.825,4.791,0.427,0.094,1.787,5.857,9.41,9.745,1.425,8.114,9.92,11.204,5.804,10.499,1.841,5.509,5.369,0.234,1.381,0.0,2.389,2.15,8.471,7.515,3.109,1.328,0.255,4.263,0.596,6.356,0.0,0.163,1.108,0.192,6.037,0.199,1.842,4.725,0.0,0.0,0.342,3.398,2.037,4.273,0.0,2.018,0.0,5.406,0.273,5.019,5.291,0.891,0.093,6.618,2.434,1.368,0.327,0.414,0.092,0.089,0.08,0.079,0.094,0.0,2.017,7.623,9.382,5.683,0.804,9.17,5.189,0.08,1.09,0.21,0.0,0.932,0.599,0.527,0.174,4.441,0.27,4.562,0.975,2.587,6.65,6.358,0.976,5.618,0.0,9.795,6.435,0.072,2.595,0.15,0.445,7.648,0.407,4.303,4.609,0.0,6.05,5.194,4.603,5.798,1.333,9.003,8.962,9.682,0.432,0.526,0.141,6.807,0.253,0.166,2.997,0.0,0.078,0.0,0.0,1.42,3.874,3.282,3.836,0.079,1.608,0.153,3.845,6.43,5.724,1.95,4.909,0.096,0.473,8.104,1.486,0.089,0.345,3.673,3.983,0.271,6.678,4.33,0.518,4.736,1.287,3.575,0.197,0.096,0.165,0.08,1.243,5.534,0.776,0.0,1.221,0.09,0.072,0.074,0.0,5.85,0.163,0.0,7.0,3.521,8.687,8.543,0.226,0.315,7.685,0.5,2.28,6.797,1.182,0.0,7.693,7.262,0.145,0.19,0.257,0.231,0.482,0.312,1.615,6.206,0.219,0.864,3.78,0.291,7.339,0.08,7.433,0.076,0.0,3.8,0.0,0.0,0.0,1.628,8.868,3.002,0.449,0.539,4.846,0.0,0.0,1.907,1.251,10.635,0.0,0.098,9.254,0.0,5.386,1.763,0.0,0.568,0.137,1.256,0.074,0.073,0.182,0.0,0.0,0.881,4.751,0.152,0.078,3.663,1.278,3.16,2.025,6.593,5.984,0.173,0.078,0.705,0.147,1.465,0.325,6.102,2.774,0.0,0.0,6.863,2.354,4.359,5.792,7.705,4.174,3.294,1.756,0.0,0.076,3.049,4.203,0.0,0.26,1.477,0.195,6.269,0.0,2.948,0.0,0.086,0.098,7.195,1.334,2.978,1.23,0.691,7.128,0.0,3.419,3.789,3.202,1.246,3.532,9.048,5.118,0.0,2.745,1.916,0.995,1.785,0.953,2.442,0.0,8.417,5.494,0.713,5.192,9.131,0.41,1.793,6.912,5.509,3.766,5.39,0.244,1.44,0.097,2.044,3.57,1.421,4.951,8.652,9.599,10.092,7.69,2.186,0.847,3.359,11.014,0.812,1.094,4.769,8.388,0.818,4.11,2.79,11.901,6.419,2.207,3.12,11.712,12.799,9.73,1.587,8.284,5.923,0.0,2.258,5.61,0.153,7.14,4.077,5.202,2.544,8.041,7.162,0.0,0.953,0.112,0.096,0.24,8.198,4.887,8.876,10.965,1.461,6.63,0.0,6.173,9.128,0.789,1.653,1.73,1.59,0.253,0.097,4.208,0.151,0.075,3.994,0.148,0.0,0.589,0.0,0.088,4.101,5.793,5.766,5.387,2.092,8.431,0.0,0.0,0.0,0.0,0.716,1.285,2.096,7.623,4.496,1.028,0.0,4.284,5.199,3.608,2.138,4.563,2.248,1.3,2.438,8.537,6.038,0.343,11.27,0.0,4.455,1.366,3.801,1.395,4.415,0.594,2.913,0.584,4.698,0.807,7.488,3.957,5.699,1.401,5.201,0.163,6.543,4.254,1.508,3.316,1.569,1.342,0.257,1.424,3.412,6.619
022 L5 ET CTX Glut,7.126,0.248,0.247,0.06,5.602,0.008,0.022,3.871,0.264,0.312,0.025,5.933,0.685,3.943,0.006,0.224,0.009,0.043,2.827,3.456,0.144,1.005,4.545,7.371,0.575,3.425,8.872,4.429,3.906,7.28,0.236,0.013,0.053,1.389,1.458,0.809,0.099,0.034,9.502,5.743,0.109,0.002,0.428,0.344,2.317,0.079,0.044,7.672,4.784,0.134,0.037,0.007,0.07,0.043,0.519,0.033,9.444,2.469,4.687,5.451,2.126,0.005,5.439,0.003,2.786,6.074,0.619,8.045,0.021,1.66,5.887,6.034,6.579,3.479,6.563,0.119,0.331,0.17,0.013,0.553,4.515,0.52,0.102,4.208,3.878,4.791,3.469,0.098,1.894,0.043,0.009,0.279,0.559,0.584,0.061,0.104,2.455,6.825,8.107,0.105,0.787,6.91,6.046,5.261,0.055,0.243,3.072,0.398,1.187,2.72,0.06,0.01,6.203,5.643,3.348,0.024,1.171,4.053,5.213,6.735,7.593,0.073,0.007,7.132,0.033,2.711,2.913,0.035,0.041,0.012,0.087,2.281,2.084,2.597,8.389,1.55,4.713,8.807,7.96,1.448,0.003,0.755,0.678,0.502,3.782,0.054,6.721,0.015,0.196,2.06,0.001,0.058,0.064,0.087,7.08,0.077,4.122,0.001,0.604,0.063,5.626,4.058,0.816,0.029,0.319,0.128,9.957,10.419,4.578,8.219,9.709,10.783,6.182,10.433,8.282,3.258,5.613,0.079,1.178,0.044,0.185,4.909,8.591,1.35,0.381,2.062,6.363,3.534,0.637,5.629,1.322,1.816,6.398,1.355,0.38,0.186,0.373,6.689,0.117,0.001,5.656,2.165,2.83,6.028,0.006,2.551,0.0,4.399,0.388,0.821,0.798,1.783,0.017,1.948,3.463,0.048,0.269,6.394,0.018,0.066,2.789,0.019,0.23,0.015,0.184,2.385,2.456,2.565,1.386,8.509,6.059,1.11,1.752,1.378,0.029,8.093,0.432,8.363,0.753,5.535,0.533,8.525,0.179,1.508,1.391,2.894,3.464,6.606,2.99,9.498,1.57,0.037,1.233,1.753,4.486,0.916,0.851,1.471,0.026,0.014,0.098,4.563,1.69,2.601,0.802,3.609,2.179,9.077,0.002,0.785,0.199,5.427,0.708,0.033,3.551,0.05,1.085,0.186,0.02,3.031,2.967,0.301,0.155,0.005,0.191,0.034,7.396,3.522,6.874,0.173,0.238,0.027,1.623,7.367,3.52,0.147,0.227,3.253,2.28,0.093,4.81,2.807,0.364,3.547,1.196,0.213,1.057,0.037,0.051,7.053,2.288,1.468,0.071,0.071,6.405,0.218,0.027,0.932,0.228,1.202,0.249,0.06,4.414,1.551,8.169,1.944,1.498,0.108,7.972,2.555,1.069,0.224,0.829,0.069,2.34,0.929,0.445,1.363,2.105,0.27,6.198,0.119,6.556,1.956,0.077,1.463,0.402,0.262,3.051,0.059,1.25,0.014,0.003,3.504,0.006,0.352,0.013,1.01,9.246,0.486,0.132,0.086,4.405,0.002,0.055,4.615,2.18,10.738,0.011,0.029,4.869,0.07,1.482,1.64,0.008,5.869,0.163,2.792,0.014,0.029,0.129,0.002,0.003,1.225,2.236,0.06,0.286,3.138,0.084,5.042,0.014,1.079,6.598,0.261,0.413,0.136,0.086,0.341,0.144,2.938,4.314,0.049,0.006,0.665,0.48,1.517,2.537,6.184,5.052,0.989,9.204,0.523,0.017,0.029,0.071,0.025,4.885,0.781,0.036,0.118,0.025,6.207,0.051,0.613,0.015,6.199,0.491,3.874,1.166,1.131,4.628,0.007,2.139,0.414,2.237,0.789,3.084,3.988,0.768,0.324,0.001,1.38,1.404,4.394,1.332,4.42,0.024,8.252,4.605,1.718,2.304,8.664,0.783,5.631,6.178,4.48,0.819,6.038,0.06,2.544,0.011,3.601,0.429,2.7,0.492,7.931,7.973,10.047,6.986,1.236,1.896,4.251,9.874,1.306,0.915,2.56,6.693,1.587,0.009,4.482,11.27,4.56,2.584,4.788,11.011,11.447,9.094,0.391,8.308,2.986,0.017,1.253,3.67,0.977,3.368,3.878,3.168,0.572,6.422,0.76,0.022,0.713,0.201,0.907,0.322,8.31,3.585,9.71,11.668,2.754,5.267,0.007,2.95,1.52,2.278,2.672,0.369,0.047,0.006,0.293,4.413,1.079,0.368,3.718,4.216,0.043,0.22,0.043,0.126,0.173,6.3,6.538,3.723,0.684,6.708,0.354,0.019,0.055,0.018,0.134,1.557,4.25,7.104,1.5,0.56,0.057,0.156,3.718,0.022,5.16,6.401,4.42,6.615,2.865,10.069,0.786,0.467,2.613,2.252,5.766,0.547,2.888,4.638,4.774,0.57,2.77,1.484,4.345,0.657,5.729,4.441,3.453,1.142,0.998,0.106,7.934,4.077,0.73,2.523,2.677,1.999,0.535,2.522,0.451,5.724
026 NLOT Rho Glut,8.136,0.016,0.268,0.076,5.2,0.0,3.947,0.366,0.603,1.288,0.047,6.688,0.223,3.825,0.0,1.048,0.016,0.07,2.76,2.2,0.014,0.474,7.393,4.805,1.194,5.642,8.736,5.442,6.917,2.731,0.34,6.723,0.016,1.034,0.456,1.605,0.633,0.333,10.101,6.36,0.637,0.0,0.462,0.034,8.625,0.104,2.328,8.909,0.158,0.015,0.062,0.358,0.135,0.078,0.082,0.063,8.562,0.201,6.783,0.339,5.317,0.016,6.07,0.015,1.109,7.067,6.115,8.004,0.078,4.581,7.261,8.221,5.765,3.898,7.094,0.059,1.26,1.539,0.016,0.849,0.39,0.017,0.0,3.283,6.044,0.536,3.06,0.26,2.335,0.016,0.522,5.278,0.289,0.622,0.657,0.0,1.559,3.971,7.78,0.066,1.293,7.227,7.189,7.349,3.224,0.031,1.966,0.454,1.35,3.024,0.226,0.0,7.837,6.142,3.053,0.051,0.035,5.456,6.638,7.224,5.109,0.014,0.02,0.034,0.082,4.938,6.405,0.111,5.758,0.0,0.015,2.399,1.456,1.737,6.875,0.499,5.415,7.745,8.908,2.167,0.028,1.2,1.621,0.156,0.499,0.016,5.37,0.182,0.091,5.29,0.0,0.145,0.134,1.511,6.124,0.19,3.023,0.185,0.783,0.125,5.835,7.165,0.5,0.029,0.635,3.382,10.157,10.546,2.164,8.245,8.692,10.64,6.048,10.197,1.022,0.099,2.058,0.098,1.472,0.757,0.449,0.779,8.019,7.363,3.569,3.02,6.192,5.127,0.971,5.677,0.066,5.331,2.77,0.072,1.486,0.067,3.322,4.227,0.015,0.0,1.131,3.149,2.766,2.373,0.019,8.15,0.051,4.371,5.668,0.235,5.212,2.698,0.028,0.14,4.138,0.1,0.285,2.387,0.123,0.167,2.251,0.031,0.144,0.0,0.156,8.989,4.817,1.634,6.387,8.601,2.028,3.358,0.883,1.27,0.047,0.725,0.014,0.762,0.331,7.081,0.065,4.54,1.947,0.557,4.854,7.18,7.837,7.445,3.458,0.733,1.561,0.064,1.443,0.015,1.72,6.487,0.369,5.165,0.129,0.029,10.061,4.766,0.014,2.056,1.411,7.86,6.579,8.678,0.111,1.983,0.15,7.136,0.015,0.031,3.728,0.079,0.044,0.0,0.101,2.742,2.513,5.278,0.352,0.081,1.668,0.014,4.364,5.435,7.308,0.337,0.542,0.06,0.163,1.765,2.517,0.456,0.445,2.746,3.445,0.319,2.04,1.578,6.813,4.903,6.228,8.195,0.132,0.052,0.211,8.193,4.937,6.819,0.134,0.014,0.426,2.033,0.016,5.011,0.0,0.528,1.747,0.136,5.84,6.442,8.815,2.005,0.016,0.229,8.345,1.226,0.811,8.987,0.194,0.402,0.312,7.778,0.03,0.0,0.121,0.879,0.049,1.138,4.787,0.836,0.139,0.033,0.258,0.103,3.667,0.016,7.411,0.032,9.129,4.397,0.015,0.849,0.0,7.044,9.302,0.92,0.491,1.81,2.941,0.0,0.014,8.831,1.407,10.528,0.015,0.033,7.617,0.092,5.82,2.213,0.016,0.218,0.374,2.649,0.014,0.08,0.113,0.016,0.0,0.78,3.03,0.064,0.03,4.653,7.048,6.904,0.79,10.246,6.683,0.03,0.083,0.552,0.173,0.048,0.093,5.276,6.209,0.089,0.0,4.785,0.348,0.575,5.31,6.41,0.171,1.299,4.405,0.021,0.056,0.03,0.082,0.016,0.685,0.594,0.076,6.367,0.0,4.171,0.015,0.047,0.0,6.207,2.651,3.621,1.699,1.578,1.714,0.02,4.147,6.759,3.392,1.757,4.042,2.24,2.378,0.016,0.32,2.595,2.349,6.041,1.854,4.934,0.028,7.8,3.871,0.229,1.176,8.668,0.424,7.783,6.434,5.541,1.87,5.604,0.115,2.721,0.014,2.709,0.412,2.822,2.078,8.23,9.031,8.41,8.093,9.056,1.816,2.959,11.076,0.653,0.994,5.419,7.273,1.617,0.033,6.708,11.299,6.603,2.409,3.988,11.336,10.743,9.81,1.054,6.846,3.47,0.044,2.514,5.938,0.533,8.704,6.287,4.867,0.956,8.923,6.695,0.015,4.955,0.647,0.138,0.245,8.403,4.008,9.179,11.166,2.322,7.313,0.031,4.595,7.093,0.667,5.824,0.864,0.242,0.015,0.0,5.137,2.0,5.302,1.03,2.758,0.362,0.176,0.118,0.031,2.804,7.813,2.31,10.196,1.644,8.439,0.019,0.077,0.402,0.0,3.918,2.669,5.994,8.417,5.063,0.586,0.045,0.097,1.35,3.47,2.062,7.135,0.323,0.447,4.42,3.748,3.091,0.073,7.841,1.603,2.998,2.181,4.738,0.218,4.664,0.92,3.695,0.188,4.201,1.053,6.048,4.088,4.378,1.27,0.771,0.516,7.592,4.801,1.336,3.788,2.242,2.365,0.439,3.679,4.268,7.958
029 L6b CTX Glut,4.514,0.082,0.425,0.02,5.764,0.006,0.028,0.076,0.871,2.819,0.01,0.56,2.17,3.216,0.0,1.617,0.007,0.021,2.604,1.947,3.439,0.768,1.804,4.086,0.242,2.649,6.826,1.811,2.032,0.637,0.144,0.01,0.0,2.004,1.955,0.381,0.071,0.031,7.464,6.055,0.103,0.006,0.084,0.748,1.326,0.184,0.009,3.08,4.787,6.137,0.1,0.006,0.047,0.017,0.305,0.028,9.769,0.088,1.648,6.502,1.336,0.0,4.908,0.011,1.112,4.897,4.284,8.598,0.008,1.093,3.099,0.932,4.912,5.296,5.377,0.033,0.337,4.587,0.003,2.383,1.99,0.13,5.342,6.554,0.682,2.662,3.102,0.077,0.286,0.035,0.009,0.261,1.639,0.369,0.006,0.007,2.419,4.005,7.851,0.101,0.266,4.196,4.43,3.093,4.357,0.033,2.225,0.134,1.047,2.205,0.045,0.0,6.793,3.481,1.206,0.012,1.153,3.548,1.758,0.9,7.346,0.15,0.006,4.394,0.026,3.512,2.865,0.015,2.503,0.067,0.038,2.311,1.064,0.681,6.811,5.375,4.019,8.693,8.261,1.063,0.014,0.721,0.652,2.638,4.813,0.011,6.278,0.006,3.657,4.59,0.0,0.004,0.014,0.077,0.698,0.254,7.899,0.006,0.378,0.022,3.965,2.477,0.747,0.059,0.149,0.383,8.734,9.779,8.178,7.985,7.622,10.127,4.336,9.201,6.434,5.84,0.38,0.07,1.031,0.471,2.305,6.555,8.217,4.065,2.294,3.401,8.369,4.022,0.518,5.502,0.639,0.087,5.557,3.488,0.204,0.074,0.643,7.241,1.093,0.003,0.849,5.796,0.444,5.921,0.006,5.834,0.003,2.973,1.806,0.209,0.152,0.241,0.014,1.9,3.561,0.136,0.072,0.268,0.018,0.093,0.155,0.006,1.535,0.012,0.11,4.48,1.622,1.635,0.406,7.274,1.491,0.008,1.057,0.801,0.019,1.627,0.019,9.012,1.601,0.85,0.007,0.91,0.026,2.269,0.822,0.302,6.571,7.162,5.762,9.254,0.231,0.105,1.242,0.103,0.461,2.023,0.762,0.439,0.017,0.007,0.075,4.058,3.91,4.106,1.412,2.113,5.0,9.252,0.007,1.743,0.18,2.751,8.46,4.913,4.34,0.021,0.49,0.525,0.041,2.021,5.508,3.093,0.048,0.01,0.047,0.028,0.591,4.427,7.022,0.089,0.191,0.023,0.295,6.349,1.124,0.13,0.151,2.301,1.181,0.079,2.691,2.66,0.257,2.523,4.755,0.153,0.16,0.034,0.078,0.08,4.107,0.37,0.067,0.433,3.635,2.302,0.033,1.347,0.371,6.07,6.41,0.364,0.588,1.917,7.698,3.522,0.914,0.047,5.653,1.876,1.224,0.459,3.335,1.214,0.448,1.935,0.035,4.034,1.591,0.224,8.407,0.053,8.667,2.367,0.797,0.993,7.016,5.448,0.198,0.046,5.002,0.011,0.007,2.009,0.004,2.841,0.002,1.378,10.061,0.277,0.116,0.038,0.886,0.02,0.032,3.239,1.228,11.002,0.011,0.046,6.684,0.033,1.224,1.026,0.006,7.15,0.128,0.498,0.011,0.01,0.333,0.0,0.003,1.02,1.264,0.038,1.762,2.935,1.366,0.245,1.478,0.537,0.369,0.183,3.143,0.121,0.045,0.063,0.097,0.086,7.193,0.012,0.008,0.24,5.812,1.247,8.376,7.98,5.74,1.235,6.535,3.369,0.021,0.485,1.026,0.039,0.633,0.68,0.028,0.119,0.015,0.44,0.037,0.503,0.009,6.111,3.888,1.618,0.831,1.073,3.412,0.022,1.361,0.233,2.095,1.045,3.027,8.413,1.389,0.107,0.0,1.457,1.143,0.234,2.665,0.536,0.0,7.358,2.034,1.956,2.362,8.143,0.182,1.443,6.168,3.967,1.149,5.666,0.035,0.78,0.018,4.137,0.143,3.26,0.319,7.634,8.076,8.295,6.588,0.779,1.26,7.763,8.789,1.098,1.476,2.916,6.682,1.879,0.007,5.405,9.117,5.695,0.785,3.182,11.924,11.36,8.058,0.673,9.615,0.105,0.009,2.269,2.075,0.775,3.957,4.293,2.094,1.218,11.054,0.253,0.003,0.613,0.081,0.078,5.79,8.679,2.621,9.881,11.818,3.037,4.516,0.013,1.715,1.843,0.862,0.873,0.24,0.024,0.01,0.015,0.575,0.408,1.041,1.258,0.4,0.0,0.886,0.013,0.007,0.078,2.607,4.355,3.089,0.829,8.212,1.961,0.021,0.051,0.004,0.108,1.183,1.403,7.554,4.458,0.72,0.044,0.048,4.188,0.054,5.634,6.142,4.411,6.033,0.039,0.76,3.609,1.803,3.85,0.469,1.61,0.982,3.117,0.053,4.392,0.459,3.424,1.444,6.198,0.466,4.175,3.881,3.032,0.945,0.095,0.072,6.539,3.461,0.612,2.301,1.95,1.958,0.409,2.097,1.978,6.872
030 L6 CT CTX Glut,5.288,0.027,0.636,0.036,5.347,0.009,0.051,0.267,3.372,0.999,0.019,3.89,1.363,3.601,0.008,1.343,0.011,0.026,4.614,1.108,4.799,0.145,4.742,4.854,0.054,2.928,8.118,1.853,0.114,1.143,0.125,0.011,0.001,0.446,0.654,0.412,0.079,0.021,8.957,7.047,0.207,0.02,0.064,0.415,2.913,0.136,0.006,2.747,3.868,0.808,0.598,0.009,0.169,0.017,0.258,0.021,6.056,0.354,1.574,4.226,3.784,0.003,4.724,0.004,0.754,5.654,1.515,8.62,0.018,1.233,3.996,1.598,0.626,7.205,3.826,0.037,0.135,0.611,0.002,3.213,3.157,0.142,0.201,1.45,0.797,1.705,3.185,0.077,0.209,0.041,0.01,0.263,2.243,0.439,0.002,0.008,2.494,8.129,7.913,0.091,0.409,1.274,5.334,2.224,2.098,0.01,2.27,0.166,0.549,2.13,0.037,0.004,7.764,5.902,1.698,0.037,1.032,3.698,5.286,1.965,6.888,1.013,0.004,4.676,0.024,4.036,3.808,0.02,0.733,0.014,0.026,2.181,1.286,1.142,8.366,8.498,4.059,8.534,9.13,1.191,0.005,0.682,0.579,4.061,0.426,0.003,9.15,0.011,1.669,5.811,0.002,0.029,0.03,0.149,2.002,0.436,7.107,0.006,0.488,0.025,3.987,4.061,0.49,0.037,0.652,0.151,9.412,10.17,8.12,8.439,9.121,10.656,5.101,9.455,8.656,5.975,1.052,0.065,0.907,0.794,0.789,5.509,8.963,0.91,1.152,0.946,8.449,3.474,0.537,5.654,0.962,0.901,7.531,0.332,0.304,0.145,1.211,5.68,0.677,0.002,4.075,1.939,1.248,7.075,0.004,4.015,0.001,3.794,1.019,0.455,1.054,2.011,0.133,1.589,4.873,0.407,0.041,1.367,0.019,0.062,0.092,0.014,0.201,0.004,0.174,4.684,1.135,1.003,0.986,7.988,2.445,0.183,0.431,1.399,0.023,8.683,0.241,7.945,2.366,1.286,0.035,4.148,0.037,3.107,1.183,0.547,5.943,7.125,6.356,9.341,0.56,0.07,1.282,0.593,1.046,2.724,0.813,1.054,0.025,0.013,0.071,4.23,1.892,2.846,2.259,4.088,3.377,8.97,0.083,1.222,0.339,2.094,6.697,0.299,3.571,0.034,0.891,1.313,0.05,1.868,4.773,3.456,0.075,0.002,0.018,0.025,2.207,2.976,3.714,0.072,0.935,0.024,0.124,5.063,0.428,0.098,0.132,2.542,2.149,0.127,1.877,0.538,0.766,0.802,4.274,0.157,0.699,0.082,0.053,0.064,4.949,0.894,0.063,0.141,3.706,3.665,0.029,3.678,0.09,3.262,4.785,0.058,1.167,4.809,8.58,3.276,0.52,0.077,7.095,3.053,1.57,0.741,5.177,0.023,0.501,7.383,0.033,2.84,1.751,0.29,6.931,0.013,8.008,3.67,0.28,3.419,6.555,4.616,0.982,0.032,1.862,0.009,0.004,2.079,0.005,4.497,0.01,1.178,9.672,0.118,0.131,0.027,2.493,0.04,0.04,2.162,0.982,11.135,0.013,0.05,3.712,0.036,3.296,1.074,0.005,7.381,0.139,2.247,0.013,0.022,0.622,0.004,0.005,1.007,2.353,0.057,0.641,2.875,1.337,1.138,0.198,0.59,0.303,0.044,6.902,0.098,0.065,0.113,0.078,0.204,7.566,0.028,0.004,0.324,7.399,0.831,8.267,6.069,0.351,0.63,7.074,7.358,0.022,0.065,0.523,0.057,1.825,0.645,0.013,0.101,0.007,0.425,0.036,0.526,0.004,6.707,0.998,1.06,1.037,1.133,3.702,0.014,1.538,0.246,2.231,0.975,3.322,9.16,1.363,0.042,0.002,1.528,0.928,0.299,1.161,1.531,0.007,7.528,3.769,1.45,2.009,8.496,0.197,1.588,6.647,3.887,1.152,5.001,0.051,1.115,0.009,3.272,0.36,2.813,0.781,7.76,8.394,9.619,7.73,0.357,0.792,7.877,9.147,1.037,1.264,2.847,6.649,1.579,0.024,6.7,10.377,4.832,1.441,3.167,11.121,12.082,8.406,0.504,8.7,0.143,0.014,3.366,1.739,0.6,3.103,6.005,2.604,0.544,10.318,0.261,0.011,0.573,0.273,0.109,5.322,8.616,3.07,9.346,11.765,2.597,4.313,0.041,2.823,2.03,1.264,2.989,0.449,0.062,0.009,0.01,0.366,0.147,0.105,1.503,0.683,0.044,0.271,0.018,0.013,0.131,2.485,0.756,2.847,1.121,7.535,1.289,0.016,0.059,0.015,0.097,2.013,2.361,7.554,2.878,0.593,0.046,0.059,0.476,0.064,4.924,7.362,2.158,6.087,0.036,0.718,3.391,0.591,1.722,0.204,1.284,1.226,3.224,0.074,4.387,0.509,2.836,0.919,5.318,0.45,5.012,4.811,3.047,1.048,0.079,0.122,7.56,3.772,0.885,2.32,2.051,1.643,0.435,2.114,0.547,6.652
032 L5 NP CTX Glut,2.391,0.016,0.02,0.015,3.682,0.008,0.897,0.076,0.731,3.286,0.012,3.398,1.239,2.711,0.006,0.126,0.006,0.014,1.436,2.807,0.136,0.177,1.374,5.921,0.57,2.429,8.385,0.877,0.907,0.727,0.201,0.009,0.011,0.332,2.503,0.382,0.069,0.014,6.602,6.14,0.065,0.009,0.083,0.05,7.07,0.081,0.001,1.856,0.546,2.001,1.071,0.01,0.875,0.017,0.12,0.019,3.156,0.33,0.833,4.213,0.264,0.003,4.557,0.007,0.737,3.927,7.835,0.881,0.011,0.653,4.23,2.546,8.143,2.141,6.199,0.038,0.135,0.172,0.001,0.14,1.73,0.141,0.092,8.729,2.017,3.434,2.436,0.065,0.077,0.033,0.005,0.393,1.009,0.35,0.0,0.005,0.905,4.473,6.795,0.063,0.776,7.255,4.98,2.505,1.697,0.007,1.454,0.526,2.669,1.758,0.027,0.002,3.586,2.043,0.494,0.018,0.433,3.466,1.031,9.894,3.781,0.047,0.0,6.503,0.032,2.443,1.467,0.011,0.094,0.006,0.017,1.263,0.631,0.583,9.493,5.331,3.743,7.831,3.788,0.914,0.014,0.648,0.573,0.321,4.777,0.003,6.59,0.006,0.167,2.483,0.004,0.041,0.012,0.11,0.103,0.168,4.689,0.001,0.149,0.034,3.934,4.591,0.2,0.088,0.57,0.263,7.993,9.969,8.11,7.929,9.656,9.996,1.763,11.055,8.52,2.325,4.177,0.458,0.891,0.149,1.885,4.947,6.282,0.483,0.771,2.423,2.943,2.797,0.413,4.244,0.336,0.127,5.426,0.184,8.336,0.08,0.478,1.591,0.393,0.0,0.375,0.554,0.216,1.656,0.004,3.237,0.0,1.552,2.321,1.088,1.679,0.322,0.016,0.142,0.981,0.358,0.053,0.351,0.014,0.06,0.046,0.009,0.579,0.008,0.587,0.405,2.214,0.1,2.328,8.142,1.964,0.037,0.438,0.448,0.017,8.699,0.005,3.029,7.963,3.453,0.032,2.632,0.026,4.854,0.416,0.594,8.811,5.445,7.197,7.78,0.433,0.035,0.607,0.088,0.061,0.328,0.761,0.496,0.017,0.01,0.082,3.264,0.105,3.634,1.322,7.869,2.853,8.342,0.002,0.04,0.056,3.474,7.815,0.036,3.466,0.044,0.137,0.097,0.028,2.063,3.158,0.386,0.051,0.001,0.013,0.016,1.488,2.965,7.431,0.15,0.274,0.016,0.086,5.584,3.754,0.115,0.108,1.965,1.168,0.119,1.64,2.038,0.179,7.145,8.117,0.175,0.058,0.975,0.097,0.081,0.808,0.188,0.054,0.083,8.088,0.261,0.014,3.284,0.086,2.1,4.225,0.201,5.476,2.091,7.617,3.336,2.062,0.062,7.45,1.884,3.051,2.776,7.821,0.704,2.728,4.89,0.024,0.267,1.773,0.309,6.871,0.267,2.435,0.414,0.048,3.333,4.622,4.038,4.951,0.008,0.453,0.005,0.005,1.775,0.004,0.105,0.007,5.134,8.55,0.212,0.114,0.019,0.447,0.004,0.025,0.631,0.865,10.492,0.007,1.101,2.211,0.046,2.345,0.703,0.004,7.144,0.148,0.259,0.023,0.03,0.467,0.002,0.004,0.927,0.34,0.023,5.622,2.522,0.581,1.216,0.41,0.564,0.307,0.045,0.481,0.077,0.059,0.023,0.067,0.283,4.092,0.028,0.007,0.202,0.37,0.754,7.962,3.148,2.943,0.722,8.899,0.741,0.017,1.141,5.317,0.011,0.287,11.913,0.015,2.856,0.0,0.549,0.026,0.475,0.003,6.066,8.827,0.459,0.801,0.98,3.722,0.023,0.664,0.318,1.019,0.901,2.858,3.79,1.117,0.08,0.0,1.91,1.365,0.223,0.024,2.057,0.309,6.91,2.829,1.582,1.133,7.65,0.173,5.752,5.592,3.547,1.199,3.658,0.05,1.086,0.01,2.722,0.048,1.959,0.2,8.076,6.866,7.044,9.986,5.477,1.299,7.818,10.591,1.079,0.462,1.841,5.333,1.328,0.005,3.06,10.351,2.592,0.869,3.691,11.501,8.952,1.38,0.645,8.719,0.178,0.007,2.62,0.903,1.365,5.141,3.858,2.237,0.329,10.108,0.278,0.011,0.78,0.101,0.068,0.275,7.119,1.964,9.155,11.472,1.897,2.678,0.007,4.113,2.503,1.729,0.762,0.091,0.091,0.011,0.014,0.201,2.81,0.32,0.917,0.233,0.095,1.185,0.024,0.013,0.313,4.535,6.297,9.958,0.626,9.038,0.276,0.009,0.117,0.017,0.102,0.146,2.41,0.964,1.339,0.434,0.023,0.052,0.628,0.019,3.934,4.955,0.889,7.75,0.029,0.733,5.282,6.173,2.909,0.035,0.839,0.766,2.829,0.074,4.02,0.417,2.517,0.357,5.24,0.3,3.554,5.425,2.227,0.761,0.097,0.105,5.935,2.885,0.457,1.609,1.861,1.818,0.455,1.723,1.014,6.422
035 OB Eomes Ms4a15 Glut,0.473,0.093,0.234,0.097,1.999,0.0,0.0,0.988,0.232,0.409,0.073,0.32,2.213,2.253,0.0,0.239,0.127,0.0,0.118,2.635,0.0,1.631,0.742,6.924,0.675,2.704,4.945,4.024,0.627,3.011,1.761,0.131,0.0,0.0,5.479,0.627,0.607,0.111,2.922,4.586,0.0,0.1,0.691,0.537,0.635,1.398,0.0,7.991,0.073,0.337,2.301,0.0,0.3,0.0,0.131,0.0,8.763,1.653,9.088,6.456,0.0,0.0,5.212,0.0,0.073,0.348,0.0,0.916,0.0,0.726,0.714,0.109,2.07,1.653,1.247,0.645,0.858,0.0,0.0,0.361,0.0,0.118,0.272,9.057,1.959,0.128,1.928,0.218,1.36,0.0,0.111,4.877,0.114,0.604,0.0,0.0,3.137,0.361,5.339,0.202,0.215,7.175,0.862,1.085,0.073,0.0,1.283,0.387,0.094,1.624,0.535,7.634,2.374,0.205,0.111,0.0,0.0,3.702,0.235,0.227,3.11,0.108,0.114,0.0,0.0,0.481,3.481,0.0,1.371,0.0,0.288,1.254,0.111,0.105,5.875,0.688,4.308,7.573,5.035,0.998,0.0,1.424,1.349,0.0,7.229,0.0,3.765,0.0,0.202,3.041,0.0,0.194,0.0,0.0,1.234,0.108,0.578,0.114,0.426,0.112,1.998,3.461,0.093,0.0,0.212,0.109,3.87,9.2,0.212,5.681,1.356,8.754,10.772,6.381,10.129,0.411,0.526,0.37,0.772,0.291,0.0,3.613,3.661,0.995,0.227,0.387,0.104,4.46,0.202,3.525,0.095,0.0,1.417,0.416,0.767,0.0,0.576,3.386,3.106,0.0,0.093,4.321,0.0,2.023,0.0,5.067,0.0,1.496,0.548,0.616,3.498,3.53,0.0,0.787,0.327,0.0,0.0,0.127,0.0,0.12,0.241,0.0,0.226,0.0,0.736,7.994,7.446,0.0,0.339,8.479,1.017,0.0,0.222,1.509,0.0,1.621,0.073,0.485,0.093,1.319,4.532,0.704,8.294,1.884,0.497,3.735,4.663,0.901,0.345,1.023,2.992,0.0,0.113,0.404,0.0,4.294,0.105,0.448,0.111,0.188,7.277,0.553,0.0,0.212,3.478,7.091,0.804,8.773,0.12,0.21,0.175,3.559,0.893,3.213,0.396,0.0,0.854,0.0,0.108,0.697,0.453,1.45,0.287,0.0,0.0,0.0,0.607,3.692,5.464,0.187,0.558,0.0,0.111,6.515,0.449,0.105,0.432,1.578,0.874,0.093,2.11,6.07,0.103,1.184,3.952,3.824,0.207,0.0,0.911,0.216,0.312,0.0,0.242,0.0,0.344,0.0,0.0,0.196,0.0,1.842,0.0,1.202,0.329,0.127,1.311,7.756,0.0,0.0,0.541,1.4,5.352,0.867,6.548,0.125,1.364,0.283,0.104,0.212,0.451,0.167,0.101,0.107,0.618,5.708,1.725,5.743,7.346,0.934,8.325,0.233,10.241,0.0,0.0,4.258,0.0,0.0,0.0,7.869,6.18,0.438,0.321,0.0,0.545,0.0,0.0,0.324,1.418,9.864,0.0,0.423,7.856,0.093,1.758,1.223,0.0,7.949,0.205,0.0,0.0,0.0,0.114,0.0,0.79,0.518,0.238,0.0,0.997,0.834,0.882,0.0,3.533,1.895,0.103,0.097,0.224,0.234,0.218,0.311,0.073,1.14,6.846,0.241,0.093,1.616,3.404,0.222,3.528,1.636,8.87,1.112,0.773,0.114,0.0,0.0,0.0,6.158,6.12,7.945,0.231,1.903,0.0,0.58,0.39,0.111,0.0,4.497,0.208,0.849,0.989,1.171,3.215,0.179,0.833,2.209,1.374,1.547,2.381,1.123,1.193,1.212,0.109,2.417,1.582,2.888,0.094,2.557,0.103,5.86,3.281,2.073,3.278,6.633,0.212,3.585,5.657,3.856,1.144,3.694,0.106,2.176,0.0,2.212,0.0,1.662,0.254,7.816,7.93,0.749,4.417,0.601,2.445,1.052,8.625,0.746,0.41,4.597,6.429,0.77,2.191,2.217,7.733,0.366,0.729,4.298,11.727,6.207,1.99,0.318,5.096,0.312,0.0,1.389,2.924,0.0,5.855,0.543,1.553,0.723,7.166,0.103,0.0,0.582,0.0,0.768,0.128,6.441,1.612,7.153,11.464,1.971,1.458,0.0,5.301,8.171,3.487,2.619,0.362,0.0,0.449,0.093,1.431,0.0,0.0,0.45,0.166,0.134,0.585,0.0,0.195,1.193,3.575,0.905,0.984,7.613,8.45,4.177,0.228,1.491,0.0,1.578,0.105,0.32,0.459,2.041,0.891,0.0,0.106,1.081,0.73,0.0,0.219,3.065,0.83,0.5,0.944,1.097,5.58,8.638,0.089,7.961,0.949,5.162,3.566,3.972,0.321,2.379,0.1,2.261,0.452,3.957,1.221,2.37,0.481,0.482,0.115,6.392,2.871,0.192,1.772,1.847,1.294,0.516,1.762,2.757,4.084
036 HPF CR Glut,0.663,0.077,0.069,0.104,1.545,0.014,0.016,0.049,0.211,0.428,0.045,0.105,0.031,2.291,0.0,2.569,0.0,0.167,0.178,2.607,0.047,0.561,0.757,3.263,1.235,2.592,0.566,0.629,4.707,0.717,2.499,0.739,0.559,0.395,9.582,0.823,4.072,0.014,2.192,4.066,0.079,0.0,0.217,0.036,0.015,0.177,0.0,0.584,0.029,0.116,1.099,0.015,0.046,0.015,0.06,0.0,4.507,0.134,9.202,3.442,0.15,0.0,4.857,0.028,0.199,0.104,0.108,0.52,0.0,1.536,0.255,3.121,0.063,2.959,0.998,4.943,0.396,0.031,0.014,1.45,1.176,0.018,0.0,0.175,0.485,2.002,1.525,0.043,0.072,0.59,0.014,0.511,0.015,0.366,0.0,0.0,0.48,3.722,5.071,0.128,0.134,5.581,3.912,1.374,0.014,0.0,2.42,0.967,0.139,2.678,1.038,8.016,2.282,0.353,0.12,0.069,0.057,3.884,0.503,0.197,0.535,0.47,0.0,0.017,0.013,0.0,3.103,0.198,0.122,0.0,0.015,3.913,0.995,3.62,5.663,0.348,4.087,6.124,3.442,1.228,0.028,1.039,1.272,0.061,0.142,0.034,4.963,0.095,4.354,0.512,0.0,0.029,0.062,0.105,0.032,0.044,1.501,0.152,1.221,0.0,1.849,0.799,0.0,0.014,0.062,0.438,8.357,8.79,0.206,4.848,0.699,5.078,1.202,2.33,1.203,0.473,3.279,0.047,1.672,0.03,0.042,3.987,1.732,2.149,0.119,0.153,0.12,3.246,0.592,4.234,0.076,0.05,2.479,0.531,1.314,0.0,0.29,4.399,0.015,0.707,0.135,0.331,0.063,3.023,0.0,0.55,0.0,2.682,0.322,2.734,0.967,5.008,0.017,0.122,0.27,0.116,0.045,0.076,0.012,0.094,0.08,0.0,0.074,0.0,0.123,8.951,3.238,0.035,0.515,7.626,1.339,0.0,0.065,0.38,0.014,0.856,0.0,0.318,0.166,3.668,10.571,5.713,2.11,0.366,0.282,0.885,1.05,0.13,0.048,10.324,0.515,0.0,0.117,0.505,0.046,1.433,0.304,0.13,0.111,0.045,9.303,0.74,0.077,0.093,1.402,8.005,1.516,8.619,0.108,0.016,0.161,1.125,0.63,3.224,0.165,0.014,0.466,0.032,0.0,0.954,0.659,2.246,0.179,0.048,0.124,0.029,0.22,0.833,3.3,0.108,0.703,0.059,0.072,9.472,0.631,0.465,0.255,0.846,1.187,0.146,2.521,4.833,0.031,0.419,0.204,1.803,0.034,0.0,1.067,0.029,0.046,0.12,0.151,0.0,0.766,0.029,0.356,0.261,0.013,0.954,0.014,0.213,0.505,0.201,1.047,8.389,0.032,0.266,1.555,0.947,3.782,0.824,2.003,0.029,0.342,0.141,0.674,0.265,0.017,0.352,0.062,0.208,0.575,0.223,0.063,0.063,0.7,0.267,7.87,1.594,0.852,0.0,0.0,4.07,0.0,0.014,0.0,6.767,0.476,0.098,0.302,0.03,0.434,0.012,0.0,1.175,1.86,8.576,0.019,0.164,1.778,0.042,1.718,1.286,0.0,1.774,0.213,0.044,0.044,0.076,0.0,0.0,0.014,0.916,0.106,0.0,0.854,1.204,0.412,0.077,3.441,0.476,0.203,0.014,0.05,0.343,0.059,0.159,0.046,0.285,5.196,0.205,0.0,3.257,9.568,2.145,4.427,0.284,8.675,3.032,0.338,0.0,0.016,0.0,0.166,8.573,0.297,3.604,0.062,2.531,0.03,1.268,0.0,0.047,0.0,3.748,0.12,0.851,1.288,0.677,4.215,0.033,0.648,6.615,1.124,1.285,2.017,1.337,1.652,4.518,3.304,2.053,1.013,0.312,0.844,0.369,0.0,4.627,2.021,0.677,3.408,4.877,1.878,0.357,4.406,3.465,0.764,2.275,0.061,2.093,0.048,1.851,0.016,1.492,0.173,8.549,7.707,1.162,7.85,0.762,0.594,0.742,2.64,0.552,1.224,6.61,8.33,0.877,1.557,1.689,4.423,1.285,1.072,2.863,11.819,6.206,0.924,0.418,3.958,0.326,0.073,1.038,0.905,0.788,3.388,1.708,0.907,1.402,5.629,0.094,0.0,2.533,0.162,0.065,0.128,5.177,1.003,5.937,10.11,2.071,0.631,0.028,3.59,10.023,1.371,0.08,0.366,0.0,0.014,0.0,0.966,0.199,0.0,0.3,0.093,2.957,0.233,0.034,0.0,1.167,0.281,3.34,0.614,5.72,8.908,0.336,0.092,0.107,0.0,0.159,0.065,0.317,0.636,0.762,1.829,0.373,0.044,2.438,0.046,2.49,0.339,4.671,0.418,1.548,0.904,1.381,0.092,4.018,0.033,1.736,0.61,6.915,2.301,4.165,0.268,2.629,0.0,2.002,0.433,2.293,1.015,1.606,1.43,0.093,0.119,5.52,2.844,0.693,0.856,1.178,1.202,0.567,1.021,1.582,6.471
037 DG Glut,6.883,4.26,0.723,0.131,2.894,0.018,0.019,0.062,2.691,4.984,0.017,0.193,0.02,4.307,0.0,0.105,0.0,0.164,0.676,4.667,0.0,1.758,1.598,6.059,2.669,5.515,7.888,2.781,5.044,1.655,0.426,0.0,2.789,0.083,0.2,4.666,0.272,0.638,9.476,5.481,1.315,0.0,0.357,0.0,0.11,0.04,0.039,6.202,0.22,0.0,0.69,0.0,0.168,0.021,0.209,0.039,9.761,0.802,6.082,0.041,8.521,0.0,5.973,0.354,0.967,4.681,0.076,6.642,0.0,3.336,5.447,5.897,6.944,1.746,9.023,4.572,0.243,0.712,0.0,2.469,0.844,0.023,0.037,7.427,5.571,0.309,2.185,0.023,0.926,0.13,0.019,0.354,0.0,0.534,0.0,2.738,1.808,0.244,7.213,0.133,1.057,5.393,4.053,9.136,0.934,0.027,0.41,0.401,0.324,1.928,0.138,0.0,3.029,3.778,1.045,0.066,0.422,5.29,3.985,4.309,0.88,0.022,0.0,0.019,0.021,0.169,2.959,0.0,0.271,0.0,0.022,0.701,0.712,2.9,7.661,0.443,4.892,7.327,9.379,1.706,0.0,1.085,2.214,0.02,5.296,1.846,5.806,0.019,7.244,1.135,0.0,0.067,0.021,0.037,0.023,0.0,0.393,0.258,1.189,0.018,4.724,0.475,0.063,0.049,1.558,0.308,10.64,9.837,1.104,7.756,9.785,10.54,3.951,10.573,2.604,0.775,3.49,0.041,0.987,0.0,0.022,0.231,5.629,2.053,2.562,2.687,0.0,3.682,1.268,5.012,0.993,0.065,0.79,0.11,1.408,0.289,0.427,4.876,0.044,0.0,0.105,5.119,0.044,0.714,0.021,1.977,0.044,3.118,0.75,2.151,4.937,0.463,0.0,6.188,1.221,0.404,0.239,0.133,0.018,0.188,0.04,0.0,0.041,0.0,0.094,6.102,5.255,0.935,0.805,8.859,6.685,0.259,0.022,4.042,0.021,0.832,0.041,0.144,0.107,3.293,0.02,1.632,0.876,5.25,3.537,3.977,1.89,4.686,0.0,10.469,6.345,0.025,0.318,0.144,3.097,0.463,0.183,2.323,4.797,0.019,8.255,0.614,1.953,1.95,2.571,5.359,7.314,8.176,0.04,0.221,0.043,6.526,0.022,0.124,1.601,0.045,0.0,0.381,0.029,1.715,2.067,3.461,1.234,0.067,0.0,0.038,6.271,0.654,7.371,0.174,8.677,0.0,0.164,2.369,0.364,0.193,1.021,1.763,2.171,0.274,6.971,1.57,0.509,0.304,0.896,0.206,0.874,0.022,0.083,0.0,0.245,6.408,8.545,0.234,9.277,0.066,0.0,0.064,0.0,1.714,0.418,0.022,2.867,6.751,8.818,6.171,0.0,0.093,5.817,2.427,0.258,0.822,0.194,0.952,0.998,1.663,0.0,0.0,0.071,0.427,0.045,0.166,6.554,0.36,0.06,0.37,5.276,1.235,2.952,0.083,7.151,0.0,0.048,5.154,0.0,0.0,0.0,0.268,7.805,3.303,0.281,0.022,7.56,0.0,0.0,6.903,1.675,9.798,0.0,0.183,4.261,0.036,6.105,1.964,0.0,1.539,0.192,0.314,0.02,0.087,0.044,0.0,0.0,0.551,1.257,0.082,3.709,1.49,0.62,0.979,0.041,8.862,6.746,0.0,0.022,0.441,0.043,0.611,0.137,0.68,0.35,0.021,0.0,7.625,8.675,1.821,5.566,0.377,1.045,3.67,0.233,0.0,0.0,0.019,6.728,0.021,4.948,4.8,2.584,1.841,0.0,2.056,0.095,0.04,0.0,6.336,0.189,1.359,1.425,1.026,5.249,0.017,2.348,6.156,0.997,1.149,3.722,10.505,4.968,0.023,0.067,3.6,1.108,0.931,1.043,0.063,0.0,5.829,2.625,2.219,1.751,8.593,4.151,3.508,6.135,4.186,1.06,4.12,0.078,0.992,1.994,3.412,0.227,3.688,0.163,9.276,6.675,8.715,6.381,8.793,1.532,0.393,10.202,0.702,0.36,7.513,6.672,2.169,3.456,3.452,11.689,6.501,1.165,2.3,11.009,10.314,9.524,1.778,5.808,3.628,0.046,2.696,1.011,0.028,3.564,1.186,4.447,0.891,7.434,4.693,0.0,4.553,0.075,0.045,1.687,7.011,2.961,8.161,10.722,3.938,1.892,0.0,1.455,10.969,4.207,4.182,0.261,0.0,0.109,2.428,2.268,0.104,0.577,0.32,0.493,0.018,0.5,0.019,0.0,3.171,0.864,0.499,7.515,3.16,8.579,0.0,0.082,0.063,0.022,0.198,0.091,3.847,3.387,2.912,0.423,0.042,1.914,2.005,2.378,4.464,1.312,4.259,3.727,0.042,7.696,0.273,0.0,12.262,1.543,1.9,0.527,5.208,2.18,5.11,0.955,1.974,0.043,4.507,1.099,6.436,3.491,1.886,1.342,0.264,0.201,6.646,3.473,0.326,2.108,1.737,1.34,0.473,1.375,3.384,6.733
039 OB Meis2 Thsd7b Gaba,2.309,0.198,0.12,0.103,2.218,0.0,0.0,0.104,6.064,2.677,0.0,0.58,0.098,1.373,0.0,0.0,0.0,0.0,0.211,1.49,0.0,0.375,3.043,2.942,0.312,1.942,6.767,0.936,0.127,1.723,1.391,0.094,0.0,0.096,0.973,1.08,0.687,0.237,5.05,3.075,0.103,0.103,1.011,0.965,5.124,0.097,0.0,1.482,0.0,0.0,0.0,0.0,0.098,0.0,0.115,0.0,3.294,2.552,1.849,0.68,0.407,0.0,3.435,0.0,0.099,2.156,2.822,1.514,0.0,0.423,0.984,0.933,2.176,0.898,1.114,0.098,0.238,0.123,0.103,0.213,0.099,0.321,0.22,6.759,1.073,0.327,1.613,0.26,0.212,0.0,0.0,0.776,0.0,0.603,0.431,0.0,2.084,0.246,5.462,3.891,0.0,3.112,0.313,0.606,0.0,0.0,0.93,0.0,0.105,0.654,0.0,0.0,2.897,0.571,0.253,0.0,0.0,2.339,0.333,0.346,0.873,0.547,0.0,0.098,0.244,0.485,2.47,0.0,0.096,0.0,0.0,1.047,0.221,0.098,2.796,10.634,2.016,5.847,7.111,0.734,0.0,8.595,7.875,0.117,1.479,0.0,3.326,0.102,0.225,1.548,0.0,0.0,0.0,0.0,0.0,0.0,0.103,0.0,0.098,0.098,0.0,1.227,0.0,0.0,0.097,0.551,9.592,8.257,3.662,5.708,4.344,8.965,1.88,10.851,4.108,1.023,5.915,0.1,0.968,0.0,0.0,1.148,3.8,2.054,0.0,0.094,0.88,1.872,0.0,3.858,0.177,0.229,0.791,1.233,0.378,0.0,0.756,5.122,0.633,0.0,1.004,1.904,0.517,1.715,0.0,4.755,0.0,0.864,1.841,1.592,0.328,5.185,0.0,0.094,0.4,0.0,0.098,2.742,0.086,0.237,0.0,0.0,1.205,0.0,0.206,7.088,2.202,0.104,0.446,3.535,1.471,0.0,0.123,3.628,0.0,12.028,0.0,2.894,0.131,2.324,0.0,0.328,0.405,4.521,0.33,2.255,1.651,0.114,0.262,9.626,0.085,0.127,0.311,1.401,0.0,0.0,0.567,0.199,0.208,0.103,0.208,0.325,0.259,0.094,0.957,0.676,0.111,5.22,0.0,0.197,0.188,1.812,0.208,0.227,0.538,0.0,0.094,0.0,0.117,1.196,3.578,1.082,0.281,0.0,0.0,0.0,0.963,0.182,0.197,0.0,0.751,0.096,0.0,4.207,0.12,0.103,0.099,1.111,1.129,0.204,0.766,0.114,0.127,0.463,7.514,1.915,0.121,0.0,0.117,0.0,0.115,0.0,0.0,0.127,1.033,0.34,0.0,1.037,0.0,2.314,0.356,0.085,2.502,0.369,5.293,3.405,0.0,0.0,2.05,0.316,2.525,3.446,0.213,0.0,0.201,0.118,0.0,0.119,0.106,0.0,0.127,1.24,5.317,0.225,0.263,0.772,0.196,0.0,6.769,1.395,0.0,0.0,0.0,2.172,0.0,0.0,0.085,0.094,1.167,0.213,3.894,0.0,2.092,0.0,0.0,0.339,0.608,9.846,0.0,0.0,6.324,0.103,3.506,0.849,0.0,0.189,0.1,0.0,0.709,2.34,0.0,0.0,0.0,0.594,0.0,0.0,0.79,0.739,0.223,0.818,0.0,9.562,0.0,0.096,6.588,0.232,0.0,0.127,1.449,0.6,0.362,0.0,0.0,0.831,10.411,0.797,2.103,0.672,0.113,2.023,0.117,0.114,0.0,0.0,0.0,0.0,0.222,7.765,0.0,8.103,0.0,0.2,0.0,0.119,0.106,2.428,3.593,2.582,0.335,0.566,1.802,0.0,0.323,0.459,1.032,1.487,1.415,0.752,1.084,0.127,0.0,0.63,1.137,0.197,1.107,1.742,0.0,3.394,2.471,0.551,0.46,4.538,0.0,1.083,4.199,2.592,1.431,2.126,0.103,0.991,0.109,1.075,0.0,1.13,0.0,8.445,7.356,1.944,8.468,2.225,0.0,5.031,9.501,0.789,0.559,1.796,5.153,0.731,0.0,0.313,9.58,2.153,0.63,1.72,11.581,12.681,2.227,0.531,3.58,2.976,0.0,1.85,0.906,0.099,2.21,1.627,0.587,0.513,1.865,0.123,0.0,7.93,0.109,0.178,0.239,5.201,1.494,5.523,11.24,1.371,0.651,0.0,7.485,8.854,1.374,0.229,0.108,0.119,0.0,0.0,0.114,0.755,0.117,0.103,0.129,0.0,0.0,0.0,0.0,0.205,2.327,2.046,2.076,5.151,6.324,0.531,2.658,0.376,0.108,0.983,0.234,1.943,0.927,0.648,0.579,0.0,3.066,5.121,0.189,1.108,2.485,2.049,1.605,0.0,0.748,8.165,0.608,10.546,0.0,6.761,0.391,2.32,0.801,3.306,0.0,0.625,0.0,2.075,0.292,1.319,0.774,1.07,0.736,0.769,0.115,5.033,2.194,0.912,1.158,0.699,0.849,0.602,1.454,0.787,4.741
041 OB-in Frmd7 Gaba,4.057,0.0,0.275,0.123,1.914,0.0,0.0,0.0,1.092,3.34,0.101,4.911,0.0,1.305,0.0,0.0,0.0,0.0,1.89,1.294,0.139,0.376,0.0,0.13,0.113,1.334,3.555,0.276,0.105,0.106,0.135,0.14,0.0,0.0,0.236,0.4,5.296,0.0,5.426,2.602,0.245,0.0,0.141,0.0,0.372,0.0,0.0,0.409,1.7,0.106,0.0,0.0,0.0,0.0,0.0,0.0,3.543,4.286,3.333,1.157,0.231,0.0,2.531,0.0,0.145,1.52,3.105,4.985,0.116,0.0,2.153,0.506,0.261,3.592,0.265,0.0,0.106,0.126,0.0,0.147,0.968,0.875,0.0,6.672,6.715,5.332,0.955,0.0,2.064,0.0,0.288,0.11,0.0,0.11,0.0,0.0,0.851,0.472,5.29,3.966,0.126,1.009,0.861,0.507,0.0,0.0,0.806,0.0,2.295,0.724,0.0,0.0,4.469,2.104,1.066,0.0,0.0,1.502,2.03,5.506,1.496,0.132,0.0,0.0,0.0,0.406,1.984,0.0,0.11,0.0,0.247,1.613,0.788,1.172,3.547,0.0,1.959,5.232,1.536,0.487,0.0,8.66,7.182,0.131,0.133,0.0,0.254,0.0,0.0,1.623,0.0,0.0,0.0,0.0,0.0,0.0,0.101,0.0,0.0,0.0,0.381,0.25,0.0,0.0,0.0,0.0,8.852,9.014,5.223,7.791,7.136,10.038,4.149,8.182,4.929,0.526,2.067,0.0,0.551,0.0,0.0,1.386,4.483,0.0,0.0,0.377,3.075,1.326,0.133,2.192,0.0,0.0,6.446,0.507,0.0,0.0,0.0,1.048,0.0,0.0,0.0,0.274,1.245,1.349,0.0,4.717,0.0,2.345,2.869,0.275,0.101,1.052,0.0,0.0,0.135,0.0,0.0,0.515,0.0,0.113,0.0,0.0,0.0,0.0,0.142,6.112,5.594,0.0,2.583,4.769,0.917,0.0,0.0,0.766,0.0,11.841,0.0,0.382,0.268,10.018,0.0,0.765,0.0,2.706,2.956,0.238,6.226,0.228,0.326,2.584,2.544,0.12,0.653,0.0,0.0,0.794,0.777,0.221,0.24,0.0,0.248,1.897,1.31,0.757,1.614,1.261,1.498,5.512,0.0,0.654,0.0,0.211,0.0,0.0,0.104,0.0,0.0,0.343,0.0,0.139,2.86,0.676,0.0,0.0,0.133,0.0,0.0,1.381,0.517,0.11,1.753,0.0,0.101,4.733,0.131,0.343,3.641,0.616,1.186,0.131,0.113,0.375,0.0,0.145,2.191,0.927,3.367,0.0,0.0,0.135,0.135,0.0,0.0,0.0,3.33,0.254,0.117,0.144,0.0,0.0,1.153,0.0,2.719,0.39,6.535,1.539,0.131,0.13,1.346,0.941,0.687,3.023,0.141,0.425,1.353,0.133,0.0,0.148,0.0,0.101,0.206,0.0,2.603,1.071,0.217,1.483,1.061,0.235,4.203,0.0,0.11,0.0,0.0,1.008,0.0,0.0,0.104,0.0,1.639,0.259,2.897,0.0,1.178,0.0,0.0,0.636,1.094,10.867,0.0,0.0,0.914,0.0,1.82,0.493,0.0,0.501,0.0,0.0,5.369,3.769,0.123,0.0,0.0,0.337,0.0,0.0,0.0,0.828,0.101,1.179,0.0,10.958,3.528,0.0,7.603,0.131,0.0,3.211,0.0,0.0,0.0,0.0,1.887,1.011,0.81,1.373,1.35,0.13,0.0,3.666,0.772,0.104,0.0,0.273,2.232,0.0,2.094,0.135,0.126,0.135,0.0,0.265,0.0,0.132,1.742,2.712,0.335,0.388,0.104,1.076,0.0,0.0,0.239,0.137,0.622,0.244,1.843,0.343,0.483,2.916,0.107,0.532,0.444,0.101,0.0,0.391,0.0,2.911,0.753,1.263,1.656,7.67,0.0,0.671,2.265,2.658,0.993,1.876,0.101,1.183,0.131,1.275,0.693,1.429,0.0,7.482,5.822,5.1,10.324,0.126,2.701,0.675,3.877,0.128,1.214,2.362,4.713,1.444,0.0,0.837,8.754,1.329,0.358,0.893,10.557,13.3,5.983,0.835,1.68,0.257,0.0,1.59,0.765,0.0,4.526,0.536,1.211,0.903,2.622,0.261,0.0,3.218,0.0,0.0,1.193,6.222,1.322,4.718,10.245,1.782,1.423,0.0,2.069,6.019,0.272,1.626,1.347,0.0,0.0,0.0,1.248,1.586,1.198,0.0,0.133,0.525,0.0,0.0,0.0,0.92,4.356,7.145,0.12,2.059,5.714,0.0,2.613,0.138,0.0,0.135,0.0,0.132,7.307,1.506,0.139,0.0,0.966,1.392,0.0,0.975,3.52,0.493,0.503,0.142,0.246,5.703,0.12,3.256,0.107,2.883,0.675,2.15,0.25,3.584,0.247,0.88,0.0,1.512,0.353,2.258,0.937,0.618,0.229,2.424,0.0,6.061,0.609,0.387,0.717,0.715,0.485,0.135,0.841,0.512,2.092
042 OB-out Frmd7 Gaba,0.769,0.392,0.125,0.116,1.079,0.0,0.0,0.0,3.631,3.333,0.818,1.33,0.268,2.473,0.0,0.279,0.0,0.0,0.0,1.563,0.0,0.144,0.117,0.364,0.262,1.995,0.852,0.132,0.0,0.481,1.382,0.355,0.0,0.0,2.187,0.366,10.738,0.0,3.643,0.874,0.358,0.0,0.124,0.0,0.117,0.0,0.0,1.516,0.119,0.112,1.767,0.117,0.0,0.0,0.0,0.0,0.257,4.205,5.747,5.399,0.262,0.0,4.167,0.0,0.0,0.605,0.504,7.501,0.0,0.0,0.112,2.458,0.112,0.35,0.229,0.0,0.102,0.417,0.0,0.125,0.752,0.0,0.102,1.468,0.912,5.441,1.503,0.16,0.0,0.248,0.0,1.922,0.0,0.46,0.135,0.0,0.396,1.265,4.01,5.652,0.0,2.915,0.454,0.122,0.0,0.0,0.723,0.0,0.645,0.238,0.108,0.0,1.997,1.242,0.398,0.0,0.0,2.343,0.385,8.06,2.03,0.0,0.0,0.108,0.0,0.121,1.416,0.143,0.0,0.0,0.0,1.067,0.379,1.544,5.924,0.117,2.674,5.791,3.194,0.598,0.0,7.897,5.043,0.486,0.102,0.0,0.63,0.0,0.11,0.241,0.0,0.0,0.0,0.117,0.129,0.0,0.129,0.0,0.225,0.0,2.839,0.348,0.0,0.0,0.108,0.0,11.012,8.633,0.226,4.562,3.26,9.308,6.118,3.492,0.116,0.493,2.409,0.231,1.079,0.0,0.245,2.774,2.791,0.233,0.126,0.356,2.02,1.384,0.0,1.669,0.243,0.252,9.373,0.717,0.545,0.0,0.0,0.875,0.0,0.0,1.234,1.982,0.0,6.832,0.0,6.108,0.139,1.375,0.114,8.682,0.381,2.931,0.0,0.118,0.117,0.119,0.699,0.25,0.0,0.0,0.0,0.0,0.0,0.0,0.275,6.456,3.914,0.0,2.169,3.789,2.222,0.0,0.0,0.0,0.0,11.028,0.0,1.172,0.119,0.394,0.252,1.561,0.0,7.12,0.122,0.246,2.876,0.51,0.737,9.43,3.017,0.0,0.489,0.0,0.0,0.358,0.479,0.0,0.0,0.0,0.0,1.03,0.354,0.487,1.097,0.348,0.139,8.655,0.0,0.0,0.338,0.365,0.0,0.102,0.258,0.0,3.294,0.0,0.912,0.373,1.183,0.515,0.121,0.0,0.0,0.0,0.627,1.46,1.221,0.0,0.523,0.0,0.102,2.25,0.628,0.232,0.607,0.738,0.619,0.0,0.743,0.14,0.0,0.95,2.166,1.899,0.257,0.121,0.0,0.129,0.0,0.356,0.0,0.0,4.621,0.747,0.0,0.0,0.25,0.352,0.0,0.0,0.615,0.615,2.75,1.422,0.251,0.268,1.269,0.921,0.984,0.125,0.134,0.927,3.772,2.424,0.0,0.25,0.0,0.0,0.488,3.922,3.349,1.581,0.139,0.0,0.128,0.124,0.54,0.11,0.373,0.0,0.0,1.868,0.0,0.116,0.0,0.0,1.729,0.0,2.741,0.244,1.464,0.136,0.0,0.897,1.617,9.402,0.0,0.0,1.375,0.0,1.827,0.571,0.0,10.006,0.11,0.0,4.127,4.53,0.116,0.0,0.0,1.09,0.0,0.108,0.119,1.042,0.0,0.254,0.579,9.411,1.352,0.112,0.943,0.102,0.136,0.0,0.0,0.0,0.0,0.0,0.0,0.599,0.256,0.415,0.79,0.519,0.0,0.754,0.751,0.258,0.0,0.537,0.0,0.0,0.218,0.11,0.0,0.372,0.0,0.519,0.0,0.683,0.0,1.112,0.108,0.255,0.488,0.48,0.255,0.0,0.472,7.118,0.756,1.136,1.682,1.163,1.255,8.072,1.942,1.134,0.754,0.0,0.112,0.0,0.0,4.167,1.902,0.983,0.634,3.314,3.887,0.891,4.203,2.431,0.484,1.972,0.0,1.133,0.238,1.63,0.0,2.095,0.125,8.153,4.083,1.262,10.349,0.636,2.589,3.105,2.562,0.379,0.772,1.246,3.74,1.205,0.0,1.624,10.625,0.974,1.452,2.185,11.91,11.515,4.638,0.117,1.675,0.377,0.0,2.841,0.226,0.0,2.462,0.477,1.516,0.719,6.056,0.774,0.0,3.474,0.241,0.758,0.242,4.353,0.609,3.567,5.905,1.502,0.239,0.0,3.013,8.365,0.726,0.669,1.187,0.0,0.86,0.0,0.374,0.891,0.128,0.118,0.247,0.0,0.137,0.0,0.0,0.606,1.126,2.277,0.107,2.847,6.176,0.124,0.266,0.0,0.0,0.128,0.896,0.466,0.726,0.0,8.82,0.128,0.0,0.531,2.826,0.353,1.567,0.0,9.603,0.0,0.374,2.668,0.352,4.137,0.0,9.757,0.601,2.979,0.329,3.902,0.24,1.114,0.244,1.308,0.136,2.391,0.267,0.356,0.631,0.385,0.0,4.921,1.173,0.371,0.474,0.588,0.571,0.365,0.608,0.108,4.421
044 OB Dopa-Gaba,0.544,0.082,0.0,0.0,1.501,0.0,0.0,0.0,0.1,4.191,0.0,1.266,1.124,1.417,0.0,3.21,0.183,0.09,0.254,2.247,0.0,0.87,0.178,0.556,1.059,1.285,0.389,0.099,0.0,0.241,0.831,0.0,0.0,0.085,4.635,1.667,0.0,0.0,3.015,3.067,0.362,0.0,0.0,0.0,0.366,0.0,0.0,1.879,1.739,0.0,1.5,0.148,0.0,0.0,0.171,0.0,1.331,0.579,1.437,1.323,0.183,0.0,4.448,0.108,0.183,0.281,7.444,4.095,0.0,0.387,4.219,1.661,5.549,1.41,1.933,0.09,0.175,1.593,0.0,0.114,0.185,0.116,0.09,4.409,0.333,6.248,1.763,0.0,1.99,0.0,0.0,1.762,0.185,0.28,0.0,0.0,2.799,0.301,5.202,4.262,0.071,4.583,0.675,0.066,0.0,0.106,0.496,0.0,0.62,0.739,0.0,0.082,2.481,0.857,0.367,0.0,0.099,2.217,0.59,5.85,0.621,0.078,0.0,0.0,0.0,1.17,3.76,3.751,0.0,0.0,0.581,0.813,0.28,1.32,4.218,0.206,2.347,4.226,3.709,0.538,0.066,9.193,10.409,1.183,0.317,0.0,1.489,0.0,0.199,0.187,0.0,0.085,0.0,0.0,0.0,0.071,0.759,0.187,0.0,0.0,1.866,0.163,0.187,0.0,0.192,0.0,10.76,8.721,4.248,5.531,1.464,7.745,7.228,8.467,0.3,0.873,3.921,0.352,0.585,0.096,0.103,1.461,3.89,0.098,0.0,0.617,2.003,0.757,0.087,2.372,0.467,0.0,2.829,0.198,0.82,0.0,0.759,1.725,0.0,0.0,0.078,0.0,0.403,0.523,0.0,1.407,0.0,1.087,0.189,0.0,0.28,3.764,0.082,0.185,0.573,0.0,0.0,0.829,0.0,0.101,0.105,0.0,0.0,0.0,0.0,5.286,0.903,0.0,1.775,4.135,1.054,0.0,0.28,0.066,0.0,11.236,0.0,0.695,0.0,5.131,0.0,0.562,0.593,3.594,0.194,1.659,0.998,0.206,0.306,0.379,0.181,0.0,0.375,0.993,0.111,0.2,0.398,0.2,0.0,0.0,0.0,1.263,2.715,0.542,0.797,0.282,0.48,3.256,0.432,0.174,0.0,0.549,0.174,0.0,0.298,0.0,0.088,0.108,0.0,0.318,0.73,1.283,0.109,0.0,0.108,0.0,0.092,3.762,2.099,0.08,0.368,0.247,0.071,4.35,0.2,0.199,1.352,1.278,0.45,0.0,0.786,0.567,0.363,1.778,2.629,0.085,1.107,0.0,0.0,0.0,0.106,0.265,0.0,0.0,2.339,0.0,0.0,0.288,0.0,0.954,0.105,0.174,2.018,0.106,3.036,5.599,0.179,0.0,1.62,0.48,1.37,0.103,0.635,0.0,1.153,0.837,0.084,0.0,0.0,0.0,0.94,0.066,0.659,0.466,0.967,6.429,0.951,0.0,1.426,0.29,0.31,0.0,0.0,2.002,0.0,0.0,0.0,0.0,1.205,0.071,4.853,0.0,0.556,1.769,0.0,1.52,1.305,10.247,0.0,0.583,6.388,0.0,0.268,0.963,0.0,3.995,0.107,0.112,3.809,1.329,0.093,0.0,0.0,1.064,0.09,0.0,0.231,1.287,0.738,0.391,4.904,9.669,0.59,0.0,1.881,0.336,0.0,0.093,0.101,0.371,0.579,0.082,4.873,1.284,1.236,1.028,3.197,0.557,0.084,1.469,0.438,0.107,0.0,5.007,0.0,0.0,0.271,0.187,0.155,3.88,0.0,3.448,0.0,0.408,0.731,1.918,0.589,0.381,0.668,0.513,0.225,0.0,0.2,1.226,0.672,1.93,1.843,0.744,1.652,0.0,0.0,1.109,1.072,0.0,0.418,0.326,0.0,4.236,1.074,1.145,1.132,3.862,0.381,1.495,3.156,2.662,0.351,2.316,0.0,1.205,3.166,0.756,0.0,0.461,0.279,8.367,4.642,0.918,9.327,0.297,0.768,0.84,8.028,0.804,0.467,3.571,4.743,0.718,0.0,1.105,11.089,1.099,0.578,2.027,10.651,11.932,2.036,0.586,2.328,0.186,0.08,1.666,0.392,0.0,3.335,0.276,1.172,0.739,1.514,1.066,0.201,7.661,0.0,0.184,0.0,5.143,1.151,6.432,10.209,1.77,0.851,0.0,6.226,3.986,1.127,2.575,0.466,0.0,0.0,0.0,0.0,0.0,0.382,0.2,0.0,0.083,1.4,0.084,0.0,0.924,2.828,3.435,0.448,2.446,6.239,0.0,2.169,0.452,0.0,0.281,0.103,3.301,2.456,1.535,8.348,0.185,0.513,1.767,0.08,1.441,1.925,1.045,0.455,5.862,0.598,2.984,0.257,5.997,0.0,0.374,0.449,2.687,2.984,3.847,0.101,1.181,0.0,1.737,0.071,2.6,0.416,0.542,0.277,1.609,0.09,4.275,1.146,0.516,0.535,0.562,0.75,0.082,1.091,2.069,2.386
046 Vip Gaba,1.435,0.09,0.23,0.103,3.156,0.01,0.006,0.101,0.219,4.304,0.016,4.31,6.131,2.119,0.003,2.958,0.107,0.05,0.397,3.302,0.065,0.47,2.499,2.829,1.01,2.096,1.516,0.202,0.097,0.542,6.529,0.327,0.012,0.033,0.766,0.427,5.519,0.109,7.763,3.951,1.875,0.001,0.079,0.026,5.535,1.53,0.002,4.474,0.138,0.134,1.039,0.015,0.047,0.01,0.035,0.02,5.626,5.207,4.788,2.125,0.909,0.796,4.672,0.041,0.483,2.536,0.289,8.655,0.02,0.941,1.344,9.593,6.821,2.875,2.805,0.68,0.281,1.428,0.0,0.179,0.199,1.123,0.786,3.52,1.275,0.826,2.189,4.854,0.473,0.009,0.003,1.839,0.037,0.312,0.18,0.004,1.354,2.019,4.94,6.489,0.059,6.773,0.648,0.534,0.543,0.055,0.547,0.333,0.32,2.24,0.053,0.015,3.644,1.038,0.352,0.018,0.023,3.175,2.644,0.99,3.575,0.139,0.004,0.093,0.981,0.415,2.802,0.504,0.278,0.003,0.022,2.821,0.66,2.437,6.023,0.31,3.631,7.815,6.854,0.895,0.006,9.368,9.218,0.233,5.885,0.144,4.909,0.006,0.932,0.411,0.003,0.037,0.037,0.107,0.068,0.266,0.826,0.212,0.642,0.026,2.992,0.236,0.657,0.019,0.761,0.177,8.981,9.62,1.7,7.323,6.001,10.488,5.831,9.183,6.342,0.476,2.009,0.954,0.909,0.03,2.531,2.917,5.004,2.349,0.338,1.52,2.34,3.347,0.269,3.425,0.241,0.096,0.871,0.367,5.151,0.114,1.849,1.594,8.746,0.0,2.456,4.251,0.464,1.024,0.007,1.661,0.002,1.893,0.825,7.951,3.384,1.298,0.004,0.252,0.332,0.022,0.36,0.272,0.011,0.051,0.133,0.016,0.347,0.004,6.133,4.38,2.144,0.083,0.36,5.726,1.34,0.027,0.391,0.053,0.02,0.683,0.003,0.885,0.201,4.278,0.096,0.696,0.221,5.985,2.5,6.045,2.128,0.261,0.294,8.201,1.835,0.029,0.614,0.045,0.04,1.594,1.033,5.175,3.089,3.026,5.515,3.115,0.416,0.873,1.953,0.465,2.43,9.006,0.017,0.174,0.198,3.085,0.693,0.068,2.019,0.021,0.173,0.033,0.128,0.503,1.783,1.669,0.083,0.011,0.528,0.022,5.534,3.094,1.158,0.903,2.244,0.261,0.086,3.949,3.248,0.099,4.864,1.366,0.992,0.107,4.114,3.754,0.339,2.599,0.766,2.681,0.404,0.032,3.135,0.046,0.195,0.393,7.473,0.051,4.384,0.063,3.086,1.132,0.152,3.49,0.375,0.066,3.704,0.532,7.188,8.003,1.43,0.08,1.426,0.87,4.99,0.172,1.119,0.037,0.772,1.322,0.879,1.759,0.66,0.167,0.403,1.134,3.556,0.274,0.085,2.714,4.814,5.107,5.811,0.069,7.798,0.013,0.003,2.782,0.006,0.044,0.011,0.056,1.934,0.598,6.105,0.014,6.623,0.002,0.025,0.305,1.138,9.606,0.196,1.145,9.336,0.029,3.513,0.664,0.007,3.629,0.15,1.152,1.68,0.732,0.11,0.001,0.0,0.788,1.117,0.024,0.501,1.874,0.248,1.923,0.308,10.511,3.167,0.09,1.773,0.14,4.05,0.047,0.064,0.348,0.325,0.04,0.01,6.614,4.059,0.923,1.085,0.808,0.473,1.134,0.622,0.216,0.014,0.006,0.06,0.005,4.849,0.727,0.87,0.122,0.002,1.952,0.085,10.118,0.047,4.047,3.612,0.196,0.746,0.894,2.219,0.007,0.785,9.301,1.169,2.186,2.401,2.148,1.825,0.021,0.004,1.602,1.066,0.091,0.526,2.701,0.01,5.135,1.92,1.617,1.03,6.464,1.101,4.599,5.308,3.193,0.859,3.308,0.044,0.528,0.065,3.171,0.027,2.331,0.518,8.593,6.77,3.472,8.729,4.281,0.382,1.021,9.902,0.69,1.206,0.412,4.798,1.269,0.026,2.72,9.771,1.91,0.64,2.611,12.006,12.877,7.527,0.555,4.94,3.585,0.172,1.304,1.335,0.332,5.223,5.545,2.398,1.332,6.302,0.577,3.062,8.493,0.172,0.437,0.134,6.555,1.241,8.138,11.049,2.157,5.32,0.009,3.532,5.94,2.099,3.142,0.787,0.296,1.315,0.005,0.432,5.516,0.598,0.331,0.154,0.155,0.319,0.03,0.027,0.396,2.116,2.632,3.44,2.717,8.116,0.489,0.68,0.775,1.241,1.643,1.652,2.803,3.296,2.804,2.995,0.021,0.964,2.253,3.584,2.389,0.447,0.506,0.33,0.997,0.74,6.074,1.201,3.803,0.505,4.859,0.48,2.328,0.703,3.768,0.154,1.588,0.262,2.643,0.27,3.253,2.252,1.652,0.509,1.65,0.072,5.451,2.933,0.302,1.553,1.31,1.65,0.527,1.857,2.309,3.671
047 Sncg Gaba,0.809,0.64,0.021,0.166,4.004,0.003,0.015,0.285,1.264,5.682,0.024,4.054,4.904,2.57,0.006,0.831,0.109,0.01,0.513,4.55,0.095,0.506,4.192,4.971,0.632,2.555,1.263,0.181,0.742,0.725,6.673,0.077,0.0,0.064,1.296,2.969,0.27,0.175,6.478,4.957,0.247,0.0,0.429,0.043,4.489,0.222,0.01,11.207,0.264,0.054,2.137,0.019,0.112,0.014,0.032,0.014,4.702,0.668,3.57,3.618,3.973,0.039,5.373,0.014,0.372,3.046,0.669,8.086,0.014,1.153,3.862,12.116,5.71,6.33,5.515,0.125,0.239,7.387,0.0,0.167,0.222,0.381,0.657,1.403,3.628,0.899,2.51,1.455,0.094,0.014,0.062,1.359,0.045,0.474,0.047,0.011,1.967,2.837,6.403,5.01,0.093,9.155,3.022,1.098,0.819,0.482,1.255,0.782,0.476,2.76,0.042,0.012,2.342,1.0,0.487,0.02,0.053,3.511,0.689,1.104,2.693,0.267,0.007,0.153,0.239,0.67,1.24,0.167,0.61,0.0,0.075,3.323,0.867,2.775,6.495,0.423,4.33,8.278,7.062,1.167,0.029,9.744,9.638,0.6,6.808,0.004,6.455,0.018,0.303,0.495,0.0,0.037,0.034,0.068,0.085,2.041,2.39,0.081,2.186,0.016,2.895,0.588,1.017,0.05,0.424,0.072,8.947,8.593,1.171,7.502,5.166,10.104,4.593,7.776,1.907,0.546,1.285,2.621,1.379,0.02,1.939,3.382,5.686,0.559,0.922,2.468,1.23,4.66,0.311,4.691,0.301,0.068,1.058,1.288,7.381,0.211,1.785,7.504,8.249,0.003,0.562,1.375,0.201,1.218,0.0,4.303,0.0,1.674,0.744,3.374,7.89,1.575,0.082,0.994,0.342,0.013,0.417,0.415,0.03,0.069,0.069,0.0,0.812,0.007,7.762,6.799,3.726,0.088,0.451,6.954,1.391,0.037,0.898,0.102,0.026,0.741,0.003,1.055,0.284,4.792,0.124,2.019,0.493,9.474,5.546,5.159,4.258,0.256,0.4,8.604,0.826,0.098,0.815,1.011,0.062,0.898,3.355,5.828,3.803,1.988,7.57,3.482,0.912,1.268,3.629,0.558,2.414,8.756,0.018,0.389,0.087,1.98,1.67,0.153,2.383,0.031,0.079,0.048,0.206,0.872,1.032,2.134,0.08,0.014,0.049,0.017,3.711,2.474,0.83,4.155,3.562,0.032,0.123,2.796,3.832,0.163,0.161,2.021,1.005,0.16,6.843,1.965,0.12,4.423,2.172,1.907,0.549,0.013,4.866,0.068,0.965,0.84,5.919,0.262,0.564,0.121,0.036,0.395,0.68,2.408,0.344,0.25,7.433,0.498,8.223,8.334,0.278,0.058,1.523,1.255,5.964,0.255,1.25,1.485,0.483,0.462,0.016,0.817,2.388,0.174,0.52,0.661,6.059,0.211,0.04,2.859,0.602,0.379,1.448,1.299,2.044,0.01,0.003,3.292,0.003,0.304,0.007,0.047,2.51,1.078,7.506,0.024,8.692,0.004,0.034,0.223,1.924,9.915,4.821,0.135,9.133,0.024,3.366,1.103,0.01,1.825,0.159,2.105,4.891,0.565,0.131,0.0,0.008,1.012,1.37,0.006,0.58,2.805,2.804,3.0,1.64,9.692,1.945,0.084,4.748,0.15,4.739,0.071,0.122,0.416,0.541,0.019,0.013,6.335,1.979,0.787,1.526,1.404,0.112,2.052,0.691,0.386,0.015,0.009,0.685,0.008,5.595,1.598,1.398,0.178,0.003,2.823,0.159,4.438,0.05,4.173,3.977,0.563,0.74,1.203,1.558,0.015,1.676,8.888,2.06,2.299,2.767,1.475,1.954,0.019,0.003,1.47,1.334,0.086,1.395,2.55,0.007,5.608,2.075,1.395,0.583,6.735,0.472,2.74,5.652,4.057,1.199,5.845,0.031,0.667,0.229,4.108,0.014,2.396,0.928,8.834,7.417,3.363,8.03,0.761,0.125,0.91,5.67,1.003,0.844,0.527,4.904,1.715,0.012,3.89,9.406,2.812,0.795,2.895,11.244,13.71,8.267,0.546,4.935,3.372,0.127,0.936,2.431,0.052,4.731,4.408,2.269,1.615,7.285,0.406,0.053,9.127,0.087,1.453,0.225,7.632,1.868,8.652,12.12,2.777,4.996,0.012,3.047,5.158,3.409,1.459,0.652,0.181,1.155,0.019,1.578,4.254,1.056,0.693,0.13,0.233,0.12,0.063,0.261,1.023,0.703,5.406,1.288,1.867,8.005,1.654,0.594,1.331,0.097,0.255,4.103,1.526,8.932,1.61,2.639,0.027,0.708,2.752,1.348,5.17,0.571,1.899,0.586,1.135,4.259,1.395,1.598,8.698,0.269,7.184,0.657,3.903,0.577,4.118,0.258,2.603,0.454,3.169,0.41,3.972,3.309,2.336,0.918,0.679,0.075,6.113,4.354,0.584,2.031,1.54,2.076,0.722,2.551,3.605,3.149
048 RHP-COA Ndnf Gaba,2.233,0.024,0.0,0.145,4.748,0.0,0.025,0.165,1.665,5.259,0.0,3.271,2.749,4.195,0.0,1.033,0.08,0.0,0.186,5.615,0.022,3.059,2.284,5.139,2.661,4.202,6.316,0.116,0.187,1.077,7.839,0.261,0.172,0.134,4.348,2.054,0.905,0.268,8.113,6.025,1.054,0.0,0.176,0.095,0.283,0.676,0.0,1.246,0.308,0.0,0.175,0.0,0.104,0.023,0.131,0.0,1.696,4.612,3.205,0.272,4.097,0.0,6.022,0.098,1.565,3.958,0.837,6.435,0.0,2.298,5.042,9.425,5.951,4.294,4.244,3.284,0.357,8.275,0.0,0.157,0.117,0.411,0.178,7.055,3.558,2.042,2.293,0.115,0.517,0.0,0.0,3.645,0.0,0.951,0.0,0.0,0.945,0.236,6.882,6.136,0.26,8.987,1.387,1.349,0.213,0.0,1.746,0.577,0.266,3.825,0.109,0.038,1.376,0.309,0.318,0.05,0.0,5.357,4.125,1.109,2.886,0.09,0.032,0.025,0.924,0.151,2.758,0.027,0.496,0.0,0.023,1.912,0.064,0.76,7.382,0.539,6.106,8.825,6.803,1.791,0.0,9.628,11.112,0.321,1.606,0.071,7.193,0.101,0.999,0.47,0.0,0.159,0.0,0.23,0.13,0.386,1.506,0.66,2.151,0.12,3.226,1.339,1.038,0.478,1.389,3.244,9.642,10.182,1.931,7.988,8.98,10.337,8.148,10.362,4.351,1.638,4.738,4.089,1.807,0.061,0.172,4.575,6.053,0.931,1.396,2.005,0.772,6.045,0.576,5.617,0.8,0.341,0.898,4.185,3.445,0.148,3.624,2.144,7.098,0.028,1.625,6.25,0.675,0.785,0.0,4.785,0.0,1.827,0.607,6.5,5.405,4.592,0.025,0.37,0.204,0.031,0.494,1.159,0.024,0.276,0.169,0.0,0.462,0.0,6.686,3.73,4.861,0.099,0.475,7.045,2.243,0.169,0.376,0.193,0.032,1.056,0.0,5.249,0.234,6.469,7.436,1.836,1.027,7.147,4.578,4.698,3.68,0.0,0.0,7.725,1.049,0.047,0.576,0.402,0.381,0.401,0.764,2.14,2.181,5.067,8.079,1.958,0.054,1.668,1.769,0.258,7.919,9.083,0.156,3.083,0.054,0.826,0.814,0.026,4.54,0.079,0.173,0.329,0.152,2.792,1.605,1.897,0.248,0.08,1.319,0.0,6.488,1.787,0.373,0.252,1.939,0.054,0.267,1.681,2.1,0.078,4.938,1.875,1.499,0.162,6.331,2.427,0.423,1.547,1.258,2.89,0.138,0.059,3.246,0.024,0.361,0.179,0.34,0.05,1.513,0.021,0.106,1.963,0.068,5.08,0.028,0.187,7.598,0.197,7.922,9.514,0.307,0.126,6.699,2.338,6.586,0.725,2.98,0.145,0.211,0.22,0.024,0.029,0.272,0.41,0.0,1.52,3.635,1.152,0.111,5.494,3.211,1.027,8.021,0.21,4.756,0.0,0.027,4.293,0.026,0.063,0.051,0.221,0.149,0.532,8.134,0.0,7.41,0.0,0.0,0.421,2.593,9.982,0.861,0.557,6.702,0.069,4.16,1.452,0.022,0.691,1.662,0.233,1.082,1.728,0.235,0.026,0.0,2.205,2.121,0.0,0.299,3.272,0.759,3.221,0.545,5.603,1.573,0.171,1.419,0.509,0.056,0.13,0.44,0.685,0.111,0.075,0.0,8.412,8.188,1.74,2.446,1.0,0.247,2.459,0.259,0.0,0.089,0.025,0.049,0.065,3.946,1.406,0.324,0.774,0.026,3.586,0.024,0.107,0.154,5.592,0.519,0.628,1.59,1.645,5.791,0.024,1.114,8.406,2.59,3.659,3.382,0.99,1.705,0.026,0.0,3.498,2.768,0.063,0.497,3.447,0.028,6.462,2.361,1.416,1.152,6.929,1.849,2.761,6.317,5.137,1.817,5.332,0.103,1.177,0.026,4.19,0.0,3.494,2.46,8.639,8.249,7.187,10.114,7.201,0.088,1.649,4.913,0.936,0.408,1.26,6.241,2.126,0.0,4.332,9.788,3.758,0.692,4.588,11.18,12.922,8.351,1.383,7.054,1.559,0.076,1.422,4.16,2.5,4.464,6.04,3.974,1.52,7.666,0.328,0.263,10.17,0.065,0.687,0.166,7.766,2.08,9.05,11.981,3.338,6.014,0.024,2.988,5.362,5.757,1.847,0.213,1.69,0.076,0.028,1.165,3.73,0.305,0.723,2.034,0.082,0.343,0.072,0.022,1.483,5.805,3.472,2.847,1.178,7.473,2.164,0.667,2.425,0.022,0.952,2.826,1.247,5.272,3.078,0.839,0.176,0.162,0.881,0.491,6.658,0.81,3.343,0.297,0.317,1.261,3.092,1.618,2.836,3.054,1.956,1.006,4.487,2.39,5.057,0.433,3.333,0.074,4.458,0.644,4.373,4.231,2.53,1.55,0.336,0.154,6.977,4.77,0.501,4.122,1.784,2.291,0.969,3.067,5.378,3.317
049 Lamp5 Gaba,1.733,0.514,0.025,0.186,3.488,0.017,0.011,0.107,3.241,4.472,0.018,8.004,4.18,2.681,0.004,0.596,0.013,0.017,0.352,3.608,0.085,3.744,4.906,6.901,0.634,2.74,8.11,0.388,0.245,0.958,5.141,0.023,0.003,0.031,0.539,0.4,0.272,0.042,7.266,5.506,4.091,0.002,0.055,0.031,0.778,0.065,0.004,5.418,0.275,0.079,1.558,0.009,0.052,0.014,0.085,0.011,4.477,6.171,1.874,0.193,2.435,0.002,4.901,0.039,1.114,4.124,0.161,5.637,0.019,1.129,2.545,7.441,3.751,2.014,1.229,0.28,0.222,5.603,0.013,0.153,0.207,2.645,6.996,3.529,3.703,4.483,2.834,0.183,0.138,0.007,0.015,4.1,0.055,0.505,0.028,0.004,2.258,2.56,6.643,3.738,0.111,9.758,1.573,0.53,0.975,0.253,1.477,0.803,0.117,2.323,0.049,0.002,1.97,0.809,0.312,0.01,0.028,3.759,3.983,0.482,3.057,0.304,0.002,0.127,0.414,0.717,2.359,0.038,0.044,0.002,0.021,1.654,0.261,1.411,6.245,0.285,4.581,8.312,9.662,1.258,0.006,10.882,11.405,0.186,2.805,0.006,6.804,0.025,0.346,0.315,0.0,0.032,0.093,0.096,0.105,0.587,1.924,0.07,1.92,0.019,2.168,0.69,0.435,0.161,0.174,0.125,8.412,9.101,0.534,7.581,10.183,10.08,0.784,10.428,1.319,3.364,0.407,7.703,1.408,0.007,5.296,4.109,4.994,0.91,1.892,2.667,1.338,4.961,0.477,4.095,0.262,0.759,4.099,4.912,1.412,0.028,0.456,8.179,7.704,0.002,0.236,0.943,0.214,0.613,0.006,1.186,0.005,1.59,0.219,7.444,1.08,0.247,0.02,2.712,0.249,0.033,0.205,7.989,0.032,0.107,0.089,0.012,0.314,0.014,7.459,5.941,3.352,0.127,0.213,7.16,1.266,0.011,0.801,0.081,0.026,0.712,0.007,8.541,0.194,3.268,5.525,5.703,2.018,7.801,4.221,1.613,4.448,0.257,0.293,10.121,4.797,0.077,0.408,0.055,0.22,0.215,8.121,1.311,0.691,1.526,5.402,3.171,0.283,1.946,3.265,0.527,2.358,9.799,0.034,0.418,0.087,4.172,0.371,0.044,2.598,0.025,0.649,0.052,0.023,0.894,4.093,1.315,0.1,0.009,0.603,0.017,8.656,0.637,0.557,6.173,3.428,0.032,0.099,1.084,4.092,0.067,0.473,2.068,1.437,0.196,8.58,1.044,0.271,6.056,0.225,7.547,0.039,0.011,6.738,0.044,0.644,0.127,6.319,0.129,1.664,0.091,0.052,0.432,0.097,3.893,0.12,0.025,8.552,0.405,8.795,8.025,0.316,0.11,3.266,0.68,5.858,0.209,2.323,1.274,0.248,0.336,0.02,0.146,2.168,0.198,0.398,0.053,2.292,0.244,0.034,4.332,8.397,0.27,6.56,1.173,1.229,0.016,0.013,3.137,0.003,0.247,0.009,0.057,2.102,0.409,7.55,0.041,1.829,0.003,0.017,0.237,1.689,10.543,0.07,0.116,6.771,0.047,2.35,0.978,0.009,8.007,0.174,0.051,1.784,3.045,0.052,0.002,0.002,0.928,1.887,0.014,0.445,1.943,0.837,0.439,0.244,1.621,0.909,0.091,0.162,0.133,0.483,0.074,0.101,0.518,0.374,0.025,0.004,1.912,3.693,0.787,1.901,2.411,0.685,0.349,4.46,0.284,0.007,0.059,0.231,0.017,0.785,0.509,0.646,0.166,0.005,4.432,0.032,0.404,0.044,4.439,0.838,0.381,0.938,1.051,2.934,0.008,0.907,10.02,1.97,2.118,3.133,0.9,2.135,0.015,0.005,1.631,1.547,0.293,0.506,2.014,0.018,6.273,3.028,1.696,0.47,6.892,0.17,0.628,5.635,4.036,1.087,4.789,0.051,2.536,0.017,3.612,0.021,2.63,0.091,7.921,8.378,7.924,9.619,4.191,0.135,0.86,4.553,0.716,1.151,0.554,4.663,1.565,0.032,4.612,10.363,4.236,1.571,3.844,10.554,11.125,4.508,0.957,6.36,2.324,0.021,1.544,2.062,0.414,4.643,5.301,2.388,0.746,7.246,0.897,0.01,10.679,0.069,0.275,0.19,7.438,1.809,9.063,12.018,2.697,4.177,0.008,3.597,5.589,6.706,0.797,1.015,6.032,0.024,0.002,0.469,0.234,0.549,0.755,0.648,0.163,0.102,0.022,0.008,1.439,5.286,7.539,0.246,2.973,2.906,0.304,0.353,1.582,0.014,0.285,1.329,0.388,5.341,2.41,0.509,0.08,0.107,2.664,0.047,7.651,0.53,1.084,0.431,0.191,0.935,0.971,1.641,2.107,0.28,3.387,0.981,4.306,1.245,4.309,0.368,2.766,0.324,3.56,0.499,3.342,3.427,1.857,1.389,1.296,0.141,5.743,4.221,0.642,2.269,1.722,1.978,0.573,2.136,2.374,3.104
050 Lamp5 Lhx6 Gaba,0.947,0.025,1.542,0.074,3.494,0.021,0.048,0.053,3.995,4.068,0.0,7.045,0.157,2.832,0.0,0.455,0.0,0.02,0.354,3.807,0.023,2.55,1.604,7.31,0.948,2.561,7.709,0.198,0.022,0.563,3.565,0.134,0.0,0.042,2.12,1.171,0.16,0.042,7.075,5.766,2.03,0.0,0.257,0.019,1.51,0.069,0.0,6.415,0.051,0.0,1.16,0.0,0.026,0.025,0.07,0.0,1.874,5.283,0.878,0.537,3.527,0.0,5.1,0.0,0.53,3.552,0.423,5.773,0.034,1.776,0.609,2.441,1.007,8.311,0.923,0.185,0.221,5.133,0.0,0.177,0.136,4.239,3.539,1.218,3.615,6.709,2.347,0.0,0.135,0.057,0.0,6.116,0.025,0.617,0.0,0.025,1.39,0.921,6.221,3.957,0.146,9.549,1.585,0.381,0.377,0.154,1.805,0.666,0.067,2.895,0.022,0.0,1.997,0.703,0.243,0.02,0.049,3.781,0.584,1.388,1.41,3.404,0.045,0.105,3.097,0.413,4.992,0.0,0.105,0.0,0.031,1.688,0.437,2.188,5.879,0.513,4.116,8.396,9.487,1.122,0.0,11.078,11.22,0.434,5.866,0.0,5.984,0.038,0.0,0.114,0.0,0.05,0.089,0.025,0.097,0.676,0.823,0.0,2.207,0.043,1.668,0.473,0.546,0.064,0.871,0.079,10.957,8.245,0.371,7.212,10.631,9.897,3.809,10.239,0.795,1.79,2.405,9.772,1.303,0.047,7.64,3.497,5.186,0.09,1.181,0.833,0.475,5.121,0.38,4.247,0.0,0.113,2.157,4.284,1.322,0.0,0.69,9.879,6.708,0.021,4.055,1.068,0.125,0.427,0.0,5.708,0.0,1.462,0.063,8.654,3.56,1.171,0.397,0.156,0.205,0.0,0.194,8.179,0.0,7.333,0.156,0.0,1.269,0.148,8.99,1.806,4.41,0.025,0.292,6.847,2.001,0.023,0.914,0.133,0.045,0.791,0.0,7.491,0.154,4.885,0.072,5.22,0.277,1.551,6.948,2.043,6.067,0.093,0.2,10.226,8.625,0.042,0.738,0.127,0.116,0.149,5.61,0.307,0.153,2.029,1.375,2.399,0.683,1.61,0.786,0.23,4.217,10.19,0.039,0.061,0.076,2.744,0.274,0.025,1.882,0.022,0.151,0.183,0.044,1.153,5.245,1.369,0.099,0.0,0.643,0.0,1.04,0.421,0.14,7.497,2.454,0.016,0.152,0.659,1.39,0.051,0.228,2.206,0.874,0.107,7.678,4.348,0.135,2.39,0.954,5.914,0.051,0.0,7.437,0.0,0.379,0.181,2.424,0.018,0.851,0.051,0.287,0.172,0.197,5.235,0.245,0.072,7.862,0.368,7.761,9.117,0.35,0.086,2.612,0.412,5.414,0.553,2.187,0.493,0.164,0.545,0.025,0.066,0.122,0.207,0.404,0.064,0.44,0.143,0.0,0.47,6.857,0.49,1.543,0.739,3.907,0.0,0.0,3.73,0.0,0.403,0.0,0.068,1.74,0.323,7.097,0.047,7.261,0.0,0.0,0.506,1.655,10.53,0.195,1.496,5.475,0.043,2.932,1.206,0.0,6.006,1.883,0.07,0.0,4.934,0.117,0.0,0.0,0.913,0.848,0.0,0.749,1.949,1.17,0.623,0.081,0.565,0.681,0.071,0.158,0.54,0.023,3.6,0.085,1.558,0.397,0.044,0.0,4.15,2.21,1.611,2.548,7.075,0.021,1.795,6.979,0.233,0.019,0.024,0.052,0.0,1.012,0.477,0.024,0.279,0.0,2.765,0.24,0.364,0.319,4.001,0.508,0.471,1.114,1.145,2.759,0.021,0.777,10.325,1.637,3.006,2.949,1.259,1.582,0.0,0.0,1.101,1.48,0.05,0.025,2.652,0.062,6.128,3.145,1.827,0.447,6.427,0.112,1.906,5.532,4.265,1.567,4.643,0.068,1.439,0.022,4.308,0.0,3.624,0.518,8.117,8.717,6.313,9.569,4.431,0.161,0.802,1.594,0.971,1.28,0.713,5.108,1.608,0.066,4.978,10.85,4.414,1.418,3.771,10.29,10.315,6.938,1.053,5.953,3.906,0.021,1.334,2.725,0.02,5.918,3.948,2.056,0.87,4.581,0.277,0.0,11.332,0.042,0.598,0.126,6.988,1.66,8.836,12.313,3.496,2.879,0.0,1.77,6.61,7.657,0.583,0.203,4.304,0.0,0.0,0.428,0.173,0.798,0.101,0.125,0.631,0.298,0.073,0.0,3.131,7.755,5.574,0.112,2.619,5.102,0.438,0.6,0.446,0.0,0.177,1.091,0.341,5.892,3.015,0.416,0.024,0.045,0.873,0.071,6.905,0.646,0.507,0.453,0.073,0.624,1.326,0.441,0.672,0.273,10.15,0.934,4.189,0.987,4.592,0.314,3.053,0.022,3.134,0.442,5.053,2.419,1.67,1.403,2.531,0.191,5.458,3.924,0.575,2.108,1.733,1.908,0.903,2.344,2.949,2.237
051 Pvalb chandelier Gaba,0.333,0.028,0.364,0.021,4.033,0.069,0.022,0.024,0.209,5.423,0.044,2.633,0.563,2.531,0.0,1.355,0.0,0.021,0.41,3.613,0.074,0.259,0.06,4.808,0.273,2.609,7.134,0.158,0.021,0.876,3.1,6.742,0.0,0.028,4.389,2.083,0.184,0.053,6.833,4.264,0.619,0.0,1.217,0.029,0.831,0.022,0.0,7.928,0.095,0.186,0.02,0.0,0.022,0.039,0.018,0.018,0.821,1.722,3.455,2.962,2.416,0.0,5.748,0.0,0.273,3.89,1.253,7.111,0.019,0.169,2.974,0.615,4.385,6.121,10.523,0.043,0.38,5.578,0.0,0.121,0.076,3.239,0.103,1.004,1.962,2.845,2.455,0.205,0.044,0.0,0.0,3.086,0.687,0.404,0.0,0.0,0.298,0.309,5.914,2.184,0.321,9.257,0.733,0.287,0.855,0.0,2.278,0.086,0.472,2.638,0.0,0.0,4.97,0.911,1.144,0.0,0.0,3.826,1.004,0.855,2.149,0.139,0.0,0.101,0.104,0.498,3.177,0.02,0.04,0.017,0.0,4.054,1.029,2.867,5.643,0.278,4.549,8.223,8.085,0.704,0.0,9.967,8.705,1.611,0.956,0.02,2.734,0.0,3.457,0.292,0.0,0.044,0.0,0.105,1.793,0.029,0.46,0.019,3.646,0.024,2.755,2.741,0.849,0.021,1.22,0.027,10.721,9.041,1.077,6.747,1.628,10.177,2.374,10.086,0.535,0.169,5.17,1.513,0.926,0.026,0.817,3.506,5.793,0.338,0.15,3.121,3.62,3.836,0.502,4.554,1.528,0.066,7.832,2.018,0.221,0.055,4.333,3.964,0.6,0.0,8.178,0.297,0.151,1.277,0.0,9.751,0.0,2.625,0.256,9.55,1.503,4.641,0.02,0.97,0.347,0.054,0.142,0.271,0.0,6.657,0.164,0.0,0.933,0.0,8.751,0.304,3.875,0.138,1.83,7.304,1.17,0.0,0.047,0.379,0.042,0.727,0.0,6.191,0.321,6.796,0.025,0.435,0.799,0.731,0.414,0.9,6.472,0.241,0.311,8.927,0.73,0.041,0.512,0.07,0.0,0.116,1.4,0.139,0.185,0.05,0.24,2.242,0.175,0.794,2.045,0.422,0.347,9.596,0.044,0.0,0.083,3.68,0.242,0.086,1.739,0.042,0.124,4.641,0.0,0.457,5.755,2.021,0.343,0.051,0.156,0.0,5.392,0.867,0.171,6.568,1.325,0.02,0.095,1.651,0.231,0.0,0.182,2.705,1.154,0.233,3.102,0.511,1.79,4.118,9.671,0.311,0.0,0.045,0.399,0.0,1.257,0.065,0.16,0.0,0.467,0.143,7.532,0.226,5.075,4.267,0.094,1.329,1.414,0.294,6.358,9.197,0.134,0.162,1.761,0.504,4.12,0.365,0.105,0.044,0.142,0.272,0.0,0.046,0.0,0.295,0.339,0.111,0.182,0.159,0.024,0.091,1.621,0.131,0.333,0.089,0.433,0.0,0.0,4.058,0.0,0.202,0.0,0.07,1.81,0.228,7.438,0.022,7.469,0.0,0.0,1.483,1.589,10.281,0.019,1.175,0.718,0.02,2.457,0.885,0.0,8.177,6.948,0.08,0.057,5.103,0.077,0.0,0.0,1.161,3.694,0.038,1.443,3.442,0.287,0.103,0.0,0.504,5.119,0.041,0.077,0.288,0.098,4.163,0.151,0.117,0.425,0.021,0.024,11.14,0.978,1.907,2.422,7.093,0.095,2.57,4.573,0.176,0.0,0.022,0.019,0.0,6.314,0.296,0.028,0.107,0.02,0.932,0.0,0.235,2.738,3.758,1.676,1.19,0.782,1.067,0.943,0.028,0.751,9.884,1.203,2.892,2.882,0.331,0.7,0.032,0.0,0.683,1.881,0.094,0.025,3.309,0.0,6.048,3.657,4.555,0.746,5.936,0.081,2.128,5.894,3.896,1.476,5.362,0.047,2.212,0.0,3.288,0.0,2.401,0.067,8.094,8.56,8.379,10.367,3.014,0.026,1.994,4.927,0.883,1.293,1.996,6.215,1.107,0.277,3.588,9.843,4.053,2.698,4.434,9.571,12.321,8.589,0.933,5.795,5.541,0.0,1.114,3.907,0.028,8.327,3.261,1.952,0.934,3.313,0.23,0.0,10.874,0.091,0.365,0.153,7.306,1.543,9.125,12.159,2.684,1.984,0.0,3.758,3.674,6.198,0.802,0.078,0.166,0.467,0.0,1.291,5.655,2.655,0.17,0.109,0.334,0.252,0.021,0.0,4.467,2.846,2.698,0.241,1.135,4.283,1.496,0.76,1.495,0.0,2.424,0.177,0.452,2.44,3.812,1.332,0.051,0.018,0.5,0.027,5.916,0.561,2.176,0.285,0.053,0.348,0.313,1.413,0.606,0.019,11.658,0.194,3.727,2.755,4.063,0.48,2.692,1.096,2.783,0.415,4.916,2.792,2.764,0.932,2.405,0.088,5.618,2.782,0.824,2.619,1.62,1.761,0.679,2.432,2.984,1.366
052 Pvalb Gaba,0.814,0.043,0.097,0.082,4.162,0.022,0.012,0.064,0.256,5.37,0.023,6.672,1.034,2.763,0.002,0.123,0.264,0.063,0.408,4.216,0.086,0.887,0.417,5.344,0.797,3.125,5.834,0.305,0.144,0.559,8.445,0.024,0.0,0.241,7.363,4.107,0.094,0.033,5.509,6.653,0.101,0.002,3.906,0.015,0.386,0.133,0.0,5.655,2.013,0.132,0.121,0.074,0.054,0.021,0.059,0.022,7.211,2.161,1.958,0.592,4.139,0.002,5.464,0.013,0.672,2.895,2.92,6.175,0.033,0.447,3.222,4.574,4.444,8.338,3.639,0.044,0.148,4.816,0.002,0.098,0.514,4.8,0.089,0.795,2.955,1.0,2.162,0.184,0.067,0.02,0.004,5.382,0.146,0.614,0.002,0.037,1.447,0.697,6.12,3.092,1.857,7.907,2.293,0.269,1.41,0.14,2.072,0.125,0.217,3.434,0.058,0.005,1.898,0.877,0.389,0.029,0.045,3.681,0.882,2.651,4.276,3.885,0.0,0.113,0.275,1.19,3.992,0.203,0.189,0.002,0.035,1.821,0.475,1.858,5.881,0.511,4.271,7.845,8.779,1.145,0.02,9.639,9.738,0.567,0.501,0.0,5.611,0.02,0.773,2.104,0.008,0.033,0.046,0.184,0.972,0.436,0.909,0.006,1.46,0.038,5.141,0.891,1.318,0.037,1.702,0.093,10.606,9.105,3.507,7.457,4.337,10.203,2.263,10.483,1.502,1.642,4.677,1.226,1.318,0.064,0.17,3.623,5.814,0.638,0.155,2.944,0.665,4.57,0.452,4.934,0.196,0.556,3.42,3.932,1.854,0.034,4.274,1.401,1.538,0.004,4.461,0.345,0.239,1.504,0.013,1.983,0.0,1.497,0.714,9.152,0.811,5.433,0.005,1.212,0.163,0.062,0.519,0.28,0.021,5.786,0.304,0.022,4.782,0.058,6.727,3.366,1.176,0.067,1.056,7.149,2.932,0.259,0.189,0.075,0.031,0.59,0.022,7.41,0.304,5.513,0.037,5.9,0.213,3.079,0.667,4.204,5.648,0.329,0.378,1.656,1.985,0.165,0.349,1.77,0.48,0.412,2.76,0.113,0.157,0.028,0.093,1.449,2.057,0.625,4.497,0.572,0.868,9.496,0.025,0.038,0.081,1.462,0.604,0.034,2.32,0.008,0.341,4.547,0.022,1.453,1.726,2.35,0.136,0.007,0.491,0.2,4.468,0.478,0.29,0.14,0.964,0.039,0.101,1.96,4.707,0.095,0.706,2.348,1.109,0.189,3.958,0.871,2.052,2.549,6.201,0.556,0.096,0.019,1.498,0.093,0.178,0.705,0.05,0.008,3.749,0.082,0.838,0.332,6.112,7.488,0.135,0.456,6.961,0.385,5.447,9.299,6.53,0.069,5.408,1.216,3.682,0.328,1.009,0.114,0.6,0.368,0.048,2.585,0.311,0.273,0.613,0.009,0.472,2.399,0.707,2.313,3.809,0.619,2.371,0.056,0.444,0.021,0.001,3.589,0.011,0.381,0.014,0.046,2.438,0.789,7.766,0.036,4.977,0.002,0.036,8.055,1.729,10.042,0.011,0.119,1.74,0.041,2.717,1.087,0.023,8.019,8.12,0.072,0.021,3.201,0.1,0.001,0.183,2.839,0.323,0.015,2.018,2.843,0.359,2.862,0.038,2.526,3.296,2.219,0.362,5.746,0.05,0.53,0.127,0.835,0.492,0.033,0.778,4.161,1.094,1.193,3.325,6.243,0.211,0.531,0.701,0.338,0.05,0.004,0.092,0.009,6.589,0.658,0.086,0.125,0.005,2.036,0.054,0.507,0.006,4.362,0.639,0.752,0.947,1.497,1.478,0.006,0.646,8.307,1.434,3.199,2.741,2.677,1.134,0.018,0.0,0.753,2.216,0.104,0.019,2.644,0.004,5.685,2.758,1.076,0.695,6.346,0.242,3.564,5.615,3.999,1.113,4.024,0.075,1.091,0.005,3.785,0.047,2.565,0.108,7.898,7.139,7.804,9.672,2.084,0.135,3.91,6.859,1.317,0.945,1.697,6.213,1.624,0.145,5.343,7.691,3.171,1.146,4.29,9.794,11.777,9.115,0.427,6.644,1.504,0.02,1.12,3.764,0.3,6.327,6.082,2.362,0.656,2.409,3.36,0.006,10.138,0.085,1.258,0.176,7.706,1.657,9.112,11.431,3.153,5.045,0.007,2.43,2.683,4.394,4.261,2.15,0.894,0.031,0.014,3.195,0.59,0.069,1.26,0.073,0.544,1.818,0.013,0.004,2.866,3.554,4.558,0.219,0.32,3.347,1.377,0.053,2.797,1.285,3.174,0.262,0.525,6.311,3.397,0.867,0.211,0.083,4.901,0.047,6.298,0.61,2.084,1.894,0.128,0.803,3.766,2.322,0.479,0.677,8.116,0.456,3.507,3.322,4.026,0.462,3.63,0.853,3.495,0.543,4.799,3.062,3.134,1.226,2.432,0.091,6.481,3.269,0.614,2.868,1.747,1.842,0.822,2.358,3.621,2.009
053 Sst Gaba,2.248,0.022,0.268,0.046,4.385,0.009,0.014,0.154,0.394,5.747,0.01,3.619,0.964,2.732,0.007,0.171,0.229,0.027,0.725,3.668,0.068,3.993,2.231,4.328,2.961,3.255,5.254,0.638,0.09,0.848,5.537,0.01,0.008,0.595,6.179,7.28,1.192,0.017,6.533,6.129,0.213,0.001,1.918,0.041,0.4,0.891,0.002,2.335,0.931,0.104,0.177,0.134,0.558,0.028,0.262,0.004,6.559,0.632,6.403,0.477,6.042,0.003,5.103,0.05,0.667,2.761,1.999,8.783,0.016,1.217,2.695,7.131,5.845,5.576,3.008,0.046,0.506,6.543,0.001,0.123,0.471,3.884,0.071,3.441,2.887,2.119,2.738,1.392,0.156,0.014,0.01,4.941,0.068,0.471,0.004,0.042,1.451,1.505,6.51,4.757,0.677,6.97,0.91,0.824,0.55,0.64,1.297,0.114,0.297,2.602,0.041,0.003,3.521,1.301,0.43,0.034,0.043,3.736,1.495,0.929,3.342,3.408,0.001,0.135,0.112,0.856,3.176,1.94,0.403,0.002,0.023,2.023,0.535,1.485,6.077,0.238,4.509,8.434,8.356,0.978,0.073,8.45,10.003,0.764,4.841,0.034,7.45,0.014,0.112,2.656,0.002,0.063,0.032,0.209,0.102,0.171,3.551,0.236,0.617,0.047,3.108,1.054,0.903,0.021,0.979,0.151,10.359,9.323,7.172,7.981,6.605,10.265,8.525,10.007,3.759,0.712,0.894,0.197,1.05,0.025,0.757,3.68,5.931,0.429,0.659,3.059,0.549,3.57,0.477,4.918,1.338,0.44,2.243,1.92,1.003,0.046,3.01,0.679,3.834,0.003,2.659,2.46,0.374,1.428,0.003,1.029,0.003,1.548,1.716,8.478,2.878,7.251,0.01,0.525,0.404,0.447,0.536,0.279,0.035,6.193,0.285,0.01,7.93,0.012,5.152,3.569,0.637,0.06,1.695,6.881,2.833,0.163,0.273,0.065,0.029,0.636,0.018,8.085,0.291,5.628,0.429,2.32,0.262,1.808,1.238,4.456,7.764,0.322,0.387,0.943,1.902,0.237,0.443,0.67,0.487,0.737,5.741,0.596,0.215,0.03,3.265,2.302,0.653,0.433,3.745,0.633,1.18,9.15,0.1,0.06,0.074,2.619,0.428,0.245,2.766,0.06,0.352,2.977,0.41,2.176,4.746,1.238,0.151,0.004,1.875,0.659,2.695,1.412,1.113,0.107,1.159,0.024,2.212,4.662,1.764,0.136,0.721,1.819,1.03,0.231,4.473,0.771,0.828,1.974,3.895,3.351,0.099,0.026,1.207,0.172,0.175,0.337,0.123,0.027,2.331,0.069,0.078,2.948,0.598,8.753,0.151,0.109,7.384,0.867,6.873,8.062,7.153,0.105,4.874,4.25,5.865,0.659,2.858,0.07,0.418,0.407,0.078,1.376,0.622,1.517,0.553,0.232,1.457,4.633,0.838,3.627,1.221,0.312,4.913,0.086,6.373,0.008,0.013,3.181,0.009,0.571,0.008,0.06,2.532,0.464,7.552,0.042,4.324,0.002,0.031,2.086,1.567,10.269,0.024,0.051,3.177,0.073,2.28,0.953,0.002,2.319,7.686,0.301,0.027,0.761,0.105,0.006,0.178,10.904,0.538,0.01,0.774,2.331,0.264,2.517,0.827,9.593,2.037,0.077,0.634,0.369,0.314,0.286,0.132,0.712,0.501,0.048,0.302,5.329,3.944,1.752,3.283,4.088,0.093,2.786,4.022,0.97,0.02,0.007,0.036,0.007,2.348,0.897,0.25,4.524,0.005,5.124,0.013,0.546,0.007,5.313,0.721,0.554,0.906,1.164,1.121,0.003,0.789,3.842,2.015,2.4,2.749,1.863,1.286,0.015,0.002,1.235,1.768,0.103,0.498,2.077,0.002,6.189,2.245,1.255,0.722,6.871,0.324,5.134,5.642,3.825,0.925,4.159,0.071,0.536,0.021,3.481,0.155,2.59,1.077,7.921,7.277,8.387,9.071,9.695,0.184,3.891,9.673,1.064,0.599,1.682,6.348,1.502,0.056,3.045,6.953,1.804,0.619,3.143,10.558,12.561,5.496,0.538,7.24,2.12,0.078,1.062,2.284,0.209,5.521,4.532,2.808,0.703,3.364,4.438,0.012,9.182,0.107,0.353,0.153,7.927,1.754,9.292,11.713,2.495,6.616,0.006,3.256,2.934,2.54,1.938,0.693,0.216,0.01,0.004,1.857,6.999,0.774,3.231,0.344,0.587,3.769,0.035,0.698,0.935,2.364,5.03,0.323,1.102,7.758,4.221,0.06,3.735,0.018,1.891,0.23,1.407,8.822,3.106,3.484,0.249,0.042,3.469,1.732,5.813,1.827,1.074,5.577,0.868,0.927,9.331,0.22,3.403,1.391,1.764,0.779,2.645,1.59,4.002,0.431,2.733,0.244,3.788,0.503,3.535,3.858,2.894,0.983,1.086,0.112,6.756,4.122,0.534,2.383,1.945,1.924,0.624,2.167,3.802,3.521
054 STR Prox1 Lhx6 Gaba,1.444,0.158,0.528,0.108,4.909,0.053,0.006,0.359,0.545,5.477,0.028,4.506,1.261,3.566,0.111,2.035,0.099,0.075,0.089,4.896,0.016,2.05,0.414,6.664,2.747,3.902,4.383,0.08,0.084,0.57,5.628,0.389,0.007,0.1,5.75,7.735,3.727,0.067,8.972,6.679,2.633,0.0,0.213,0.021,0.513,1.276,0.013,0.334,0.256,0.118,0.982,0.022,0.169,0.03,0.093,0.02,8.535,6.949,8.895,0.653,0.346,0.0,6.528,0.269,0.985,2.8,5.554,2.957,0.007,3.401,0.917,5.849,6.045,8.493,4.665,0.208,0.434,8.189,0.007,0.95,0.216,1.723,1.989,1.383,3.012,1.594,2.208,0.447,0.245,0.066,0.0,3.754,0.023,0.836,0.0,0.008,3.566,0.5,6.223,2.812,0.716,8.773,1.653,0.535,0.347,0.837,1.112,0.614,0.245,3.524,0.132,0.009,2.04,0.371,0.218,0.058,0.008,5.168,2.603,4.501,4.959,0.042,0.014,0.009,1.582,0.936,5.105,0.144,0.209,0.007,0.037,1.403,0.209,1.097,6.411,0.268,5.407,8.336,8.021,1.629,0.026,10.311,9.932,0.402,7.536,0.036,5.284,0.073,0.144,4.064,0.007,0.11,0.054,0.199,0.03,0.152,0.511,0.284,1.349,0.084,3.663,1.551,0.7,0.085,2.006,0.237,11.108,9.519,5.983,7.894,7.404,9.933,6.042,11.132,3.219,5.302,2.963,3.472,1.353,0.021,0.881,3.291,6.064,2.151,0.759,2.123,2.563,5.013,0.645,5.176,0.038,0.038,3.594,4.928,8.762,0.119,1.406,3.883,4.511,0.0,8.153,3.23,0.024,2.066,0.013,3.448,0.0,1.575,0.402,6.96,5.232,5.772,0.022,3.641,0.128,0.047,0.6,1.377,0.034,6.76,0.121,0.016,3.751,0.03,7.373,1.632,3.057,0.093,1.519,7.577,3.3,1.495,0.455,0.182,0.021,0.766,0.044,6.427,0.2,4.813,0.241,3.752,7.197,6.539,3.389,3.216,6.356,0.064,0.007,9.073,3.436,0.089,0.307,0.079,0.021,0.031,1.056,0.273,1.255,0.459,2.242,1.378,0.116,0.645,2.016,0.114,4.521,9.98,0.099,0.424,0.158,6.932,0.364,0.036,3.154,0.066,2.009,0.119,0.363,2.736,3.291,0.553,0.266,0.041,0.839,0.031,5.716,0.502,1.542,0.512,2.098,0.044,0.186,2.231,0.339,0.065,0.622,2.14,1.797,0.298,7.111,3.04,0.217,3.996,2.177,3.981,0.238,0.065,1.518,0.022,0.147,0.052,6.672,0.028,1.286,0.046,2.612,1.452,0.712,4.314,0.038,0.099,6.016,0.256,7.32,9.329,0.777,0.121,5.612,1.191,6.138,0.706,1.657,1.177,0.11,0.323,0.043,0.062,0.019,0.517,0.157,0.267,3.943,1.077,0.03,0.094,5.754,4.132,4.373,0.208,5.7,0.009,0.01,4.908,0.008,0.007,0.014,0.21,0.176,0.631,7.833,0.073,7.343,0.009,0.02,0.888,2.514,9.571,0.825,2.08,5.455,0.095,3.906,1.251,0.014,7.801,9.432,0.107,0.033,6.275,0.123,0.016,0.0,1.606,0.899,0.043,1.341,2.665,0.611,1.68,0.2,4.385,2.294,0.152,0.363,2.798,0.089,1.459,0.275,1.496,0.096,0.104,0.015,9.177,3.018,3.367,2.447,4.601,0.827,2.524,6.235,0.023,0.015,0.038,0.156,0.025,2.726,6.157,0.178,0.408,0.014,4.375,0.034,0.057,0.06,6.001,1.817,0.443,1.516,1.88,6.594,0.007,0.942,7.444,1.61,3.13,3.307,4.99,2.072,0.034,0.0,2.454,2.877,0.136,0.126,0.643,0.017,6.562,2.417,1.623,1.52,7.146,2.998,1.417,6.194,4.859,1.412,4.596,0.139,0.971,0.072,3.33,0.021,2.981,0.695,8.552,7.409,8.145,11.312,3.659,0.526,2.223,8.745,1.446,0.99,2.827,6.523,1.856,0.031,4.82,8.558,1.323,0.777,4.631,9.707,12.558,7.116,1.09,7.095,4.494,0.557,1.461,1.733,0.127,6.84,5.215,3.658,1.522,3.479,0.257,0.11,10.447,0.007,1.927,0.039,7.419,1.965,8.659,11.79,2.916,6.133,0.014,3.83,4.496,5.716,1.969,0.254,0.857,0.008,0.015,2.267,3.029,0.117,0.755,0.117,0.081,1.089,0.142,0.0,0.571,6.206,6.037,0.643,0.993,5.63,1.57,0.309,2.146,0.01,3.038,1.189,1.748,5.729,4.892,2.178,0.061,0.352,3.644,0.938,5.144,0.293,0.432,0.385,0.857,0.339,6.18,2.306,2.341,0.204,0.728,0.87,4.789,1.807,5.319,0.536,2.888,0.568,4.355,0.824,4.595,2.751,2.982,1.465,2.796,0.152,7.093,3.757,0.384,3.723,1.729,1.962,0.966,2.907,4.697,4.969
055 STR Lhx8 Gaba,1.225,0.125,0.248,0.094,4.476,0.0,0.0,0.196,0.33,5.608,0.0,7.899,0.754,3.933,0.0,0.698,0.0,0.08,0.08,4.721,0.0,0.682,0.398,5.772,5.339,3.967,6.625,0.045,0.125,0.828,6.207,0.131,0.0,0.702,6.746,8.588,4.164,0.044,8.452,7.097,0.0,0.0,0.139,0.038,2.608,0.723,0.046,0.417,0.818,0.151,1.862,0.0,0.171,0.0,0.045,0.0,5.224,5.296,7.43,0.391,0.433,0.0,6.517,0.046,0.939,1.582,7.443,5.988,0.0,2.213,0.845,3.022,5.359,9.22,8.52,0.0,0.559,6.274,0.0,0.439,0.23,0.654,0.044,5.3,1.137,4.876,2.957,0.15,0.165,0.0,0.0,4.934,0.042,0.562,0.0,0.0,0.819,0.604,6.708,2.769,1.474,8.232,2.592,1.528,1.83,0.74,1.761,0.385,0.246,3.383,0.13,0.0,2.768,0.141,0.206,0.092,0.0,5.692,7.287,9.313,2.765,0.0,0.047,0.0,0.922,0.793,4.895,0.145,0.256,0.0,0.0,1.999,0.211,0.872,6.312,0.503,5.437,8.317,7.903,1.899,0.0,9.852,9.493,0.506,6.524,0.15,5.467,0.0,0.236,1.523,0.0,0.091,0.092,0.213,0.094,0.0,0.526,0.315,2.161,0.0,4.276,1.785,0.704,0.09,2.455,0.275,11.507,9.445,2.941,7.744,7.362,9.576,9.187,10.838,2.652,1.497,4.241,3.931,0.933,0.148,0.321,5.314,6.585,2.07,0.959,1.908,8.403,3.855,0.619,5.017,0.533,0.09,3.579,2.007,8.152,0.127,0.353,2.314,4.266,0.0,8.686,0.467,0.0,0.683,0.0,8.672,0.049,2.062,1.907,6.411,4.05,8.092,0.0,1.257,0.237,0.0,0.819,0.338,0.0,7.724,0.046,0.042,7.316,0.0,5.89,3.271,3.268,0.129,3.099,7.409,2.322,0.373,0.375,0.469,0.0,0.962,0.0,5.327,0.144,4.01,0.0,2.434,7.338,8.894,4.908,1.091,6.069,0.04,0.051,7.85,4.125,0.04,0.671,1.57,0.099,0.282,4.383,0.937,4.077,0.085,0.715,2.0,0.042,0.745,4.241,0.141,1.652,9.4,0.134,0.0,0.09,6.298,1.03,0.157,3.188,0.052,5.371,0.128,0.185,3.169,3.746,1.244,0.392,0.052,0.336,0.102,3.628,2.868,2.015,0.297,2.522,0.0,0.727,2.989,0.344,0.0,1.353,2.237,1.711,0.185,5.733,2.688,0.285,4.077,6.829,6.38,0.327,0.0,0.653,0.0,0.268,0.246,1.412,0.0,1.627,0.299,0.76,2.981,0.573,7.268,0.289,0.118,6.732,0.139,7.652,9.333,1.399,0.041,8.643,3.138,6.178,3.691,1.052,2.085,0.086,0.383,0.293,0.097,0.0,0.796,0.0,0.386,3.095,6.422,0.241,1.123,5.219,2.479,0.256,1.181,1.698,0.0,0.0,5.504,0.038,0.0,0.04,0.279,0.297,0.846,7.996,0.088,6.08,0.0,0.0,1.94,2.708,9.669,0.454,0.512,2.548,0.216,2.718,1.173,0.048,4.809,9.133,0.085,0.0,6.021,0.456,0.0,0.0,2.495,0.486,0.0,0.954,2.256,1.089,0.587,0.1,3.82,3.373,0.247,0.312,0.924,0.133,1.712,0.889,1.432,0.0,0.0,1.261,9.747,5.779,3.62,2.714,6.137,0.174,4.692,5.026,0.205,0.0,1.108,0.0,0.05,2.779,2.594,0.14,2.778,0.049,6.67,0.043,0.091,0.199,6.555,3.509,0.76,1.328,1.465,6.089,0.048,1.11,9.981,1.668,3.369,3.744,1.006,1.483,2.508,0.0,2.863,2.48,0.198,0.086,1.301,0.179,6.63,3.176,2.22,0.992,7.283,1.492,4.026,6.588,4.45,1.44,5.146,0.17,1.302,0.096,3.487,0.0,2.93,0.627,8.729,8.167,8.293,11.34,7.033,0.523,2.925,7.707,1.578,0.613,2.662,7.029,1.837,0.0,5.598,8.947,1.024,1.308,5.143,10.558,12.319,9.123,1.203,7.209,1.272,0.621,1.967,5.021,1.567,7.954,5.157,3.735,1.604,4.593,0.095,0.038,9.742,0.0,2.376,0.09,7.769,1.81,8.751,11.811,2.647,5.426,0.0,3.97,3.425,6.103,0.891,0.643,0.564,0.0,0.0,3.62,5.459,0.18,0.407,0.563,0.326,3.684,0.046,0.0,0.976,6.736,8.843,0.708,0.911,7.254,0.584,0.231,2.305,0.0,2.094,1.087,0.807,8.037,5.902,4.471,0.0,0.189,6.043,0.613,1.332,0.493,0.575,2.966,0.399,0.269,6.761,3.755,4.578,0.396,2.295,0.659,5.318,0.765,5.104,0.563,3.375,0.37,4.01,0.59,4.666,3.076,3.321,1.479,0.851,0.269,7.354,3.102,0.297,3.557,2.317,1.376,0.574,2.76,5.41,4.92
056 Sst Chodl Gaba,1.613,0.035,0.363,0.08,4.649,0.036,0.023,0.244,3.864,4.695,0.041,7.957,1.705,3.488,0.0,0.227,0.045,0.051,0.279,4.797,0.039,1.366,1.932,4.618,4.532,3.726,7.537,0.187,0.415,1.093,4.427,0.021,0.011,0.701,6.438,4.345,1.971,0.036,5.78,5.527,0.029,0.0,0.611,0.024,3.918,2.205,0.012,1.029,0.432,0.072,1.205,0.005,0.113,0.041,0.143,0.005,7.17,1.844,7.042,0.753,2.629,0.0,6.354,4.764,0.885,0.964,7.962,7.64,0.031,1.406,3.077,3.139,3.022,7.569,5.383,0.199,0.563,2.347,0.005,0.493,0.187,2.773,0.012,5.551,1.622,3.636,2.719,0.104,0.547,0.011,0.042,3.982,0.179,0.662,0.007,0.006,1.52,2.282,6.299,4.947,0.453,7.746,4.371,2.254,4.281,1.799,1.478,0.384,0.179,2.702,0.138,0.012,2.793,0.695,0.148,0.023,0.013,5.049,4.508,1.72,1.437,0.487,0.018,0.062,0.643,0.962,5.21,0.496,0.729,0.012,0.222,2.097,0.397,0.614,5.898,0.353,5.234,8.449,6.827,1.141,0.105,9.216,9.238,0.538,7.242,0.978,7.233,0.077,0.75,1.978,0.0,0.053,0.06,0.159,0.087,0.086,0.915,0.945,1.443,0.053,3.702,1.488,0.516,0.03,0.937,3.395,9.771,9.152,6.398,7.574,9.388,9.539,8.476,7.452,3.892,2.074,6.568,0.682,1.089,0.887,0.568,4.354,5.388,2.212,0.663,2.122,3.077,4.149,0.74,5.131,2.471,0.42,2.515,1.564,5.586,0.071,0.971,0.675,3.015,0.005,0.874,1.664,0.151,3.41,0.0,8.073,0.012,2.253,3.272,5.424,1.704,6.42,0.005,1.514,0.865,0.04,0.458,0.199,0.088,7.937,0.131,0.011,6.988,0.011,3.77,4.834,2.728,0.064,0.681,7.356,3.14,0.074,0.637,0.459,0.044,0.835,0.023,7.536,0.211,5.741,1.418,3.884,8.301,3.389,1.881,9.135,5.26,0.099,0.1,1.989,9.696,0.094,0.819,0.725,0.155,0.212,9.76,0.788,4.134,0.088,0.613,1.797,0.079,0.475,3.398,0.309,4.705,9.205,0.113,0.666,0.146,3.249,0.169,0.077,3.15,0.036,1.098,0.206,0.508,3.181,3.497,1.291,0.963,0.079,3.128,0.073,2.977,2.126,3.431,1.612,1.567,0.076,0.978,3.455,0.748,0.144,2.723,1.635,1.707,0.415,4.967,2.161,0.274,4.62,4.31,2.613,0.061,0.064,1.206,0.276,0.177,0.107,0.57,0.059,3.708,0.112,0.123,4.13,0.343,8.095,0.62,0.397,4.422,0.734,7.21,8.809,1.313,0.207,3.267,3.803,6.267,3.627,6.221,0.83,0.198,0.412,0.103,0.15,0.06,0.365,0.238,0.878,4.255,3.63,0.069,1.277,2.832,0.998,3.73,5.171,5.631,0.012,0.015,4.263,0.005,0.572,0.021,0.123,1.005,1.695,7.864,0.029,5.932,0.0,0.019,2.348,2.539,9.167,0.183,0.219,2.958,0.098,4.617,1.143,0.009,0.849,10.267,0.708,0.03,4.463,0.389,0.016,0.007,11.389,0.847,0.019,2.813,2.359,1.567,5.204,0.928,6.82,3.176,0.518,5.792,1.049,0.125,7.003,0.316,0.988,0.161,0.083,0.081,3.642,7.66,2.478,3.806,3.371,0.11,4.02,9.116,0.471,0.034,0.074,0.487,0.011,5.136,5.797,0.277,2.53,0.023,5.379,0.012,0.166,0.041,5.791,6.486,0.848,1.306,1.536,4.604,0.004,0.798,8.294,1.635,2.436,3.07,1.109,1.543,0.166,0.005,2.934,2.304,0.103,1.053,1.825,0.017,6.308,2.716,2.279,1.208,7.049,0.388,6.484,5.969,4.405,1.219,4.564,0.093,1.651,0.185,3.624,0.026,2.55,0.206,8.485,8.018,6.879,9.188,9.109,0.366,1.688,8.29,1.779,0.562,3.842,6.926,1.528,0.023,4.219,6.669,1.314,1.127,4.712,10.486,12.075,6.972,1.585,7.331,1.562,0.027,2.201,2.075,0.114,6.946,3.125,3.784,0.866,4.045,0.121,1.396,8.3,0.071,2.536,0.367,7.779,1.797,9.094,10.521,2.772,6.836,0.02,3.365,7.554,2.679,0.211,0.141,0.45,0.0,0.013,1.188,5.314,0.841,0.919,0.458,1.471,4.311,2.922,0.025,1.137,4.926,5.931,2.974,3.991,7.485,4.808,0.131,1.558,0.02,1.416,1.51,2.041,6.8,2.768,2.301,0.448,0.107,4.544,1.46,3.779,0.669,0.235,1.53,4.023,0.509,6.523,2.981,7.274,1.201,4.237,0.998,4.415,0.586,4.798,0.72,3.157,0.166,3.672,0.787,3.879,2.64,2.988,1.039,1.285,0.263,6.632,4.137,0.721,2.928,2.134,1.898,0.82,2.452,4.494,6.127
057 NDB-SI-MA-STRv Lhx8 Gaba,2.831,0.051,0.192,0.175,5.619,0.069,0.028,0.265,0.949,5.429,0.023,4.074,1.775,3.934,0.104,0.353,0.71,0.124,0.215,5.485,0.029,1.258,2.246,6.182,4.085,4.245,7.766,0.706,0.114,2.024,4.729,0.041,0.262,1.236,7.774,2.64,1.42,0.096,5.68,6.879,0.049,0.0,0.602,0.185,1.439,2.25,0.022,0.609,0.227,0.039,0.262,0.019,0.37,0.138,0.154,0.008,7.083,3.853,7.241,1.505,5.305,0.032,6.616,0.342,0.943,2.013,5.048,6.997,0.028,1.545,2.487,7.785,6.329,5.761,5.262,0.137,0.606,1.391,0.012,1.174,0.284,0.101,0.023,4.852,3.818,4.535,2.137,1.481,2.638,0.04,0.125,4.662,0.225,0.791,0.0,0.037,1.872,1.078,6.942,3.569,0.122,8.041,3.475,3.228,0.414,0.685,1.307,0.47,0.179,3.883,0.192,0.025,2.303,0.493,0.14,0.046,0.008,5.698,2.775,2.322,1.38,0.139,0.029,0.005,0.93,1.261,6.341,1.987,2.025,0.015,0.048,1.179,0.162,0.889,6.468,0.528,6.065,8.331,6.868,1.684,0.163,9.4,10.031,0.754,3.986,0.463,6.477,0.074,1.414,1.64,0.013,0.116,0.091,0.205,0.049,0.324,3.058,0.574,1.698,0.088,3.53,4.324,0.649,0.056,1.498,1.997,8.272,9.575,6.751,7.966,4.376,9.342,7.607,9.602,2.009,2.251,3.212,0.27,1.323,0.252,3.141,4.596,5.433,3.242,1.305,2.524,1.753,4.898,0.842,5.631,1.435,1.1,1.837,1.227,6.08,0.158,2.683,0.545,0.963,0.0,0.744,1.301,0.021,3.591,0.013,5.863,0.087,1.508,1.191,4.334,4.505,6.236,0.266,0.154,0.559,0.033,0.4,0.217,0.066,7.549,0.202,0.012,4.735,0.019,1.113,6.027,3.303,0.063,0.683,7.827,4.183,0.082,0.531,2.801,0.026,0.954,0.018,4.727,0.191,5.086,0.504,3.753,3.515,2.836,3.712,6.979,6.783,0.04,0.009,0.927,2.015,0.061,0.472,1.039,1.195,0.614,0.607,1.263,2.11,0.612,0.606,1.475,2.238,0.326,4.1,0.184,6.858,8.485,0.439,0.395,0.219,2.931,0.596,0.547,4.087,0.072,0.381,0.43,1.952,3.942,4.3,1.714,0.368,0.117,1.797,0.197,5.948,2.507,1.775,0.916,2.743,0.107,0.427,3.028,0.822,0.31,0.936,1.815,1.438,0.521,5.458,2.427,1.042,5.362,4.005,4.273,0.08,0.369,1.075,3.189,0.277,0.234,0.113,0.045,6.696,0.04,0.221,2.423,0.503,6.809,0.514,0.558,5.291,0.572,7.837,8.24,0.651,0.305,5.996,3.811,6.218,3.579,4.824,0.691,1.16,0.518,0.102,0.737,0.335,0.421,0.11,2.168,3.047,4.519,0.661,2.462,3.197,0.893,5.461,0.635,2.722,0.004,0.025,4.588,0.009,0.489,0.039,0.349,0.188,2.509,8.349,0.093,5.024,0.047,0.05,3.061,3.461,9.922,0.186,0.161,6.81,0.147,3.987,1.559,0.023,1.258,6.991,0.084,0.058,1.53,0.34,0.0,0.011,3.357,0.528,0.013,1.686,2.926,1.234,4.741,0.953,2.739,2.855,1.903,0.745,3.271,0.139,1.539,2.933,2.011,0.086,0.107,0.913,4.544,3.997,0.951,4.233,3.441,0.377,4.448,3.783,0.052,0.039,0.062,0.892,0.018,4.595,5.575,0.134,2.919,0.045,7.109,0.038,0.247,0.08,5.699,5.31,1.437,1.751,1.524,5.552,0.024,1.076,3.724,2.032,2.805,3.362,2.64,1.982,1.167,0.024,3.441,3.316,0.183,0.62,2.753,0.031,6.962,2.758,1.401,0.687,7.355,2.077,5.721,6.603,4.831,1.343,5.024,0.147,2.003,0.254,4.222,0.026,3.544,0.772,9.069,8.849,6.01,9.413,6.08,0.517,2.646,9.61,2.313,0.259,2.149,6.597,2.175,0.032,4.963,9.968,1.392,1.229,5.279,10.608,12.175,8.255,1.502,7.591,4.16,0.044,2.437,3.741,0.294,7.198,4.092,4.285,1.07,3.261,0.088,0.106,9.474,0.036,0.323,0.152,7.854,2.342,9.202,11.532,3.459,4.495,0.026,2.804,6.969,3.774,0.05,0.28,0.97,0.012,0.008,2.654,5.549,1.757,4.361,0.913,1.488,1.981,0.303,0.004,1.715,6.064,6.619,1.648,2.78,7.58,1.293,3.101,3.236,0.009,2.145,0.225,2.201,7.598,4.493,2.141,0.145,0.226,4.125,2.338,6.078,0.708,0.789,2.08,4.369,0.624,3.608,1.838,6.663,1.012,5.336,1.184,4.901,2.423,5.196,0.754,4.058,0.312,4.242,0.953,4.674,3.007,4.126,1.49,0.982,0.279,6.963,3.98,0.876,3.897,2.459,2.21,1.031,3.267,5.06,5.385
058 PAL-STR Gaba-Chol,3.021,0.02,0.242,0.188,5.802,0.081,0.125,0.485,0.808,6.121,0.114,6.638,1.757,4.163,0.0,0.122,2.639,0.081,0.221,5.432,0.037,3.527,2.672,5.141,4.492,4.336,5.594,0.107,0.063,2.702,6.336,0.246,0.527,3.423,8.271,2.913,0.744,0.129,6.847,6.743,0.114,0.0,3.528,1.453,0.155,0.785,0.027,0.519,0.083,0.058,0.998,0.048,3.848,0.104,0.187,0.054,6.456,1.647,5.881,3.951,4.309,7.363,6.799,0.052,0.666,0.518,8.68,1.679,0.093,1.711,0.92,5.51,4.489,5.502,4.158,0.068,0.517,0.602,0.03,0.2,0.425,0.018,0.045,5.639,2.23,3.179,2.948,0.085,2.238,0.018,1.767,2.825,0.194,0.989,0.0,0.019,3.032,1.877,6.887,0.807,0.073,7.533,2.211,5.968,0.063,3.029,1.812,0.435,1.443,4.056,0.031,0.169,2.303,0.175,0.206,0.059,0.0,5.639,4.581,3.338,1.777,0.019,0.075,0.0,1.969,0.542,3.707,2.447,3.078,0.0,0.138,1.622,0.715,1.358,7.076,0.78,6.077,8.738,5.296,1.727,0.455,6.147,9.635,0.973,1.207,0.415,6.781,0.063,1.869,0.794,0.028,0.092,0.055,0.136,0.061,1.761,2.833,1.275,1.148,0.063,3.05,2.369,0.596,0.208,1.378,0.354,8.752,8.615,3.037,7.625,6.662,8.951,6.688,8.469,1.143,4.461,5.013,0.24,1.633,0.31,0.765,4.824,5.17,6.018,2.931,3.952,0.437,5.704,1.09,6.171,3.59,0.893,2.232,0.908,4.107,0.058,3.209,1.306,0.475,0.0,0.521,0.597,0.028,0.592,0.039,9.906,4.882,1.812,1.4,3.85,1.267,3.713,0.563,0.074,1.395,0.083,0.539,0.106,0.078,4.702,0.058,0.028,3.746,0.068,0.387,5.757,3.379,0.052,2.214,8.115,3.829,0.104,0.626,3.773,0.093,0.948,0.018,2.02,0.287,4.329,0.601,1.874,4.504,1.895,4.588,3.222,5.906,0.02,0.022,2.651,6.518,0.07,0.67,3.381,0.076,0.334,0.433,0.204,1.544,0.051,0.914,1.521,0.472,1.043,3.323,0.258,4.58,8.388,0.663,3.827,0.268,3.298,0.427,1.039,3.442,0.154,1.586,2.713,1.49,3.921,5.088,2.894,0.884,0.041,0.823,0.162,5.042,3.687,0.846,1.259,3.406,0.751,0.095,1.867,2.151,0.476,1.533,2.239,1.185,0.228,4.732,3.144,2.625,5.289,3.519,7.979,0.29,0.049,1.626,1.004,0.369,0.36,0.155,0.051,3.638,0.247,0.26,0.786,0.769,8.25,0.888,1.034,5.566,0.547,7.312,9.694,0.053,0.347,6.357,4.622,6.899,3.958,1.916,1.038,0.512,0.392,2.089,0.337,0.551,0.925,0.029,1.879,1.526,3.206,1.297,1.236,3.204,0.613,5.413,0.503,2.095,0.051,0.0,5.1,0.056,0.109,0.02,0.413,0.249,3.194,3.695,0.056,5.159,0.706,0.048,2.375,3.87,10.252,2.146,1.539,5.033,0.163,3.15,1.97,0.0,0.814,0.558,0.252,0.059,3.365,0.279,0.0,0.028,1.352,0.59,0.057,1.161,2.663,1.349,4.634,1.103,1.434,5.277,1.505,1.449,0.945,1.071,6.96,3.311,4.809,0.147,0.142,1.871,3.902,2.369,3.062,4.572,3.31,2.705,5.17,0.49,0.0,0.025,0.162,0.853,0.0,3.782,5.886,2.726,5.915,0.208,6.404,0.019,0.063,0.029,6.118,4.057,2.193,1.993,2.004,6.422,0.089,1.566,7.345,2.636,3.027,3.467,3.051,3.12,8.125,1.402,2.697,2.677,0.277,0.163,3.499,0.0,6.774,2.763,1.621,1.821,7.502,4.514,3.611,6.574,5.221,2.019,5.455,0.242,2.307,0.21,3.493,0.035,2.674,3.12,8.729,8.823,6.874,9.371,8.442,0.492,2.634,8.689,2.769,0.52,2.116,7.404,1.901,0.052,5.509,8.027,1.089,1.083,5.197,11.061,11.672,8.046,1.344,7.362,5.55,0.092,2.913,3.987,0.393,6.639,3.804,4.4,2.873,6.137,0.114,9.664,7.747,0.128,1.763,1.132,8.127,2.588,9.254,11.875,2.815,3.993,0.018,3.786,9.317,2.969,0.047,1.462,0.224,0.124,0.026,3.959,6.023,2.783,3.628,0.285,2.219,2.518,0.108,0.0,0.443,6.861,8.909,4.26,3.195,7.825,0.286,0.21,3.399,0.047,1.184,0.978,4.976,7.98,4.857,4.437,0.046,0.551,6.271,3.372,4.585,0.516,1.491,1.36,3.692,0.741,5.194,5.032,6.098,0.216,2.379,1.518,5.257,0.952,4.954,0.625,4.834,0.693,4.164,1.192,4.844,4.129,4.265,1.235,0.338,0.407,6.708,5.155,0.715,4.538,2.047,2.867,1.058,3.011,5.137,7.083
059 GPe-SI Sox6 Cyp26b1 Gaba,2.418,0.115,0.162,0.141,5.161,0.05,0.0,0.123,7.305,5.487,0.0,3.852,2.887,3.374,0.0,4.721,0.0,0.055,0.144,5.089,0.0,0.926,3.308,6.949,3.175,3.617,5.534,0.154,0.05,2.507,5.631,0.022,0.52,0.397,6.896,5.946,3.02,1.836,6.966,6.45,0.024,0.0,0.273,0.052,0.262,6.351,0.0,0.236,0.703,0.0,0.0,0.028,0.183,0.028,0.223,0.0,10.442,2.674,6.373,0.348,0.659,0.0,6.445,0.117,0.914,2.957,4.525,9.452,0.0,3.034,2.789,6.354,6.448,1.613,4.445,0.106,1.167,3.63,0.0,1.004,0.119,0.05,0.084,3.278,3.646,0.519,2.777,0.113,0.453,0.096,0.081,5.259,0.022,0.684,0.0,0.0,6.559,0.337,6.73,4.025,0.082,7.695,5.493,1.227,0.163,1.844,1.502,0.494,0.332,3.302,0.11,0.0,4.524,0.788,0.28,0.073,0.0,5.291,6.101,0.084,2.002,0.025,0.023,0.0,1.542,1.231,5.516,0.192,2.542,0.0,0.023,3.381,0.941,1.72,6.938,3.654,5.9,8.171,7.619,1.742,0.274,9.678,10.913,0.421,1.618,0.885,7.207,0.077,0.116,0.26,0.0,0.132,0.109,0.276,0.09,0.108,1.196,0.465,0.762,0.123,3.627,2.583,1.042,0.027,2.006,3.921,9.623,9.652,7.757,8.196,6.611,7.921,6.256,9.637,2.23,2.85,2.426,1.317,1.559,0.147,4.17,4.947,5.987,3.127,0.163,1.727,0.599,5.087,1.002,5.8,1.725,0.741,1.365,3.051,3.823,0.059,2.275,0.455,1.151,0.0,0.079,3.212,0.0,4.231,0.0,3.959,0.053,1.62,0.699,2.173,2.899,7.582,0.0,0.547,0.459,0.024,0.35,0.166,0.022,0.202,0.816,0.045,4.719,0.024,2.261,6.052,2.104,0.028,0.383,7.542,2.931,0.066,0.664,3.047,0.05,11.185,0.023,6.798,0.082,6.625,1.359,3.447,3.902,0.636,0.795,7.677,8.198,0.0,0.0,2.543,0.546,0.077,0.487,0.0,0.0,0.062,4.61,1.568,0.229,0.054,4.327,2.984,0.556,1.77,3.477,0.2,5.812,8.891,0.269,4.272,0.158,3.567,0.022,0.297,3.683,0.026,0.76,0.091,0.344,3.248,1.449,1.636,0.482,0.058,4.78,0.05,6.724,1.775,3.193,1.395,2.098,0.18,0.541,3.824,3.561,0.154,7.349,2.394,2.07,0.37,4.059,1.727,1.999,4.879,8.168,3.458,0.079,0.073,0.315,0.0,0.192,0.193,7.632,0.024,6.94,0.099,0.106,4.497,0.253,5.437,0.142,0.292,7.166,0.391,7.9,6.505,0.029,0.377,3.786,2.4,6.873,3.155,5.491,1.371,0.143,1.081,0.074,0.0,0.0,0.4,0.05,0.782,4.903,3.254,0.07,0.088,6.228,6.286,1.247,0.085,2.291,0.022,0.0,4.593,0.022,0.024,0.0,0.224,0.238,1.144,8.417,0.152,7.439,0.0,0.035,0.327,2.653,9.958,1.079,0.023,3.48,0.117,5.754,1.605,0.022,0.243,10.139,0.022,1.549,1.334,0.139,0.0,0.0,1.46,1.321,0.0,2.044,3.368,3.052,4.35,0.623,0.776,3.114,3.864,0.171,0.781,0.025,1.068,0.168,1.545,0.082,0.153,0.108,4.099,2.471,0.634,2.471,3.006,0.317,2.363,5.264,0.0,0.0,0.026,0.036,0.0,6.669,8.615,0.025,1.171,0.027,6.412,0.0,0.081,0.181,5.77,2.87,0.463,1.216,1.648,6.665,0.0,0.779,4.223,2.058,2.541,3.675,0.822,3.377,0.0,0.0,3.794,2.777,0.103,1.016,2.446,0.107,7.199,2.779,2.337,1.346,7.279,0.211,8.064,6.367,4.59,1.752,5.429,0.184,1.667,0.052,3.473,0.023,3.023,0.669,8.845,8.572,6.459,8.649,8.106,0.259,2.442,10.215,1.957,0.598,4.105,7.013,1.88,0.024,4.962,12.326,2.669,1.487,4.649,11.199,12.505,9.006,0.866,7.337,1.153,0.11,2.028,3.939,0.076,6.952,5.0,4.179,1.534,5.093,0.054,0.022,9.528,0.035,0.122,0.075,8.134,2.694,9.133,9.791,2.877,6.373,0.0,3.694,6.853,2.719,0.053,1.671,0.116,0.0,0.033,0.496,5.243,0.479,2.764,0.18,0.46,0.551,0.225,0.0,1.795,3.539,6.532,5.178,1.375,5.52,0.182,1.381,2.885,0.022,0.398,0.112,3.895,6.444,4.606,0.716,0.03,0.232,1.273,1.033,4.73,0.254,0.238,0.871,4.605,3.392,0.974,2.255,8.728,0.496,4.538,0.964,4.536,0.609,5.329,0.715,4.461,0.197,4.781,0.873,4.246,2.733,3.422,1.769,1.037,0.318,7.35,4.18,1.042,4.222,1.997,1.805,0.941,3.127,5.42,7.098
061 STR D1 Gaba,7.666,0.012,0.762,0.076,2.652,0.011,0.436,0.948,0.251,1.59,0.016,1.099,0.054,3.97,0.012,0.078,0.011,0.04,2.018,2.487,0.027,4.981,2.764,4.038,1.806,3.166,9.375,0.098,0.029,1.851,1.527,0.016,0.019,0.062,4.263,7.02,0.432,0.14,8.383,2.653,0.027,0.0,1.035,0.025,0.071,0.288,0.119,1.31,0.405,0.019,0.126,0.013,0.069,0.008,0.944,0.012,7.622,0.135,2.538,3.583,4.976,0.076,5.399,0.047,0.121,5.641,0.655,2.38,0.006,1.246,2.34,4.993,2.038,2.151,5.361,0.049,1.726,0.812,0.011,0.844,3.883,0.044,0.058,0.846,2.738,2.169,2.579,2.703,1.005,0.034,0.018,1.368,0.257,0.447,0.0,0.011,1.21,0.242,7.636,0.168,0.036,1.305,1.454,3.65,7.892,0.1,1.17,0.086,0.536,2.158,6.127,0.012,7.075,5.342,2.986,0.055,0.015,4.091,6.518,3.725,3.801,0.01,0.006,0.02,0.187,1.239,0.36,0.365,2.568,0.011,0.024,0.767,1.155,1.545,10.199,6.126,4.41,8.428,3.608,1.539,0.024,7.547,9.308,0.337,2.824,0.01,4.893,0.037,2.128,0.345,0.005,0.04,2.493,0.161,0.372,0.095,0.719,1.843,1.902,0.046,1.826,0.795,0.15,0.081,0.215,7.425,10.253,10.215,0.265,8.349,8.845,10.58,6.656,11.374,3.417,5.316,3.192,0.036,1.177,0.019,0.429,0.097,8.369,2.571,0.161,3.586,0.227,2.135,0.806,5.036,0.036,4.584,4.181,2.044,7.185,0.275,0.127,0.443,0.033,0.0,0.584,0.86,0.992,1.0,0.132,3.012,3.949,4.305,2.48,0.072,4.687,6.661,0.012,2.873,2.131,0.478,0.585,4.784,0.014,0.093,0.324,0.017,0.057,0.007,0.329,4.924,6.294,0.416,2.678,9.136,4.567,0.194,1.823,0.569,0.02,10.631,0.022,3.766,0.125,1.744,0.031,4.058,1.056,3.587,5.76,0.523,6.824,0.073,0.051,0.444,0.519,0.083,1.177,0.107,0.006,1.283,0.432,1.213,0.36,0.018,0.509,2.809,0.066,2.33,2.443,0.233,2.439,8.65,0.451,0.046,0.5,0.776,0.236,0.157,2.644,0.016,0.102,0.049,4.363,1.367,3.961,3.495,1.683,0.057,1.376,0.481,1.236,0.621,1.424,0.997,9.758,0.04,8.427,7.931,0.287,0.134,3.5,2.774,2.451,0.113,2.126,0.07,0.141,1.81,5.162,2.49,1.112,0.069,0.059,3.067,9.248,0.091,0.059,0.0,4.797,0.085,0.023,0.289,0.03,1.509,0.169,0.038,2.523,1.689,8.694,8.191,1.289,1.98,8.232,7.654,2.406,0.602,0.159,4.365,0.126,1.18,0.188,0.048,0.046,0.178,0.123,2.158,1.636,2.697,0.083,2.821,0.384,2.921,2.067,0.034,0.767,0.005,0.031,4.065,0.036,0.021,0.007,0.147,0.704,0.25,6.368,0.029,2.68,0.035,0.013,1.579,1.688,9.785,0.019,0.096,5.164,0.029,4.48,1.311,0.0,0.243,0.191,2.98,0.007,0.051,0.06,0.004,0.0,1.408,1.354,0.052,0.733,1.876,7.184,4.874,6.997,4.222,0.113,1.701,3.624,7.506,0.064,0.144,0.216,1.849,0.209,0.096,0.056,6.551,0.445,1.483,6.368,3.58,0.088,0.414,0.655,0.135,0.032,0.007,0.66,0.0,0.43,1.168,0.09,7.259,0.062,5.712,0.082,0.13,0.025,4.863,0.086,6.051,1.333,0.85,5.873,0.0,2.136,0.144,1.681,0.93,3.376,0.94,1.629,0.028,0.006,2.445,1.813,0.129,0.11,2.309,0.006,7.538,3.985,3.133,0.616,8.972,0.261,5.364,5.9,3.924,1.999,4.823,0.072,3.329,0.632,2.365,0.675,2.392,0.233,9.124,9.146,8.948,7.328,1.191,0.081,7.709,10.665,0.773,0.06,1.346,5.969,1.449,0.056,3.563,11.486,7.418,1.323,3.488,10.284,12.147,8.825,1.021,5.505,1.022,0.005,2.604,6.328,0.031,6.575,5.776,4.144,0.661,3.57,0.104,0.03,5.258,0.061,1.311,0.758,6.793,3.128,7.169,11.097,2.3,4.19,0.011,3.503,8.776,1.872,0.48,0.343,1.732,0.006,0.833,2.059,0.717,2.054,1.689,7.392,0.983,0.161,0.059,0.0,0.18,6.371,2.713,6.541,0.958,7.624,0.016,1.205,0.09,0.0,4.468,0.152,0.825,9.153,8.126,8.796,0.018,2.555,2.674,0.067,3.059,6.863,0.044,4.695,0.086,0.331,1.133,0.675,5.703,0.102,0.625,1.41,4.561,1.103,4.732,0.751,2.697,0.007,4.619,0.552,5.685,2.27,3.462,0.817,0.058,0.301,6.398,3.024,0.661,1.675,2.014,1.53,0.411,1.99,2.337,3.952
062 STR D2 Gaba,7.616,0.022,0.524,0.087,3.033,0.014,0.174,0.376,0.404,2.772,0.025,2.286,0.123,4.241,0.072,0.037,0.018,0.087,1.586,2.697,0.046,6.586,1.677,3.628,1.949,3.663,8.994,0.16,0.029,2.57,1.261,0.038,0.004,0.028,6.365,6.507,0.39,1.522,8.591,3.349,0.036,0.002,1.041,0.222,0.077,2.291,0.097,1.55,1.079,0.019,0.38,0.011,0.052,0.035,1.088,0.01,6.484,0.21,3.737,3.497,5.657,0.013,5.559,0.203,0.171,5.739,1.2,3.989,0.028,1.962,3.299,3.06,2.333,0.387,6.408,0.059,0.831,0.597,0.024,1.061,3.672,0.034,0.027,1.223,2.712,2.589,2.347,1.406,1.129,0.023,0.539,1.354,0.111,0.649,0.0,0.02,0.704,0.132,7.732,0.185,0.133,2.126,2.403,3.981,0.216,7.688,1.209,0.258,0.738,2.329,0.109,0.007,6.648,5.436,2.62,0.109,0.021,4.536,7.387,3.005,4.61,0.475,0.026,0.006,0.144,0.745,0.67,0.34,0.389,0.015,0.018,1.175,1.536,1.374,10.249,2.614,4.709,8.414,4.271,1.788,0.307,8.034,9.553,0.268,0.991,0.01,3.876,0.06,0.353,0.814,0.003,0.073,2.391,0.228,1.909,0.159,0.97,2.874,1.437,0.035,2.052,0.506,0.205,0.108,0.137,8.16,10.523,10.284,6.62,8.345,9.189,10.549,6.121,11.433,4.136,5.042,5.924,0.083,1.078,0.025,0.195,0.142,8.187,1.873,0.264,3.775,0.487,2.756,0.95,5.286,0.152,4.429,5.226,2.221,7.747,0.243,0.179,0.216,0.02,0.002,0.126,0.521,1.006,1.519,0.021,4.585,0.016,4.469,3.215,0.122,5.676,6.867,0.015,1.812,1.638,0.476,0.55,4.118,0.027,0.119,0.078,0.008,0.078,0.009,0.285,5.349,6.481,0.161,3.197,9.232,4.466,0.224,1.468,0.656,0.015,10.811,0.007,4.849,0.148,2.91,0.194,5.93,1.534,6.09,5.661,4.482,6.888,0.073,0.043,0.496,0.711,0.061,1.399,0.253,0.026,0.868,0.437,1.118,0.554,0.029,0.716,2.658,0.041,2.151,1.925,0.166,2.047,8.75,1.182,0.148,0.483,1.104,0.104,0.264,2.981,0.082,0.087,1.35,1.508,1.553,5.028,3.319,1.756,0.073,1.051,0.312,1.324,1.133,2.565,2.505,9.729,0.058,0.23,7.252,0.189,0.119,9.392,2.875,3.042,0.129,3.087,0.22,0.174,2.006,5.586,2.598,0.702,0.053,0.156,3.56,8.181,0.106,0.079,0.009,5.231,0.067,0.021,0.658,0.03,0.543,0.297,0.023,2.361,1.451,8.692,8.112,1.062,1.478,6.976,6.472,2.244,0.689,0.149,2.751,0.13,0.947,0.104,0.074,0.06,0.183,0.076,0.907,2.399,2.524,0.182,3.582,0.789,2.899,0.424,0.034,1.989,0.004,0.028,4.171,0.005,0.013,0.034,0.173,0.358,0.27,6.693,0.11,2.013,0.059,0.033,2.26,1.901,9.815,0.005,0.18,5.837,0.083,5.742,1.672,0.002,0.744,0.281,3.102,0.245,4.363,0.104,0.011,0.019,1.041,0.991,0.034,0.805,2.564,6.215,6.303,4.117,5.659,0.053,0.997,4.906,0.783,0.053,0.544,0.333,2.499,0.15,0.064,0.254,5.473,0.844,1.56,6.385,4.506,0.199,1.139,0.271,0.031,0.012,0.027,1.098,0.018,1.586,0.929,0.139,6.925,0.542,7.556,0.057,0.098,0.005,4.792,0.997,6.39,1.512,0.957,6.465,0.017,2.422,0.375,1.725,0.946,3.386,2.036,1.751,0.045,0.002,2.624,2.052,0.08,0.294,2.936,0.009,7.728,4.483,3.882,0.93,8.423,0.312,5.084,6.042,4.435,2.219,5.05,0.114,3.689,1.638,2.436,0.439,2.432,1.149,9.161,8.832,9.343,8.253,0.863,0.155,7.725,10.256,0.747,0.06,1.656,6.411,1.525,0.026,4.215,10.747,6.986,1.821,3.8,9.609,12.027,8.622,0.899,5.834,0.959,0.013,3.3,6.558,0.021,6.774,6.33,4.285,1.021,3.757,0.118,0.02,5.969,0.019,1.174,0.817,7.065,3.466,7.549,11.292,2.34,4.989,0.017,3.95,7.503,1.624,0.465,0.542,0.965,0.012,0.955,1.501,0.31,0.581,3.794,4.835,1.239,0.23,0.047,0.004,0.446,6.864,2.518,4.795,1.013,7.838,0.028,3.146,0.122,0.003,2.723,0.186,0.737,9.254,7.561,6.98,0.033,3.483,4.233,0.056,4.42,6.588,0.145,2.681,0.439,0.322,2.189,0.819,6.482,0.163,2.237,1.641,5.7,1.058,5.143,0.884,2.53,0.023,4.743,0.585,5.672,2.747,3.347,1.138,0.097,0.315,6.582,3.26,0.696,2.15,2.191,1.351,0.379,2.06,3.281,4.337
063 STR D1 Sema5a Gaba,7.486,0.023,0.235,0.06,2.935,0.081,0.019,0.019,2.902,1.858,0.0,4.242,0.039,3.645,0.0,0.04,0.023,0.082,1.926,2.975,0.296,5.436,3.186,2.55,1.696,3.438,8.631,0.213,0.021,1.491,0.453,0.0,0.021,0.162,3.657,0.703,0.362,0.046,8.997,4.209,0.0,0.0,0.637,0.046,0.142,0.928,0.127,1.442,1.295,0.025,0.029,0.0,0.711,0.059,0.894,0.02,7.813,0.095,7.266,0.599,6.102,0.022,5.329,0.0,0.135,5.453,0.21,0.847,0.019,1.058,2.823,1.894,2.391,0.369,5.143,0.091,0.159,0.372,0.042,0.867,2.343,0.045,0.052,2.393,3.642,0.884,2.088,0.059,1.055,0.0,0.022,3.982,0.126,0.603,0.0,0.06,3.345,0.18,7.305,0.259,0.108,2.403,2.547,5.193,7.119,0.248,0.485,0.332,1.235,2.021,0.114,0.02,6.766,4.061,1.629,0.043,0.027,4.384,5.405,0.359,3.156,0.046,0.023,0.0,0.156,0.811,1.576,0.521,1.321,0.0,0.064,0.961,0.823,0.663,6.998,11.11,4.919,8.64,6.154,1.408,0.086,8.507,9.598,0.972,2.905,0.0,2.913,0.019,2.63,2.435,0.0,0.141,0.615,0.263,0.433,0.376,2.485,0.607,0.138,0.037,0.873,4.15,0.087,0.208,0.417,9.432,10.363,9.887,4.089,8.621,9.959,10.206,3.532,10.387,5.019,5.227,4.347,0.0,0.961,0.063,0.212,0.209,7.425,2.008,1.709,2.449,0.866,1.944,0.715,4.738,0.06,2.865,2.164,0.924,3.0,0.472,0.294,0.168,0.0,0.0,0.114,0.502,0.756,3.324,0.0,6.941,0.02,3.68,4.959,0.376,3.196,0.439,0.109,0.471,2.258,0.425,0.172,3.264,0.0,0.104,0.046,0.0,0.083,0.0,0.106,6.322,4.676,0.053,1.512,8.76,3.963,0.24,1.185,3.024,0.0,11.349,0.0,1.396,0.105,5.003,0.0,3.825,1.012,9.052,4.844,5.64,7.184,0.046,0.046,1.182,0.55,0.018,0.745,0.065,0.024,0.383,1.042,1.366,0.244,0.0,0.731,2.054,0.048,0.679,1.079,0.106,5.621,8.502,0.296,0.509,0.19,0.422,0.148,2.18,2.338,0.019,0.023,0.89,1.853,1.964,6.159,3.068,5.407,0.134,0.062,0.062,0.354,1.506,0.374,2.484,8.854,0.0,4.426,3.542,0.281,0.098,6.622,1.798,1.716,0.18,2.008,0.329,0.208,0.752,4.413,2.883,1.225,0.041,0.0,2.145,7.727,0.039,0.127,0.0,3.021,0.223,0.072,2.443,0.0,4.03,1.41,0.021,2.645,2.119,8.907,9.285,0.725,0.332,4.601,7.712,2.41,1.769,0.24,0.037,0.124,0.768,0.076,0.027,0.069,0.216,0.222,3.445,4.418,3.877,0.019,6.787,1.963,7.883,2.596,0.0,3.471,0.0,0.0,3.442,0.0,0.0,0.022,0.278,0.457,0.514,6.389,0.039,6.578,0.0,0.017,4.403,1.872,9.933,0.0,0.278,2.961,0.1,4.987,1.246,0.0,0.271,0.229,2.498,0.122,3.179,0.222,0.0,0.0,0.926,0.284,0.024,0.724,2.562,6.553,6.713,3.328,7.444,0.187,0.836,5.934,6.23,3.236,4.657,0.156,0.958,0.046,0.091,0.085,2.762,6.46,1.256,3.95,1.584,0.065,3.6,5.7,0.022,0.02,0.319,1.677,0.048,1.048,0.631,0.0,7.075,0.019,6.555,0.059,0.046,0.019,5.213,6.085,5.408,1.19,1.222,5.576,0.021,2.451,0.129,1.355,1.8,3.615,0.651,1.055,0.066,0.0,2.687,1.647,0.088,0.193,2.555,0.0,7.57,4.026,2.272,0.816,8.509,0.24,5.86,6.164,4.067,1.717,4.738,0.103,2.694,0.125,2.191,0.2,2.931,0.161,9.313,9.358,7.042,8.614,3.664,0.478,7.136,10.754,1.029,0.06,2.392,6.222,1.374,0.047,3.664,9.051,5.988,1.086,3.568,10.572,12.554,9.253,0.602,5.014,3.117,0.017,3.372,4.708,0.044,5.142,3.12,3.819,0.973,2.721,0.112,0.019,6.457,0.0,0.57,1.718,7.272,2.935,7.95,11.748,2.579,4.035,0.0,3.529,5.698,2.61,0.05,0.331,0.462,0.026,0.067,0.132,0.243,0.609,2.032,6.437,6.247,0.139,0.017,0.0,0.439,6.441,0.694,8.766,0.806,7.187,0.019,3.119,0.117,0.0,3.545,0.16,0.563,8.394,5.628,2.303,0.037,1.867,6.308,0.76,1.444,5.606,0.233,6.493,0.966,0.321,2.988,0.85,10.254,0.051,2.168,0.825,4.935,0.287,4.391,0.593,2.478,0.026,4.185,0.494,5.123,1.319,3.479,0.787,0.364,0.15,7.097,2.229,0.93,1.953,1.972,1.283,0.436,1.998,2.826,3.321
064 STR-PAL Chst9 Gaba,7.076,0.019,1.064,0.113,3.243,0.019,0.012,0.092,3.006,4.518,0.017,4.189,0.079,3.988,0.005,0.146,0.014,0.613,1.016,3.423,0.044,6.102,4.379,5.202,3.907,3.537,6.472,0.187,0.057,3.032,0.315,0.042,0.083,0.027,4.81,2.769,0.441,0.051,9.121,5.198,0.659,0.006,0.394,0.283,0.12,0.242,0.041,1.345,3.427,0.07,0.054,0.008,0.071,0.028,0.525,0.001,8.857,0.2,8.254,5.393,5.137,0.008,5.42,0.05,0.33,5.086,3.026,1.763,0.029,3.293,5.796,0.532,0.639,0.379,5.466,0.171,0.448,0.129,0.157,4.081,3.647,0.325,0.18,8.438,4.83,3.156,1.364,0.043,1.932,0.036,0.009,6.006,0.008,0.653,0.005,0.006,1.214,0.357,7.176,1.446,0.662,6.654,2.825,8.508,3.974,0.035,0.51,0.383,1.057,1.579,0.139,0.012,5.196,3.111,1.165,0.06,0.006,4.868,0.425,0.199,2.721,1.205,0.026,0.015,0.129,0.692,1.614,0.501,0.847,0.036,0.078,0.918,0.941,0.659,6.31,10.603,4.968,8.104,5.749,1.478,0.168,8.111,8.512,0.492,3.895,0.02,2.793,0.086,0.648,3.682,0.003,0.069,0.056,0.148,0.129,0.042,1.869,0.669,0.667,0.045,0.393,3.559,0.062,0.129,0.374,4.408,10.995,9.961,7.303,8.391,9.652,10.336,5.276,10.972,10.187,2.712,6.299,0.561,1.303,0.111,0.191,0.36,6.235,4.017,2.512,2.939,0.889,2.426,0.617,4.918,0.232,0.262,9.165,0.742,1.276,0.042,0.477,0.307,0.02,0.006,0.054,1.772,0.795,2.2,0.01,10.01,0.029,3.24,8.164,0.269,1.21,0.707,0.034,2.208,1.357,0.026,0.107,3.544,0.036,0.111,0.017,0.011,0.068,0.004,0.52,6.34,3.748,0.065,1.142,8.662,4.026,0.39,0.758,4.047,0.02,11.38,0.826,0.44,0.143,3.643,0.053,1.907,0.247,8.76,1.888,2.83,6.052,0.052,0.015,7.62,3.834,0.089,0.738,0.286,0.116,0.578,1.926,0.554,0.102,0.024,2.453,1.68,0.261,0.898,1.013,0.144,5.684,8.658,0.147,1.448,0.141,0.484,0.23,0.145,1.969,0.031,0.137,0.536,0.479,2.203,6.965,3.142,6.639,0.071,0.066,0.127,1.462,1.074,2.963,0.293,5.663,0.057,2.815,2.731,0.115,0.324,5.477,2.285,2.113,0.27,2.222,0.986,0.303,0.73,5.37,3.96,2.093,0.127,0.126,0.131,2.588,0.07,0.082,0.014,3.595,0.119,0.266,1.855,0.008,2.126,4.334,0.071,4.598,1.085,8.884,4.697,0.302,0.247,3.868,4.563,3.948,1.079,0.374,0.074,0.357,1.05,0.078,0.017,0.031,0.283,0.047,3.042,6.673,1.532,0.062,1.881,0.34,5.475,6.559,0.927,4.177,0.012,0.022,3.493,0.005,0.007,0.032,0.189,0.176,0.464,6.57,0.174,4.898,0.002,0.017,5.692,2.078,10.048,0.006,0.417,8.547,0.073,6.017,1.788,0.006,1.001,0.25,0.87,0.051,4.505,0.304,0.01,0.022,0.907,0.359,0.002,0.456,2.416,1.894,1.007,0.534,7.185,0.103,0.211,2.126,1.099,0.265,1.893,0.151,0.617,0.055,0.084,0.071,3.093,7.82,1.567,1.024,5.363,0.578,6.157,5.629,0.049,0.023,0.445,1.48,0.012,2.062,0.802,0.232,6.813,0.022,6.415,0.065,0.038,0.074,5.896,6.066,6.561,1.098,1.348,6.451,0.008,2.34,0.14,1.038,1.819,3.733,2.218,1.484,0.039,0.013,3.338,1.879,0.085,3.575,2.404,0.008,7.254,3.575,3.308,1.425,7.917,0.153,7.925,6.04,4.512,1.495,3.977,0.102,2.817,0.491,2.508,0.367,3.113,0.299,9.197,9.616,4.898,8.652,4.606,0.939,4.923,10.647,0.835,0.437,3.446,6.909,1.864,0.043,3.623,11.336,4.921,1.622,3.914,9.87,12.424,8.909,0.965,6.645,5.698,0.035,3.7,2.671,0.06,5.564,5.119,3.552,1.212,2.305,0.257,0.025,6.207,0.037,0.687,2.649,7.094,3.074,7.834,11.827,2.874,3.295,0.025,3.44,7.102,2.076,0.048,0.286,0.7,0.035,0.66,0.286,0.843,0.088,1.149,0.182,1.136,0.448,0.016,0.012,1.55,6.917,4.228,9.323,5.008,7.686,0.019,4.182,0.129,0.013,3.52,0.413,1.347,7.058,2.181,1.048,0.039,2.913,7.592,0.346,1.367,6.62,0.553,3.957,0.198,0.355,6.513,1.292,9.932,0.049,8.302,0.845,5.166,0.34,5.005,0.728,2.291,0.161,4.108,0.636,4.482,1.921,2.91,0.915,0.674,0.232,6.616,3.103,0.69,2.195,1.742,1.5,0.568,1.721,4.061,3.942
065 IA Mgp Gaba,4.852,0.104,0.104,0.106,4.784,0.018,0.0,0.226,1.84,4.21,0.0,4.101,0.239,3.561,0.0,0.67,0.0,0.165,1.234,4.302,0.038,4.171,3.918,5.302,4.735,3.71,5.637,0.142,0.064,3.253,3.503,0.139,0.063,0.308,4.092,2.764,4.273,0.646,8.254,6.216,0.458,0.0,0.597,0.199,0.251,0.882,0.022,5.089,2.355,0.016,0.223,0.0,0.233,0.0,0.447,0.0,7.955,2.024,6.586,0.757,2.264,0.0,5.991,0.11,0.381,4.59,5.904,6.369,0.022,3.426,6.046,4.606,5.137,1.681,5.526,0.098,0.568,0.515,0.228,5.494,0.288,0.028,0.036,7.599,4.592,2.634,2.612,0.092,1.693,0.051,0.135,2.46,0.037,0.701,0.051,0.0,3.198,0.743,7.427,1.395,0.194,7.206,4.317,6.111,0.93,0.076,1.484,0.833,0.534,2.697,0.123,0.0,7.199,3.584,2.42,0.016,0.0,4.981,3.784,0.25,3.967,0.539,0.042,0.0,0.373,0.592,2.948,1.723,0.546,0.582,0.062,3.645,2.17,2.168,6.428,6.295,5.069,8.11,6.767,1.427,0.201,8.781,9.892,0.208,2.078,0.042,5.79,0.094,0.737,2.332,0.0,0.055,0.019,0.126,0.911,0.039,0.52,1.975,0.476,0.06,3.352,2.7,0.283,0.151,0.886,5.138,10.391,10.029,5.788,8.237,7.989,10.011,6.675,10.623,8.383,3.167,6.233,0.097,1.287,0.04,0.309,3.067,7.583,3.825,1.484,1.977,0.638,4.098,0.851,5.359,0.995,0.56,4.081,4.508,7.155,0.115,2.413,0.961,0.07,0.0,0.088,4.919,0.421,3.6,0.0,6.276,0.022,4.104,3.007,0.517,2.436,5.845,0.181,1.065,1.875,0.04,0.114,1.393,0.037,0.089,0.117,0.018,4.019,0.018,0.4,6.137,4.372,0.023,0.791,8.316,4.164,0.16,0.693,2.368,0.022,11.004,1.561,5.347,0.176,4.51,0.056,5.099,1.82,3.092,1.787,7.285,5.498,0.043,0.02,6.783,2.563,0.152,1.308,0.35,0.084,0.209,0.445,1.603,0.136,0.0,2.921,3.298,0.182,2.601,2.148,0.117,5.839,9.591,0.153,3.621,0.157,1.313,0.122,0.211,3.245,0.024,0.38,0.594,0.614,3.19,5.676,2.2,2.08,0.066,3.761,0.067,4.364,2.426,4.481,0.413,4.915,0.038,0.729,2.93,1.335,0.214,2.986,2.746,2.723,0.255,4.31,0.992,1.147,3.336,4.172,2.903,0.264,0.117,0.256,0.035,1.043,0.0,0.497,0.035,1.826,0.114,0.103,2.624,0.037,2.082,0.462,0.17,7.544,0.947,8.236,7.771,0.152,0.347,7.294,2.433,5.417,4.61,1.86,0.042,1.115,0.803,0.036,0.043,0.068,0.277,0.02,5.186,4.944,0.674,0.065,0.098,5.949,1.534,1.983,0.665,5.055,0.035,0.022,4.073,0.0,0.0,0.017,0.355,0.187,0.72,7.92,0.29,5.009,0.053,0.022,0.275,2.299,10.307,0.614,1.151,8.234,0.072,5.884,1.528,0.0,0.58,5.897,0.184,1.163,2.854,0.092,0.0,0.086,1.891,2.986,0.0,0.561,3.334,0.521,3.375,0.157,2.504,0.158,0.528,0.271,0.514,0.302,3.101,0.192,0.459,0.021,0.132,0.0,4.07,3.901,1.959,2.248,7.534,2.212,1.561,2.265,0.145,0.033,0.111,0.285,0.021,3.687,6.507,0.346,2.526,0.039,6.865,0.0,0.064,0.087,5.767,3.357,3.249,1.418,1.159,6.983,0.0,1.969,0.116,1.924,2.062,3.151,1.468,2.474,0.0,0.0,3.076,1.846,0.107,1.889,3.147,0.048,6.994,3.302,2.486,2.243,7.851,0.985,6.701,6.327,4.664,1.249,5.418,0.102,1.93,1.473,2.991,0.098,2.842,3.279,9.031,9.127,8.408,8.241,6.955,0.674,5.063,10.529,1.168,0.835,3.577,7.561,1.73,0.043,4.148,10.999,3.432,1.2,4.039,11.072,12.289,8.003,0.979,7.657,4.002,0.071,2.671,3.348,0.02,6.17,4.059,3.751,1.554,3.22,0.1,0.063,7.905,0.016,0.1,0.928,7.974,2.683,8.807,11.38,2.505,4.926,0.017,3.867,5.672,2.229,0.139,1.456,0.16,0.0,0.565,0.323,1.447,3.96,5.012,5.75,1.274,0.997,0.676,0.0,0.451,6.708,2.994,5.058,1.667,7.806,0.148,3.269,0.685,0.071,2.009,0.309,3.198,3.897,3.672,0.863,0.104,1.717,2.096,0.612,4.746,6.322,0.749,3.206,3.086,0.891,1.051,1.195,4.961,0.583,3.161,0.547,5.595,3.475,4.804,0.745,3.882,0.23,4.274,0.821,4.607,3.309,3.052,1.374,0.315,0.204,7.063,3.688,0.819,3.182,1.651,1.681,0.565,2.318,4.468,6.736
066 NDB-SI-ant Prdm12 Gaba,4.085,0.0,0.1,0.089,4.751,0.09,0.0,0.097,0.509,5.011,0.097,2.146,1.021,3.987,0.0,1.716,0.481,0.033,1.268,4.289,0.029,3.853,1.169,5.808,5.02,4.304,2.556,0.396,0.131,1.895,4.139,0.073,0.0,1.352,6.906,4.771,1.472,0.068,7.971,5.716,0.193,0.0,1.033,0.193,0.84,1.817,0.0,1.052,1.594,0.245,0.191,0.0,0.126,0.0,0.132,0.0,5.298,2.678,4.624,3.602,3.43,0.033,6.668,0.038,0.676,1.927,5.299,6.626,0.023,2.444,2.535,5.695,4.418,5.873,4.966,0.153,0.816,2.31,0.027,0.713,0.226,0.0,0.0,5.669,3.938,4.17,1.582,0.165,1.712,0.0,0.44,3.413,0.104,0.898,0.0,0.0,2.472,0.313,7.372,0.753,0.344,7.29,3.051,2.271,0.333,0.218,0.8,0.455,0.592,3.141,0.143,0.028,5.518,2.251,1.213,0.073,0.061,5.387,4.852,0.433,2.971,0.0,0.0,0.0,1.102,1.281,5.684,0.664,4.822,0.0,0.0,1.185,0.495,0.594,6.038,7.642,5.453,8.409,7.334,1.51,0.529,9.002,10.525,0.767,0.984,0.232,6.409,0.059,3.24,4.601,0.0,0.09,0.146,0.125,0.033,0.407,0.715,3.829,0.747,0.072,3.318,2.855,0.443,0.0,1.943,1.662,10.254,9.94,4.692,7.855,7.818,9.717,6.063,10.693,6.381,4.787,3.622,0.181,1.62,0.185,0.902,3.093,5.63,5.514,0.697,1.838,1.49,4.004,0.573,5.025,2.086,1.312,2.406,2.038,6.072,0.195,2.828,0.791,0.19,0.0,0.1,3.379,0.093,1.146,0.034,5.584,2.487,2.155,4.055,3.271,4.014,5.206,0.069,0.889,1.336,0.171,0.264,0.613,0.034,0.243,0.053,0.0,1.421,0.0,0.312,7.675,4.153,0.218,0.517,7.647,3.879,0.287,0.668,1.498,0.0,10.307,0.031,3.011,0.173,3.853,0.792,4.996,2.517,5.362,3.292,4.577,2.244,0.041,0.035,0.903,3.236,0.0,0.708,1.594,0.096,0.064,0.395,1.224,1.728,0.0,0.789,2.124,0.275,0.682,2.416,0.253,6.562,8.807,3.512,1.137,0.098,1.359,0.257,0.327,2.552,0.033,0.463,0.804,1.664,3.351,2.719,3.05,2.214,0.071,0.935,0.177,5.753,2.074,2.126,2.027,4.546,0.05,0.312,2.789,0.298,0.207,0.503,1.696,1.545,0.543,5.561,3.68,1.808,3.141,6.896,4.679,0.275,0.0,2.218,0.424,0.678,0.108,0.075,0.0,5.633,0.0,0.029,1.431,0.06,2.44,0.037,1.029,6.208,0.402,7.754,7.048,0.204,0.409,6.162,2.254,6.031,5.606,2.023,0.619,0.318,1.787,1.055,0.129,0.067,0.458,0.279,4.062,2.855,3.672,0.05,0.665,4.143,3.681,3.563,0.198,3.549,0.029,0.0,4.527,0.0,0.063,0.0,0.153,0.237,1.496,8.439,0.15,2.356,0.031,0.0,2.929,2.452,9.964,0.0,1.011,6.323,0.115,4.428,1.037,0.0,1.799,1.509,0.041,1.291,2.593,0.163,0.0,0.227,2.594,1.359,0.0,1.256,3.136,1.493,3.958,2.69,2.657,1.74,0.614,1.239,2.048,0.03,1.462,0.352,1.894,0.186,0.151,2.331,5.473,3.312,0.973,3.75,6.215,0.536,3.732,0.714,0.632,0.0,0.182,0.508,0.027,4.577,3.419,0.44,5.67,0.0,8.047,0.0,0.265,0.035,5.532,1.777,1.431,1.445,1.748,6.59,0.0,1.235,1.714,1.378,2.916,3.363,3.61,1.979,6.152,0.333,3.878,2.365,0.037,0.583,2.533,0.0,6.819,3.74,2.405,1.023,7.831,0.825,5.538,6.571,4.574,1.349,4.667,0.171,1.792,0.234,3.499,0.0,3.1,0.6,9.09,8.882,7.937,9.29,5.757,1.201,5.62,9.342,1.671,0.282,2.627,7.203,1.709,0.06,4.239,10.421,2.792,1.365,4.485,10.684,12.377,8.17,1.15,7.311,3.016,0.033,2.312,4.395,0.051,5.189,3.958,3.76,2.312,4.744,2.459,0.03,7.797,0.034,1.135,1.072,7.93,2.37,8.867,10.316,2.707,5.229,0.032,3.826,7.925,3.66,0.0,0.613,0.313,0.0,0.038,1.863,2.429,1.002,4.825,2.666,2.076,1.55,0.063,0.0,1.232,6.831,6.867,4.821,2.566,7.795,0.283,1.928,1.106,0.0,2.164,0.597,3.794,4.01,4.738,3.037,0.242,0.467,6.693,1.474,4.359,3.014,0.344,1.875,1.834,4.935,6.171,1.342,7.778,0.635,7.64,0.592,4.926,1.977,5.065,0.796,3.507,1.017,4.198,0.902,4.755,2.205,3.464,0.942,0.729,0.193,7.021,3.439,1.337,3.153,1.782,1.87,1.088,2.897,5.369,5.949
073 MEA-BST Sox6 Gaba,5.006,0.157,0.339,0.094,4.561,0.014,0.033,1.108,2.291,4.675,0.021,5.108,0.897,4.126,0.005,0.883,0.062,0.061,0.958,4.276,0.03,5.216,3.767,6.101,6.392,4.149,4.386,0.504,0.338,3.974,6.004,0.046,0.046,0.091,5.559,4.587,3.199,0.388,8.83,6.642,0.749,0.001,0.994,0.042,1.263,2.166,0.598,0.916,1.654,0.024,0.255,0.01,0.178,0.025,0.4,0.008,8.198,2.474,7.294,1.772,3.773,0.034,6.334,1.236,0.518,4.321,2.035,6.358,0.025,5.487,3.745,2.901,5.346,3.459,5.789,0.671,0.785,0.62,0.042,2.003,0.683,0.033,0.201,5.786,4.589,4.363,1.97,0.133,2.068,0.031,0.053,2.168,0.019,0.685,0.003,0.023,1.601,1.178,7.508,4.986,1.324,7.973,4.216,6.13,1.349,0.584,1.058,0.579,0.314,3.006,0.152,0.017,5.345,3.438,1.538,0.056,0.008,5.41,3.348,1.299,2.391,0.142,0.032,0.005,0.394,0.53,3.751,0.256,5.235,0.016,0.032,1.931,1.097,1.197,7.201,2.629,5.715,8.264,7.929,1.591,0.5,8.205,9.555,0.414,2.477,1.615,5.083,0.053,1.075,3.154,0.003,0.074,0.07,0.317,0.18,0.135,0.773,1.437,1.021,0.047,3.586,3.442,0.226,0.035,1.359,3.207,10.137,10.239,6.375,8.171,7.99,10.075,7.21,10.361,6.305,2.995,2.582,0.655,1.554,0.212,0.672,2.457,6.058,4.304,2.961,1.992,1.27,3.774,0.765,5.258,1.351,1.787,2.275,2.399,5.341,0.173,1.462,1.939,0.138,0.002,0.17,4.867,0.711,1.294,0.017,5.296,0.067,3.1,4.384,0.676,2.059,4.652,0.023,0.635,1.202,0.429,1.931,1.855,0.029,0.295,0.222,0.008,0.705,0.006,1.171,4.804,4.709,0.057,1.431,8.271,4.729,0.318,0.599,0.626,0.029,3.609,0.03,1.877,0.177,4.401,0.145,3.159,2.633,4.029,4.282,4.704,5.868,0.041,0.006,3.307,4.93,0.109,1.029,0.667,0.67,0.38,0.322,1.295,2.385,1.067,8.804,2.092,0.185,1.632,2.312,0.179,7.321,8.987,0.223,0.97,0.185,5.481,0.121,0.049,3.502,0.05,0.203,0.947,2.068,3.76,3.767,3.595,2.191,0.08,0.667,0.147,4.963,2.44,3.296,1.634,4.899,0.067,0.898,3.817,0.898,0.377,2.346,1.965,2.355,0.305,6.555,2.396,1.339,2.133,4.768,3.028,0.058,0.048,2.193,0.042,0.461,0.194,4.302,0.021,4.846,0.036,0.067,2.832,0.021,1.776,0.188,0.144,6.98,0.483,8.474,6.765,0.056,0.203,4.112,2.892,6.061,3.952,2.514,0.113,0.742,2.372,0.971,0.042,0.3,0.655,0.099,5.782,4.321,1.863,0.403,1.167,5.769,1.242,4.274,0.102,2.349,0.018,0.022,4.225,0.008,0.088,0.012,0.26,0.174,0.534,7.734,0.219,3.0,0.016,0.022,4.058,2.513,9.681,0.089,0.644,7.647,0.088,4.989,1.547,0.003,2.062,5.018,0.68,1.907,0.778,0.13,0.007,0.01,1.13,1.882,0.011,0.45,2.573,0.576,2.056,0.365,3.329,0.762,0.329,0.757,1.197,0.463,0.668,1.27,0.677,0.076,0.087,0.221,2.719,5.574,1.525,2.506,5.088,1.037,4.599,3.487,0.404,0.022,0.04,1.7,0.018,4.817,8.264,0.28,2.872,0.041,7.292,0.026,0.065,0.072,6.066,2.677,4.148,1.52,1.277,6.793,0.008,1.45,1.753,1.654,2.191,3.747,3.362,2.882,0.046,0.054,4.097,2.48,0.169,0.769,2.468,0.019,6.554,3.183,2.977,1.618,7.99,0.176,7.193,6.361,4.586,1.156,4.861,0.079,2.115,1.427,3.274,0.255,2.89,0.987,8.896,8.645,8.415,9.45,5.335,1.162,1.735,10.061,0.554,0.391,2.583,7.231,1.924,0.033,3.934,11.531,3.084,1.536,4.11,10.83,12.676,8.052,1.335,6.735,3.871,0.05,3.398,3.898,0.082,7.26,4.311,4.477,1.464,5.92,0.236,0.089,7.587,0.247,0.908,0.747,7.817,2.996,8.743,11.363,2.615,5.163,0.017,3.9,5.827,2.939,0.132,0.268,0.234,0.163,0.052,1.93,1.765,0.67,5.566,1.622,1.204,3.102,0.254,0.026,0.74,5.478,4.478,4.943,2.648,8.192,0.153,0.711,1.294,0.012,1.946,0.554,3.819,5.796,4.443,1.382,0.165,1.8,3.418,0.837,4.425,4.522,0.456,2.636,1.247,4.47,3.055,0.729,6.226,0.457,7.148,0.646,4.946,2.768,5.143,0.884,3.226,0.117,4.537,0.839,4.754,2.385,3.272,1.172,0.064,0.227,6.988,3.601,0.822,2.892,1.842,1.917,0.57,2.278,5.469,6.29
074 MEA-BST Lhx6 Sp9 Gaba,5.425,0.03,0.291,0.079,4.737,0.021,0.01,0.837,0.776,4.339,0.021,3.951,0.569,4.116,0.009,0.187,0.143,0.048,0.757,4.636,0.014,5.544,3.124,5.059,6.918,4.595,1.304,0.817,0.091,3.3,4.247,0.159,0.007,0.191,5.545,6.891,3.842,0.199,8.493,6.965,0.57,0.001,2.454,0.304,0.937,2.247,0.381,1.972,1.013,0.018,0.15,0.009,0.096,0.027,0.573,0.009,7.438,1.474,8.329,0.71,3.635,0.01,6.331,0.266,0.349,4.596,2.505,4.3,0.024,5.883,4.224,1.556,4.924,6.384,4.685,0.526,0.728,0.813,0.018,2.121,0.451,0.076,0.033,5.89,4.476,6.709,1.916,0.205,2.732,0.031,0.01,1.731,0.014,0.691,0.002,0.009,1.181,0.817,7.733,2.748,0.8,7.94,2.909,6.59,0.269,0.27,0.893,0.405,0.43,3.249,0.151,0.012,4.863,3.585,1.429,0.055,0.003,5.393,2.876,0.979,2.361,0.219,0.029,0.005,0.832,0.665,4.665,0.551,7.052,0.012,0.035,1.511,0.899,1.822,6.87,5.772,5.669,8.228,7.183,1.71,0.997,7.561,9.808,0.43,3.441,0.768,4.229,0.065,2.122,3.626,0.002,0.059,0.072,0.253,0.203,0.044,0.893,2.592,1.245,0.048,3.407,2.41,0.172,0.026,1.274,2.096,10.103,10.049,6.375,8.085,7.604,10.047,6.976,10.383,5.129,2.647,2.672,0.322,1.225,0.251,0.775,1.442,5.944,3.686,2.242,1.73,3.022,3.624,0.781,5.844,1.422,1.05,2.031,1.737,5.807,0.121,1.119,1.341,0.247,0.007,0.123,2.945,0.371,3.036,0.011,6.962,0.061,2.593,3.796,1.44,1.808,4.515,0.011,0.24,1.209,0.091,2.521,1.251,0.032,6.194,0.116,0.011,0.486,0.012,1.406,3.843,4.785,0.034,0.784,8.212,4.858,0.776,0.372,0.379,0.028,0.976,0.011,1.648,0.341,5.239,0.121,3.952,0.875,4.38,5.538,4.603,4.044,0.036,0.011,0.534,4.785,0.079,0.764,0.184,0.446,0.174,0.394,1.452,0.886,3.499,7.419,1.93,1.144,1.646,1.917,0.14,7.83,8.981,1.19,0.426,0.166,3.565,0.272,0.085,3.464,0.037,0.318,1.137,1.664,4.194,6.36,3.973,1.488,0.08,0.641,0.166,3.664,2.935,2.556,0.301,4.74,0.059,0.807,2.827,0.169,0.486,1.124,2.0,1.766,0.237,6.172,2.121,0.4,3.176,6.075,2.171,0.073,0.039,2.97,0.418,0.267,0.104,0.441,0.013,6.546,0.048,0.029,2.315,0.01,2.981,0.107,0.186,5.183,0.412,8.255,7.932,0.088,0.214,3.276,3.561,6.119,3.778,3.509,0.175,0.838,3.027,0.657,0.702,0.135,0.596,0.18,6.382,3.475,1.699,0.374,0.238,3.689,0.379,5.935,0.117,1.636,0.012,0.027,4.485,0.013,0.061,0.018,0.28,0.161,0.554,7.868,0.234,3.461,0.015,0.02,4.29,2.708,9.611,0.009,0.077,6.985,0.077,5.616,1.613,0.008,1.82,3.803,0.199,0.056,5.198,0.145,0.006,0.003,1.997,0.876,0.012,0.355,2.512,0.483,3.219,0.548,1.377,0.96,0.287,1.163,3.844,0.086,1.216,1.282,0.583,0.094,0.085,0.054,4.47,2.234,1.796,3.422,5.918,0.548,5.058,1.847,0.187,0.018,0.047,2.143,0.016,5.233,8.771,0.222,4.746,0.081,7.272,0.053,0.063,0.023,5.481,2.744,3.616,1.533,1.263,6.816,0.014,1.242,0.863,1.736,2.252,3.676,1.901,2.439,0.04,0.014,4.236,2.604,0.168,0.343,2.41,0.022,6.257,2.943,2.58,0.86,7.928,0.165,6.366,6.231,4.563,1.057,4.565,0.082,1.999,2.165,3.052,0.085,2.729,4.027,8.967,8.577,9.233,9.454,4.648,0.844,2.782,9.314,0.752,0.2,1.868,7.189,1.832,0.041,4.409,11.346,4.062,1.636,4.047,11.025,12.604,8.652,1.225,6.722,4.042,0.061,2.978,3.989,0.049,8.136,4.11,4.232,1.347,4.662,0.242,0.03,8.316,0.025,0.756,0.391,7.793,3.14,8.893,11.299,2.524,5.164,0.02,4.249,6.877,2.133,0.136,0.505,0.143,0.166,0.183,2.086,1.525,2.163,7.163,1.54,0.452,4.6,0.089,0.011,0.677,5.96,5.128,1.698,2.491,8.187,0.079,2.108,0.964,0.01,2.447,0.314,2.346,6.769,4.459,1.433,0.088,2.405,2.591,0.311,4.174,4.601,0.385,1.215,0.842,1.735,3.014,1.351,5.004,0.229,7.654,0.746,4.643,2.082,5.056,0.805,3.395,0.034,4.341,0.882,5.087,2.677,3.458,1.186,0.112,0.22,6.943,3.422,0.868,2.802,2.018,1.993,0.575,2.432,5.628,5.309
075 MEA-BST Lhx6 Nr2e1 Gaba,3.361,0.02,0.056,0.084,4.87,0.021,0.008,0.451,1.355,4.985,0.024,2.404,0.439,4.026,0.006,0.283,0.072,0.046,0.235,5.093,0.011,3.244,3.227,6.544,6.869,4.31,4.036,0.303,0.073,1.621,4.971,0.037,0.004,0.299,4.031,3.618,2.123,0.094,7.92,6.423,0.276,0.002,1.823,0.151,0.397,4.92,0.319,0.764,0.519,0.002,0.085,0.013,0.378,0.013,0.419,0.01,5.292,1.974,8.204,1.287,4.853,0.009,6.389,0.594,0.542,3.555,0.947,2.741,0.016,4.378,3.254,1.944,5.79,5.184,7.414,1.18,0.918,0.366,0.03,0.86,0.813,0.064,0.023,4.247,3.912,4.391,1.791,0.227,1.206,0.03,0.013,4.713,0.015,0.695,0.002,0.008,1.346,0.549,7.237,6.795,0.683,8.003,5.131,4.78,0.459,2.142,0.701,0.136,0.254,2.963,0.126,0.005,2.83,1.443,0.395,0.034,0.0,5.482,3.748,3.107,1.012,0.765,0.025,0.013,0.379,0.314,3.826,0.261,5.901,0.002,0.032,0.611,0.434,0.58,7.13,1.215,5.848,8.299,7.467,1.683,0.905,8.257,10.081,0.311,3.014,1.642,5.182,0.063,2.737,3.307,0.002,0.042,0.05,0.461,0.045,0.066,1.606,2.093,1.033,0.059,2.258,1.9,0.096,0.031,1.164,0.844,10.379,10.048,5.845,7.971,4.914,9.664,8.252,10.153,5.366,1.381,3.384,0.072,1.46,0.091,2.758,2.799,5.184,4.008,1.377,3.288,2.643,3.389,0.796,5.261,1.133,1.934,1.019,2.016,9.359,0.114,0.785,1.35,1.148,0.008,0.125,4.77,0.484,1.985,0.01,5.488,0.039,1.463,3.805,3.93,2.131,6.643,0.007,0.138,0.724,0.071,1.378,0.677,0.036,7.255,0.061,0.012,1.345,0.017,2.169,2.299,3.586,0.024,0.566,7.714,4.469,0.361,0.211,0.439,0.025,1.082,0.01,4.059,0.541,3.19,0.08,1.564,0.604,3.629,3.324,7.355,4.343,0.041,0.002,0.502,2.488,0.109,0.286,0.738,1.257,0.437,0.395,0.457,3.91,5.658,7.449,0.904,0.036,0.361,3.522,0.13,7.032,8.669,0.349,0.563,0.141,2.156,0.327,0.077,3.744,0.04,0.308,0.541,1.359,3.93,5.352,3.866,0.87,0.086,0.423,0.168,4.047,1.924,1.61,0.189,4.919,0.077,0.349,2.102,0.187,0.329,0.806,1.233,1.756,0.307,5.441,3.521,0.723,3.603,4.343,1.278,0.046,0.059,1.656,0.086,0.138,0.112,0.11,0.014,6.941,0.325,0.002,3.289,0.017,2.901,0.068,0.202,6.119,0.555,7.918,8.263,0.077,0.22,3.228,3.777,5.849,3.679,3.573,0.105,0.381,1.181,0.289,0.061,0.152,0.707,0.21,3.979,2.864,0.738,0.314,0.209,3.657,0.22,4.191,0.103,1.932,0.012,0.032,4.48,0.023,0.168,0.025,0.316,0.17,0.563,7.803,0.141,5.722,0.002,0.021,4.996,2.642,9.332,0.009,0.273,4.088,0.099,5.264,1.377,0.004,4.042,2.85,0.07,0.015,0.696,0.119,0.004,0.006,4.501,0.475,0.015,0.441,2.098,0.449,2.827,0.181,0.77,0.775,0.285,1.399,3.222,0.089,0.247,2.036,0.324,0.072,0.098,0.023,6.244,5.333,0.802,4.345,5.83,0.322,4.321,3.693,0.04,0.033,0.039,1.31,0.002,5.598,7.014,1.547,4.026,0.07,7.319,0.148,0.184,0.011,6.168,4.727,2.531,1.434,1.227,5.483,0.01,0.849,1.722,1.839,2.311,3.682,5.437,2.449,0.039,0.013,4.398,2.742,0.118,0.694,1.868,0.013,6.465,2.364,2.31,0.631,7.708,0.187,7.626,6.097,4.513,0.989,4.0,0.094,1.702,0.263,3.291,0.011,2.66,1.713,8.74,7.986,9.07,9.676,6.603,0.434,3.199,10.152,0.762,0.113,2.247,6.699,1.843,0.04,3.808,11.519,3.259,1.255,4.203,10.891,12.674,8.742,1.102,7.126,2.858,0.054,2.505,3.679,0.041,7.325,4.358,4.448,0.882,4.385,0.404,0.038,8.712,0.048,0.381,1.417,7.615,2.527,8.743,11.471,2.581,2.946,0.021,4.219,8.389,2.461,0.071,0.126,0.397,0.043,0.059,2.076,2.717,3.944,5.609,3.412,0.89,2.457,0.04,0.004,0.421,5.763,6.847,6.562,2.258,8.39,0.98,0.727,1.271,0.006,1.099,0.204,5.246,7.725,4.533,5.675,0.047,0.861,5.154,0.58,4.779,3.056,0.541,2.002,3.471,1.062,3.069,0.726,5.009,0.24,3.332,0.703,5.158,0.977,5.032,0.74,3.494,0.026,4.287,0.767,3.148,2.294,2.85,1.08,0.078,0.208,6.827,3.326,0.556,2.768,2.154,2.047,0.621,2.507,5.497,5.08
076 MEA-BST Lhx6 Nfib Gaba,4.668,0.094,0.159,0.13,4.733,0.029,0.021,0.566,2.221,5.434,0.038,4.275,0.523,4.353,0.004,0.772,0.113,0.101,0.235,4.236,0.026,5.553,2.862,7.371,6.753,4.62,0.764,0.195,0.086,2.667,5.186,0.662,0.035,0.045,2.244,7.549,1.747,0.383,9.124,6.422,1.083,0.014,6.402,2.049,0.898,0.534,0.228,6.446,0.763,0.005,0.545,0.016,0.173,0.023,0.41,0.011,7.344,2.209,8.609,0.7,4.901,0.009,6.389,2.442,0.524,3.727,3.165,4.677,0.03,4.412,1.318,1.804,5.334,5.455,3.329,1.252,1.419,0.397,0.046,1.909,0.898,0.107,0.78,3.417,4.004,3.342,2.214,0.198,0.723,0.049,0.009,2.869,0.006,0.87,0.003,0.03,1.078,2.53,7.603,5.965,1.035,8.513,1.79,6.809,0.745,0.243,0.741,0.242,0.405,3.484,0.134,0.01,3.561,3.415,0.975,0.047,0.001,5.633,1.347,4.162,1.912,0.182,0.036,0.006,1.302,0.499,4.486,0.137,0.824,0.008,0.055,0.849,0.501,1.027,7.221,0.391,5.873,8.308,7.818,1.748,0.805,8.571,10.222,0.397,0.94,0.261,5.838,0.087,4.534,5.502,0.004,0.068,0.073,0.255,0.186,0.087,0.778,3.633,2.045,0.069,2.57,2.35,0.084,0.02,1.783,1.426,10.576,10.117,4.011,7.96,6.164,9.905,6.974,10.171,8.493,2.823,1.415,0.106,1.555,0.672,1.422,1.414,5.563,6.215,3.591,2.393,3.859,3.813,0.846,5.719,0.881,0.986,1.177,2.435,8.112,0.071,0.987,4.988,0.208,0.006,0.919,4.353,0.724,1.333,0.008,1.381,0.621,2.255,2.367,2.402,3.123,2.92,0.091,0.759,0.538,0.055,1.278,4.304,0.036,6.741,0.54,0.017,2.492,0.011,1.028,3.74,2.658,0.039,0.733,8.395,5.261,0.703,0.377,0.235,0.023,0.86,0.143,3.288,0.475,3.819,0.095,6.079,1.869,2.923,3.743,7.27,6.173,0.041,0.005,7.522,4.4,0.216,0.669,0.069,0.395,0.639,2.185,1.264,1.248,0.306,8.942,1.19,0.054,0.541,1.818,0.172,7.804,9.154,0.137,0.705,0.339,3.551,0.1,0.09,3.221,0.048,0.483,0.676,0.777,4.076,5.495,2.796,2.141,0.093,1.498,0.099,2.331,1.392,4.059,0.399,6.474,0.065,2.017,2.935,0.482,0.266,0.903,1.736,1.951,0.364,8.117,2.361,1.015,2.963,5.336,4.768,0.071,0.075,4.991,0.053,0.136,0.114,4.044,0.009,7.388,0.342,0.119,0.949,0.013,1.334,0.101,0.207,6.178,0.476,7.829,6.522,0.088,0.315,3.108,3.146,4.874,2.322,2.93,0.163,0.983,5.398,0.679,0.334,0.03,0.569,0.038,5.223,2.864,0.552,0.417,0.104,4.388,0.596,3.556,0.367,3.777,0.018,0.036,4.466,0.01,0.013,0.025,0.226,0.194,0.753,7.697,0.136,7.04,0.021,0.028,4.276,2.99,8.904,0.151,0.251,6.4,0.124,5.422,1.633,0.008,6.508,8.062,0.977,0.017,0.986,0.301,0.011,0.004,3.021,0.907,0.011,0.54,2.001,0.611,2.835,0.569,3.105,0.592,0.355,0.803,5.138,0.09,3.227,0.186,0.808,0.082,0.109,0.015,5.563,6.3,2.95,3.826,5.865,1.679,6.307,7.943,0.333,0.031,0.048,4.256,0.052,3.169,5.445,0.436,2.73,0.035,6.408,0.016,0.122,0.034,6.189,3.821,3.299,1.691,1.308,7.272,0.009,1.428,1.826,1.558,2.565,3.907,2.152,2.869,0.061,0.024,4.185,2.581,0.292,1.701,1.162,0.068,6.918,2.903,3.006,1.366,7.897,0.254,6.785,6.245,4.741,1.474,4.721,0.1,2.312,2.163,3.643,0.029,3.477,4.321,8.841,8.461,9.072,9.099,4.965,0.331,2.415,10.16,0.703,0.219,2.263,7.368,2.346,0.033,3.919,11.649,5.359,1.962,4.217,10.856,12.636,8.742,1.265,6.55,4.107,0.166,3.407,3.905,0.052,8.124,2.223,4.613,1.281,4.677,0.848,0.335,7.456,0.043,0.815,0.599,7.543,3.155,8.471,11.13,3.402,5.545,0.018,3.344,5.767,3.921,0.113,0.917,0.32,0.073,0.041,0.954,2.747,2.92,6.493,0.455,0.068,4.097,0.504,0.003,0.312,5.733,6.092,1.369,5.127,7.723,0.58,0.143,2.273,0.015,0.881,0.66,2.434,4.307,3.722,4.746,0.053,3.796,2.435,1.917,3.573,2.553,0.073,3.581,0.74,1.201,2.561,2.227,4.46,0.206,5.275,0.76,5.941,2.07,5.388,0.904,2.939,0.093,4.461,1.064,4.682,2.034,4.194,1.326,0.055,0.243,6.962,3.93,0.614,2.584,2.169,1.841,0.605,2.734,5.426,6.028
077 CEA-BST Gal Avp Gaba,2.2,0.0,0.074,0.077,5.242,0.022,0.0,3.126,0.78,4.789,0.023,0.755,4.027,4.518,0.02,0.864,0.05,0.106,0.127,4.974,0.0,2.626,4.403,4.587,7.454,4.45,0.537,0.075,0.056,1.437,7.616,0.056,0.025,0.31,7.638,0.904,6.947,0.075,8.163,6.861,0.0,0.0,2.49,1.567,9.742,0.279,0.106,2.611,1.636,0.0,0.107,0.054,0.079,0.024,0.084,0.0,3.163,1.974,6.222,2.267,0.619,0.025,7.051,2.174,0.474,1.319,5.248,7.12,0.022,5.068,1.094,7.36,4.68,6.558,7.306,0.158,0.127,2.346,0.0,0.511,0.225,0.055,0.0,6.768,5.125,2.628,2.804,0.052,1.13,0.03,1.491,2.848,0.026,0.935,0.0,0.0,2.74,0.741,7.534,2.723,1.081,8.366,4.12,4.154,0.048,0.056,0.735,0.075,0.149,3.391,0.49,0.0,2.645,0.537,0.13,0.025,0.0,5.529,4.549,0.478,0.653,0.027,0.027,0.03,1.277,0.293,3.442,0.079,1.049,0.0,0.0,0.858,1.305,0.726,7.001,0.413,5.895,8.535,6.916,1.424,6.716,9.046,10.704,1.399,0.358,5.473,6.334,0.048,4.76,5.851,0.0,0.1,0.0,0.309,0.1,0.072,3.587,2.313,1.304,0.0,2.326,3.049,0.08,0.042,2.777,0.788,9.483,9.718,2.6,7.508,6.789,8.995,8.146,9.932,7.489,4.293,0.508,0.129,1.968,0.288,3.953,3.569,5.559,7.29,3.922,4.137,1.706,4.43,1.057,6.252,1.082,2.227,1.58,0.419,1.756,0.102,2.844,4.691,0.112,0.0,0.023,6.558,0.105,4.2,0.022,5.39,6.357,1.45,2.631,0.611,1.125,0.483,0.026,0.205,0.813,0.0,1.469,0.557,0.019,0.192,0.027,0.043,0.616,0.02,0.0,5.572,1.24,0.1,0.374,7.99,4.11,0.024,0.94,0.352,0.029,10.358,3.212,3.294,0.312,5.57,0.053,5.254,1.244,6.457,1.048,8.625,7.312,0.0,0.05,0.421,6.766,0.0,0.499,0.025,0.025,0.019,0.207,4.386,1.271,0.022,9.312,0.997,0.0,0.714,3.765,0.228,7.206,8.54,0.667,1.165,0.21,0.928,2.497,0.191,3.581,0.049,1.202,0.826,2.515,4.749,5.208,3.171,1.208,0.122,2.56,0.18,8.96,3.32,2.104,7.812,3.19,0.051,3.712,2.284,0.088,0.345,1.325,1.209,1.714,0.782,7.338,1.202,4.95,3.68,7.304,4.714,0.024,0.073,7.31,0.14,0.155,0.154,0.1,0.052,7.993,0.696,0.027,1.202,0.0,1.068,1.211,0.962,7.183,0.528,7.746,8.94,0.052,0.591,6.737,5.384,7.104,10.122,0.541,0.097,0.724,3.976,6.181,0.026,0.187,1.008,0.035,1.961,5.386,5.69,0.099,0.107,3.902,0.305,2.862,0.254,1.045,0.0,0.0,4.856,0.086,0.0,0.044,0.334,0.048,0.811,7.779,0.19,6.18,0.263,0.022,2.569,2.207,9.177,0.054,0.046,7.249,0.097,6.922,2.129,0.0,1.234,0.337,0.044,0.102,0.1,0.233,0.0,0.025,1.307,1.584,0.02,1.136,1.759,0.39,4.148,4.826,3.061,5.08,0.133,6.033,5.278,0.906,4.707,0.087,0.226,0.109,0.152,0.054,8.167,3.721,2.322,8.897,8.747,1.099,7.773,4.33,0.024,0.021,0.0,3.184,0.025,3.714,8.823,4.742,3.163,0.073,7.798,0.024,1.042,0.072,6.039,6.554,3.494,2.305,1.249,7.332,0.026,1.112,0.228,1.828,2.788,3.711,1.065,1.81,0.024,0.034,4.581,2.878,0.32,2.452,1.335,0.05,6.805,3.467,4.14,0.652,7.864,1.601,8.093,6.422,4.798,1.396,5.012,0.072,1.983,3.073,3.509,0.0,2.144,6.999,9.1,8.062,8.282,8.982,8.347,0.762,6.879,9.829,1.386,0.127,4.917,7.205,1.876,0.0,3.798,10.028,2.083,1.22,4.148,11.429,11.956,7.002,2.021,7.329,1.484,0.025,3.487,4.851,0.021,8.645,3.668,4.681,1.708,5.216,0.29,0.129,7.85,0.021,1.436,0.235,7.831,2.797,9.155,8.697,2.54,4.078,0.0,3.644,7.943,2.314,0.0,0.052,0.272,0.129,0.0,1.432,1.291,4.99,3.314,0.341,1.554,6.968,0.093,0.0,2.165,6.239,8.496,5.071,3.282,8.37,0.029,0.659,3.107,0.021,2.961,0.045,5.704,1.317,3.878,1.553,0.026,1.017,6.39,0.956,1.742,0.79,0.055,2.919,1.851,1.113,0.715,1.592,11.218,0.024,7.566,1.163,5.894,1.227,4.932,0.999,3.485,0.07,3.797,1.162,3.81,3.493,3.927,0.856,0.03,0.292,6.847,4.528,0.422,2.903,2.239,2.332,1.139,2.616,4.923,6.584
078 SI-MA-ACB Ebf1 Bnc2 Gaba,2.407,0.0,0.06,0.125,4.691,0.038,0.017,0.084,1.811,4.754,0.017,2.469,1.262,3.762,0.0,2.887,0.34,0.121,0.434,4.951,0.017,1.408,2.542,6.669,5.276,4.195,2.412,0.375,0.077,2.906,6.596,0.7,0.0,0.359,6.631,2.423,2.435,0.063,7.537,6.664,0.034,0.0,0.335,0.409,1.275,1.928,0.039,0.564,1.128,0.139,3.109,0.018,1.329,0.0,0.156,0.0,4.864,2.978,7.137,2.684,4.115,0.019,6.567,0.136,0.614,0.747,5.301,8.496,0.016,2.626,3.141,5.496,5.719,5.653,5.907,0.119,1.447,0.701,0.0,0.24,0.108,0.051,0.038,3.56,2.66,4.645,2.368,0.138,1.74,0.016,0.49,4.225,0.363,0.852,0.023,0.0,2.513,2.094,7.039,1.619,0.269,7.579,2.235,2.904,2.871,0.102,1.146,0.107,0.261,3.207,5.674,0.0,3.701,0.591,0.274,0.088,0.0,5.516,5.377,1.266,1.213,0.292,0.058,0.0,1.953,0.945,5.67,0.539,4.326,0.017,0.058,0.703,0.213,0.414,7.07,4.241,5.641,8.365,7.244,1.615,0.467,8.944,10.952,0.606,1.133,1.203,7.532,0.053,1.583,2.514,0.0,0.052,0.034,0.171,0.046,0.842,0.469,4.12,1.395,0.153,3.798,1.87,0.112,0.06,1.783,2.995,9.434,9.909,3.242,7.783,5.703,9.268,6.346,10.175,5.275,2.384,3.817,0.773,1.229,0.609,1.599,3.797,5.259,4.906,0.544,2.765,0.276,4.921,0.575,5.214,0.721,2.265,2.212,2.892,9.577,0.114,1.216,1.621,0.041,0.0,0.438,2.226,0.124,3.19,0.022,6.265,4.274,1.606,2.028,1.989,3.873,5.406,0.039,2.218,1.156,0.356,0.898,0.362,0.034,0.178,0.253,0.0,2.053,0.0,0.854,6.422,3.809,0.057,0.618,7.862,3.77,0.099,1.082,0.732,0.083,10.928,0.017,3.475,0.256,6.284,1.138,4.156,3.5,3.176,3.436,8.437,2.869,0.0,0.0,1.06,3.041,0.07,0.463,0.701,0.0,0.04,0.488,0.552,0.667,0.055,0.763,1.19,0.379,0.197,3.053,0.093,4.438,8.553,2.007,0.485,0.162,2.678,0.171,0.138,3.168,0.015,0.625,0.356,1.863,3.757,4.858,2.883,1.211,0.075,0.156,0.103,6.206,1.634,1.119,2.047,5.094,0.057,0.465,1.966,0.093,0.376,0.601,1.505,1.807,0.487,5.517,1.926,4.003,5.974,6.142,4.362,0.573,0.059,1.69,1.905,0.277,0.055,0.039,0.237,3.432,0.016,0.62,1.004,0.639,0.429,0.216,1.398,5.229,0.555,8.168,7.265,0.266,0.224,5.961,1.655,6.635,8.963,2.781,0.161,0.56,1.297,0.524,0.104,0.021,0.65,0.092,3.854,3.267,4.286,0.676,2.259,1.374,0.711,2.283,0.648,3.131,0.0,0.023,4.616,0.0,0.421,0.021,0.309,0.194,1.046,8.254,0.087,1.845,0.017,0.0,2.637,2.347,9.976,0.181,0.325,8.3,0.233,4.667,1.405,0.051,1.684,0.339,0.197,0.021,0.283,0.214,0.0,0.021,1.332,0.743,0.0,1.788,3.077,2.699,4.193,1.78,4.076,0.825,0.482,2.047,2.023,0.038,2.569,0.611,3.017,0.13,0.172,1.205,6.471,5.536,0.725,7.645,5.379,0.368,3.549,1.447,0.189,0.036,0.083,1.151,0.0,2.867,5.46,0.603,3.884,0.0,7.741,0.021,0.038,0.081,5.936,6.144,1.362,1.769,1.801,6.114,0.02,0.857,2.856,1.778,1.999,3.431,2.842,1.631,2.91,0.023,3.904,2.92,0.041,2.455,2.401,0.0,6.938,3.517,2.844,0.637,7.941,0.388,7.471,6.678,4.64,1.382,4.973,0.102,2.4,0.708,3.912,0.021,3.479,0.505,8.85,8.921,4.784,9.197,4.814,1.159,5.136,9.919,1.928,0.13,2.45,6.579,2.514,0.02,5.113,10.617,1.934,1.847,5.362,11.101,12.498,7.893,1.766,7.617,1.495,0.017,3.331,4.661,0.497,5.708,4.203,3.829,0.944,6.532,2.933,0.209,8.49,0.018,1.776,0.928,7.937,2.491,8.868,9.84,3.308,3.021,0.036,2.927,7.678,3.225,0.31,0.175,0.431,0.421,0.0,1.887,3.912,0.657,6.312,2.086,4.314,1.643,0.248,0.017,2.429,6.05,5.37,4.381,2.591,7.742,0.103,3.765,1.552,0.0,2.357,0.121,3.713,4.558,4.771,1.751,0.13,1.449,3.763,0.33,5.541,0.99,0.286,3.425,4.731,4.139,4.261,3.949,7.435,0.539,8.882,1.003,5.895,1.181,4.926,0.807,3.471,0.268,4.085,0.714,4.163,2.193,3.848,0.853,0.189,0.231,6.811,4.015,0.659,3.242,1.974,2.318,1.08,2.725,4.978,6.692
079 CEA-BST Six3 Cyp26b1 Gaba,6.092,0.107,0.423,0.08,3.384,0.026,0.019,1.293,2.819,4.977,0.031,4.3,0.113,4.707,0.014,0.218,0.017,0.084,0.599,3.826,0.043,8.77,4.873,5.155,5.6,5.146,7.574,0.345,0.05,3.311,3.537,0.122,0.294,0.052,7.437,5.835,1.257,2.255,8.147,6.288,0.144,0.002,2.067,0.132,0.638,2.101,0.188,1.706,1.822,0.012,0.989,0.014,0.108,0.039,0.731,0.015,6.878,1.191,5.133,1.548,3.873,0.028,6.366,2.849,0.191,5.43,1.799,1.528,0.025,5.434,6.114,5.658,2.251,2.029,7.566,2.1,1.709,0.252,0.076,1.966,1.388,0.073,0.034,4.176,3.482,2.246,2.375,0.127,0.665,0.031,0.891,1.199,0.015,0.888,0.0,0.018,0.897,0.269,7.657,0.555,1.299,6.566,5.133,8.11,0.288,2.001,0.855,0.202,0.547,2.877,0.155,0.013,4.737,3.547,1.873,0.067,0.005,5.409,8.033,1.455,4.627,1.948,0.032,0.005,0.347,0.32,1.031,0.221,1.509,0.012,0.041,1.474,0.956,0.594,7.809,1.137,5.785,8.191,7.6,2.028,0.183,8.112,9.23,0.125,0.306,0.037,4.693,0.072,3.116,0.522,0.003,0.068,0.13,0.208,5.191,0.132,0.761,2.17,0.767,0.064,3.664,0.816,0.028,0.031,0.338,5.236,10.781,9.932,6.13,8.366,6.572,9.865,6.109,10.919,6.291,5.163,2.396,0.065,1.588,0.067,0.534,0.278,6.612,5.031,2.021,3.439,1.328,3.774,0.995,5.651,0.874,1.741,3.251,0.769,4.346,0.137,0.669,0.423,0.048,0.01,0.3,3.09,0.766,1.463,0.121,6.298,0.038,4.288,2.308,0.288,4.862,5.538,1.564,1.359,1.222,0.36,0.527,3.069,0.043,0.157,0.04,0.013,0.5,0.013,0.182,4.015,4.147,0.006,2.707,8.657,5.102,0.364,0.659,1.174,0.034,9.904,0.012,3.532,0.199,6.034,0.083,4.849,1.582,7.934,4.84,5.904,5.321,0.074,0.007,0.481,1.932,0.117,1.134,2.185,0.181,0.592,0.307,0.941,2.461,0.038,5.221,0.844,0.046,1.007,3.118,0.164,4.172,8.835,0.301,2.933,0.225,2.128,0.02,0.137,3.655,0.108,0.072,1.204,1.826,2.816,4.842,3.911,3.106,0.087,2.016,0.208,3.662,0.772,4.291,1.071,8.654,0.132,0.527,4.455,0.696,0.223,6.018,2.184,2.58,0.156,5.392,1.13,0.497,3.939,4.817,1.372,0.173,0.074,0.983,0.444,3.395,0.101,0.458,0.003,6.33,0.079,0.122,0.898,0.219,0.469,0.231,0.046,4.642,0.517,8.526,7.07,0.177,0.587,7.011,4.908,4.12,2.757,0.693,1.512,1.668,2.051,0.199,0.061,0.043,0.364,0.055,3.957,5.308,3.657,0.158,2.1,3.735,0.5,0.634,0.04,1.37,0.017,0.037,4.518,0.013,0.093,0.026,0.272,0.182,1.001,7.245,0.576,1.723,0.052,0.029,3.634,3.119,9.677,0.01,1.042,3.545,0.081,6.043,2.177,0.007,6.029,0.319,2.152,1.45,5.46,0.085,0.007,0.005,1.694,1.624,0.027,0.48,2.761,4.023,5.478,0.258,4.179,0.131,0.321,2.526,0.917,0.091,3.87,1.1,0.845,0.062,0.078,0.007,5.163,4.932,1.065,4.539,6.909,1.006,2.456,0.366,0.029,0.027,0.038,2.52,0.016,5.921,3.58,1.809,4.144,3.358,8.87,0.04,0.046,0.058,5.729,1.046,6.371,1.97,1.379,6.72,0.015,1.785,0.637,1.786,1.382,3.92,3.022,2.374,0.028,0.008,4.37,2.768,0.171,0.793,1.855,0.094,6.731,4.227,4.054,1.27,6.584,0.432,3.773,6.102,4.938,2.443,4.647,0.178,3.188,4.293,2.807,0.257,2.68,2.01,9.053,7.601,7.846,9.529,3.52,0.603,4.712,10.858,0.963,0.097,2.499,6.628,1.801,0.041,5.259,10.773,5.482,2.504,4.261,10.885,11.714,7.961,1.279,6.616,3.13,0.047,3.524,5.8,0.042,7.323,5.442,4.742,0.888,4.698,0.38,0.023,6.772,0.019,0.245,3.371,7.696,3.794,8.367,11.635,2.596,4.573,0.019,3.548,7.452,2.107,0.145,0.314,0.229,0.042,2.096,2.471,1.178,0.377,4.847,1.535,0.097,0.456,0.076,0.035,1.092,7.217,1.373,5.046,5.497,7.851,0.023,2.388,0.152,0.015,1.561,0.173,3.03,7.757,3.958,1.894,0.044,4.815,4.448,0.25,7.172,6.022,0.393,1.17,0.318,1.054,1.514,0.781,6.102,0.108,5.527,1.061,7.081,1.498,5.389,0.952,3.345,0.018,4.676,0.737,4.423,3.654,3.58,1.462,0.081,0.282,6.499,4.083,0.516,2.736,2.339,1.781,0.568,2.375,5.455,5.757
080 CEA-AAA-BST Six3 Sp9 Gaba,5.072,0.037,0.617,0.068,4.206,0.023,0.008,0.368,1.173,4.742,0.023,5.098,0.466,4.068,0.01,0.345,0.041,0.062,0.987,4.128,0.032,4.856,3.089,4.354,6.966,4.216,4.237,0.163,0.051,3.291,4.594,0.211,0.014,0.168,6.0,3.442,2.605,0.249,8.492,6.427,0.224,0.001,1.047,0.37,0.227,2.199,0.299,1.446,1.948,0.068,0.378,0.004,0.159,0.021,0.244,0.006,7.199,0.921,6.026,1.111,3.181,0.021,6.257,0.483,0.314,3.618,2.363,6.406,0.022,5.265,3.524,3.86,2.551,3.016,6.918,0.552,0.471,0.452,0.051,0.762,0.768,0.093,0.023,3.511,4.066,4.135,2.0,0.09,2.095,0.032,0.638,3.806,0.024,0.686,0.002,0.013,1.52,0.823,7.579,2.181,1.084,6.365,3.422,7.402,1.042,1.125,0.955,0.344,0.363,2.674,0.139,0.016,5.261,3.34,1.645,0.051,0.005,5.266,4.405,0.391,2.587,0.379,0.038,0.007,0.846,0.646,4.602,0.357,5.533,0.021,0.032,1.372,0.968,0.952,7.247,5.371,5.485,8.299,7.511,1.558,0.997,8.125,9.907,0.465,1.44,0.993,5.164,0.055,2.772,1.61,0.005,0.05,0.099,0.183,1.207,0.059,0.68,3.144,0.595,0.05,2.776,2.203,0.144,0.047,1.415,6.155,10.653,10.055,7.455,8.168,8.085,9.942,7.444,10.535,7.688,4.207,3.547,0.077,1.498,0.45,0.308,1.252,5.762,4.354,2.965,2.861,0.613,3.418,0.743,5.27,1.243,1.423,4.788,0.811,7.625,0.156,1.014,0.513,0.152,0.003,0.101,3.43,0.277,2.587,0.012,6.528,0.271,2.938,3.268,0.975,2.797,5.077,0.442,0.42,1.337,0.126,1.095,1.66,0.015,0.148,0.097,0.012,0.618,0.007,0.372,4.825,4.587,0.026,2.242,8.159,4.083,0.442,0.879,1.542,0.033,9.936,0.013,2.519,0.183,3.671,0.039,5.27,2.631,5.199,3.577,6.42,6.149,0.025,0.006,0.541,4.48,0.074,0.767,0.12,0.24,0.167,0.575,1.831,2.827,0.068,5.134,1.403,0.142,1.651,2.085,0.157,7.005,8.891,3.579,1.364,0.161,2.377,0.181,0.107,2.977,0.045,0.226,1.759,2.448,3.594,4.48,3.807,3.108,0.09,0.707,0.181,4.96,1.727,1.853,0.546,5.493,0.062,1.937,2.917,0.197,0.381,2.062,1.917,2.202,0.27,4.883,2.157,0.942,2.811,6.623,4.825,0.082,0.054,0.967,0.194,0.942,0.083,1.732,0.004,5.021,0.101,0.079,2.226,0.01,0.986,0.265,0.156,6.588,0.371,8.386,6.633,0.132,0.273,5.198,3.699,5.945,5.995,2.59,0.28,0.513,3.229,1.339,0.073,0.01,0.515,0.017,5.739,3.876,2.521,0.28,0.875,2.798,1.948,2.914,0.119,2.746,0.003,0.028,4.172,0.01,0.115,0.013,0.289,0.145,0.699,7.54,0.346,4.226,0.049,0.031,4.331,2.466,9.616,0.003,0.906,5.513,0.083,5.882,1.574,0.005,1.339,0.369,0.461,1.338,3.615,0.19,0.004,0.024,1.4,1.814,0.008,0.472,2.73,1.411,4.857,0.575,2.873,0.311,0.143,2.661,0.787,0.085,1.31,0.693,0.448,0.094,0.126,1.04,3.694,6.776,1.195,5.515,6.593,1.289,4.269,1.091,0.23,0.012,0.044,1.168,0.016,3.052,6.834,1.154,3.229,0.191,7.748,0.053,0.04,0.023,6.216,2.556,3.747,1.53,1.312,7.158,0.01,1.135,1.398,1.587,2.356,3.848,2.346,2.547,0.328,0.01,4.301,2.509,0.114,0.96,2.582,0.007,6.474,3.537,3.147,1.084,8.019,0.255,7.435,6.36,4.394,1.095,4.325,0.1,2.062,2.444,2.814,0.11,2.653,2.276,9.008,8.923,8.635,9.506,6.587,1.119,4.588,10.352,0.939,0.169,3.018,7.036,1.848,0.043,4.031,11.381,2.295,1.366,4.088,10.734,12.369,7.551,1.24,7.196,3.017,0.031,3.926,4.993,0.048,7.178,4.139,4.289,1.394,5.119,0.455,0.357,7.117,0.016,1.051,2.025,7.848,3.005,8.525,11.768,2.489,3.926,0.026,4.046,6.911,2.234,0.065,0.185,0.406,0.077,0.284,1.713,1.671,0.505,7.092,1.386,0.813,2.781,0.08,0.01,0.797,5.387,5.357,3.707,2.801,8.361,0.062,2.437,0.507,0.016,2.103,0.172,3.187,5.342,3.743,1.093,0.874,1.361,5.777,0.681,4.889,5.238,0.412,2.911,0.308,2.954,4.553,1.017,6.117,0.134,8.837,0.798,5.638,2.454,5.005,0.966,3.217,0.198,4.094,0.76,4.707,2.359,3.439,0.779,0.176,0.253,7.048,3.229,0.795,2.667,2.049,1.86,0.598,2.239,5.364,6.179
081 ACB-BST-FS D1 Gaba,5.29,0.1,0.126,0.089,4.706,0.0,0.054,0.819,1.862,3.886,0.044,2.8,0.365,3.979,0.023,0.251,0.0,0.046,0.628,4.404,0.0,6.063,5.564,6.401,6.974,4.471,8.126,0.424,0.0,3.12,4.016,0.115,0.021,0.24,6.105,2.982,2.999,0.343,8.607,6.969,0.026,0.0,1.974,0.244,0.667,1.461,0.075,1.837,1.578,0.415,0.371,0.0,0.072,0.05,0.319,0.0,7.269,3.634,7.107,1.228,3.219,0.054,6.018,1.336,0.37,4.936,2.115,7.021,0.022,5.216,4.798,4.315,2.82,3.799,7.734,0.263,0.346,0.138,0.219,2.824,0.963,0.022,0.045,3.344,4.12,4.622,1.906,1.38,1.617,0.023,0.083,2.122,0.0,0.941,0.0,0.0,1.434,1.065,7.466,0.273,0.62,6.531,3.034,8.317,3.73,0.707,0.841,0.428,0.197,2.703,0.823,0.0,4.936,2.632,1.167,0.026,0.0,4.804,6.558,0.873,2.238,0.094,0.03,0.0,0.021,0.518,3.39,0.168,3.254,0.0,0.03,1.236,0.7,0.677,7.449,7.237,5.771,8.495,7.553,1.741,0.816,7.803,9.743,0.338,2.748,0.236,4.908,0.047,5.184,2.63,0.0,0.094,0.073,0.22,0.415,0.109,2.225,5.073,0.648,0.023,3.236,2.623,0.092,0.021,0.468,6.084,10.492,10.175,2.142,7.945,8.655,10.058,7.269,10.771,8.309,2.76,4.202,0.19,1.315,0.205,2.147,2.49,6.431,5.663,2.369,3.323,0.143,3.196,0.774,5.633,0.893,1.88,5.692,0.835,8.382,0.192,1.072,0.47,0.026,0.0,0.586,2.499,0.141,1.51,0.0,6.63,3.708,2.683,4.873,0.099,3.226,4.031,0.109,1.248,1.679,0.076,0.273,3.647,0.0,0.068,0.291,0.0,0.731,0.023,0.347,2.574,5.604,0.044,2.519,8.428,2.634,0.6,0.84,1.479,0.0,10.03,0.054,5.925,0.092,5.52,0.073,3.252,0.783,4.211,3.777,5.819,5.818,0.043,0.0,0.55,2.347,0.115,0.559,0.875,0.098,0.266,0.602,2.519,1.268,0.083,1.899,1.322,0.052,1.148,1.545,0.129,5.99,8.674,2.361,1.751,0.178,1.996,0.138,0.053,3.35,0.087,0.31,0.367,1.785,3.779,5.712,4.131,2.721,0.184,0.564,0.053,4.596,1.375,2.762,2.044,5.454,0.117,3.88,3.896,0.116,0.301,4.45,2.117,2.299,0.243,5.389,1.617,1.32,3.675,6.222,5.005,0.026,0.073,0.844,1.351,2.606,0.22,0.187,0.0,6.554,0.19,0.044,2.908,0.0,1.1,0.24,0.025,7.638,0.688,8.715,6.883,0.151,0.332,6.208,3.977,5.47,7.929,2.519,0.608,0.653,1.427,0.191,0.053,0.0,0.378,0.078,4.738,3.008,3.659,0.069,1.345,4.5,0.418,4.464,0.026,1.954,0.02,0.0,4.106,0.035,0.093,0.022,0.303,0.111,0.871,7.766,0.383,2.892,0.119,0.044,6.692,2.766,9.727,0.033,0.249,8.1,0.022,4.87,1.711,0.0,2.018,0.121,0.939,0.0,0.155,0.102,0.0,0.0,1.982,1.617,0.025,1.777,2.358,1.745,3.351,1.97,4.355,0.158,0.124,2.946,2.101,0.19,0.459,1.157,0.666,0.076,0.021,0.09,4.712,3.293,1.123,5.319,5.495,0.339,2.835,3.306,0.135,0.021,0.022,1.528,0.023,2.6,8.035,0.962,5.579,0.154,7.799,0.0,0.054,0.023,6.561,2.886,6.807,1.891,1.275,6.429,0.043,1.326,0.316,1.701,2.031,3.932,1.378,1.85,0.512,0.0,4.173,2.523,0.226,0.879,2.331,0.0,6.795,3.642,3.403,0.681,8.03,0.213,6.585,6.231,4.27,1.254,4.429,0.103,2.431,1.466,3.1,0.162,2.788,0.942,9.144,8.895,7.207,9.253,7.185,0.628,5.581,10.439,0.971,0.067,1.679,6.549,1.851,0.074,4.16,11.357,3.824,1.29,4.459,11.204,12.085,8.842,1.211,7.437,2.661,0.0,3.819,4.997,0.024,5.784,4.854,4.874,0.881,3.79,0.083,0.056,7.115,0.03,0.551,2.019,7.632,3.123,8.706,10.743,2.465,3.578,0.052,3.663,7.926,2.09,0.251,0.134,0.793,0.0,1.182,2.1,2.373,0.73,3.48,2.653,1.441,1.158,0.051,0.0,0.663,6.458,2.988,7.542,2.178,8.362,0.211,3.73,0.931,0.076,2.547,0.345,5.586,5.936,3.937,2.331,0.211,1.759,3.646,1.303,5.636,5.724,0.714,6.018,0.39,5.744,3.791,1.256,7.167,0.367,7.04,0.986,6.044,2.805,5.308,1.144,3.565,0.047,4.369,0.597,4.415,3.248,3.985,1.177,0.057,0.26,7.068,4.014,0.638,2.525,2.073,2.099,0.534,2.161,5.439,4.003
082 CEA-BST Ebf1 Pdyn Gaba,5.635,0.051,0.445,0.064,4.243,0.025,0.006,1.378,2.25,3.752,0.02,5.287,0.789,4.197,0.006,0.197,0.023,0.052,0.631,3.979,0.025,4.76,5.138,5.313,6.935,4.42,8.215,0.143,0.044,3.552,4.951,0.041,0.03,0.544,6.764,3.655,2.525,0.127,8.395,6.551,0.042,0.0,0.722,0.189,1.402,1.379,0.147,0.72,1.313,0.031,0.341,0.004,1.16,0.021,0.32,0.008,5.142,3.073,6.746,1.572,2.583,0.085,6.237,1.06,0.393,5.159,1.39,5.868,0.025,4.162,5.126,5.598,4.345,4.26,5.9,0.195,0.922,0.11,0.038,1.404,1.627,0.032,0.021,3.875,4.486,3.51,2.18,0.802,1.808,0.024,0.136,1.844,0.034,0.717,0.001,0.205,1.368,0.761,7.663,0.265,1.457,5.972,3.491,7.989,2.292,0.794,0.782,0.3,0.341,2.999,6.307,0.013,4.436,2.924,1.455,0.052,0.004,5.331,7.266,1.116,2.106,0.036,0.029,0.003,0.205,0.593,3.394,0.161,1.894,0.027,0.032,0.808,0.724,0.649,7.014,1.228,5.568,8.438,6.399,1.897,1.945,8.238,9.885,0.283,2.256,0.298,5.678,0.041,1.947,2.998,0.002,0.087,0.099,0.209,0.114,0.068,1.943,5.658,0.962,0.06,2.518,2.107,0.069,0.032,0.82,4.888,10.348,10.198,2.306,8.077,7.748,9.847,6.154,10.059,8.254,2.566,1.425,0.072,1.377,0.118,0.829,2.013,6.076,5.538,1.573,3.975,1.139,3.07,1.02,5.626,1.323,3.242,3.167,0.347,6.37,0.137,0.491,0.598,0.255,0.003,0.52,2.671,0.415,1.17,0.007,5.649,3.665,2.624,3.964,0.619,2.927,2.672,0.112,0.644,2.047,0.195,0.684,4.271,0.026,0.198,0.219,0.009,0.698,0.008,0.263,4.112,5.453,0.019,2.048,8.438,4.794,0.56,0.859,1.792,0.031,8.655,0.03,7.085,0.191,3.728,0.074,4.36,1.918,7.912,4.256,4.827,5.489,0.03,0.01,0.453,3.668,0.081,0.518,0.808,0.034,0.4,0.403,2.426,1.251,0.034,1.007,1.08,0.027,0.674,2.133,0.166,5.388,8.518,2.253,0.693,0.262,2.512,0.139,0.182,3.572,0.07,0.162,0.787,1.304,4.121,5.287,4.613,2.807,0.103,1.346,0.221,3.062,1.276,1.183,1.679,6.651,0.067,4.606,2.962,0.079,0.333,2.897,2.011,1.832,0.233,5.114,2.278,1.367,5.731,7.329,1.582,0.375,0.054,2.544,0.54,2.302,0.104,0.128,0.022,6.861,0.089,0.321,2.785,0.008,1.029,0.548,0.41,4.414,0.911,8.484,5.918,0.251,0.393,6.11,5.033,5.147,6.751,1.716,1.343,0.693,1.521,0.137,0.248,0.071,0.485,0.042,4.839,3.931,5.502,0.139,0.527,3.523,0.318,4.435,0.052,2.01,0.014,0.038,4.486,0.012,0.049,0.017,0.29,0.13,1.156,7.669,0.094,2.971,0.262,0.03,4.301,2.397,9.743,0.008,0.548,7.514,0.078,4.578,1.904,0.012,0.41,0.316,1.769,0.017,0.145,0.2,0.003,0.006,4.112,1.82,0.016,1.149,2.864,1.471,1.814,2.957,2.508,0.164,0.644,2.114,2.841,1.358,1.556,1.841,1.259,0.092,0.092,0.072,6.224,5.022,1.123,5.551,6.752,0.237,4.457,2.568,0.042,0.018,0.044,1.636,0.01,4.161,8.047,0.599,5.682,0.274,8.395,0.92,0.071,0.581,6.092,2.324,5.82,1.771,1.414,6.887,0.009,1.413,0.518,1.979,1.827,4.063,2.468,1.384,0.219,0.008,4.006,2.622,0.109,1.529,1.784,0.003,6.819,3.387,3.123,0.61,8.031,0.26,4.533,6.39,4.631,1.222,4.795,0.112,2.786,2.583,2.872,0.111,2.513,0.625,9.175,8.438,8.835,8.965,5.39,0.842,3.927,10.656,1.438,0.113,2.303,6.496,1.841,0.046,4.681,10.953,3.661,1.551,4.523,11.095,12.069,8.138,1.468,7.474,3.28,0.034,3.721,6.608,0.04,6.376,3.341,4.588,0.803,6.503,0.238,0.034,5.775,0.089,0.451,0.719,8.034,3.272,8.768,10.699,2.549,2.959,0.019,3.626,7.164,2.772,0.058,0.337,0.457,0.013,0.227,2.512,2.697,1.021,3.869,2.247,0.695,1.609,0.056,0.018,1.01,6.267,5.152,7.102,4.327,8.402,0.088,1.954,0.701,0.015,1.947,0.186,4.205,6.943,4.495,1.38,0.073,2.112,5.714,1.765,5.791,5.841,0.352,3.341,1.672,3.178,3.563,2.617,7.084,0.36,3.971,0.811,5.825,3.591,4.902,1.051,3.619,0.048,4.458,0.805,4.337,3.66,4.357,0.881,0.107,0.229,6.95,3.847,0.575,2.708,2.37,1.913,0.549,2.292,5.142,5.73
083 CEA-BST Rai14 Pdyn Crh Gaba,7.028,0.255,0.238,0.094,4.632,0.06,0.021,0.133,0.323,4.937,0.024,1.022,0.299,5.118,0.0,0.175,0.078,0.032,1.149,3.777,0.123,1.095,3.908,5.688,7.036,4.02,7.956,0.094,0.0,3.477,3.9,0.047,0.049,0.861,7.696,1.721,1.442,0.091,9.372,6.094,0.182,0.0,2.935,0.021,0.137,0.096,0.117,1.326,1.596,0.0,0.343,0.062,0.062,0.0,0.141,0.0,1.018,0.558,9.488,0.603,3.297,0.247,6.115,0.938,0.203,5.536,4.066,9.74,0.0,5.0,4.585,6.812,1.99,6.289,6.316,0.114,0.813,0.558,0.366,0.326,4.077,0.05,0.026,1.423,3.258,5.52,1.832,0.905,2.222,0.0,0.052,4.405,0.022,0.719,0.0,0.103,1.522,0.444,7.903,0.299,0.204,5.803,4.328,3.581,0.355,5.434,0.618,0.119,0.443,2.832,0.716,0.0,5.304,4.055,1.756,0.0,0.0,5.356,7.663,0.994,1.447,0.079,0.02,0.021,3.536,0.102,0.428,0.156,0.342,0.0,0.052,0.569,0.402,0.353,6.772,0.542,5.684,8.882,6.671,2.058,0.293,8.319,9.69,0.274,0.63,0.0,6.62,0.045,1.971,1.859,0.0,0.069,0.061,0.07,0.069,0.11,0.491,2.555,0.688,0.04,4.371,5.407,0.142,0.166,0.537,3.25,10.716,10.409,2.683,8.606,7.994,10.549,3.899,10.369,2.964,3.014,1.734,0.103,0.914,0.186,0.215,1.367,7.11,3.705,1.656,3.075,5.367,2.113,1.073,5.474,0.469,3.866,7.834,0.255,2.747,0.453,0.829,0.337,0.081,0.0,0.09,2.241,0.5,1.363,0.021,4.311,3.939,2.615,1.619,0.244,2.95,1.588,0.021,2.908,1.474,2.204,1.892,4.116,0.042,0.143,0.021,0.0,0.124,0.024,1.804,6.083,6.833,0.095,1.185,8.419,5.263,0.183,1.057,0.364,0.0,10.957,0.0,1.523,0.175,6.198,0.072,0.955,0.437,2.395,6.549,9.253,6.715,0.027,0.0,0.708,4.116,0.046,0.508,0.788,0.0,0.385,0.291,1.777,0.141,0.019,0.725,0.816,0.028,0.453,3.028,0.113,3.459,8.214,0.473,0.048,0.324,2.347,0.09,0.044,3.762,0.049,0.165,2.964,0.392,3.523,2.486,4.769,3.405,0.085,0.047,0.22,1.427,0.43,0.28,8.03,7.955,0.064,6.114,7.59,0.0,0.116,0.704,2.347,1.806,0.338,6.788,2.336,0.401,3.587,4.666,1.877,0.335,0.0,0.338,1.261,4.065,0.217,0.069,0.0,6.619,0.067,0.026,0.346,0.021,0.203,5.765,0.118,5.494,1.71,8.85,8.704,0.244,0.348,5.866,5.104,4.808,4.878,0.176,2.041,0.225,0.955,0.143,0.171,0.054,0.219,0.065,7.106,3.921,6.043,0.044,0.148,0.397,0.221,2.227,0.103,0.177,0.0,0.0,4.427,0.0,0.023,0.089,0.19,0.191,0.416,7.432,0.09,0.623,0.0,0.043,2.434,1.96,9.694,0.0,3.75,9.248,0.031,3.713,1.572,0.0,0.572,0.464,0.974,0.0,0.114,0.05,0.0,0.0,1.199,0.174,0.0,2.09,1.925,1.605,1.914,1.294,3.175,0.141,0.158,0.594,1.773,2.364,0.259,0.137,0.438,0.067,0.241,0.0,6.353,6.786,0.855,7.707,7.297,1.686,3.031,2.228,0.0,0.02,0.098,0.656,0.153,3.201,8.846,0.395,3.761,0.0,7.532,0.093,0.08,0.024,6.504,0.428,5.496,1.426,1.364,4.678,0.0,1.99,0.391,1.784,1.732,4.39,0.623,1.314,1.691,0.0,3.15,2.531,0.111,2.754,2.28,0.0,6.726,3.517,4.248,0.248,8.75,0.557,6.844,6.665,5.064,1.517,5.232,0.11,2.475,3.797,2.984,0.143,3.139,0.175,9.214,8.475,10.014,8.589,3.833,1.575,3.221,10.492,1.112,0.113,0.841,6.422,2.095,0.024,4.519,10.394,2.589,1.399,4.652,11.231,12.242,8.42,1.451,8.191,0.433,0.0,4.717,4.759,0.04,7.065,3.186,4.92,1.057,4.579,0.628,0.025,7.382,0.043,0.675,1.039,7.979,4.155,8.825,11.436,2.857,2.97,0.021,3.659,4.109,3.956,0.066,0.546,2.741,0.0,0.0,4.339,3.967,0.057,5.316,8.068,0.073,0.881,0.162,0.022,0.072,5.407,6.419,0.965,3.608,7.885,0.022,1.652,0.23,0.026,3.031,0.116,0.619,2.788,6.509,2.236,0.066,0.951,4.211,2.976,4.111,5.574,0.079,0.611,3.144,3.723,0.363,5.353,2.163,0.0,10.571,1.004,4.763,1.083,5.1,0.877,3.238,0.044,4.112,0.876,4.747,2.719,3.821,0.697,0.047,0.313,7.489,4.087,0.564,2.363,2.147,2.167,0.601,2.41,4.542,5.706
084 BST-SI-AAA Six3 Slc22a3 Gaba,3.314,0.08,0.025,0.092,4.852,0.057,0.0,0.106,3.377,5.168,0.0,4.317,0.967,3.741,0.0,1.509,0.085,0.102,0.951,4.995,0.0,2.9,2.396,6.516,4.868,4.02,2.921,0.324,0.062,3.003,5.678,0.038,0.0,1.151,7.714,3.842,4.205,0.026,8.058,6.898,0.043,0.0,0.473,0.118,0.984,4.062,0.056,0.504,0.633,0.046,1.165,0.018,2.055,0.0,0.078,0.0,8.3,1.868,7.107,2.39,4.053,0.02,6.395,0.839,0.69,1.635,5.528,8.487,0.021,3.424,3.851,6.448,4.586,6.69,7.068,0.217,0.381,0.457,0.021,0.503,0.274,0.125,0.0,2.854,3.413,5.908,1.619,0.042,2.141,0.0,0.327,3.611,0.021,0.672,0.0,0.018,2.506,0.363,7.165,2.392,0.44,6.89,3.336,3.597,2.941,0.635,1.022,0.328,0.243,3.414,0.997,0.0,4.592,1.141,0.391,0.0,0.0,5.495,5.553,0.34,1.274,0.078,0.0,0.038,0.108,0.546,5.803,0.069,8.944,0.0,0.017,0.811,0.299,0.359,6.397,2.44,5.791,8.381,7.568,1.475,0.771,8.789,10.539,0.539,0.62,1.283,6.449,0.077,4.318,1.303,0.0,0.094,0.042,0.351,0.097,0.276,0.763,2.961,0.639,0.081,3.722,2.686,0.412,0.039,2.016,2.735,9.325,9.936,6.613,8.201,6.785,9.612,7.864,10.033,8.877,2.241,4.066,0.564,1.88,0.611,1.295,4.168,5.632,3.438,1.215,3.009,0.574,4.277,0.495,5.661,0.598,2.639,2.035,0.695,7.467,0.307,0.462,1.172,0.07,0.0,0.021,1.147,0.069,3.298,0.02,7.48,3.567,1.518,2.954,2.547,3.604,7.378,0.02,2.725,1.421,0.196,0.597,0.582,0.073,0.244,0.099,0.018,1.732,0.018,0.159,3.712,2.926,0.084,0.698,7.863,3.244,0.347,1.066,1.026,0.0,10.731,0.0,3.049,0.146,5.545,0.29,5.523,1.83,1.959,2.813,6.294,6.923,0.045,0.0,0.484,3.056,0.058,0.716,0.069,0.207,0.235,0.325,1.91,1.191,0.028,4.454,1.474,0.024,0.216,3.028,0.281,7.039,8.51,1.227,0.741,0.139,1.003,0.503,0.078,3.826,0.074,0.296,1.48,1.88,4.112,7.367,3.238,3.088,0.093,0.949,0.085,7.116,1.649,1.638,1.062,4.041,0.074,0.442,2.766,0.051,0.274,1.908,1.359,1.581,0.493,4.591,2.947,5.396,4.354,7.098,7.993,0.067,0.063,0.39,5.436,0.677,0.218,0.089,0.037,4.122,0.13,1.241,2.467,0.168,0.681,0.323,0.168,6.019,0.461,8.195,6.675,0.065,0.165,5.962,1.601,6.422,7.575,3.239,0.095,0.676,2.651,0.213,0.08,0.024,0.7,0.085,5.4,4.311,2.819,0.045,0.956,2.653,1.194,4.892,0.064,5.71,0.0,0.058,4.415,0.0,0.226,0.0,0.218,0.1,1.03,8.455,0.073,3.478,0.0,0.022,2.338,2.478,10.22,0.0,0.449,8.791,0.064,5.087,1.302,0.026,1.887,0.36,0.087,0.023,0.341,0.174,0.0,0.0,2.065,1.31,0.0,1.999,2.527,2.587,5.478,0.276,1.351,0.662,1.565,1.353,0.75,0.672,1.217,1.665,2.651,0.152,0.12,0.474,6.148,5.431,1.035,7.578,6.747,0.596,2.526,0.804,0.04,0.035,0.019,1.746,0.0,4.715,9.867,0.846,5.031,0.038,7.131,0.0,0.094,0.0,6.367,5.325,2.575,1.499,1.669,6.695,0.0,0.912,0.193,1.84,2.643,3.677,4.183,2.087,0.017,0.0,3.967,2.803,0.131,1.742,2.336,0.0,6.871,2.93,3.205,0.564,8.105,0.148,7.922,6.395,4.586,1.166,4.576,0.145,2.067,0.391,3.453,0.035,3.167,2.79,9.01,8.785,7.926,9.818,7.792,0.998,5.049,10.264,1.77,0.366,2.534,6.46,1.987,0.0,5.307,10.778,1.946,1.933,5.219,11.273,12.414,8.171,1.644,7.447,2.3,0.04,3.821,5.341,0.175,6.039,4.043,4.217,0.844,7.205,0.218,0.059,7.964,0.02,0.309,0.587,8.108,2.236,9.051,11.485,2.825,3.711,0.0,3.27,7.455,2.461,0.071,0.151,0.308,0.021,0.025,3.807,3.612,0.217,5.135,0.24,1.511,1.591,0.038,0.0,1.561,6.642,7.241,8.217,1.583,7.896,0.093,3.151,1.567,0.0,3.139,0.08,5.941,5.784,4.303,2.112,0.193,0.212,7.678,0.752,3.83,2.003,0.165,3.421,2.624,8.481,2.046,2.401,8.109,0.293,9.38,0.922,5.59,1.849,5.071,0.836,3.841,0.373,3.763,0.666,4.381,2.087,3.729,1.219,0.279,0.168,6.665,3.694,0.955,3.209,1.908,1.863,0.77,2.573,5.273,6.285
085 SI-MPO-LPO Lhx8 Gaba,2.655,0.069,0.207,0.061,5.118,0.024,0.027,0.076,0.936,4.459,0.013,1.556,0.737,3.932,0.014,0.417,0.396,0.095,0.216,5.444,0.013,2.645,2.501,6.259,3.895,4.141,3.978,0.068,0.374,1.964,3.253,0.239,0.04,2.818,8.937,3.452,1.789,0.112,5.869,6.914,0.041,0.0,0.681,0.238,1.05,2.512,0.0,1.586,0.254,0.097,0.126,0.038,0.055,0.012,0.079,0.013,3.559,1.725,8.426,1.185,3.706,0.0,6.433,0.19,0.674,1.289,6.803,5.732,0.063,1.754,1.937,5.28,6.302,7.527,4.824,0.131,0.351,1.134,0.0,0.719,0.152,0.107,0.0,4.62,3.814,3.517,1.996,0.517,2.157,0.047,0.819,3.196,0.055,0.891,0.0,0.0,2.278,0.47,7.031,0.42,0.17,7.884,1.583,4.524,0.171,0.527,0.983,0.726,0.181,3.312,0.124,0.014,2.132,0.441,0.351,0.08,0.0,5.559,2.143,0.838,1.316,0.056,0.027,0.0,1.194,1.263,5.839,2.141,6.19,0.0,0.0,1.218,0.184,1.086,6.22,7.527,6.003,8.398,7.368,1.584,0.337,9.053,10.183,0.743,4.304,0.221,6.652,0.041,3.464,2.086,0.0,0.075,0.069,0.176,0.056,0.346,1.04,1.105,1.112,0.09,3.618,2.647,0.677,0.076,1.404,1.489,7.415,9.901,6.374,7.77,6.262,9.749,7.518,10.056,4.065,3.054,3.576,0.418,1.4,0.087,2.598,3.647,5.436,3.028,0.908,2.139,0.721,5.022,0.954,5.969,1.264,1.697,2.603,2.539,7.877,0.19,1.677,1.331,1.269,0.012,0.4,1.698,0.055,5.331,0.013,10.28,0.04,1.457,2.674,4.031,3.756,6.319,0.537,0.194,0.533,0.038,0.267,0.197,0.048,7.935,0.107,0.033,4.601,0.016,0.552,8.105,4.12,0.066,0.55,7.312,3.798,1.372,0.137,3.802,0.022,1.23,0.011,1.822,0.241,3.063,0.316,4.202,6.8,4.95,5.224,5.687,2.577,0.014,0.0,0.552,2.193,0.025,0.519,0.417,0.195,0.376,0.287,0.449,0.771,2.282,0.779,1.481,0.219,0.3,3.458,0.209,5.96,8.574,0.677,0.259,0.198,2.534,1.339,0.065,3.466,0.095,0.397,0.178,0.659,4.146,4.318,2.334,0.733,0.12,0.243,0.091,6.327,0.869,2.884,0.815,2.114,0.079,0.216,1.86,0.225,0.245,0.776,1.916,1.746,0.42,5.077,2.662,2.274,5.344,5.532,1.555,0.261,0.026,0.629,3.468,0.188,0.129,0.142,0.047,5.975,0.07,0.022,1.649,0.343,5.972,0.129,0.539,6.508,0.44,7.679,7.877,0.12,0.198,4.388,2.218,6.533,5.362,5.082,1.333,2.709,0.62,0.593,0.487,1.632,0.395,0.059,1.115,5.445,2.011,0.315,0.544,4.98,1.815,3.906,0.432,2.654,0.013,0.0,4.647,0.014,0.185,0.014,0.308,0.257,2.237,8.238,0.152,4.855,0.0,0.031,3.111,3.311,9.813,0.0,4.133,4.782,0.126,3.702,1.639,0.0,0.406,0.519,0.079,0.038,1.984,0.52,0.025,0.026,1.279,0.386,0.013,1.376,2.787,1.221,6.363,0.398,1.94,1.812,0.754,0.644,0.935,0.113,1.845,3.515,1.86,0.157,0.092,0.032,5.703,7.621,2.886,5.069,2.029,0.267,5.025,3.748,0.397,0.037,0.087,0.799,0.024,4.55,8.843,0.08,1.926,0.04,7.473,0.012,0.151,0.117,5.981,6.058,1.703,1.677,1.824,5.956,0.026,0.92,2.134,1.978,2.851,3.365,2.893,1.715,0.798,0.0,4.095,3.375,0.207,0.533,3.735,0.0,6.589,3.256,2.065,0.368,7.42,4.24,6.414,6.326,4.956,1.286,4.752,0.115,2.139,0.217,3.378,0.015,2.971,1.27,9.625,9.025,7.673,9.046,7.049,0.32,5.364,8.374,1.873,0.464,1.633,6.549,1.935,0.089,5.137,10.436,1.528,1.307,5.319,10.931,12.121,8.513,1.726,7.354,4.902,0.012,2.425,3.62,0.161,8.591,4.475,4.37,1.304,2.388,0.092,0.076,9.707,0.016,0.813,1.754,7.816,2.558,9.264,11.696,2.727,5.192,0.035,3.867,7.156,3.051,0.077,0.133,0.808,0.0,0.03,2.961,5.811,1.152,3.352,0.43,3.183,2.663,0.041,0.0,0.669,5.515,5.154,2.754,4.132,7.199,0.34,2.55,2.566,0.039,3.293,0.139,2.843,6.28,4.549,1.63,0.389,0.16,3.472,0.985,5.912,0.779,0.86,1.094,3.199,5.595,4.581,1.593,4.605,0.386,6.74,1.203,5.193,2.054,5.077,0.692,3.77,0.343,3.762,1.006,5.048,2.94,4.214,1.447,0.214,0.256,6.956,4.005,0.537,3.907,2.684,2.516,1.162,3.489,5.592,3.682
087 MPN-MPO-LPO Lhx6 Zfhx3 Gaba,2.568,0.0,1.317,0.075,4.941,0.032,0.0,0.0,1.832,5.455,0.0,5.341,0.721,4.352,0.032,0.598,0.08,0.186,0.112,5.241,0.0,6.868,3.184,5.748,7.493,4.677,0.998,0.194,0.112,1.131,6.191,0.077,0.0,0.713,6.018,6.468,1.09,0.204,7.381,7.045,0.0,0.0,0.159,0.53,0.196,1.831,0.04,0.33,0.34,0.065,0.296,0.03,0.118,0.075,0.039,0.0,7.552,0.754,6.376,2.569,1.189,0.0,6.722,0.085,0.56,0.382,7.093,1.48,0.032,4.121,1.351,5.111,2.904,5.489,7.69,0.336,3.007,0.142,0.0,0.389,0.143,0.0,0.0,1.698,2.341,5.025,1.93,1.37,0.404,0.034,0.033,5.22,0.033,0.72,0.0,0.0,0.522,1.482,7.283,6.426,0.782,7.068,3.219,7.425,0.233,0.298,0.876,0.198,0.113,3.96,0.117,0.0,1.803,0.271,0.083,0.072,0.0,5.823,4.055,3.091,0.552,0.735,0.042,0.0,2.621,0.33,5.059,0.369,4.702,0.0,0.03,0.883,0.305,0.178,7.271,0.757,6.065,8.2,7.721,1.206,1.476,7.765,10.141,0.461,4.024,0.784,6.624,0.0,5.817,4.89,0.0,0.119,0.106,0.311,0.086,0.172,0.386,3.767,0.459,0.069,1.722,2.34,0.107,0.0,1.851,0.223,9.965,9.877,7.001,7.98,3.829,8.331,3.889,9.552,6.964,0.719,5.395,0.039,1.588,0.38,2.112,3.118,4.802,6.104,2.94,2.867,1.388,3.601,0.772,5.613,0.597,0.208,0.791,0.722,4.662,0.138,1.857,5.673,0.129,0.0,0.135,4.928,0.0,2.92,0.0,6.068,0.079,2.095,1.209,5.388,1.696,3.546,0.041,0.038,0.226,0.0,0.612,1.374,0.0,6.946,0.037,0.03,4.063,0.0,0.65,5.764,4.001,0.115,0.396,7.588,3.554,0.194,0.853,0.074,0.073,1.741,0.0,2.095,0.119,3.203,0.544,6.476,5.983,2.041,0.75,4.966,5.909,0.0,0.044,0.334,0.874,0.197,0.551,0.107,0.037,0.525,1.663,0.853,1.068,0.394,6.344,0.465,0.073,0.268,2.481,0.17,7.194,8.878,0.246,0.719,0.102,4.354,0.067,0.188,3.373,0.085,0.355,0.233,1.459,4.115,5.773,2.691,1.065,0.119,0.325,0.068,5.384,1.066,1.96,5.022,2.8,0.0,0.176,1.084,0.0,0.311,0.399,1.57,1.578,0.211,7.568,4.666,0.425,4.481,8.145,2.404,0.038,0.067,2.859,1.453,0.19,0.084,0.423,0.0,4.487,1.16,0.038,3.285,0.034,2.271,0.04,0.11,6.033,0.148,7.777,7.096,0.25,0.223,3.35,4.023,6.657,1.514,4.572,0.068,1.529,1.328,1.4,0.656,0.0,0.588,0.317,2.218,4.552,0.113,0.0,0.111,4.411,1.401,4.113,1.455,3.55,0.063,0.0,5.062,0.038,0.0,0.0,0.343,0.187,1.084,7.614,0.082,4.907,0.0,0.0,6.001,2.772,9.097,0.0,0.115,5.81,0.207,5.934,1.4,0.0,6.008,0.383,0.124,0.037,0.994,0.093,0.0,0.0,1.242,0.575,0.0,0.776,2.024,1.051,2.464,0.16,0.949,1.338,0.45,2.396,0.933,0.496,0.651,0.337,0.118,0.183,0.141,0.0,2.509,3.524,1.53,6.85,7.095,0.107,6.49,7.448,0.0,0.0,0.039,2.265,0.0,1.987,9.411,0.683,0.75,0.0,6.849,0.0,0.069,0.038,5.755,7.046,2.911,1.979,1.524,6.987,0.0,0.957,0.527,1.565,2.592,4.262,2.504,2.031,0.0,0.035,4.705,3.014,0.037,1.808,3.249,0.0,6.895,2.954,2.222,0.676,7.884,0.183,8.24,6.655,4.383,1.205,4.55,0.183,1.63,2.81,3.663,0.0,3.034,2.786,9.033,8.072,6.635,9.51,6.015,0.109,3.273,9.373,1.122,0.075,3.067,7.01,2.544,0.036,4.809,11.602,1.392,1.687,4.46,11.183,12.582,7.583,1.559,6.896,2.864,0.067,2.561,5.654,0.034,6.244,4.539,4.544,0.764,3.777,0.155,0.076,7.633,0.0,0.371,4.408,7.63,2.331,8.367,11.362,3.2,1.901,0.034,2.918,8.732,4.246,0.042,0.0,0.05,0.0,0.0,2.32,1.181,0.163,4.305,0.843,0.2,4.652,0.638,0.0,0.754,6.283,4.651,0.681,5.654,7.372,0.23,0.691,1.742,0.0,1.788,0.0,4.285,8.03,3.044,6.233,0.123,0.107,6.602,0.386,5.256,0.436,0.206,2.54,0.897,0.546,5.627,2.61,3.675,0.191,1.983,1.361,5.885,2.303,5.184,1.06,3.492,0.065,3.821,1.044,3.608,1.951,3.914,0.785,0.19,0.113,6.812,3.735,0.848,2.713,1.81,2.054,0.667,2.436,5.302,5.965
088 BST Tac2 Gaba,3.42,0.121,0.073,0.1,4.936,0.0,0.0,1.388,2.384,5.415,0.0,3.577,1.85,4.283,0.0,0.337,0.031,0.119,0.427,4.727,0.0,1.81,3.517,3.808,6.814,4.457,3.035,0.1,0.0,2.047,4.795,0.03,0.0,0.993,7.1,3.481,3.648,0.077,7.72,6.799,0.108,0.0,0.893,0.031,3.29,2.992,0.028,0.756,1.384,0.0,0.669,0.031,0.208,0.056,0.105,0.0,2.673,2.761,7.638,0.642,1.123,0.077,6.203,0.961,0.744,3.266,0.756,5.853,0.028,4.736,3.774,7.43,5.12,2.764,4.515,0.226,1.022,0.379,0.0,0.269,0.21,0.032,0.0,5.448,3.387,1.544,1.972,0.513,2.751,0.087,0.356,2.223,0.032,0.748,0.0,0.069,2.262,0.833,7.285,4.163,0.09,5.814,1.478,7.773,0.29,1.767,0.376,0.419,0.227,2.733,1.982,0.0,2.868,1.049,0.214,0.101,0.0,5.364,4.14,1.071,0.995,0.0,0.031,0.0,0.133,1.239,4.142,0.323,0.707,0.0,0.066,1.084,0.394,0.378,6.719,0.964,5.975,8.561,7.804,1.492,0.873,8.848,10.159,0.441,4.441,1.467,6.745,0.0,1.023,0.672,0.0,0.128,0.154,0.225,0.03,0.281,2.45,3.973,1.258,0.115,2.645,2.992,0.138,0.0,1.116,5.613,9.308,9.885,6.239,8.208,6.572,9.47,4.984,8.769,4.916,1.122,1.335,0.603,1.391,0.61,0.62,3.615,5.038,4.57,2.795,3.766,0.901,3.879,0.838,6.044,0.585,3.948,0.935,1.163,3.323,0.029,2.873,2.535,0.53,0.0,0.38,3.991,0.082,1.802,0.0,3.688,1.853,1.678,5.656,0.294,2.536,4.834,0.043,0.253,1.189,0.0,0.252,4.859,0.092,0.274,0.181,0.0,0.663,0.158,1.622,3.491,4.066,0.033,0.554,7.888,3.898,0.334,0.731,0.494,0.033,1.819,0.169,4.227,0.04,3.712,0.144,3.935,1.969,4.05,2.116,5.909,4.237,0.077,0.03,0.808,1.844,0.853,0.165,1.888,0.068,1.424,0.198,3.336,1.601,0.028,6.152,0.88,0.107,0.358,2.168,0.097,5.081,8.77,1.569,1.121,0.271,2.298,0.266,0.105,3.671,0.066,0.277,1.064,0.681,4.673,7.132,3.502,5.811,0.0,1.49,0.036,2.629,1.18,1.179,1.349,5.092,0.18,0.648,2.4,0.102,0.554,3.264,1.387,1.982,0.302,5.297,1.776,1.761,4.615,5.854,3.652,0.0,0.206,0.996,3.947,0.299,0.06,0.319,0.163,4.977,0.283,0.035,4.25,0.0,2.308,0.173,0.145,6.802,0.419,7.533,6.681,0.0,0.329,4.246,5.181,6.467,6.456,2.955,0.461,1.123,1.44,0.78,0.032,0.072,0.231,4.116,4.18,4.385,2.043,0.206,0.462,0.821,0.355,2.639,0.245,1.865,0.03,0.0,4.56,0.036,0.578,0.032,0.324,0.094,1.636,7.839,0.213,4.062,0.0,0.063,1.772,2.836,9.94,0.0,0.154,8.323,0.116,4.707,1.274,0.03,0.754,0.419,0.137,0.035,0.036,0.263,0.0,0.0,1.039,1.03,0.031,1.174,2.538,0.721,3.39,1.631,1.677,0.38,2.566,2.868,0.879,7.249,1.952,0.513,0.388,0.091,0.113,0.0,6.113,9.417,1.039,5.439,3.912,0.947,5.829,5.627,0.098,0.063,0.0,0.625,0.0,2.658,8.202,0.972,6.883,0.0,7.389,0.0,0.165,0.0,6.498,7.171,2.445,1.556,1.851,5.95,0.0,0.852,0.464,2.296,2.122,3.974,3.514,1.903,0.204,0.04,4.07,2.865,0.066,0.761,1.009,0.0,6.239,2.918,3.738,0.668,8.311,0.253,6.692,6.287,4.421,1.05,4.542,0.186,1.487,0.1,2.514,0.0,2.221,3.377,9.182,7.928,9.007,9.575,8.943,0.301,4.734,10.674,0.986,0.262,2.284,6.295,1.867,0.1,5.144,10.812,2.912,1.104,4.541,11.269,12.137,8.209,1.203,7.486,1.511,0.0,2.596,7.089,0.032,7.099,3.026,4.481,0.631,4.227,0.119,0.11,7.124,0.068,0.452,0.748,7.953,2.694,8.91,10.705,1.954,4.791,0.032,4.412,6.087,2.729,0.138,0.226,0.113,0.0,0.07,1.725,3.605,0.987,4.179,2.358,1.96,2.975,0.0,0.0,1.591,5.511,7.345,4.755,1.913,8.223,0.072,0.307,1.56,0.0,1.33,0.039,3.735,5.036,4.043,2.539,0.035,0.509,5.833,2.465,7.098,3.25,0.118,2.275,0.682,1.905,3.731,1.836,8.719,0.314,7.745,0.843,5.353,1.709,4.571,0.992,3.865,0.066,4.189,0.846,3.753,3.006,3.942,0.571,0.2,0.287,6.699,4.302,0.734,2.73,2.211,2.35,0.741,2.466,5.287,5.89
090 BST-MPN Six3 Nrgn Gaba,3.868,0.053,0.113,0.058,5.035,0.043,0.0,0.882,1.065,5.693,0.019,3.963,0.53,4.52,0.107,0.381,0.129,0.067,0.494,4.715,0.008,4.558,2.175,4.746,7.673,4.433,0.546,0.236,0.156,2.966,6.235,0.092,0.029,0.167,6.962,4.4,4.806,0.117,8.386,7.034,0.541,0.008,1.968,0.407,2.262,1.021,0.65,1.838,1.846,0.008,0.65,0.009,0.2,0.025,0.153,0.01,5.794,1.287,6.426,1.997,2.078,0.0,6.712,0.8,0.42,2.901,2.026,6.452,0.0,5.303,2.854,0.734,2.573,4.649,5.737,0.246,1.61,1.391,0.048,1.119,0.516,0.01,0.01,4.015,4.3,4.578,2.124,0.113,1.308,0.026,0.181,3.146,0.079,0.763,0.008,0.0,1.768,1.152,7.705,4.736,2.493,8.279,4.761,5.381,0.823,0.265,0.613,0.215,0.128,3.917,0.377,0.024,3.613,1.718,0.552,0.038,0.009,5.834,2.152,0.593,1.447,0.063,0.048,0.02,0.56,0.5,4.371,0.057,4.343,0.008,0.035,0.664,0.386,0.273,7.785,1.491,6.015,8.194,7.739,1.741,2.89,8.237,9.824,1.024,1.122,0.703,5.308,0.059,5.729,2.125,0.0,0.073,0.066,1.181,0.186,0.211,1.193,3.698,0.954,0.021,3.072,2.774,0.066,0.0,2.025,1.208,9.949,9.937,5.511,7.923,7.478,9.626,8.545,10.52,7.711,2.556,1.539,0.042,1.454,0.174,0.939,3.511,5.909,6.085,3.292,2.405,1.338,3.569,0.947,5.631,1.043,1.049,2.611,0.899,4.383,0.22,1.332,2.055,0.075,0.0,0.077,3.325,1.539,2.089,0.016,5.201,5.502,1.973,4.399,1.761,2.725,4.026,0.027,0.869,0.644,0.097,2.754,2.542,0.017,0.15,0.102,0.015,0.276,0.017,0.756,4.522,2.258,0.091,1.402,8.339,5.266,0.182,0.841,1.159,0.018,4.98,0.018,1.668,0.238,4.989,0.064,4.858,1.75,1.566,4.174,5.761,5.421,0.009,0.0,0.533,4.731,0.159,0.806,0.177,0.328,0.102,0.276,1.386,0.888,0.062,6.991,0.907,0.199,0.397,2.353,0.164,7.43,8.972,0.327,0.246,0.292,2.703,0.113,0.1,3.4,0.044,0.445,1.916,1.876,4.38,5.449,3.6,3.428,0.073,0.88,0.186,6.229,1.247,1.499,0.415,5.09,0.036,0.817,2.808,0.085,0.295,1.701,1.894,2.325,0.384,5.83,2.854,2.029,3.33,6.069,3.881,0.073,0.081,3.051,0.246,0.207,0.062,0.254,0.027,7.015,0.168,0.009,1.65,0.096,1.863,1.191,0.486,6.703,0.459,7.765,4.879,0.111,0.246,5.366,4.494,6.424,5.766,2.264,0.492,0.551,2.684,4.095,0.317,0.062,0.58,0.046,6.228,1.725,1.585,0.382,0.141,2.879,1.53,4.94,0.676,2.194,0.016,0.019,4.491,0.008,0.016,0.037,0.253,0.178,0.793,7.707,0.511,4.334,0.065,0.063,5.976,2.292,9.389,0.017,0.544,7.636,0.104,5.579,1.623,0.009,1.658,1.835,0.08,1.906,2.126,0.916,0.0,0.008,3.707,1.54,0.0,0.383,1.948,0.787,3.225,1.964,2.241,1.134,0.671,2.856,0.877,0.066,0.419,0.195,0.464,0.189,0.143,0.169,2.528,3.187,1.417,7.422,7.596,2.047,6.523,2.836,0.387,0.039,0.099,1.034,0.029,5.674,7.652,1.378,2.351,0.047,7.555,0.029,0.038,0.025,6.329,3.636,4.188,1.839,1.654,6.992,0.009,1.086,0.194,1.63,2.352,3.832,4.031,2.006,1.153,0.031,4.781,2.9,0.257,1.294,0.906,0.019,6.501,3.55,3.929,0.623,8.232,0.225,6.417,6.479,4.823,1.074,4.756,0.095,3.269,2.584,3.308,0.017,2.78,4.17,9.098,8.705,7.084,9.288,5.317,0.973,2.996,9.362,1.168,0.18,2.346,6.872,1.954,0.043,4.296,10.418,3.412,1.981,4.84,11.119,12.254,8.579,1.457,7.129,2.097,0.07,4.329,5.94,0.063,7.384,2.466,4.616,1.106,4.334,0.124,0.034,5.899,0.028,1.054,1.92,7.608,3.202,8.5,11.311,2.945,2.849,0.017,3.972,7.838,2.881,0.112,0.131,0.422,0.304,0.039,3.08,1.171,2.098,6.261,0.184,0.331,5.771,0.072,0.0,1.702,4.411,6.752,2.514,3.705,8.458,0.059,0.786,1.972,0.028,1.307,0.12,4.11,3.694,4.126,1.375,1.251,2.174,5.642,2.85,4.139,4.16,0.538,3.735,0.686,1.901,3.258,1.859,6.104,0.097,8.134,0.854,5.527,2.689,5.373,0.985,3.338,0.213,4.119,0.955,4.097,1.914,3.693,0.816,0.053,0.232,6.788,3.784,0.559,2.752,1.993,2.12,0.832,2.38,5.707,5.815
113 MEA-COA-BMA Ccdc42 Glut,5.06,0.051,0.949,0.065,3.63,0.026,0.058,4.081,0.679,3.655,0.021,5.53,0.068,4.58,0.004,1.178,0.013,0.047,0.42,3.744,0.03,3.591,6.133,6.213,7.382,4.291,3.268,4.791,0.337,5.078,5.744,0.035,0.013,0.049,3.083,5.952,4.281,2.036,8.932,7.385,0.561,0.002,1.188,0.383,0.312,0.315,2.728,2.519,3.221,0.023,0.058,0.008,0.228,0.037,0.196,0.013,8.659,1.301,8.421,1.307,4.647,0.014,6.291,1.203,0.308,4.794,0.94,6.513,0.018,5.821,5.396,0.568,5.379,2.475,8.051,0.617,0.456,0.52,0.101,1.359,0.833,0.02,0.017,5.955,5.125,6.065,2.041,0.06,2.185,0.042,0.052,1.979,0.057,0.734,0.002,0.019,1.327,2.915,7.813,0.153,2.235,7.802,5.072,8.403,2.971,0.238,0.737,0.185,0.113,3.119,1.534,0.368,4.096,4.204,1.264,0.113,0.029,5.426,6.134,0.444,1.835,0.038,3.18,0.019,0.062,0.596,4.275,0.305,3.641,0.009,0.039,0.738,0.567,0.675,7.939,1.753,5.607,8.277,8.376,1.671,0.157,1.158,1.692,0.483,2.167,2.079,4.324,0.054,1.322,1.423,0.002,0.075,0.179,1.194,0.637,0.027,0.79,3.572,1.153,0.048,3.994,3.419,0.029,0.028,1.959,1.122,9.731,9.96,3.0,8.16,8.366,10.211,8.228,10.361,6.735,4.049,4.215,0.083,1.392,0.837,0.297,2.034,5.811,5.25,4.139,2.189,1.133,3.07,0.866,4.914,0.284,2.687,1.958,0.48,7.381,0.107,0.434,3.989,0.05,0.003,0.08,2.926,2.015,1.321,0.012,7.77,0.029,2.661,3.582,0.496,1.744,5.665,0.021,2.027,1.869,3.135,4.026,1.713,0.034,0.143,0.062,0.008,0.157,0.009,0.271,3.015,4.337,0.017,3.636,8.692,6.267,0.69,0.562,1.054,0.029,2.541,0.022,1.07,0.336,3.517,0.101,5.855,2.173,6.282,5.881,6.937,5.502,0.38,0.033,0.505,9.004,0.047,0.455,0.275,0.805,1.807,0.29,3.708,1.485,0.032,8.991,0.91,0.153,1.067,2.257,7.543,6.901,8.528,0.406,0.046,0.234,6.948,0.443,0.335,3.178,0.045,0.123,1.983,1.479,4.095,5.731,3.663,4.437,2.098,0.295,0.207,4.905,3.124,2.895,0.495,4.158,0.048,2.487,3.648,0.335,0.338,5.203,1.896,2.349,0.357,7.417,2.93,0.844,3.257,2.097,4.966,0.045,0.036,0.353,0.053,0.961,0.094,0.403,0.011,5.797,0.09,0.153,3.005,0.011,0.558,0.445,0.089,7.315,0.423,8.672,7.017,0.023,0.238,4.509,3.7,6.364,9.098,0.758,0.275,0.907,4.081,3.448,0.234,0.127,0.552,0.238,5.355,3.906,2.972,0.414,0.2,7.712,0.279,3.053,0.367,1.91,0.014,0.864,4.306,0.006,0.012,0.02,8.062,0.604,0.405,0.394,0.621,3.908,0.146,0.022,7.936,1.699,9.503,0.005,1.19,8.087,0.08,5.46,2.073,0.005,2.292,0.4,1.346,0.015,0.11,0.176,0.009,0.007,1.032,2.469,0.009,0.193,2.243,0.359,3.404,0.385,1.155,2.386,0.43,0.22,3.393,0.071,0.194,0.195,0.157,0.917,0.111,0.013,2.069,4.42,1.178,4.806,5.409,4.834,4.933,3.145,0.472,0.022,0.12,5.296,0.019,4.189,7.935,0.616,8.406,0.973,6.655,0.029,0.044,0.014,6.747,2.725,4.754,1.784,1.216,6.199,0.01,1.536,0.48,1.558,1.891,4.032,3.229,2.546,0.048,0.034,4.607,2.442,6.222,0.298,3.079,0.009,6.566,3.813,5.206,1.351,8.554,0.241,6.38,6.216,4.671,1.088,4.44,0.1,2.955,2.563,2.81,0.159,2.497,1.598,8.989,8.588,8.548,8.803,6.086,1.997,3.334,10.422,0.576,0.082,2.414,7.317,1.844,1.163,2.658,11.654,3.477,1.972,4.318,11.532,10.138,7.359,2.003,7.493,2.774,0.06,4.738,3.621,0.047,7.576,4.255,4.579,0.837,5.05,0.076,0.063,4.023,0.052,2.136,1.692,7.998,3.375,8.582,10.655,2.394,4.378,0.014,4.345,6.299,2.386,0.546,0.824,0.081,0.138,0.244,2.4,1.123,0.416,7.546,0.424,0.099,5.468,0.058,0.109,0.462,4.925,6.858,6.298,1.704,8.836,0.021,0.898,0.554,0.013,4.001,0.116,3.803,5.453,4.213,0.63,0.037,2.984,3.686,1.421,5.136,6.411,0.228,4.243,0.258,5.285,2.944,0.516,7.871,0.42,8.211,0.739,4.805,2.714,5.076,1.131,3.516,0.03,4.118,1.105,4.621,3.263,3.799,1.007,0.057,0.27,7.494,3.547,0.466,2.52,2.054,2.165,0.522,2.148,5.738,4.78
114 COAa-PAA-MEA Barhl2 Glut,4.994,0.039,0.343,0.068,4.88,0.022,0.033,2.608,1.546,4.15,0.014,3.852,0.372,4.258,0.029,0.512,0.01,0.192,1.202,3.885,0.009,6.006,4.72,6.351,6.99,4.24,2.692,2.454,0.124,4.432,3.531,0.464,0.024,0.161,4.777,3.527,6.282,0.222,8.54,7.048,0.229,0.002,2.121,0.388,1.399,1.289,0.637,8.466,2.227,0.118,0.585,0.005,0.315,0.027,0.154,0.01,6.944,3.338,6.388,3.723,3.376,0.029,6.348,0.457,0.375,4.287,2.938,5.794,0.018,5.368,4.297,3.726,4.626,4.66,7.666,0.516,0.443,3.816,0.021,2.564,1.035,0.025,0.035,7.241,5.413,5.616,1.998,0.291,2.255,0.025,0.303,3.34,0.123,0.658,0.017,0.012,3.018,1.368,7.671,0.155,1.617,7.484,4.296,6.669,2.53,0.583,1.073,0.317,0.206,3.12,1.602,0.011,5.584,3.502,1.658,0.047,0.085,5.435,1.46,0.784,2.588,0.104,0.174,0.018,0.641,1.533,4.779,0.243,1.833,0.067,0.12,1.861,1.139,0.994,7.352,2.833,5.51,8.302,7.785,1.573,0.636,1.285,1.834,0.677,2.27,2.639,5.315,0.08,1.277,3.379,0.006,0.083,0.19,0.697,0.261,0.09,1.679,1.739,1.683,0.061,4.063,3.407,0.146,0.063,2.015,1.151,9.485,10.012,1.48,8.055,7.986,10.087,6.728,10.087,3.624,4.506,4.005,0.326,1.419,0.435,0.877,3.582,6.427,6.007,2.645,1.99,0.987,4.07,0.771,5.292,1.854,2.194,3.343,3.691,6.979,0.204,0.48,2.299,0.24,0.004,0.082,4.317,0.518,4.456,0.011,9.008,0.039,3.046,4.282,0.877,4.015,3.59,0.168,0.641,2.151,0.367,1.382,0.66,0.027,0.147,0.112,0.014,1.007,0.011,0.276,5.509,4.949,0.116,2.231,8.49,5.321,0.346,0.675,2.867,0.03,8.293,0.02,2.797,0.313,2.832,1.255,5.334,4.831,3.371,5.746,4.648,4.754,0.032,0.02,0.431,7.562,0.051,0.808,0.764,0.44,0.48,0.324,1.909,2.762,0.046,5.451,2.017,3.29,1.345,2.044,5.944,8.164,8.838,0.355,0.09,0.204,6.497,0.435,6.09,3.456,0.042,0.586,1.273,2.524,4.045,5.196,3.963,2.546,0.09,1.162,0.134,4.194,3.816,2.463,2.073,4.588,0.068,1.007,3.961,0.957,0.385,0.835,2.432,2.382,0.488,5.451,2.741,1.449,4.571,5.198,3.201,0.364,0.141,0.211,0.163,0.548,0.194,0.083,0.129,5.034,0.052,0.17,2.054,0.007,4.072,0.512,0.736,6.935,1.256,8.474,7.092,0.122,0.267,5.904,3.748,6.332,8.088,2.215,0.509,0.964,4.731,3.002,0.197,1.008,0.932,0.044,4.534,2.871,4.512,0.559,1.456,5.055,1.026,4.692,0.251,2.927,0.017,0.038,4.279,0.011,0.046,0.021,8.226,1.42,0.964,0.878,0.961,3.576,0.222,0.016,5.086,2.36,9.868,0.005,0.78,8.515,0.103,6.373,1.931,0.002,0.95,2.864,0.337,0.017,0.119,0.376,0.005,0.193,1.299,1.548,0.017,0.418,3.013,0.813,2.94,1.457,5.058,2.134,0.512,0.617,1.12,0.127,2.609,0.581,0.277,3.921,0.137,0.172,2.933,5.754,1.423,4.348,6.842,7.764,4.118,1.508,0.185,0.031,0.949,1.036,0.033,4.209,7.429,0.477,7.109,0.107,6.947,0.031,0.049,0.031,6.684,5.998,2.707,1.597,1.511,5.652,0.011,1.845,0.972,2.205,2.254,3.691,3.566,2.685,0.126,0.017,3.88,2.521,4.166,2.386,2.918,0.099,6.809,3.757,4.136,1.479,8.306,0.278,7.067,6.351,4.564,1.413,4.741,0.103,2.279,1.057,3.072,0.445,2.759,1.065,8.774,8.994,6.226,8.936,5.918,2.75,4.982,10.139,1.149,0.352,3.141,7.373,1.8,5.193,4.954,10.899,2.692,1.55,4.251,11.536,9.715,7.896,1.45,7.557,2.248,0.048,3.558,3.093,0.198,7.317,3.411,4.562,1.035,5.627,0.209,0.153,6.072,0.287,2.669,1.014,8.149,3.314,8.992,10.098,2.526,4.254,0.015,3.769,6.982,2.217,0.737,0.764,0.194,0.06,0.273,1.649,2.23,0.467,6.989,0.964,1.822,4.636,0.066,0.012,0.929,5.141,6.14,3.696,2.417,9.205,0.033,6.379,2.016,0.016,2.978,0.953,2.163,5.61,3.81,2.501,0.12,0.554,4.077,2.808,2.976,6.167,1.674,4.379,2.437,5.566,5.835,0.936,5.412,0.904,7.352,1.026,5.117,2.41,4.961,0.885,3.628,0.151,4.171,0.9,4.678,3.089,3.743,1.087,0.427,0.241,6.904,3.463,0.907,3.055,2.104,2.171,0.64,2.489,5.317,6.206
119 SI-MA-LPO-LHA Skor1 Glut,2.627,0.057,0.252,0.081,4.478,0.041,0.037,0.78,1.508,4.256,0.025,3.538,1.727,3.966,0.017,1.302,0.015,0.061,0.249,4.927,0.017,1.453,2.817,7.002,3.968,4.386,3.35,3.556,1.298,3.647,5.579,0.83,0.02,2.098,6.8,3.058,7.273,0.173,6.812,6.177,0.034,0.0,0.252,0.06,3.32,1.878,0.068,2.607,0.22,0.043,0.401,0.004,0.129,0.02,0.151,0.0,5.296,1.991,7.133,3.219,2.303,0.131,6.767,0.334,0.729,1.238,4.591,4.07,0.025,3.045,1.0,4.28,5.147,6.377,7.295,0.122,1.679,0.886,0.014,0.34,0.27,0.03,0.024,2.007,3.474,3.046,2.095,0.218,0.802,0.058,0.213,2.356,0.061,0.774,0.065,0.016,3.291,1.469,7.142,0.107,0.2,7.644,3.937,2.359,0.912,1.859,1.224,0.965,0.317,3.715,0.346,0.249,3.486,0.759,0.246,0.049,0.04,5.551,2.405,1.31,1.932,0.541,0.957,1.241,0.163,0.344,5.08,0.069,2.045,0.0,0.199,1.183,0.19,0.303,6.602,0.426,5.844,8.351,7.723,1.547,0.123,1.315,3.057,0.278,1.42,0.726,6.257,0.073,0.613,1.801,0.002,0.082,0.082,0.179,0.125,0.104,1.307,1.255,0.883,0.048,3.626,2.728,0.289,0.015,1.315,2.921,9.477,9.545,2.889,7.877,5.68,9.562,9.209,9.652,5.747,2.324,4.035,0.234,1.653,0.658,3.467,4.977,4.976,4.705,0.604,1.753,0.818,4.557,0.917,5.37,1.495,0.753,3.821,1.485,7.516,0.154,1.626,4.179,1.178,0.004,0.12,3.223,0.026,3.915,0.005,6.235,0.015,1.895,1.84,2.875,2.729,3.244,0.649,2.595,0.983,0.03,0.462,1.346,0.028,0.189,0.383,0.011,2.572,0.015,0.589,5.313,4.147,0.02,0.758,8.284,2.821,0.235,0.465,1.109,0.073,6.231,0.012,4.086,0.228,5.162,1.538,6.124,6.734,2.6,1.098,4.332,6.221,0.441,0.464,3.737,4.39,0.052,0.48,2.145,0.167,0.513,0.377,0.684,2.111,0.026,8.664,1.865,0.048,0.447,3.342,6.227,7.218,8.284,1.205,1.544,0.126,3.876,1.422,4.478,3.114,0.047,0.365,0.919,2.457,3.781,3.837,2.911,0.476,0.091,0.456,0.08,2.839,3.319,2.29,1.139,3.897,0.091,0.235,3.473,0.76,0.296,0.475,1.509,1.91,0.589,7.282,2.491,0.686,5.345,6.642,2.151,0.08,0.06,0.272,0.05,0.302,0.596,0.157,0.029,3.731,0.059,0.451,5.035,0.208,2.136,0.048,1.113,5.27,0.237,8.44,8.932,0.044,0.232,3.646,1.856,6.588,7.774,5.193,0.206,0.341,1.349,2.354,0.456,0.147,0.845,0.06,2.498,4.603,4.497,0.492,3.695,2.48,3.296,5.177,1.259,5.939,0.007,0.059,4.863,3.153,0.029,0.042,8.381,0.573,0.826,0.705,0.119,6.039,0.002,0.01,3.331,3.104,9.91,0.045,0.928,6.347,0.117,4.763,1.369,0.002,6.199,0.346,0.031,0.017,0.112,0.104,0.011,0.023,1.191,0.81,0.002,1.251,2.505,0.934,2.7,1.639,1.672,3.797,1.279,1.635,0.68,0.056,2.131,0.279,0.972,4.855,4.567,0.007,5.149,6.006,1.098,6.648,4.24,7.513,4.757,1.333,0.054,0.017,0.044,0.56,0.194,3.368,7.853,1.576,5.872,0.104,5.94,0.018,0.047,0.131,6.203,3.418,0.766,1.67,1.54,5.579,0.018,1.098,5.949,1.505,2.443,3.487,0.924,2.368,2.34,1.24,4.14,2.833,0.347,2.52,2.585,0.002,6.641,3.666,2.513,1.329,7.68,0.639,5.619,6.536,4.713,1.461,4.442,0.187,2.103,0.11,3.669,0.007,3.2,1.342,8.931,7.841,6.349,9.318,6.434,1.14,6.327,9.241,1.177,0.349,2.061,6.565,2.057,0.836,4.286,9.492,0.893,1.76,5.008,11.723,8.792,7.725,1.416,6.968,3.838,0.041,2.496,4.918,0.026,5.169,3.465,4.287,0.682,4.84,0.49,0.31,7.452,0.077,1.314,1.63,7.7,2.294,8.866,10.901,3.073,3.938,0.024,3.286,7.558,1.773,1.167,0.63,0.193,0.017,0.008,2.008,1.324,0.475,2.353,1.84,4.752,1.075,0.095,0.022,1.457,4.079,4.624,3.252,1.854,7.711,1.24,1.232,0.922,0.02,2.261,0.09,2.601,3.308,4.087,2.372,1.451,0.244,4.378,3.151,4.68,0.808,3.41,3.429,3.022,4.423,6.488,2.784,7.57,0.656,7.528,0.931,5.678,1.823,5.133,0.686,3.481,0.268,3.642,0.852,4.078,2.654,3.55,1.141,0.325,0.28,6.807,3.705,0.82,3.459,2.068,1.944,0.844,2.498,5.197,5.072
120 MEA Otp Foxp2 Glut,5.099,0.041,0.139,0.063,4.229,0.009,0.017,1.434,2.161,4.098,0.015,5.753,0.218,4.346,0.004,0.324,0.025,0.058,0.267,4.365,0.012,6.168,6.041,7.115,7.63,4.654,1.584,3.037,0.332,4.696,3.273,0.036,0.011,0.122,6.972,4.078,6.924,4.426,8.671,7.506,0.157,0.0,1.786,0.072,0.542,3.095,0.854,3.133,2.649,0.017,0.056,0.018,0.137,0.021,0.176,0.016,7.692,0.14,8.478,2.653,4.083,0.072,6.073,0.148,0.474,4.918,3.653,5.054,0.023,5.677,5.435,0.442,7.214,2.038,8.1,0.149,0.215,0.448,0.054,2.094,0.36,0.023,0.041,7.703,4.911,5.572,1.97,0.058,2.925,0.04,0.913,1.85,0.043,0.73,0.0,0.079,1.32,2.666,7.575,0.15,1.545,8.675,2.244,6.922,1.209,0.121,0.623,0.102,0.042,2.983,0.178,0.011,3.603,2.735,0.731,0.146,0.004,5.027,1.728,0.241,0.855,0.261,4.487,0.003,0.355,0.406,4.346,0.234,6.695,0.017,0.024,0.325,0.358,0.483,7.03,9.274,5.478,8.439,7.864,1.6,0.263,1.292,1.617,0.523,5.122,0.648,3.138,0.058,1.83,0.58,0.006,0.053,0.054,0.258,0.268,0.416,2.264,1.018,1.666,0.031,4.122,4.674,0.041,0.022,1.664,4.798,9.285,9.729,0.75,8.019,8.105,9.848,6.538,10.121,4.085,2.758,4.58,1.352,1.238,0.168,0.607,2.823,5.128,7.003,4.138,4.334,0.118,2.801,0.757,5.381,1.357,0.648,1.434,4.461,9.192,0.174,1.655,3.551,0.049,0.003,0.094,2.378,0.152,4.007,0.026,9.386,0.028,1.694,5.022,3.111,3.61,6.448,0.013,0.681,2.211,1.57,1.074,3.426,0.031,0.125,0.345,0.018,1.252,0.016,0.151,3.232,5.625,0.021,1.508,8.625,5.436,2.174,0.188,5.714,0.025,0.923,0.025,5.936,0.261,5.866,0.031,2.459,0.797,7.502,5.758,2.012,3.871,0.083,0.124,0.426,9.768,0.095,0.313,0.246,0.397,0.065,0.207,4.205,2.051,0.033,5.927,0.555,0.047,0.531,3.323,7.75,5.936,8.252,2.024,0.117,0.161,4.51,0.395,3.02,3.687,0.016,0.214,1.103,0.728,4.76,6.733,4.321,4.701,7.974,0.06,0.245,5.849,1.911,0.796,1.794,4.902,0.056,0.804,2.548,0.065,0.336,0.888,1.839,1.467,0.471,6.102,3.91,0.832,4.242,5.46,6.55,0.062,0.032,0.7,0.022,2.072,0.129,0.059,0.01,5.597,0.092,0.176,1.938,0.018,2.304,0.202,0.125,7.173,0.869,9.001,9.409,0.054,0.275,4.839,3.702,6.392,10.211,0.732,0.089,0.838,6.04,2.107,0.245,0.188,0.497,0.049,4.566,3.776,9.392,2.289,1.93,7.639,0.236,3.737,0.034,1.431,0.021,0.344,4.06,0.013,0.01,0.017,7.995,0.171,0.595,0.389,2.768,5.083,0.013,0.028,6.591,1.955,9.673,0.003,0.202,8.007,0.051,2.864,2.272,0.003,0.374,0.55,0.182,0.009,0.094,0.353,0.0,0.009,0.943,3.612,0.0,0.411,2.203,0.581,2.167,0.298,1.076,1.476,0.622,0.27,3.068,0.097,2.574,0.292,0.476,0.114,0.095,0.03,6.364,4.143,0.808,4.219,5.474,6.805,6.208,0.684,0.257,0.016,4.288,2.5,0.013,4.733,9.327,0.278,5.367,0.05,7.476,0.049,0.076,0.01,6.277,2.548,5.122,1.621,1.229,5.949,0.004,1.378,0.342,1.729,1.957,3.828,2.209,2.38,0.357,0.134,3.485,2.24,0.889,1.116,2.755,0.003,6.279,2.836,3.521,0.756,8.353,0.399,4.235,6.203,4.439,1.123,4.619,0.085,2.763,1.941,3.04,0.017,2.466,4.109,9.167,8.689,7.229,8.727,2.532,1.135,3.436,10.668,0.976,0.052,1.935,6.963,1.641,0.043,4.044,10.794,3.314,1.648,5.197,11.147,10.311,8.261,1.805,7.62,0.904,0.046,4.686,4.681,0.038,6.204,3.348,4.589,0.691,3.944,0.055,0.09,6.877,0.09,1.749,2.392,8.128,2.978,8.915,10.449,2.122,2.75,0.015,4.074,9.427,3.342,0.149,0.294,0.064,0.027,0.043,3.571,1.861,1.53,6.907,0.225,0.637,5.291,0.038,0.06,1.026,6.256,7.65,6.62,2.525,7.971,0.01,1.123,1.976,0.016,3.654,0.143,4.786,6.109,4.409,1.029,0.103,3.263,2.973,1.587,4.886,6.179,0.897,7.431,2.958,9.386,6.548,0.801,11.076,0.744,7.456,0.999,3.761,0.745,4.78,0.869,3.883,0.023,3.833,0.906,4.708,3.231,4.495,0.835,0.051,0.225,7.2,4.243,0.62,2.579,1.821,2.114,0.574,2.674,5.417,3.301
121 MEA-BST Otp Zic2 Glut,5.13,0.028,0.258,0.086,3.464,0.032,0.026,4.28,0.783,4.966,0.046,1.478,0.296,4.587,0.012,5.414,0.012,0.187,0.29,4.249,0.036,4.977,5.438,6.413,7.187,4.378,2.433,3.555,1.597,5.058,5.114,0.218,0.043,0.238,5.17,6.94,5.66,2.856,8.424,7.19,0.285,0.004,0.404,4.912,1.236,1.847,0.225,0.603,1.466,0.02,0.322,0.007,0.978,0.039,0.112,0.004,7.431,2.158,8.48,1.635,3.955,0.128,6.325,0.368,0.402,3.162,3.448,3.761,0.037,4.271,4.513,3.958,5.92,4.823,8.675,0.391,1.072,0.827,0.061,0.948,2.409,0.021,0.004,4.292,5.071,6.28,1.93,0.064,1.608,0.032,0.149,2.732,0.023,0.764,0.004,0.012,1.803,2.401,7.525,0.193,1.659,7.83,4.004,6.58,0.173,0.613,0.495,0.089,0.109,3.174,1.105,1.255,3.306,2.325,0.769,0.099,0.008,5.371,4.525,0.76,1.149,0.037,2.697,0.011,0.853,0.674,3.854,0.144,0.473,0.026,0.027,0.426,0.333,0.271,7.609,2.448,5.683,8.403,8.184,1.779,0.195,1.195,1.744,0.341,3.572,0.802,6.489,0.074,4.072,1.129,0.017,0.08,0.07,0.182,0.337,0.125,1.074,4.74,1.25,0.05,3.02,3.93,0.048,0.048,1.262,1.057,8.911,10.09,2.492,8.05,8.855,9.948,7.988,10.896,6.236,2.571,3.591,0.088,1.237,0.673,3.284,2.566,5.322,4.175,3.232,2.573,0.278,3.275,0.731,5.084,1.076,3.095,2.283,0.567,6.309,0.122,0.356,1.721,0.147,0.0,0.087,4.922,0.215,1.283,0.015,5.992,0.029,1.687,4.354,0.823,2.189,4.679,0.019,0.923,1.37,0.353,1.635,1.724,0.037,0.19,0.305,0.025,0.62,0.009,1.255,3.787,3.701,0.1,3.668,8.374,5.404,1.114,0.715,3.035,0.055,0.949,0.015,4.119,0.439,3.686,0.062,5.071,1.363,5.036,5.239,4.475,4.49,0.845,0.732,1.083,8.645,0.1,0.427,0.35,1.331,0.679,0.294,3.606,2.267,0.026,5.661,0.717,0.078,0.622,2.68,6.036,8.491,8.576,0.802,0.158,0.215,7.072,2.203,0.645,3.365,0.065,0.234,0.649,0.684,3.912,3.597,3.872,4.354,7.282,0.083,0.136,5.104,3.592,4.054,0.928,6.576,0.073,0.159,3.791,1.6,0.211,1.205,1.89,1.592,0.508,7.887,3.858,1.14,3.776,3.601,6.701,0.142,0.072,0.886,0.027,0.503,0.222,0.219,0.004,6.862,0.161,0.069,2.663,0.024,3.048,0.423,0.15,7.407,0.212,8.359,8.042,0.098,0.365,5.91,2.871,5.609,9.448,1.35,1.473,0.659,5.626,2.265,0.294,0.029,0.617,0.057,5.169,2.95,2.132,0.527,0.082,7.526,0.289,7.888,0.049,2.728,0.011,6.488,4.256,0.0,0.017,0.063,7.965,1.66,0.836,0.654,2.092,3.127,0.033,0.024,6.346,1.925,9.435,0.016,3.219,7.097,0.097,4.481,1.996,0.018,1.14,0.35,0.368,0.024,0.134,0.946,0.004,0.003,0.999,2.031,0.011,0.599,2.001,2.264,4.567,0.537,5.709,2.008,0.656,0.485,2.278,0.103,1.597,0.502,0.374,0.1,0.112,0.02,2.367,5.217,2.146,3.372,5.062,6.545,6.511,3.052,0.22,0.044,0.874,6.032,0.017,3.238,8.714,0.262,9.444,0.028,6.149,0.037,0.036,0.034,6.816,2.195,2.673,1.801,1.211,7.039,0.025,1.805,5.735,1.512,2.017,3.8,2.333,2.669,5.504,3.528,4.746,2.361,5.929,0.891,1.443,0.034,6.181,3.36,4.492,1.035,8.315,0.54,5.426,6.417,4.444,1.396,4.235,0.11,2.285,2.275,2.698,0.027,2.486,5.496,8.917,8.901,9.748,9.81,3.079,1.24,3.808,10.909,1.118,0.114,1.638,6.875,1.713,0.069,3.45,11.254,4.328,1.718,4.616,11.329,9.795,7.419,1.662,7.458,1.86,0.077,3.509,3.642,0.061,7.779,3.228,4.713,0.665,5.443,0.133,0.021,5.338,0.264,1.752,2.972,7.707,3.156,8.65,10.6,2.327,3.225,0.019,4.696,6.556,5.082,0.185,0.355,0.294,0.029,0.049,3.45,1.472,0.616,7.964,0.265,0.08,5.172,0.03,0.009,2.519,6.131,8.364,4.247,2.65,8.31,0.083,0.226,2.478,0.02,2.983,0.217,3.747,4.734,3.092,4.156,0.064,3.138,4.263,1.119,5.042,5.532,0.915,2.857,0.988,2.122,7.575,1.462,4.889,0.489,5.623,0.887,4.437,1.271,5.076,1.195,3.371,0.08,3.988,0.885,4.356,3.031,3.17,0.878,0.029,0.253,7.491,3.37,0.416,2.317,1.812,2.217,0.645,2.289,5.344,5.479
122 LHA-MEA Otp Glut,4.462,0.066,0.185,0.067,3.566,0.038,0.006,3.591,1.544,4.682,0.006,4.919,0.341,4.068,0.026,4.296,0.035,0.069,0.219,4.47,0.013,3.116,4.11,5.053,7.904,4.506,0.718,4.567,0.707,3.698,6.123,0.029,0.222,0.019,4.855,4.453,7.007,1.283,8.018,7.301,0.137,0.0,0.249,3.732,2.264,3.271,0.189,1.686,2.322,0.008,1.664,0.023,0.5,0.056,0.067,0.0,7.221,4.134,7.155,2.512,3.026,0.187,6.396,0.611,0.393,3.421,4.249,1.994,0.017,5.413,1.455,4.354,6.0,4.582,6.563,0.789,0.51,0.827,0.006,1.357,0.453,0.027,0.032,4.887,4.733,2.231,1.881,0.32,0.854,0.019,0.033,2.622,0.058,0.583,0.0,0.026,2.031,1.539,7.706,0.121,1.731,7.339,3.407,6.92,0.391,0.135,0.608,0.071,0.374,3.064,1.986,0.897,3.657,1.755,0.741,0.053,0.007,5.438,4.303,0.618,1.175,0.066,0.137,0.0,0.167,0.628,4.631,0.145,2.844,0.02,0.039,0.54,0.26,0.214,7.538,1.305,5.872,8.345,7.883,1.698,1.758,1.23,3.079,0.508,3.288,2.266,6.42,0.034,2.491,2.321,0.0,0.04,0.07,0.337,0.428,0.063,1.248,6.991,1.52,0.067,3.171,3.816,0.054,0.046,0.752,2.099,8.626,9.872,1.607,7.679,8.467,9.971,7.94,10.468,6.926,2.672,2.467,0.067,1.486,0.394,1.414,2.675,4.772,4.047,3.579,2.207,1.064,3.518,0.787,5.306,1.036,1.28,3.73,0.577,5.855,0.113,1.47,2.381,0.085,0.012,0.152,3.894,0.537,1.571,0.0,7.646,0.048,1.548,4.812,0.9,1.906,1.58,0.0,0.513,1.035,0.281,1.613,2.125,0.02,0.161,0.087,0.012,1.615,0.013,0.631,2.436,3.994,0.05,2.249,8.391,5.028,0.926,1.126,3.279,0.029,1.026,0.033,2.126,0.296,3.74,0.168,4.513,1.916,6.307,3.842,5.569,4.37,0.031,0.0,0.472,7.982,0.319,0.426,0.175,0.935,0.826,0.252,2.901,1.514,0.007,3.802,0.732,0.088,0.594,2.266,5.89,8.633,8.69,0.201,0.137,0.126,4.171,0.338,0.456,3.259,0.05,0.781,1.055,0.958,4.001,6.929,3.792,4.112,7.85,0.093,0.107,7.192,2.796,1.692,1.502,4.833,0.043,1.774,3.183,0.255,0.42,5.386,1.538,1.784,0.399,6.649,2.523,1.803,4.382,6.243,8.58,0.073,0.07,0.367,0.213,0.252,0.086,0.112,0.014,5.618,0.087,0.038,4.306,0.013,2.391,0.412,0.146,6.561,0.655,8.03,9.104,0.1,0.383,5.22,4.393,6.449,9.278,2.381,0.193,0.451,6.386,2.221,0.323,0.034,0.763,0.042,5.159,2.04,1.597,1.117,0.932,6.367,0.899,6.815,0.07,2.409,0.007,7.491,4.221,0.007,0.02,0.028,8.025,0.106,0.728,0.649,1.647,4.601,0.013,0.019,6.485,2.005,9.107,0.018,0.123,6.811,0.117,4.951,1.809,0.0,0.736,0.429,0.154,0.023,0.14,0.672,0.0,0.024,0.883,1.5,0.028,0.449,2.236,1.735,6.547,0.218,5.95,1.933,0.282,1.408,1.271,0.048,3.767,0.196,0.336,0.165,0.094,0.013,4.606,3.713,1.163,6.786,5.14,6.16,6.968,3.665,0.82,0.017,0.781,4.765,0.024,3.184,8.753,0.883,8.89,0.048,8.064,0.006,0.041,0.0,6.382,5.515,2.033,1.908,1.36,7.184,0.0,1.346,3.558,1.425,2.589,3.918,3.807,1.608,1.448,0.693,4.548,2.586,5.769,0.675,0.802,0.006,6.487,2.6,3.482,0.853,8.054,0.169,7.045,6.39,4.45,1.304,4.149,0.113,1.633,3.074,2.944,0.021,2.24,3.309,9.02,8.679,8.628,9.3,6.672,1.033,4.073,10.374,1.237,0.092,2.271,6.683,1.829,0.048,3.838,11.016,3.408,1.038,4.297,11.435,10.438,8.094,1.803,7.358,2.946,0.061,3.281,4.411,0.042,8.23,2.381,4.597,0.878,5.332,0.168,0.108,6.313,0.058,2.934,2.182,7.555,3.137,8.589,10.106,2.214,4.104,0.027,4.706,7.244,4.168,0.51,0.212,0.116,0.019,0.009,1.736,2.083,0.87,7.273,1.58,1.592,5.244,0.044,0.007,0.877,6.697,7.555,6.284,3.45,8.515,0.037,0.69,2.296,0.0,2.992,0.103,6.644,5.259,3.406,3.993,0.285,2.238,3.031,2.513,4.185,5.871,0.259,4.913,0.75,5.081,8.036,0.971,7.11,0.427,4.604,0.853,5.221,1.245,4.819,1.081,3.041,0.112,4.214,0.85,3.648,3.355,3.237,0.733,0.049,0.234,6.915,3.552,0.6,2.579,2.124,2.179,0.642,2.338,5.408,5.374
133 PVH-SO-PVa Otp Glut,1.035,0.036,0.249,0.067,4.24,0.109,0.0,1.191,1.979,6.316,0.0,5.872,0.064,4.028,0.0,8.181,0.0,0.0,0.892,6.16,0.035,0.871,1.429,6.009,6.989,4.761,4.717,0.076,0.477,1.291,5.336,0.0,5.33,0.891,4.0,6.612,1.086,3.847,5.916,6.607,0.031,0.0,0.246,1.595,0.031,0.336,0.0,0.613,0.149,0.0,0.074,0.0,0.2,0.035,0.178,0.0,7.533,0.242,6.848,0.518,8.074,0.0,6.064,0.071,0.031,0.506,3.864,0.612,0.0,2.578,5.263,4.568,7.862,4.729,9.637,0.332,0.682,0.12,0.0,0.115,0.035,0.041,0.066,2.661,0.859,0.647,3.347,0.077,0.069,0.0,0.033,1.419,0.0,1.163,0.0,0.0,0.959,3.253,7.648,0.037,2.032,7.461,1.864,9.735,0.263,0.0,1.771,0.408,0.449,4.436,0.335,8.195,5.638,0.445,0.122,0.0,0.033,6.215,7.973,1.302,0.971,0.076,1.174,3.342,0.17,0.345,5.008,0.109,8.835,0.0,0.07,3.959,2.99,3.8,8.455,8.763,6.788,8.147,6.659,2.069,0.319,1.432,1.979,0.707,0.583,2.744,4.584,0.032,0.067,0.528,0.0,0.114,0.037,0.045,0.038,0.114,2.904,1.379,0.246,0.0,2.314,0.32,0.042,0.029,1.236,0.526,8.56,8.642,0.162,7.424,1.565,9.094,1.037,6.746,8.196,0.555,2.533,0.103,1.903,0.109,0.136,3.42,4.621,4.851,1.763,1.147,0.252,5.404,1.151,7.999,0.277,0.324,0.701,1.238,1.15,0.067,4.044,2.126,0.038,0.0,0.185,1.201,0.04,0.261,0.046,6.932,0.094,4.377,0.856,4.805,1.334,2.665,0.081,0.102,1.28,0.037,0.298,0.151,0.037,0.074,0.103,0.0,0.551,0.0,0.199,9.016,4.237,0.069,0.821,8.211,5.673,0.182,1.111,3.524,0.031,1.133,0.0,0.326,0.505,0.431,0.841,3.425,1.477,8.186,2.276,5.509,6.565,0.12,0.0,0.421,2.677,0.031,1.259,0.275,0.191,0.372,0.251,0.167,0.152,0.028,5.0,1.231,0.154,1.206,1.767,6.832,0.966,8.661,0.0,0.075,0.075,6.45,0.474,0.457,3.298,0.0,1.04,0.111,1.402,4.218,1.188,2.911,2.141,7.959,0.07,0.186,9.67,7.493,0.85,0.264,1.414,0.032,8.061,2.836,0.338,0.865,0.495,1.968,0.722,0.097,5.843,5.341,0.889,5.226,5.141,6.172,3.224,0.247,0.257,0.072,0.069,1.384,1.257,0.0,6.668,0.501,0.033,0.42,0.0,4.711,0.221,1.672,7.4,0.208,5.661,9.842,0.152,0.331,6.417,5.24,6.583,8.418,1.436,0.567,2.499,0.943,0.234,0.077,0.135,0.442,0.0,2.244,1.786,0.932,0.273,1.868,5.592,0.757,4.079,4.125,1.221,0.0,8.957,4.562,0.036,0.0,0.036,6.868,0.079,1.304,0.531,0.168,4.067,0.0,0.0,9.426,4.781,7.911,0.907,0.208,6.599,0.066,5.087,3.64,0.0,0.487,0.321,0.172,0.0,0.105,0.34,0.0,0.0,1.398,0.806,0.0,0.369,2.559,0.586,6.904,0.156,1.462,4.192,1.007,0.222,6.185,0.033,0.0,3.707,3.445,0.074,0.072,0.536,3.9,2.679,2.469,3.559,0.625,3.98,6.264,0.891,0.0,0.0,0.278,0.176,0.0,0.492,7.122,0.987,1.699,0.035,8.645,0.0,0.14,0.104,7.186,0.905,4.469,2.104,1.954,8.149,0.073,1.015,7.368,1.614,2.158,3.515,5.119,3.441,0.0,0.0,4.548,2.798,0.608,0.081,1.595,0.0,6.373,2.963,4.504,2.972,7.208,0.609,4.233,6.088,5.452,2.126,4.435,0.177,2.528,0.359,4.71,0.214,3.295,2.965,9.374,9.301,7.439,7.786,8.815,0.139,8.778,10.591,2.203,1.556,7.294,6.988,2.352,0.0,4.601,11.118,0.537,1.112,4.674,10.149,6.63,6.811,1.025,7.299,1.615,0.0,3.126,6.81,0.14,4.037,1.002,2.753,1.567,1.346,0.0,0.151,5.43,0.04,4.363,0.576,7.139,2.565,8.467,8.534,3.892,1.753,0.0,2.42,10.247,1.845,2.506,0.449,0.157,0.0,0.0,3.435,0.3,0.361,1.926,0.086,0.038,7.05,0.032,0.031,0.178,5.233,8.266,1.09,3.313,7.545,0.22,0.142,1.295,0.0,1.795,0.04,5.736,3.086,3.474,5.584,0.137,0.33,3.265,6.44,7.523,0.441,0.391,0.719,0.389,6.483,4.149,5.807,1.876,0.95,10.804,1.465,5.04,0.635,5.596,0.916,3.955,0.038,4.373,0.804,4.34,1.745,3.698,0.755,0.169,0.149,6.076,3.714,1.245,1.552,2.537,1.913,0.882,3.002,4.706,5.273
318 Astro-NT NN,0.123,0.06,0.717,8.495,1.525,0.136,0.027,0.237,0.207,6.517,0.073,2.559,0.217,1.757,0.01,2.313,0.149,7.902,0.027,3.528,0.024,0.31,1.852,2.462,0.428,2.056,0.171,0.045,0.037,3.15,0.618,0.121,0.008,0.021,3.044,0.261,0.211,0.06,0.771,9.195,0.055,0.005,0.109,0.011,0.025,0.05,0.005,0.179,0.032,0.016,0.035,0.047,0.154,0.067,0.083,0.018,1.709,8.548,1.179,0.723,0.103,0.005,5.147,0.019,0.153,0.086,0.048,0.135,0.113,6.443,0.09,0.142,0.103,0.094,0.228,0.532,0.048,0.023,0.675,0.877,0.083,0.008,0.01,0.161,0.904,0.307,1.693,0.021,0.016,0.207,0.037,0.965,0.006,0.652,0.02,0.021,0.621,2.106,2.692,0.139,0.035,4.392,0.951,4.053,0.023,0.016,0.521,0.014,0.013,1.594,0.117,0.019,0.72,0.104,0.038,0.055,0.007,3.294,0.384,2.485,4.287,1.205,0.011,0.088,0.029,0.023,0.588,0.016,0.135,0.021,0.083,0.5,0.067,0.065,6.066,0.234,3.173,6.896,9.024,1.207,0.022,0.627,0.851,0.128,0.046,0.009,0.773,1.88,0.161,0.098,1.203,0.338,7.411,0.065,0.02,1.853,5.457,0.102,0.015,0.178,0.041,0.069,0.051,0.037,0.084,0.078,10.023,10.074,0.134,0.569,0.24,5.8,0.196,3.298,0.324,1.175,1.334,2.113,0.909,0.005,0.022,2.77,1.451,0.315,3.894,0.112,0.089,3.793,0.105,4.676,0.014,0.03,0.71,0.02,0.414,0.012,1.027,7.452,0.015,0.019,0.095,1.996,0.021,1.246,0.039,0.873,0.015,0.962,0.207,0.037,1.4,0.193,0.032,0.494,0.236,0.014,0.096,0.055,0.139,0.07,0.162,0.059,0.185,0.042,1.474,1.165,8.078,0.008,0.138,6.633,2.459,0.01,0.007,0.453,0.097,5.474,0.041,0.346,0.116,0.762,0.233,0.114,0.07,0.309,0.196,0.196,0.629,0.012,0.005,8.875,0.226,0.028,0.029,0.035,0.006,0.019,0.155,0.037,0.051,2.17,5.085,0.246,0.068,0.031,0.194,0.17,0.284,10.581,0.067,0.028,9.451,0.088,0.009,0.019,3.479,0.113,0.008,0.003,0.024,0.075,0.085,0.093,0.174,0.033,0.021,0.014,0.373,0.025,0.189,0.112,7.433,0.24,0.059,0.782,0.338,0.153,0.182,1.445,2.8,0.136,0.49,0.065,1.086,0.175,0.111,0.089,0.106,0.32,0.044,0.096,1.089,0.074,0.668,0.001,1.885,0.304,0.005,0.145,0.023,0.297,0.164,0.211,0.235,0.014,0.394,1.594,0.007,7.878,0.299,0.352,0.318,5.797,0.063,0.639,9.569,0.128,0.03,0.005,0.015,0.134,0.057,0.078,1.697,0.088,0.078,0.031,0.253,1.115,1.183,0.08,1.615,0.078,0.011,2.366,0.012,0.021,0.017,0.109,0.086,0.02,0.193,8.952,0.097,0.002,0.032,0.325,1.753,1.249,0.008,2.371,0.221,0.293,1.074,0.743,0.02,7.742,8.858,3.784,0.008,0.055,0.197,0.039,0.007,0.478,0.055,0.001,1.095,2.041,0.207,0.954,0.044,0.229,0.104,0.072,0.033,0.253,0.036,0.029,0.029,0.781,0.018,7.567,0.005,3.274,0.157,3.778,6.131,0.16,0.076,0.463,6.555,0.009,0.141,0.013,0.054,0.008,0.056,3.274,0.12,0.984,0.016,0.288,0.006,0.03,0.026,2.993,0.125,2.033,0.784,0.928,0.507,0.016,0.587,0.283,0.568,3.792,1.665,7.494,4.876,0.052,0.093,0.255,0.9,0.043,1.396,1.297,0.016,4.507,3.006,3.017,1.219,0.841,0.018,0.181,2.812,3.052,1.088,4.654,0.287,3.561,0.049,1.944,0.011,2.611,0.056,9.663,1.027,0.543,0.736,3.599,0.019,8.408,0.912,1.462,0.393,1.591,2.441,0.922,0.022,0.818,10.717,5.93,3.443,2.98,12.647,7.091,6.578,0.733,0.786,0.136,3.437,5.88,0.201,0.165,0.537,0.211,0.423,0.248,12.259,0.029,0.024,10.016,0.004,0.052,0.234,0.645,1.007,1.23,1.519,2.151,0.249,0.07,5.205,10.636,0.105,0.028,1.219,0.012,0.121,0.004,0.879,0.101,0.043,0.125,0.041,0.016,0.157,1.493,0.001,0.046,0.121,8.951,0.272,9.019,5.316,1.026,4.615,0.043,0.01,0.057,0.313,8.408,0.227,0.15,2.285,0.047,7.765,4.027,0.283,0.601,0.108,0.104,7.912,0.017,1.648,0.079,0.177,12.022,0.048,0.333,0.439,2.446,4.018,5.695,0.167,2.544,3.44,2.039,0.614,2.014,0.178,1.552,0.735,0.031,0.39,3.575,1.771,0.354,1.24,1.059,0.874,0.614,0.963,0.237,5.277
319 Astro-TE NN,0.271,0.197,0.159,8.357,1.683,0.065,0.027,0.193,0.21,5.529,0.058,2.991,0.679,1.865,0.006,1.244,0.068,7.712,0.191,3.807,0.035,0.205,0.807,1.745,0.234,1.971,0.292,0.207,0.074,3.262,0.305,0.08,0.001,0.023,1.992,0.331,0.201,0.094,1.945,7.788,0.087,0.002,0.077,0.016,0.129,0.05,0.004,0.951,0.095,0.039,0.025,0.038,0.291,0.046,0.101,0.015,1.479,7.846,3.506,0.751,0.13,0.003,5.162,0.02,0.199,0.232,0.065,0.354,0.084,8.117,0.235,0.688,0.119,0.172,0.217,0.575,0.075,0.074,0.513,0.928,0.16,0.05,0.043,0.249,0.395,0.43,1.764,0.034,0.044,0.149,0.007,0.91,0.01,0.567,0.081,0.017,0.942,5.101,3.523,0.117,0.052,4.004,0.948,2.785,0.024,0.013,1.466,0.058,0.036,1.513,0.087,0.01,1.34,0.51,0.087,0.046,0.074,3.32,1.96,2.358,4.778,1.2,0.007,1.158,0.035,0.108,0.75,0.007,0.598,0.018,0.089,0.85,0.092,0.084,3.964,0.393,3.288,7.512,7.491,1.344,0.016,0.698,0.725,0.151,0.102,0.006,1.154,1.495,3.666,0.203,0.792,0.149,8.307,0.075,0.042,1.993,6.806,0.052,0.013,0.136,0.087,0.171,0.1,0.029,0.109,0.08,2.606,9.558,0.251,1.011,0.833,5.44,0.281,2.114,0.406,0.842,1.152,5.144,0.846,0.013,0.021,3.491,2.283,0.311,2.586,0.225,0.417,3.858,0.175,4.444,0.025,0.033,0.591,0.065,0.278,0.094,1.989,7.489,0.04,0.011,0.146,2.405,0.098,2.006,0.035,0.647,0.005,1.015,0.796,0.073,0.65,0.311,0.02,0.585,0.458,0.013,0.162,0.166,0.109,0.087,0.179,0.049,3.745,0.028,0.574,1.398,7.431,0.027,0.191,6.867,1.97,0.008,0.015,1.312,0.057,8.2,0.034,1.576,0.193,0.668,0.123,0.166,0.042,0.357,0.138,0.201,0.615,0.152,0.223,9.331,0.152,0.024,0.112,0.075,0.04,0.105,0.426,0.061,0.042,4.086,3.1,0.67,0.236,0.157,0.247,0.804,0.425,10.376,0.038,0.087,8.688,0.169,0.103,0.014,3.334,0.085,0.021,0.01,0.019,0.067,0.088,0.128,0.184,0.018,0.015,0.013,0.149,0.067,0.302,0.103,7.825,0.175,0.066,0.912,1.356,0.112,0.125,2.128,2.69,0.148,0.533,0.11,1.526,0.294,0.156,0.097,0.084,0.271,0.04,0.107,0.998,0.098,0.56,0.004,1.246,0.093,0.002,0.179,0.065,0.355,0.196,0.148,0.38,0.123,0.8,2.717,0.053,7.87,0.69,0.394,0.401,7.865,0.076,0.463,10.372,0.237,0.063,0.053,0.051,0.143,0.276,0.042,1.43,0.113,0.046,0.082,0.326,1.345,2.474,0.976,1.262,0.068,0.003,2.578,0.006,0.031,0.053,0.059,1.186,0.02,0.175,8.354,0.095,0.003,0.029,0.345,1.917,2.557,0.007,1.923,0.39,0.183,1.687,0.73,0.02,7.879,8.257,3.232,0.01,0.049,0.281,0.039,0.007,0.699,0.067,0.001,1.027,2.241,0.328,0.247,0.017,0.389,0.496,0.035,0.073,0.186,0.04,0.03,0.031,0.916,0.242,7.387,0.005,1.643,0.155,3.986,6.652,0.226,0.076,0.264,7.679,0.1,0.109,0.012,0.048,0.002,0.068,1.173,0.403,4.447,0.005,0.234,0.005,0.212,0.044,3.164,0.099,1.609,0.747,1.028,0.516,0.027,0.517,0.194,0.593,2.691,1.895,7.62,5.422,1.024,0.707,0.197,0.659,0.071,0.851,1.131,0.01,4.944,3.285,2.764,1.376,1.094,0.033,0.237,2.734,3.044,1.106,4.925,0.222,3.732,0.045,2.338,0.022,2.545,0.035,9.907,1.003,1.104,0.915,2.284,0.072,10.68,1.222,1.213,0.304,2.495,3.07,0.931,0.015,0.796,10.664,5.614,3.87,3.47,12.718,5.031,2.779,0.88,2.589,0.254,4.213,5.35,0.227,0.163,0.536,0.243,0.42,0.59,13.176,0.149,0.013,9.425,0.051,0.058,0.14,1.367,1.136,1.67,2.851,2.431,0.403,0.058,4.286,11.268,0.086,0.069,2.45,0.021,0.228,0.01,0.652,0.07,0.034,0.092,0.039,0.012,0.096,0.278,0.006,0.07,0.16,11.459,0.287,9.423,3.122,1.554,2.953,0.047,0.012,0.065,0.351,8.901,0.41,0.2,1.979,0.025,3.965,5.328,0.942,0.799,0.25,0.398,3.986,0.026,0.723,0.147,0.162,10.052,0.163,0.352,0.496,2.499,4.25,5.326,0.23,2.709,3.171,2.119,0.53,2.007,0.357,1.495,1.047,0.061,0.39,3.608,1.668,0.241,1.288,0.918,0.938,0.525,1.065,0.401,5.876
326 OPC NN,1.106,0.054,2.453,0.494,2.0,0.098,0.026,0.581,1.392,6.445,0.059,2.929,0.504,2.512,0.014,0.478,0.618,0.463,0.086,3.623,0.031,1.112,4.67,3.052,0.421,2.772,0.849,0.111,0.548,1.239,2.717,8.491,1.62,0.275,2.448,0.359,1.557,7.148,1.345,3.266,0.059,0.003,0.103,0.261,0.082,0.108,0.005,0.556,0.068,0.018,0.363,0.033,0.055,0.039,0.087,0.007,8.876,8.133,3.443,6.171,0.318,0.002,4.708,0.065,0.502,1.454,1.081,1.201,0.082,0.824,0.185,1.353,6.867,0.781,4.128,5.932,0.222,0.229,0.011,0.212,0.131,0.031,0.045,0.269,0.29,4.611,1.23,0.05,0.126,8.787,0.028,4.428,0.404,0.621,0.004,0.015,0.279,0.32,3.354,0.097,1.514,7.331,3.846,9.485,0.029,0.025,1.218,0.16,0.148,1.64,4.869,0.008,2.368,0.299,0.057,0.045,0.03,4.485,2.004,6.211,7.084,0.894,0.012,0.031,0.095,0.502,2.755,0.118,6.669,0.007,0.292,1.163,0.897,0.077,5.015,1.607,3.889,5.276,5.274,1.723,0.151,3.222,1.173,0.321,0.56,0.011,0.69,0.089,6.785,1.754,0.013,8.008,0.067,0.151,0.059,0.778,6.197,0.121,0.022,9.295,0.114,0.43,0.064,0.045,0.067,0.111,4.611,9.59,5.908,2.27,0.559,1.278,0.378,9.386,0.637,3.24,2.781,0.418,1.04,0.052,0.07,2.566,3.419,1.092,1.716,0.172,0.129,5.033,0.406,4.993,0.014,0.044,1.528,0.106,0.558,0.044,4.848,5.045,0.027,0.014,0.537,0.796,0.053,5.711,0.025,7.996,0.014,1.677,5.452,0.932,0.59,3.935,0.087,0.113,0.719,0.017,0.14,0.113,0.099,0.091,0.338,0.039,2.334,0.022,1.819,3.405,2.597,0.025,0.538,6.794,3.32,0.14,0.061,0.813,0.051,4.921,0.027,1.365,0.157,5.358,0.123,0.431,0.344,0.417,1.21,0.517,3.965,0.086,0.1,8.631,0.257,0.025,0.084,0.063,0.015,0.827,0.421,0.049,0.061,1.286,2.828,3.179,0.179,0.456,0.66,0.717,3.096,9.123,0.075,0.02,0.902,0.919,0.055,0.286,3.668,0.082,0.121,0.013,0.03,2.666,0.124,0.836,0.143,0.032,0.015,0.022,1.903,0.245,2.079,0.086,8.549,10.769,0.099,6.648,0.1,0.134,0.193,0.822,2.441,0.16,3.765,0.406,0.118,1.141,2.21,2.701,3.3,0.104,0.053,6.579,0.103,0.135,2.437,0.008,5.335,0.252,0.006,1.584,0.109,0.333,0.171,0.05,0.51,0.068,0.803,6.192,0.223,4.559,0.511,2.544,0.788,0.236,1.081,2.479,4.167,3.06,0.026,0.039,0.031,0.462,0.127,0.142,1.136,0.251,7.589,2.79,8.018,7.345,7.023,0.329,4.382,0.055,0.017,2.557,0.01,0.018,0.025,0.119,0.545,0.474,0.235,0.153,3.887,0.089,0.029,1.53,2.982,5.908,0.009,0.084,8.242,8.84,4.748,1.922,0.015,9.688,10.539,6.86,0.019,0.071,0.088,0.018,0.007,0.636,0.142,0.001,0.825,1.377,0.143,1.49,0.036,0.388,0.806,0.058,1.574,1.502,0.048,0.063,0.064,5.607,0.139,5.227,0.004,7.9,6.461,2.416,4.777,8.571,6.702,4.521,7.937,0.037,0.096,0.018,0.067,0.005,0.159,6.815,0.039,8.431,0.013,4.862,0.011,0.104,1.357,4.674,0.087,0.503,0.897,1.219,0.363,0.172,0.774,6.518,1.253,2.33,2.067,8.479,3.286,0.118,0.006,1.162,1.921,0.067,0.1,0.369,0.01,5.004,1.769,1.932,0.93,2.638,1.868,1.222,4.785,3.535,0.833,1.644,0.222,1.256,0.073,1.992,0.029,2.4,0.246,8.953,6.886,8.808,9.764,9.36,0.046,1.024,8.007,1.21,0.807,5.78,5.88,1.27,0.023,4.06,12.129,0.567,1.271,2.822,12.418,11.113,8.892,1.047,3.054,1.17,0.052,3.089,0.58,0.114,0.691,6.184,1.587,0.029,8.926,0.071,2.121,8.133,0.112,0.04,4.509,3.723,1.106,2.559,4.678,2.491,0.372,0.052,4.332,10.191,1.099,0.085,9.255,0.05,0.023,0.005,1.144,4.641,4.469,0.23,0.062,1.131,0.275,0.738,0.006,0.282,3.452,10.929,2.959,9.822,10.124,3.245,2.781,0.819,0.024,0.416,1.335,9.333,7.102,0.575,5.492,0.172,5.217,5.913,7.45,1.676,0.21,0.047,8.736,0.042,7.854,0.398,1.147,5.424,0.669,0.677,0.132,2.562,3.794,4.576,0.235,1.379,2.813,3.27,0.487,3.339,0.399,1.857,1.616,0.063,0.284,5.974,1.563,0.617,1.772,1.028,1.002,1.076,1.52,1.107,7.499
327 Oligo NN,0.273,2.964,0.055,0.446,1.275,0.065,0.028,2.117,5.464,0.785,0.054,0.296,0.246,2.409,0.005,0.136,0.027,0.372,1.706,1.861,0.029,0.305,6.118,5.318,0.539,1.931,0.405,0.092,0.303,0.582,0.22,0.499,0.01,0.034,0.262,0.445,0.291,0.418,1.779,1.493,0.066,0.003,0.141,0.043,0.137,0.079,0.007,0.599,0.069,0.02,0.029,0.024,0.152,0.031,0.097,0.009,1.565,7.86,0.428,2.327,0.149,0.004,3.724,0.023,0.051,0.191,0.081,0.311,0.076,8.2,0.303,0.279,0.535,0.169,0.338,5.9,0.055,0.066,0.01,0.683,0.147,0.037,0.122,0.317,0.312,0.204,1.055,0.041,0.044,0.54,0.132,2.676,0.016,0.523,0.005,0.015,0.949,0.207,1.586,0.104,0.081,2.059,7.305,2.635,0.036,0.101,0.858,0.014,0.016,0.835,0.166,0.009,0.907,0.323,0.063,0.019,0.016,4.009,2.629,6.642,0.783,0.214,0.023,0.04,0.024,0.087,0.183,0.013,5.82,0.004,0.079,0.267,0.087,0.066,6.18,0.387,4.822,5.444,0.691,1.377,0.023,0.978,1.259,0.554,0.083,0.01,0.907,0.231,2.934,0.127,0.024,9.344,0.07,0.057,0.039,0.271,6.479,0.135,0.021,1.642,0.088,0.131,0.011,0.015,0.021,0.137,1.736,3.356,0.579,0.929,0.627,1.27,0.348,1.86,0.615,0.166,0.417,0.1,1.032,0.014,0.024,1.294,2.216,0.702,0.14,0.181,0.12,4.108,0.394,4.018,0.022,0.052,0.507,0.059,0.613,0.002,1.405,0.596,0.031,0.012,0.09,0.281,0.058,0.453,0.023,0.444,0.012,0.565,0.328,0.067,0.422,0.597,0.442,0.098,0.312,0.028,0.065,0.13,0.093,0.109,0.081,0.04,1.824,0.023,0.134,0.815,0.272,0.015,1.024,9.725,12.119,0.014,0.024,0.084,0.041,2.352,0.03,0.43,0.098,0.335,0.134,0.171,0.486,0.39,0.375,0.274,0.728,0.076,0.092,6.378,0.353,0.013,0.067,0.049,0.017,0.061,0.269,0.056,0.071,0.101,0.621,1.266,0.117,0.182,0.262,0.256,1.222,2.367,0.092,0.022,0.61,0.157,0.053,0.028,4.396,7.134,0.052,0.015,0.034,0.118,0.149,0.294,0.179,0.042,0.02,0.014,3.959,0.065,0.275,0.078,0.357,0.191,0.105,0.487,0.543,0.091,0.249,1.387,0.383,0.074,1.539,0.072,0.044,0.294,0.224,0.207,1.935,0.053,0.071,3.466,0.18,0.075,6.47,0.001,0.436,0.028,0.008,0.115,0.14,0.528,0.041,0.025,0.485,0.076,0.832,0.671,0.033,0.185,0.515,0.207,0.339,0.329,0.256,0.128,0.541,0.241,0.031,0.033,0.038,0.03,0.155,0.102,0.216,0.13,1.495,0.363,1.884,0.606,7.721,0.218,0.141,0.05,0.015,2.698,0.011,0.025,0.009,0.154,0.61,0.035,0.281,0.177,0.391,0.002,0.025,0.334,2.522,2.472,0.008,0.044,2.501,8.326,0.413,1.117,0.021,1.048,1.334,5.609,0.014,0.078,0.064,0.022,0.003,0.71,0.045,0.001,0.357,1.074,0.056,0.097,0.029,3.46,0.13,0.035,0.069,0.54,0.051,0.042,0.1,4.563,0.137,4.135,0.006,3.774,0.343,0.97,2.844,3.713,4.138,0.269,0.877,0.048,0.087,0.025,0.086,0.007,0.092,0.615,0.049,0.538,0.016,0.659,0.008,0.1,0.071,2.603,0.134,0.52,0.864,0.877,0.378,0.018,1.045,9.988,0.9,0.247,1.623,2.144,2.36,0.048,0.007,0.154,0.517,0.078,0.047,0.064,0.011,4.334,0.992,2.799,0.432,1.147,0.05,0.402,4.825,3.926,0.871,1.977,0.167,0.842,1.13,3.235,0.029,2.556,0.066,8.711,0.887,1.443,5.635,0.784,0.046,8.499,5.242,1.101,0.197,4.054,7.537,1.217,0.023,1.921,7.643,0.163,0.586,2.116,4.58,3.596,0.865,0.255,8.201,0.282,0.06,1.199,0.334,0.11,0.817,5.303,0.212,0.086,4.623,0.079,0.407,6.145,0.025,0.047,0.089,1.844,0.286,1.813,2.887,2.453,0.449,0.043,2.728,9.458,0.294,0.399,3.847,0.02,0.009,0.011,2.648,0.146,2.943,0.206,0.054,0.024,0.152,6.154,0.002,3.372,0.26,3.894,0.782,3.245,2.324,0.91,3.873,0.06,0.007,0.078,0.07,3.03,0.713,0.192,4.081,0.346,0.209,10.543,0.188,3.527,0.247,0.026,0.866,0.022,0.335,0.287,0.061,1.092,0.049,0.541,0.512,3.704,1.266,4.867,0.028,0.984,0.107,1.976,0.314,2.344,2.288,1.012,1.127,0.026,0.564,4.459,1.547,0.846,1.179,0.335,0.823,0.355,0.834,0.402,4.166
330 VLMC NN,0.318,7.162,0.297,0.358,0.942,0.153,0.38,3.722,0.168,0.326,0.099,3.625,0.049,3.127,7.508,1.186,0.031,0.114,0.195,2.795,0.014,6.093,0.202,3.829,1.439,1.811,0.378,0.151,0.602,1.766,2.907,0.7,0.0,0.0,0.174,0.324,0.118,6.373,1.767,2.366,0.248,1.629,0.099,0.018,0.115,0.069,0.0,0.657,0.03,7.517,0.032,0.016,0.169,0.121,0.2,0.159,0.415,0.264,0.873,0.074,0.1,0.0,5.313,0.016,0.91,0.643,0.064,0.41,0.118,1.182,0.254,0.182,0.101,0.049,0.248,3.978,1.011,0.049,8.974,6.833,5.044,0.0,0.032,0.268,0.177,2.687,1.751,0.0,0.033,0.329,0.017,0.499,0.0,0.751,7.27,10.884,2.89,1.368,2.839,0.098,0.0,0.437,1.829,3.597,0.016,0.0,5.173,0.22,0.343,0.964,1.896,0.014,9.228,0.683,0.034,0.084,0.018,4.675,0.553,4.433,2.019,0.153,0.032,0.102,0.072,3.233,0.175,0.0,4.277,4.797,0.367,7.597,6.133,0.807,9.212,5.532,3.104,2.89,0.668,1.303,0.049,0.63,0.794,2.976,0.0,0.0,1.23,0.13,0.252,0.111,5.501,0.109,2.979,0.229,0.047,0.067,5.08,0.017,0.016,0.118,0.049,0.168,0.0,0.017,0.069,1.244,1.133,1.709,0.244,0.77,0.732,1.13,0.233,1.207,0.359,0.141,0.148,0.147,0.988,0.032,0.0,3.192,1.381,3.079,0.076,0.225,0.199,2.204,0.256,6.481,0.017,0.064,0.411,0.034,0.344,0.082,2.807,0.899,0.857,10.69,5.751,2.482,0.676,0.246,0.035,0.645,0.0,8.54,0.082,0.051,2.661,0.115,0.215,0.357,0.947,0.0,0.075,0.262,0.236,0.048,0.051,0.107,3.37,0.0,7.566,6.007,1.487,0.0,0.675,7.779,2.072,0.0,0.015,0.899,0.193,0.573,2.965,0.496,0.282,0.248,4.59,0.106,0.049,4.668,0.3,0.286,0.422,0.083,0.113,7.861,0.336,0.35,0.102,0.029,0.326,0.102,0.327,1.599,0.048,0.047,9.69,3.508,0.354,0.731,1.578,0.252,3.977,3.409,0.077,0.017,0.502,0.195,0.115,0.791,0.152,0.127,0.096,0.017,0.033,0.089,0.135,0.627,0.046,0.0,0.033,0.251,4.136,0.016,2.092,0.048,6.227,9.794,0.064,4.544,8.67,0.273,0.138,2.554,2.549,0.437,0.825,0.031,0.016,0.313,0.131,0.083,3.788,0.015,0.031,0.152,0.133,0.135,0.213,0.031,3.632,0.018,0.237,0.965,0.016,0.252,4.164,0.083,0.287,0.087,0.86,9.403,0.396,0.096,0.674,0.315,0.249,0.253,1.509,8.734,0.414,0.188,0.068,0.128,0.033,4.532,0.35,0.084,0.881,0.792,0.475,0.115,4.042,0.135,3.766,0.688,0.016,0.052,0.03,3.051,0.0,0.065,5.725,0.051,0.832,0.016,0.12,0.18,0.106,0.012,0.048,0.369,3.215,2.097,0.03,0.164,0.37,0.266,0.113,0.556,0.085,2.391,1.116,0.588,0.018,0.035,0.059,0.082,6.973,0.738,0.139,0.017,0.84,3.078,0.027,0.147,0.036,0.331,0.132,0.0,0.098,0.213,0.064,0.033,0.273,3.272,0.138,5.951,0.0,1.06,0.171,3.326,0.887,0.287,0.086,0.081,0.367,0.054,0.098,0.016,0.017,0.0,0.047,4.965,0.158,6.148,0.02,0.149,0.0,0.15,0.0,4.285,0.132,0.897,0.773,0.78,0.237,0.268,0.772,6.38,0.746,0.352,1.525,2.857,4.65,9.259,6.297,0.228,5.319,0.066,2.274,0.033,0.133,4.328,2.348,2.534,5.105,1.1,0.219,0.318,3.982,2.821,1.172,2.376,0.232,3.136,0.032,3.1,0.271,1.386,0.049,6.352,0.569,5.691,1.173,0.294,0.129,0.797,1.055,1.975,6.511,7.26,9.365,0.928,0.033,0.05,2.11,2.096,2.717,4.102,2.864,2.795,8.494,0.312,0.803,0.065,7.967,3.961,0.198,0.13,0.666,2.863,0.607,1.605,2.703,0.118,0.016,2.007,1.319,0.18,7.259,1.022,1.022,1.278,2.41,1.951,0.369,8.513,4.4,11.729,0.049,0.1,6.241,0.204,4.484,0.151,1.409,0.115,1.773,0.066,0.034,0.0,0.151,0.209,0.0,0.353,0.199,0.978,0.174,6.432,8.614,0.885,0.668,0.053,0.0,5.919,5.971,0.992,0.391,0.47,2.575,0.133,0.523,7.51,0.034,0.095,0.268,0.37,2.564,0.0,0.345,0.114,1.133,2.069,2.602,0.455,0.236,2.917,4.603,5.847,0.249,1.042,5.061,2.332,0.847,5.617,2.07,3.312,0.432,0.015,0.37,5.063,2.673,0.775,2.305,0.353,0.657,0.609,0.987,0.081,5.813
331 Peri NN,0.313,2.662,3.898,0.326,0.902,0.119,0.515,0.048,0.252,1.661,0.109,0.522,0.213,2.498,0.0,0.765,7.759,0.278,0.23,1.91,0.033,8.255,0.158,4.668,1.254,1.375,0.341,0.13,1.436,0.439,1.224,0.071,0.013,0.028,0.198,0.345,0.184,1.818,1.795,2.765,5.893,6.938,0.096,0.026,0.112,0.051,0.0,0.87,0.078,0.437,0.0,0.047,0.15,0.025,0.086,0.042,0.452,0.202,2.276,0.472,0.102,0.0,3.755,0.013,0.225,0.253,0.091,0.285,0.191,0.381,0.152,0.289,0.14,0.096,0.282,8.545,0.052,0.026,0.032,1.093,0.195,0.027,0.059,0.262,0.236,0.172,0.977,0.073,0.052,7.915,0.008,0.562,0.025,0.506,0.041,0.64,0.15,0.575,1.769,0.04,0.033,0.435,0.979,0.482,0.055,0.019,2.661,0.037,0.022,0.467,11.12,0.106,2.993,0.519,0.085,5.122,0.007,3.5,0.599,4.176,1.534,0.033,0.007,0.034,0.129,1.571,0.151,0.013,0.216,0.021,0.308,2.545,1.572,0.138,9.117,1.25,2.848,2.144,0.619,1.332,0.013,0.996,0.92,0.681,0.108,0.0,1.065,0.137,0.341,3.409,0.073,0.134,1.318,0.078,0.054,0.013,3.284,0.039,0.066,0.147,0.091,0.11,0.007,0.02,0.006,0.095,1.279,1.887,0.231,0.831,1.09,1.213,0.279,1.395,0.362,0.093,7.453,0.158,0.631,0.02,0.014,1.409,0.954,1.129,0.084,0.251,0.111,1.589,0.031,3.737,0.007,0.052,0.335,0.058,0.33,0.0,1.695,0.417,0.054,4.345,0.179,0.236,0.086,0.159,0.027,9.599,0.0,2.699,0.112,0.127,0.513,0.113,0.268,2.391,0.193,0.013,0.041,0.129,0.21,0.093,0.019,0.113,0.193,0.039,0.472,3.667,0.172,0.064,0.118,7.86,2.594,0.014,0.019,0.218,0.104,0.805,6.253,0.478,0.151,0.168,0.086,6.362,0.079,0.321,0.137,0.171,0.138,0.13,0.165,1.826,0.242,1.614,0.081,0.039,0.072,0.069,0.361,2.346,0.052,0.031,8.964,1.218,0.079,0.15,1.909,0.313,1.092,1.523,1.318,0.027,0.428,0.204,0.082,0.588,0.167,0.117,0.053,0.007,0.026,0.219,0.073,0.116,0.183,0.072,0.0,0.014,2.129,0.046,0.379,0.019,5.906,0.16,0.071,8.954,3.303,0.095,0.167,1.612,2.214,0.161,7.921,0.032,0.064,0.219,0.255,0.099,2.909,0.05,0.071,0.096,0.117,0.078,0.09,0.006,0.228,0.014,0.006,0.195,0.055,0.138,0.163,0.051,0.433,0.074,0.92,9.047,0.046,0.105,9.48,0.158,0.257,0.191,2.286,6.847,1.838,0.196,0.041,0.044,0.041,7.687,0.323,0.136,0.617,0.116,0.074,0.085,5.044,0.123,1.005,0.012,0.103,0.113,0.019,1.99,0.006,0.033,0.012,0.11,0.998,0.033,0.268,0.129,0.052,0.033,1.635,0.21,1.761,2.333,0.033,8.555,0.313,0.185,0.214,0.287,0.022,8.728,1.815,0.161,0.006,0.053,0.021,0.033,0.855,0.758,0.111,0.0,0.629,3.049,0.012,0.066,0.02,0.365,0.186,0.027,0.071,0.27,0.051,0.035,0.05,0.469,0.255,3.339,0.0,3.204,0.142,1.961,0.872,0.23,0.054,0.156,0.311,0.079,0.163,0.033,0.073,0.013,5.402,2.148,0.031,6.832,0.012,0.26,0.0,0.13,0.006,2.764,0.129,0.524,0.702,0.702,0.248,0.649,1.179,0.27,0.416,0.064,1.043,0.346,3.456,8.531,1.979,0.079,0.099,0.066,0.365,0.079,0.032,4.042,1.477,0.15,3.606,1.028,0.178,0.184,3.511,2.507,1.014,1.924,0.322,2.125,0.019,2.335,0.019,1.414,0.04,5.759,0.427,1.152,1.135,0.33,0.066,10.291,10.954,0.763,2.291,3.282,6.859,0.597,0.019,0.164,2.3,1.56,2.172,2.874,2.973,3.052,0.768,0.414,0.741,0.154,10.985,2.111,0.176,12.086,0.647,0.416,0.128,4.339,3.523,0.135,0.276,0.871,0.034,0.056,0.199,0.945,0.666,1.292,2.838,1.836,0.374,10.87,3.228,11.235,0.49,0.403,5.119,0.007,0.73,0.0,0.472,0.059,0.02,0.104,0.041,0.006,0.083,0.057,0.0,0.031,7.403,0.866,0.291,8.558,7.935,0.018,0.262,0.02,0.0,9.606,8.128,1.744,0.419,0.787,0.861,0.257,9.85,10.965,0.033,0.111,0.318,0.021,0.434,0.174,0.333,0.194,8.526,0.756,0.027,0.473,0.186,3.042,1.944,4.533,0.052,0.717,5.003,1.945,0.402,1.393,3.405,1.214,0.327,0.027,0.246,7.105,1.725,0.41,1.754,0.11,0.639,0.252,0.579,0.097,2.214
332 SMC NN,0.258,0.078,4.908,0.211,1.011,11.625,0.28,0.543,7.016,0.61,0.151,0.277,0.198,2.523,0.015,5.502,6.673,0.172,0.446,1.685,0.023,8.07,0.137,6.8,0.482,1.941,0.16,0.126,0.163,1.845,0.773,0.097,0.006,0.024,0.135,0.348,0.242,2.247,1.242,7.99,1.43,7.479,0.092,0.012,0.051,0.024,0.0,0.544,0.052,3.707,0.044,0.071,0.21,0.036,0.127,1.888,0.541,0.217,2.079,5.987,0.085,0.0,4.289,0.013,0.143,0.196,0.043,0.191,0.245,0.256,0.11,0.183,0.101,0.072,0.229,8.338,0.032,0.155,0.028,0.167,0.199,0.019,0.019,0.179,0.163,0.193,2.079,0.006,0.042,7.878,0.011,0.619,0.012,0.743,0.007,0.056,0.18,0.341,1.366,0.078,0.006,0.431,0.776,0.307,0.747,0.024,7.638,0.123,0.134,0.759,10.771,0.38,8.246,0.557,0.042,0.269,0.013,3.923,0.521,2.444,0.582,0.045,0.006,0.026,0.067,0.17,0.133,0.0,0.156,0.735,1.127,9.772,4.682,3.9,8.387,0.895,2.998,2.043,0.407,1.446,0.013,0.649,0.856,1.279,0.32,0.012,0.608,0.147,0.092,3.659,0.082,0.173,0.654,0.056,0.012,0.019,5.01,0.053,0.019,0.188,0.027,0.119,0.0,0.029,0.049,0.073,1.126,1.514,0.122,0.616,0.453,0.929,0.234,0.989,0.186,0.109,8.421,0.091,0.914,0.311,0.005,2.56,2.324,0.458,0.06,0.103,0.088,1.501,0.143,3.557,0.019,2.006,0.269,0.038,0.351,0.006,0.588,0.936,0.075,0.528,2.675,1.884,0.043,0.076,0.035,7.995,0.006,9.119,0.098,0.232,0.48,0.136,0.121,4.663,0.216,0.018,0.035,0.117,0.153,0.05,0.196,0.108,0.084,0.042,3.291,5.796,1.189,0.191,0.727,8.099,2.077,0.005,0.017,0.384,0.059,0.519,7.194,0.335,1.416,0.078,0.036,6.545,0.036,0.251,0.145,0.213,0.246,0.083,0.055,4.966,0.196,0.272,0.482,2.659,0.147,0.039,0.161,7.124,0.03,0.025,8.727,8.088,3.741,3.165,4.726,0.192,0.623,1.277,0.208,0.012,0.478,0.112,0.08,0.066,0.099,0.099,0.066,0.012,0.022,0.067,0.084,0.132,0.104,0.036,0.012,0.012,7.603,0.051,0.17,0.033,0.788,0.219,0.048,3.198,6.327,0.175,0.173,2.765,1.936,0.091,7.149,0.036,0.38,0.291,0.119,0.082,3.857,8.839,0.029,0.153,0.127,0.06,0.078,0.18,0.16,0.036,0.006,0.182,0.012,0.102,0.303,0.586,0.36,0.075,0.559,8.608,0.006,0.104,9.443,0.095,0.152,0.247,7.129,6.519,0.406,0.181,0.102,0.027,0.027,6.113,0.232,0.067,1.025,0.06,0.042,0.031,5.694,0.363,0.346,0.09,0.106,0.042,0.012,2.349,0.006,0.012,0.008,0.079,0.601,0.025,0.148,0.13,0.048,0.0,1.181,0.225,1.693,1.737,5.111,7.788,0.282,0.278,0.156,0.363,0.06,9.497,7.363,0.118,0.02,0.06,0.011,0.041,0.032,0.517,0.056,0.0,0.38,3.532,0.012,0.067,0.035,0.225,0.123,0.094,0.047,0.12,0.037,0.017,0.054,2.503,0.109,3.605,0.006,2.827,0.136,3.681,1.307,0.176,0.042,0.114,0.248,0.032,0.103,0.018,0.038,0.006,1.92,0.985,0.082,2.176,0.011,0.248,0.013,0.064,0.493,3.076,0.129,1.065,0.592,0.652,0.258,0.159,1.39,0.167,0.73,0.365,0.89,0.905,2.892,6.272,2.789,0.035,0.112,0.031,0.234,0.093,0.029,2.301,1.482,0.661,8.839,0.799,0.039,0.244,3.539,3.324,1.256,2.506,0.346,2.348,0.051,2.773,0.769,1.124,0.018,6.282,0.321,0.673,0.728,0.158,0.049,1.063,3.064,0.995,5.828,7.877,8.775,0.481,0.0,0.124,1.831,1.767,1.618,2.895,2.539,2.221,5.792,0.299,0.541,0.111,8.157,2.176,0.373,8.725,0.519,0.48,0.081,4.705,2.847,0.096,0.031,0.765,0.0,0.053,0.65,0.719,0.592,0.99,1.996,1.491,0.264,3.627,4.017,10.25,0.473,0.711,2.257,0.064,7.876,0.0,0.706,0.054,0.067,0.129,0.025,0.0,0.139,0.012,0.0,0.116,2.14,0.591,0.266,6.368,2.245,0.072,0.149,0.025,0.006,6.613,5.927,1.089,0.281,0.597,0.458,0.037,8.788,8.907,0.031,0.105,0.141,0.025,0.282,2.09,0.214,0.098,3.974,1.028,0.038,0.337,0.354,4.578,4.154,4.873,0.118,1.015,7.302,1.562,0.592,1.851,1.131,2.258,0.256,0.055,0.227,4.488,3.343,0.496,1.706,0.143,0.843,0.356,1.173,0.105,3.359
333 Endo NN,0.334,0.048,2.388,0.228,0.91,0.115,7.416,0.047,0.222,0.299,10.766,0.14,0.053,2.678,0.013,0.109,0.216,0.232,0.207,2.509,0.941,1.179,3.039,5.672,0.294,1.776,0.329,0.099,0.131,3.118,0.147,0.094,0.014,0.029,0.152,0.353,0.164,4.545,1.907,2.116,6.455,0.049,0.11,0.02,0.145,0.072,0.013,0.899,0.091,0.963,0.376,0.057,0.087,0.06,0.111,6.175,1.207,0.175,0.278,0.285,0.103,0.001,3.976,0.015,0.059,0.266,0.065,0.404,10.956,0.762,0.201,0.271,0.124,0.123,0.189,8.313,0.074,0.084,0.018,0.108,0.172,0.048,0.042,0.296,0.289,4.328,2.171,0.03,0.073,0.203,0.002,0.203,0.008,0.578,0.019,0.053,0.434,0.308,0.918,0.068,0.012,0.47,2.281,0.227,0.017,0.012,6.295,0.032,0.062,0.981,9.915,0.072,3.008,0.896,0.077,7.642,0.021,4.156,4.951,0.452,0.555,0.032,0.006,0.049,7.574,0.1,0.133,0.009,0.368,0.003,9.209,3.636,2.629,1.557,9.829,0.398,3.437,2.495,0.626,1.639,0.011,0.776,0.862,0.738,0.075,0.004,0.95,0.139,0.082,0.225,0.004,0.146,0.137,0.056,0.035,0.033,3.975,0.093,0.019,0.142,0.08,0.185,0.025,0.018,0.036,0.074,1.336,1.923,0.229,0.824,0.782,1.336,0.271,1.374,0.319,0.138,0.352,0.129,0.855,0.015,0.015,3.355,1.358,3.336,0.083,0.198,0.175,1.609,0.073,3.788,0.034,0.046,0.323,0.596,0.347,0.011,0.213,2.695,0.042,0.716,0.218,0.16,0.095,0.155,0.041,0.533,0.013,5.677,0.081,0.065,4.454,0.1,7.659,9.625,3.321,0.015,0.02,0.149,0.291,0.192,0.549,9.22,0.085,0.029,0.423,1.879,0.172,0.024,0.099,6.449,2.376,0.005,0.027,0.052,9.256,0.63,1.252,0.485,0.413,0.081,3.594,0.3,0.026,0.317,0.192,0.176,0.209,0.126,0.175,8.4,0.446,7.709,0.078,0.33,0.038,0.084,0.421,0.117,0.042,0.048,2.324,2.9,2.11,0.404,2.537,0.315,1.729,1.354,0.094,0.012,0.41,0.161,0.102,0.026,0.175,0.093,0.054,0.003,0.012,0.074,0.119,0.12,0.118,0.019,0.012,6.293,0.24,0.077,0.262,0.015,4.186,0.189,0.07,4.483,0.114,8.79,0.152,2.299,1.432,6.897,2.112,0.048,0.028,0.195,0.113,0.096,1.294,0.058,0.047,0.144,0.14,0.059,0.073,0.005,0.229,0.019,0.14,0.482,0.047,0.17,5.393,0.026,0.791,0.222,0.875,1.529,0.049,0.081,1.108,0.108,0.248,0.247,1.014,0.186,0.359,0.203,0.096,0.048,0.062,0.21,0.371,0.048,0.207,0.122,0.075,0.101,0.834,0.105,6.729,0.023,0.073,0.039,0.012,2.844,0.008,0.032,0.007,0.096,1.105,0.4,0.191,0.167,1.07,0.002,7.182,0.448,2.558,2.56,0.192,0.153,0.348,0.193,0.168,0.244,6.384,0.38,0.295,0.083,0.011,0.038,0.031,0.024,0.034,0.681,0.072,0.003,0.559,2.168,0.03,0.091,0.01,0.337,0.196,0.029,0.057,0.219,0.069,0.035,0.04,5.746,0.189,2.939,0.003,0.611,0.178,1.129,2.879,0.225,0.102,0.12,0.313,0.1,0.113,0.011,0.066,0.002,0.127,7.567,0.957,1.512,0.019,0.275,0.0,0.196,0.014,4.14,0.106,0.525,0.333,0.633,0.278,7.184,1.021,0.252,0.477,0.052,0.947,0.264,1.968,0.397,3.213,0.041,0.098,0.068,0.035,0.091,0.744,1.311,2.137,0.19,4.726,1.142,0.022,0.203,3.835,3.769,1.467,1.035,0.218,1.391,3.829,2.894,0.04,1.504,0.108,6.7,0.495,0.999,0.899,0.242,0.058,0.471,1.237,1.09,6.108,8.023,7.83,0.756,0.015,0.197,2.157,0.44,1.333,2.278,2.968,2.874,0.695,0.146,0.894,0.153,0.598,1.839,0.312,6.354,0.634,3.852,4.92,4.45,3.465,0.129,0.013,0.962,0.142,0.08,0.094,1.095,0.341,1.125,2.831,1.854,0.415,0.634,2.628,10.362,0.044,0.075,9.417,1.909,0.047,0.003,0.394,0.059,0.027,0.102,0.037,0.013,0.106,0.041,0.005,1.577,0.347,0.801,0.652,6.924,2.88,0.032,0.052,0.016,0.005,4.324,1.023,0.764,0.416,0.171,0.563,0.042,0.612,0.722,0.038,0.114,0.29,0.034,0.38,0.018,0.388,0.145,0.176,0.632,0.934,0.373,1.09,3.333,0.531,4.9,0.06,2.335,4.865,2.293,3.021,3.389,1.535,1.13,0.455,0.058,0.269,8.524,2.877,0.948,1.765,0.138,0.552,0.369,0.448,0.343,6.753
334 Microglia NN,0.334,0.258,0.104,0.239,2.667,0.09,0.582,0.032,0.136,0.275,0.072,0.119,0.057,1.377,0.009,0.034,0.018,0.233,0.181,4.516,4.606,0.212,0.13,3.966,0.285,1.91,0.261,0.097,0.064,0.213,0.104,0.089,0.008,0.028,0.155,0.338,0.134,1.678,1.98,2.182,0.07,0.006,0.076,0.008,0.127,0.061,0.002,0.809,0.089,0.038,0.023,7.644,0.095,8.026,4.16,0.013,0.412,0.221,0.234,0.082,0.12,0.003,6.128,0.012,0.045,0.169,0.069,0.296,0.108,0.216,0.19,0.244,0.128,0.152,0.197,0.139,0.053,0.051,0.011,0.154,0.145,0.047,0.031,0.259,0.265,0.089,0.917,0.028,0.05,0.065,0.011,0.809,0.02,12.273,0.005,0.013,0.911,0.249,1.416,0.065,0.033,0.474,1.988,0.236,0.022,0.013,6.145,0.07,0.273,0.242,0.091,1.649,9.593,1.374,0.086,0.041,0.015,4.862,0.281,2.551,3.757,2.484,0.012,0.057,0.011,0.07,0.138,0.015,0.071,0.005,0.071,6.893,1.987,0.714,6.943,0.19,2.751,2.755,0.579,1.068,0.008,0.687,0.821,0.176,0.075,0.003,4.047,0.148,0.086,0.147,0.009,0.153,0.077,0.496,0.039,0.031,3.237,0.076,0.018,0.153,0.077,0.139,0.024,0.003,0.203,0.088,1.249,1.85,0.234,0.724,0.712,1.178,0.263,1.243,0.302,0.122,0.119,0.111,1.13,0.008,0.019,2.458,1.256,1.305,0.077,0.221,0.214,2.0,0.144,6.652,0.015,0.042,0.454,0.085,0.31,0.005,0.084,3.427,0.111,0.021,0.671,0.142,0.109,0.145,8.998,8.739,0.011,11.147,0.083,0.06,10.141,0.107,0.302,1.791,2.559,0.019,0.029,0.148,10.413,0.078,0.145,0.109,0.578,2.21,8.828,9.677,0.187,0.024,0.083,7.073,3.052,0.007,0.013,0.114,0.037,0.562,0.03,0.422,0.194,0.102,0.055,0.166,0.043,0.3,0.205,0.185,0.177,0.127,0.164,0.598,0.177,0.048,0.107,1.345,0.019,0.082,0.398,0.046,0.05,0.037,0.295,2.832,0.182,0.348,0.5,0.345,2.81,1.311,0.052,0.01,0.449,0.135,0.076,0.094,0.192,0.096,0.093,0.009,0.017,0.056,0.639,2.671,0.112,0.015,0.014,0.033,0.133,0.063,0.092,0.034,0.262,0.202,0.086,0.196,0.111,1.463,0.149,3.582,0.747,0.111,0.512,1.18,0.031,0.267,0.115,0.155,2.964,0.074,0.035,0.114,0.111,0.072,0.999,0.005,0.192,0.019,0.005,0.103,0.054,0.143,0.102,2.147,0.769,0.101,0.84,0.317,0.035,0.099,0.627,0.095,0.294,0.232,0.077,0.024,0.345,0.193,0.15,0.046,0.189,0.023,0.395,0.055,0.126,0.111,0.043,0.07,0.209,0.109,0.166,0.02,0.07,9.756,0.009,2.077,0.004,4.102,0.004,0.073,0.98,0.022,0.186,1.024,0.077,0.001,0.153,0.154,1.305,2.297,0.008,0.027,0.346,0.237,0.125,0.141,0.025,0.309,0.291,0.082,0.007,0.05,0.025,7.076,0.016,0.657,0.044,0.001,0.873,2.496,0.057,0.068,0.017,0.349,0.16,0.023,0.136,0.195,0.041,0.024,0.05,0.125,0.21,4.903,0.002,0.221,0.14,1.798,4.581,0.21,0.106,0.128,0.266,0.078,8.84,0.013,0.054,0.006,0.057,0.363,2.118,0.227,2.064,0.21,0.002,0.162,0.007,2.139,0.125,0.271,0.417,0.677,0.238,0.025,0.253,0.418,0.351,0.184,1.155,0.28,1.208,0.037,0.006,0.027,0.129,0.058,0.09,2.621,3.756,1.865,0.746,3.793,10.304,1.281,0.026,0.198,2.75,4.347,0.9,0.632,10.994,1.06,0.042,2.045,0.992,1.223,1.08,5.398,0.415,0.969,0.817,0.226,0.07,0.49,1.09,11.252,7.236,11.62,9.984,0.474,0.009,0.14,2.026,0.189,0.481,2.27,2.852,2.79,0.628,11.031,3.044,0.134,0.097,1.518,7.733,0.185,0.551,6.412,0.143,0.199,3.304,0.139,0.023,0.834,0.028,0.033,0.061,0.976,0.359,1.098,2.617,1.688,0.395,0.065,4.328,7.873,0.137,0.756,5.004,0.018,0.018,0.005,0.6,0.049,0.038,0.102,0.04,0.014,0.1,0.05,0.011,0.034,0.161,0.797,0.236,8.083,10.444,0.228,0.844,0.065,0.013,3.031,0.174,0.421,0.371,1.656,0.552,0.025,0.096,8.671,0.039,4.179,0.237,0.019,0.317,0.024,0.397,0.128,0.035,0.646,0.018,0.349,3.163,2.984,4.907,5.866,0.045,1.182,2.302,1.21,1.075,4.639,6.498,1.757,0.412,0.028,0.483,4.384,2.26,6.214,1.587,0.212,0.421,0.195,0.27,0.099,7.235
335 BAM NN,0.368,0.267,0.033,0.289,2.843,0.076,0.514,0.03,0.192,0.424,0.162,0.155,0.032,2.244,0.28,0.069,0.015,0.159,0.121,5.716,3.353,0.374,0.135,5.357,0.374,2.012,0.196,0.034,0.036,0.208,0.176,0.113,0.0,0.034,0.173,0.404,0.212,2.858,1.882,1.96,0.064,0.015,0.117,0.017,0.168,0.067,0.0,0.894,0.047,0.133,0.034,5.485,0.216,7.283,7.472,1.444,0.37,0.188,0.203,0.1,0.135,0.0,5.222,0.048,0.031,0.209,0.098,0.313,0.081,0.202,0.199,0.215,0.069,0.101,0.125,1.712,0.018,0.084,0.209,0.166,0.25,0.02,0.034,0.261,0.357,3.95,1.344,0.033,0.081,0.179,0.016,0.655,0.0,3.397,0.061,0.573,3.453,0.299,1.328,0.065,0.032,0.639,2.727,1.157,0.017,0.037,4.29,0.06,0.1,0.527,0.142,0.021,5.445,0.409,0.115,0.032,0.069,4.799,0.286,6.044,4.283,1.509,0.032,0.082,0.05,0.087,0.153,0.033,0.078,0.095,0.101,6.3,1.974,0.851,8.327,0.195,4.233,2.92,0.919,1.416,0.0,0.992,0.885,0.163,0.05,0.0,0.894,0.118,0.047,1.332,0.153,0.074,0.18,0.064,0.032,0.046,6.037,0.084,0.0,0.098,0.032,0.187,0.015,0.0,0.178,0.165,1.27,1.628,0.255,0.788,0.49,1.169,0.401,1.35,0.286,0.191,0.131,0.112,1.599,0.0,0.016,2.317,2.398,2.793,1.432,0.24,0.183,4.644,0.064,7.23,0.017,0.0,0.327,0.069,0.271,0.0,0.338,1.023,8.445,1.356,7.597,0.193,0.184,0.211,6.121,5.689,0.017,5.835,0.08,0.03,8.512,0.064,0.13,3.342,2.404,0.017,0.016,0.034,9.64,0.087,0.378,0.014,0.153,11.111,11.376,4.302,0.166,0.0,0.086,6.929,2.599,0.015,0.032,0.208,0.05,0.573,0.13,0.356,0.101,0.133,0.079,0.15,0.032,0.198,0.216,0.131,0.176,0.068,0.206,0.704,0.313,0.591,0.088,0.091,0.014,0.09,0.335,0.036,0.034,0.035,0.579,1.229,0.25,0.075,0.231,0.348,4.251,1.346,0.115,0.0,0.43,0.171,0.088,0.049,0.175,0.117,0.251,0.0,0.0,0.067,0.031,0.429,0.098,0.033,0.015,0.109,0.165,0.151,0.119,0.065,4.659,0.458,0.064,0.265,0.162,0.184,0.213,2.897,1.673,0.033,0.564,1.467,0.052,0.167,0.133,0.23,3.346,0.082,0.062,0.103,0.085,0.018,0.994,0.015,0.104,0.017,0.017,0.134,0.032,0.119,0.101,3.682,0.359,0.065,0.811,0.37,0.035,0.064,0.602,0.015,0.304,0.221,0.081,0.119,0.231,0.256,0.016,0.034,0.033,0.084,0.263,0.082,0.095,0.082,0.03,0.046,0.175,0.133,0.876,0.0,0.145,4.377,0.0,1.992,0.0,2.692,0.111,0.032,0.881,0.031,0.113,0.586,0.091,0.0,3.911,0.133,1.82,2.182,0.016,0.0,0.374,0.151,0.13,0.068,0.067,0.133,0.461,0.08,0.016,0.079,0.08,7.015,0.181,0.697,0.054,0.0,2.028,1.568,0.099,0.069,0.0,0.346,0.109,0.017,0.031,0.285,0.052,0.0,0.095,0.428,0.119,4.188,0.0,0.315,0.179,3.407,5.15,0.17,0.051,0.124,0.328,0.124,5.166,0.015,0.051,0.015,0.147,0.369,0.03,0.286,0.015,0.216,0.016,0.149,0.018,3.643,0.147,0.247,0.539,0.786,0.281,0.046,0.432,0.195,0.233,0.064,1.333,0.28,1.064,0.417,0.094,0.0,0.138,0.105,0.078,1.064,3.758,0.489,2.028,2.62,6.441,0.922,0.104,0.239,3.641,4.396,0.56,1.239,10.498,3.439,0.031,2.445,0.534,1.739,2.292,5.59,0.43,1.027,0.722,0.23,0.084,0.326,1.013,4.185,4.834,8.585,7.562,0.93,0.016,0.113,1.838,0.19,1.115,2.641,2.625,2.773,0.768,7.182,4.087,0.184,0.066,2.692,5.146,0.147,0.418,0.888,0.213,0.45,2.994,0.131,0.034,0.963,0.033,0.0,0.066,1.101,0.267,0.972,2.517,3.275,0.3,0.396,3.407,7.925,0.064,7.36,5.782,0.0,0.1,0.0,0.865,0.117,0.065,0.181,0.051,0.0,4.124,0.046,0.656,0.333,0.243,0.779,0.317,7.023,9.473,0.05,1.344,0.032,0.0,0.155,0.262,0.274,0.265,0.622,0.543,0.03,0.079,0.808,0.078,0.348,0.199,0.087,0.117,0.049,0.314,0.131,0.032,0.608,0.016,0.352,1.318,4.707,2.894,5.823,0.0,3.635,0.265,1.65,2.73,6.762,2.233,1.582,0.398,0.961,0.262,6.239,3.215,3.193,1.762,0.082,0.788,0.244,0.579,0.069,6.811
