subclass,2010300C02Rik,Abca8a,Ackr3,Acsbg1,Acsl4,Acta2,Acvrl1,Adamts2,Adamtsl1,Adcyap1r1,Adgrl4,Adra1a,Adra1b,Ahctf1,Aldh1a2,Angpt1,Ano1,Aqp4,Arc,Arhgap12,Arhgap25,Arhgap6,Arhgef28,Arid5b,Baiap3,Banp,Bcl11b,Bdnf,Bhlhe22,Bhlhe40,Btbd11,C1ql1,C1ql2,Cabp7,Cacna2d2,Calb1,Calb2,Calcrl,Camk2a,Camk2g,Car4,Carmn,Cartpt,Cbln1,Cbln2,Cbln4,Ccdc42,Cck,Cckbr,Ccn2,Cd24a,Cd300c2,Cd44,Cd53,Cd68,Cd93,Cdh13,Cdh20,Cdh4,Cdh6,Cdh9,Chat,Chd2,Chodl,Chrd,Chrm1,Chrm2,Chrm3,Cldn5,Clmn,Cnih3,Cnr1,Cntn6,Cntnap4,Cntnap5b,Cobll1,Coch,Col19a1,Col1a1,Col23a1,Col6a1,Cort,Cplx3,Cpne4,Cpne6,Cpne8,Crem,Crh,Crhr1,Cspg4,Ctxn3,Cux2,Cwh43,Cx3cr1,Cyp1b1,Dcn,Deptor,Dkk3,Dlg4,Dlx1,Dnah5,Dner,Dpy19l1,Dpyd,Drd1,Drd2,Dusp1,Dusp4,Dusp5,E2f6,Ebf1,Ebf3,Egr1,Egr3,Egr4,Emcn,Emx1,Ep300,Epha4,Etv1,Etv5,Eya4,Fezf1,Fezf2,Fgd5,Fhl2,Fhod3,Fibcd1,Fign,Fmod,Fn1,Fos,Fosb,Fosl2,Foxp1,Foxp2,Fxr1,Gabbr1,Gabbr2,Gabpa,Gabre,Gad1,Gad2,Gadd45a,Galnt14,Galr1,Garnl3,Gfap,Gfra1,Gfra2,Gjb2,Gjc3,Gli3,Glipr1,Gm19410,Gm2115,Gng12,Gpr101,Gpr12,Gpr17,Gpr22,Gpr26,Gpr3,Gpr63,Gpr68,Gpr88,Gria1,Gria2,Grik3,Grin1,Grin2a,Grin2b,Grm1,Grm5,Grm8,Gsg1l,Gucy1a1,Hapln1,Hat1,Hcrtr1,Hcrtr2,Hivep1,Homer1,Hpcal1,Hrh1,Hrh3,Hs3st2,Hsd17b12,Hsf5,Hspa5,Htr1a,Htr1b,Htr1f,Htr2a,Htr2c,Htr6,Hunk,Id2,Igf1,Igf2,Igfbp4,Igfbp5,Igfbp6,Igsf21,Ikzf1,Inpp4b,Isl1,Junb,Kcnh5,Kcnmb2,Kctd12,Kctd8,Kdr,Kitl,Klf10,Krt9,Lamb3,Lamp5,Laptm5,Lhx6,Lratd2,Ly6a,Lypd6,Lyz2,Maf,Maml3,Mapk4,Mas1,Matn2,Mbnl2,Mbp,Mc4r,Mchr1,Mdga1,Mecom,Meis2,Mgp,Mpped1,Myl4,Myo16,Ndnf,Ndst3,Ndst4,Necab1,Necab2,Nell1,Neto2,Neurod2,Neurod6,Nfib,Nos1,Nostrin,Npas4,Npnt,Npr3,Nptx2,Npy,Npy1r,Npy2r,Nr2e1,Nr2f2,Nr4a1,Nr4a2,Nr4a3,Nrep,Nrn1,Nrp2,Ntrk2,Nts,Ntsr1,Ntsr2,Nwd2,Nxph3,Nxph4,Omg,Opalin,Opn3,Oprd1,Oprk1,Oprl1,Oprm1,Orai2,Otof,Otp,Oxtr,Paqr5,Parm1,Pcsk1,Pcsk5,Pde11a,Pde7b,Pdgfra,Pdyn,Pdzd2,Pdzrn3,Pecam1,Penk,Per1,Per2,Pglyrp1,Pip5k1b,Pkib,Plch1,Plcxd2,Plcxd3,Pld5,Plekha2,Pln,Pnoc,Pou3f1,Ppp1r1b,Prdm8,Prox1,Prph,Prr16,Prss35,Pthlh,Ptpru,Pvalb,Rab3b,Rai14,Rasa4,Rasgrf2,Rasl10a,Rbfox3,Rbms3,Rbp4,Rfx4,Rgs4,Rgs9,Rims3,Rmst,Rnf152,Ror1,Rorb,Rprm,Rspo1,Rspo2,Rxfp1,S1pr3,Satb2,Scn5a,Sdk2,Sema3a,Sema3d,Sema3e,Sema5a,Sema5b,Sema6a,Sfrp1,Shisa6,Siglech,Sim1,Sipa1l3,Skor1,Sla,Slc13a4,Slc17a6,Slc17a7,Slc29a4,Slc32a1,Slc39a12,Slc44a5,Slc6a3,Slfn5,Slit2,Smad5,Snap25,Sncg,Sntb1,Sorcs3,Sox10,Sox11,Sox12,Sox17,Sox5,Sox6,Sox8,Sp8,Sp9,Spag16,Spi1,Spp1,Sst,Sstr2,Sstr4,Stard5,Stk40,Strip2,Syndig1,Syndig1l,Synpr,Syt17,Syt2,Syt6,Tac1,Tac2,Tacr1,Tacr3,Tanc1,Tbr1,Tcf7l2,Th,Thsd7a,Thsd7b,Tiparp,Tle4,Tmem132d,Tmem163,Tmem255a,Tox,Trbc2,Trem2,Trh,Trhr,Trp73,Trpc4,Tshz2,Tspan18,Unc13c,Upk1b,Vat1l,Vdr,Vip,Vipr2,Vps13a,Vwc2l,Wfs1,Zbtb25,Zbtb40,Zdbf2,Zfp366,Zfp46,Zfp536,Zfp580,Zfp641,Zfp933,Zfpm2,Zhx2,Zic1,Zic2,Zkscan16,Zkscan2,Adcyap1,Adra2a,Adrb1,Adrb2,Arhgap32,Arntl,Bhlhe41,Btg2,Camk2b,Ccbe1,Cdh8,Clock,Creb1,Cry1,Cry2,Csf1r,Dbp,Ddc,Ddx3y,Egr2,Eif2s3y,Esr1,Gphn,Gpr158,Gria3,Gria4,Grin3a,Grm2,Grm3,Grm7,Hexb,Ier2,Jun,Jund,Kdm5d,Lhx9,Lrrtm2,Nlgn1,Npas2,Nr1d1,Nr1d2,Nrxn1,Nrxn3,Ntrk3,P2ry12,Pak1,Pcdh8,Pdgfrb,Per3,Rgs2,Rgs5,Scg2,Sgk1,Shank3,Sik1,Slc1a2,Slc30a3,Slc5a7,Slc6a1,Smoc2,St8sia2,Sulf1,Syn1,Syngap1,Syp,Syt1,Uty,Vgf,Vtn,Xist,Zbtb20,Adamts17,Arhgap15,Arhgap31,Crispld1,Crispld2,Dio3,Dipk2a,Elfn1,Fbn2,Glra3,Gm10754,Gpr149,Gpx3,Hhip,Hpse,Hs3st1,Lin7a,Luzp2,Lypd1,Maml2,Marcks,Masp1,Meis1,Minar1,Mybpc1,Myo1b,Nbl1,Nckap5,Neto1,Pde1b,Pde1c,Piezo2,Plce1,Plcl1,Plpp4,Pvt1,Rprml,Rspo3,Spon1,Stac,Tafa1,Trhde,Trpc3,Trpm3,Vegfc,Zfp804b,Arid3b,Bbx,Bcl6,Clk1,Dmc1,Dusp22,Hes1,Hnrnpll,Irf9,Kdm7a,Nuak1,Odc1,Osgin2,Pparg,Prox2,Rapgef2,Rbm3,Rel,Zdhhc5,Zfp286,Zfp414,Zfp867,Zfp938,Zfp941,Zmiz1
001 CLA-EPd-CTX Car3 Glut,70.82,0.27,11.41,0.53,76.92,1.06,0.0,13.53,46.42,55.7,0.0,8.22,7.96,59.95,0.27,65.25,0.0,0.53,87.0,5.31,2.65,21.22,20.95,79.58,1.06,71.09,51.46,84.62,11.94,65.78,1.86,0.8,0.0,19.63,5.84,47.21,0.8,0.27,99.73,96.55,2.39,0.0,36.87,49.6,91.78,61.27,1.59,99.73,15.12,8.22,1.33,0.0,17.51,0.53,1.59,0.27,97.35,45.62,30.24,36.87,80.11,0.0,76.66,0.27,2.92,85.41,70.03,99.73,0.0,30.77,85.41,36.6,5.84,63.4,69.23,41.91,63.4,51.19,0.0,1.33,14.32,3.18,3.18,100.0,13.26,45.62,49.34,1.86,15.65,1.06,7.16,65.78,68.97,5.04,0.27,0.53,27.32,96.29,97.61,1.33,0.53,99.47,70.82,11.41,59.95,1.33,42.44,3.18,25.99,45.36,0.53,0.27,94.96,96.82,31.56,0.53,32.1,58.09,92.84,11.41,73.21,0.8,0.27,2.65,0.27,80.11,94.96,1.06,62.33,0.0,0.53,34.48,24.67,43.5,98.67,4.77,67.64,99.47,99.73,21.22,0.53,12.2,10.61,11.14,96.29,0.0,67.37,0.27,97.61,74.01,0.0,1.06,0.8,2.92,34.22,33.69,27.59,0.8,10.34,0.53,77.98,37.93,8.22,0.53,3.98,21.22,99.47,100.0,69.76,98.41,99.73,100.0,93.1,100.0,74.8,93.9,40.85,0.53,20.16,10.88,4.51,72.68,100.0,9.81,13.26,70.03,96.82,60.48,6.63,87.53,46.68,3.45,68.97,96.82,54.91,1.59,35.81,99.2,23.61,0.0,5.84,36.87,81.7,89.12,0.0,16.18,0.0,51.46,24.14,3.18,10.88,2.12,0.0,96.55,78.51,5.57,0.8,66.58,0.0,0.53,8.49,0.0,81.17,0.0,24.14,49.07,94.69,11.41,31.03,97.61,45.36,0.0,9.02,74.01,0.27,71.62,17.24,37.4,10.61,2.39,0.8,61.8,5.84,18.3,3.18,85.68,77.19,92.04,92.57,89.39,3.18,1.33,11.94,12.47,2.12,58.89,15.92,55.7,0.53,0.53,85.94,64.99,100.0,35.81,55.17,94.16,69.5,99.73,0.0,5.84,5.57,89.39,12.2,0.53,46.95,0.27,6.9,17.51,90.19,40.85,64.46,63.4,2.12,0.0,3.18,0.8,5.04,40.85,90.19,6.9,53.32,1.33,1.59,35.28,49.6,1.06,29.44,45.09,40.85,1.86,59.15,38.99,13.79,62.6,7.16,92.31,37.93,0.8,1.86,29.18,8.75,33.42,0.53,2.65,22.81,7.69,0.27,91.51,2.65,4.51,76.39,5.31,63.13,80.9,100.0,37.93,2.65,1.59,61.27,34.22,64.19,61.01,64.72,19.63,51.99,8.49,18.3,58.36,92.04,4.51,97.88,1.06,36.87,21.75,21.75,29.71,91.25,88.86,52.79,1.59,91.51,0.27,0.0,30.5,0.0,1.59,0.0,64.46,100.0,0.53,1.33,0.53,34.48,0.0,1.06,91.25,22.02,100.0,0.27,9.02,98.94,0.27,78.78,23.08,0.0,99.47,1.59,5.31,0.0,0.8,1.86,0.53,0.0,23.08,96.55,0.0,2.39,42.18,6.37,17.77,0.53,100.0,6.9,1.59,3.18,1.86,6.1,5.57,1.59,13.53,96.55,0.8,0.27,8.75,91.78,13.79,40.05,99.73,98.67,5.04,91.51,12.73,22.81,0.27,0.53,0.53,37.4,6.9,1.86,3.71,0.0,38.99,0.27,11.67,0.0,96.02,30.77,33.95,15.65,21.75,37.67,0.27,32.1,5.31,43.24,28.65,48.01,22.02,11.41,0.0,0.0,15.38,16.98,1.06,61.01,61.54,0.8,96.29,74.54,40.85,33.42,98.94,1.86,87.8,91.25,71.88,20.69,82.49,0.27,40.85,0.0,56.23,10.88,49.07,2.92,97.88,85.94,99.47,100.0,74.8,17.24,40.58,99.73,16.18,25.46,51.46,94.96,27.06,0.27,79.84,98.14,90.98,44.83,66.84,100.0,100.0,96.55,6.1,98.41,53.05,0.0,70.56,47.48,2.65,87.53,13.53,50.93,14.59,100.0,6.1,0.27,8.22,87.53,6.37,51.19,99.47,54.38,100.0,100.0,44.83,75.6,0.27,26.53,51.72,36.87,76.92,22.81,14.06,18.04,0.27,74.8,10.08,1.33,12.73,4.77,0.27,17.51,4.51,0.0,29.18,91.25,97.88,17.51,10.61,98.94,1.59,4.24,3.45,0.27,59.68,33.95,65.25,96.29,54.64,10.08,1.06,0.8,97.61,1.33,57.82,62.07,13.0,18.3,0.8,39.26,100.0,58.89,25.73,0.8,87.27,43.24,72.41,3.71,65.25,6.63,60.21,36.34,79.84,9.81,86.47,88.06,60.48,24.14,8.22,1.06,98.94,71.09,18.04,42.18,31.3,30.77,6.37,45.36,50.93,81.96
002 IT EP-CLA Glut,91.0,7.91,20.33,0.68,75.31,0.14,0.41,24.42,22.92,65.48,0.27,42.56,30.29,56.62,0.14,60.3,0.27,0.68,61.39,8.05,28.1,16.92,37.93,66.71,3.82,61.66,92.77,61.53,4.23,34.11,3.41,0.0,0.0,28.79,4.09,37.79,1.64,0.14,100.0,80.76,7.09,0.14,1.09,27.56,53.62,10.37,0.27,100.0,65.35,3.96,1.91,0.14,1.09,0.41,3.55,0.14,96.59,2.86,52.66,27.01,94.27,0.14,69.3,0.14,19.24,86.9,72.58,90.86,0.14,35.06,93.86,69.17,13.78,55.39,20.87,0.68,5.73,8.32,0.14,23.19,70.4,2.59,3.27,55.25,37.52,2.05,45.57,0.95,17.19,0.82,3.14,4.5,65.08,7.64,0.0,7.91,30.56,96.59,97.68,1.5,3.41,88.27,90.18,38.2,60.98,8.59,31.38,2.73,13.78,37.65,0.14,0.14,83.49,82.81,39.43,0.55,15.42,52.52,84.17,17.05,75.72,0.82,0.14,25.65,0.68,81.17,61.94,1.77,9.14,0.0,0.55,36.15,31.11,45.57,94.0,6.0,60.85,98.77,99.86,19.51,0.27,12.55,8.59,24.56,97.41,0.27,55.25,0.14,17.33,85.54,0.0,0.55,0.14,5.18,26.74,5.32,53.48,0.27,18.42,0.27,86.9,54.98,15.01,0.0,26.47,22.65,100.0,100.0,94.0,99.18,99.45,100.0,84.58,99.86,96.45,50.07,31.79,0.82,16.23,1.23,0.95,66.17,96.18,17.46,43.93,41.47,93.18,51.3,8.73,81.31,17.87,20.19,83.77,69.85,6.96,4.91,11.19,89.9,5.73,0.0,27.15,21.01,62.48,94.82,0.0,86.22,0.0,61.66,7.23,3.14,3.96,2.18,0.27,66.03,75.17,28.79,1.23,9.41,0.27,0.55,1.77,0.14,6.82,0.0,1.91,61.66,64.53,36.83,58.66,99.32,73.81,1.64,10.1,17.6,0.55,81.31,6.0,96.32,13.78,17.33,1.09,13.92,0.41,89.9,20.87,17.74,73.26,92.09,89.5,98.64,19.24,1.09,20.33,0.68,15.69,52.11,31.65,38.34,15.96,0.14,6.82,51.43,74.49,48.98,38.61,94.27,83.49,99.05,0.14,27.83,2.86,92.36,38.88,1.09,48.57,0.82,3.41,9.69,35.2,31.51,54.43,66.58,6.68,0.14,18.55,0.27,46.38,43.66,76.26,1.77,30.7,0.27,2.46,72.58,6.28,1.91,27.15,40.25,43.66,0.82,27.15,24.01,6.68,19.24,35.2,8.32,58.8,0.14,1.09,2.32,24.42,14.05,1.23,1.23,58.25,38.88,0.82,81.99,2.05,19.92,49.93,1.5,66.44,93.04,99.18,23.06,6.96,0.95,49.52,48.57,23.33,24.97,10.37,6.55,24.15,7.91,0.68,83.49,28.24,4.23,98.09,0.55,90.18,51.84,3.55,93.32,36.56,68.49,2.73,0.14,37.11,0.14,0.0,54.3,0.14,2.86,0.41,1.23,100.0,4.5,2.59,0.41,50.2,0.0,0.82,64.39,9.41,100.0,0.0,0.27,97.14,0.41,54.16,19.65,0.0,98.5,1.77,35.2,0.14,0.27,8.59,0.0,0.0,17.74,48.98,0.27,0.68,41.75,26.06,45.43,0.27,14.19,62.35,0.41,5.32,2.32,0.55,16.92,2.05,12.96,85.13,0.14,0.14,4.23,66.44,21.15,25.24,97.41,12.55,13.23,95.77,16.78,0.95,0.0,1.09,1.5,29.6,3.27,0.82,9.41,0.0,32.74,0.95,11.32,0.0,91.68,19.37,22.24,18.55,17.46,59.75,0.68,33.56,3.82,38.06,19.37,47.2,25.92,20.19,0.41,0.0,18.83,14.46,7.78,31.65,55.39,0.82,95.91,52.93,23.19,46.52,99.86,10.37,55.66,86.63,64.26,21.56,76.94,1.09,20.05,0.0,49.8,10.23,38.74,24.97,98.09,94.27,99.59,99.32,56.62,11.32,78.17,99.73,17.33,18.42,64.67,90.45,19.37,0.14,63.85,99.86,89.77,30.29,44.34,100.0,99.59,95.09,5.59,95.09,12.69,0.14,62.48,71.08,1.09,64.8,58.66,41.34,11.32,76.53,76.94,0.0,8.87,14.19,0.95,94.13,99.59,44.34,99.86,100.0,41.75,55.8,0.14,25.38,24.15,36.02,73.67,19.78,3.27,2.18,1.23,41.75,1.5,8.59,4.64,11.05,0.27,7.78,0.55,0.0,2.73,78.58,16.1,6.41,16.92,98.64,1.64,0.14,0.55,0.55,13.1,49.66,32.74,93.04,47.07,8.59,6.28,5.87,58.25,11.32,36.7,83.77,58.12,91.54,1.91,16.1,68.76,1.5,73.26,16.37,87.99,23.74,33.7,11.46,60.98,9.96,52.25,60.03,80.9,8.73,79.13,69.17,51.98,20.6,42.16,1.91,95.77,55.12,13.51,35.47,32.88,28.65,6.41,28.24,34.24,89.9
003 L5/6 IT TPE-ENT Glut,87.9,7.03,27.99,1.55,80.59,0.14,0.98,7.03,26.86,60.06,0.14,47.26,44.02,55.7,0.0,31.65,0.14,1.83,47.54,36.15,11.11,7.45,69.76,83.54,5.77,59.92,62.73,65.54,49.23,40.93,5.91,0.28,0.14,13.92,11.39,22.5,2.81,1.55,99.58,78.62,22.36,0.56,1.13,49.51,25.6,5.2,0.84,99.86,65.54,0.98,10.55,0.0,19.41,0.84,3.23,0.7,89.03,5.06,27.85,13.5,58.93,0.0,78.06,0.14,29.96,91.42,48.1,49.37,0.28,73.0,96.2,99.58,63.43,78.06,29.54,0.7,13.78,20.96,0.42,44.02,48.66,3.38,9.28,59.63,68.92,22.78,52.32,2.39,40.51,5.06,3.94,6.47,17.72,10.69,0.0,9.99,52.74,97.61,97.19,1.83,22.78,83.54,84.25,67.65,54.29,19.55,31.36,1.27,10.69,42.05,0.84,0.14,80.03,85.65,42.05,0.42,16.03,58.23,88.75,62.59,72.57,1.13,0.0,44.16,1.13,79.61,79.61,4.78,2.67,0.14,0.56,32.63,36.29,38.54,99.02,25.6,65.68,98.87,99.72,20.11,0.7,14.77,11.25,30.1,89.73,0.7,79.61,0.28,19.83,88.89,0.0,0.28,0.84,13.92,36.99,8.02,75.25,0.28,12.24,0.0,95.22,65.54,12.24,0.7,40.79,4.92,99.86,100.0,90.72,98.03,99.58,99.86,92.12,100.0,99.44,42.05,68.21,0.56,17.16,0.84,1.83,73.42,95.5,74.26,37.41,80.17,88.61,56.4,13.22,81.58,13.08,19.69,33.05,26.3,6.47,5.77,17.44,85.51,2.25,0.0,5.34,42.48,61.74,80.59,0.0,33.05,0.0,55.84,9.42,31.08,26.86,1.97,0.0,44.02,66.81,8.44,2.81,19.69,0.28,0.98,0.28,0.14,8.72,0.56,2.11,50.35,66.24,44.59,14.06,98.31,80.87,0.28,17.58,3.23,0.84,82.0,2.67,99.02,32.35,55.84,0.7,64.84,1.41,98.31,18.57,95.64,38.54,95.36,94.8,97.19,42.33,1.97,21.94,1.55,12.66,52.18,27.0,47.26,30.24,0.28,2.25,52.32,32.49,61.32,38.82,94.94,59.07,99.02,0.0,36.29,16.88,91.84,24.61,1.13,53.31,0.7,28.83,27.29,13.08,40.93,57.95,65.68,3.38,0.14,10.27,0.28,53.59,50.49,73.14,3.09,6.89,0.42,4.22,76.79,31.08,1.69,15.19,49.51,44.16,2.39,43.18,41.35,5.77,55.13,48.95,4.08,8.72,0.28,1.69,2.11,9.7,10.41,1.41,2.25,43.32,6.33,0.56,34.6,1.55,57.95,44.02,4.36,40.51,82.84,97.47,26.58,11.11,1.97,84.81,29.68,60.06,83.12,3.52,23.21,63.29,30.38,5.06,89.17,70.04,7.59,97.33,0.14,86.22,20.39,27.99,83.4,12.94,8.86,6.47,3.23,10.55,0.14,0.0,62.87,0.14,1.83,0.28,2.11,100.0,12.38,3.52,1.69,48.95,0.28,0.7,83.83,19.69,100.0,0.14,0.28,91.98,0.98,57.24,31.36,0.14,92.41,2.95,21.38,0.84,0.14,3.94,0.0,0.0,24.89,45.85,0.28,0.42,62.87,8.3,72.01,1.55,27.29,95.64,0.7,12.24,3.09,4.08,17.16,2.95,27.85,72.71,0.42,0.14,16.6,19.27,20.68,20.96,90.72,24.19,8.16,95.92,38.12,0.28,0.28,17.02,1.55,16.6,4.64,0.28,2.53,0.28,54.43,0.7,13.64,0.0,91.56,24.75,40.65,23.77,20.39,67.23,0.14,33.47,5.63,42.19,24.05,46.98,20.68,23.77,1.69,0.0,28.97,17.16,53.87,8.16,65.96,0.0,97.61,56.26,36.57,30.38,98.73,7.74,62.03,87.62,66.67,13.78,85.37,1.41,46.84,0.28,38.96,12.52,29.11,32.77,96.2,91.98,99.58,98.59,66.53,38.96,85.09,99.86,21.94,21.52,65.96,92.83,18.14,1.27,69.62,99.86,90.44,49.37,61.32,100.0,99.02,94.09,9.56,94.66,11.53,1.13,51.05,74.26,9.7,66.39,46.69,53.73,11.67,89.73,34.74,0.42,10.55,50.91,6.19,35.86,99.72,54.85,99.86,100.0,29.25,61.18,0.56,49.23,24.61,44.44,72.71,28.27,0.56,5.63,1.69,39.24,15.89,29.68,8.72,16.32,0.7,36.15,0.84,0.0,3.94,79.89,12.38,15.19,25.32,98.73,1.69,0.28,0.56,0.42,18.28,58.51,39.1,79.32,59.63,13.22,6.05,6.05,64.98,8.72,47.54,78.34,63.01,65.26,3.94,72.71,41.07,13.78,46.27,9.85,97.89,12.1,30.94,21.66,63.85,11.11,60.9,54.29,71.73,10.97,79.47,83.68,58.23,24.61,42.76,2.25,98.17,61.46,8.44,37.27,38.54,36.01,10.83,41.63,48.66,93.11
004 L6 IT CTX Glut,90.04,4.15,21.28,1.06,73.73,0.2,1.42,7.95,20.59,62.83,0.34,49.27,51.82,57.39,0.03,49.86,0.18,0.66,64.91,8.72,37.73,8.98,44.96,73.28,1.29,72.94,77.68,72.76,11.62,40.34,2.73,0.25,0.04,10.6,5.36,32.22,1.35,0.66,99.86,85.63,10.66,0.41,0.85,33.66,67.64,18.57,0.59,99.98,67.02,1.43,5.97,0.22,1.82,0.58,2.04,0.35,90.55,8.17,57.4,33.9,90.52,0.04,76.15,0.11,13.64,89.2,77.59,93.66,0.48,33.42,90.17,71.44,29.13,60.42,22.17,0.82,8.68,25.12,0.09,10.19,62.82,2.35,4.09,60.15,48.05,10.95,48.91,1.48,36.23,1.45,4.16,5.71,45.03,8.91,0.11,6.79,35.46,98.45,97.49,1.76,5.36,62.3,89.51,24.6,44.36,4.74,36.04,2.33,20.69,40.5,0.72,0.04,85.47,90.79,35.99,0.75,15.62,59.04,92.69,15.4,80.08,1.22,0.05,20.32,0.53,82.13,72.41,1.27,14.38,0.04,0.61,36.55,24.24,41.75,96.98,6.46,64.17,98.92,99.93,21.25,0.21,12.59,11.24,38.47,92.33,0.21,59.6,0.16,15.38,82.74,0.04,0.49,0.62,8.47,24.67,7.86,52.88,0.11,14.49,0.56,91.44,61.47,12.97,0.53,39.76,5.98,99.87,99.97,85.66,97.97,99.68,100.0,88.32,99.83,98.7,46.26,65.95,1.49,17.82,3.1,1.72,79.06,97.35,21.64,47.5,31.78,91.97,52.11,10.61,82.37,10.97,27.89,62.25,69.54,4.46,5.23,12.55,91.06,3.81,0.06,37.62,25.66,82.23,91.97,0.09,60.95,0.03,57.16,11.14,6.17,8.6,3.02,0.17,49.3,74.72,15.43,2.13,13.19,0.41,1.08,1.1,0.24,14.26,0.12,7.08,74.18,74.46,34.49,46.61,98.7,73.8,0.87,12.93,9.58,0.42,65.49,1.91,96.82,33.58,24.34,0.71,24.61,0.96,88.25,13.65,35.51,67.9,94.01,93.7,96.0,18.27,1.68,19.75,2.06,12.89,64.25,32.62,49.44,14.61,0.24,2.3,58.61,38.51,63.39,53.31,97.09,60.43,99.28,0.47,29.04,5.71,90.82,26.16,0.85,52.04,1.7,12.41,18.48,37.41,31.32,47.02,67.49,8.17,0.08,8.03,0.49,25.21,43.79,63.49,1.77,48.19,0.45,2.34,70.31,20.05,1.34,31.73,44.72,44.36,2.19,36.75,31.23,10.92,34.66,44.11,30.47,50.92,0.34,1.14,8.75,17.86,10.86,0.94,1.03,43.27,27.4,0.35,66.65,1.4,15.28,45.32,1.99,46.22,93.19,98.98,29.68,8.48,1.8,71.35,43.91,51.08,37.17,5.04,4.49,28.92,11.76,1.16,88.09,31.65,6.46,98.82,0.11,85.09,55.84,8.81,88.85,41.2,51.56,3.89,1.04,22.5,0.29,0.14,53.78,0.11,4.18,0.21,0.94,99.96,5.02,2.41,0.74,39.14,0.04,0.58,64.69,10.28,100.0,0.3,0.47,98.55,0.85,43.55,25.39,0.13,96.31,2.59,33.3,0.19,0.36,4.29,0.11,0.11,18.31,42.73,0.87,0.62,43.56,19.84,79.89,0.63,22.48,58.75,1.05,6.16,1.84,2.31,10.79,2.58,13.46,81.65,0.48,0.11,6.46,56.39,20.13,28.72,96.56,8.45,9.3,91.09,37.18,1.93,0.14,1.3,2.16,31.88,5.97,0.55,18.35,0.18,31.34,2.42,9.48,0.19,91.67,16.11,26.49,21.78,21.3,58.03,0.19,34.34,4.9,41.03,27.54,51.53,23.82,27.64,0.43,0.01,27.55,16.84,20.08,12.67,63.57,0.34,96.43,58.23,21.84,41.56,99.37,20.92,65.74,88.54,67.73,19.03,78.11,1.27,24.18,0.11,48.47,12.0,39.52,21.45,97.82,93.47,99.77,99.46,35.84,20.78,88.78,99.81,20.63,19.16,63.03,92.6,23.56,0.19,70.09,99.67,90.25,33.11,54.13,100.0,99.93,97.72,9.45,94.97,5.25,0.56,58.52,67.63,3.4,77.89,61.73,49.63,9.81,87.09,72.27,0.2,10.13,26.56,5.57,74.19,99.58,52.31,99.83,100.0,40.76,66.85,0.24,31.05,25.06,34.75,80.42,34.88,5.38,2.67,0.68,36.14,4.83,11.82,3.95,20.14,0.22,17.75,0.67,0.26,5.41,81.01,10.71,6.97,28.58,98.32,2.03,0.34,0.7,0.19,23.43,53.93,26.58,93.72,48.44,9.55,3.81,5.87,65.36,17.71,44.33,85.6,52.77,78.12,2.14,39.49,65.97,4.81,67.48,16.16,86.03,26.28,34.7,14.79,64.35,10.09,57.96,44.19,77.35,9.85,84.47,77.04,53.8,22.0,42.12,2.43,97.73,56.03,15.83,40.4,34.8,31.12,8.18,35.86,47.37,92.4
005 L5 IT CTX Glut,88.35,1.61,21.05,1.58,81.49,0.25,1.18,4.05,14.89,59.04,0.7,58.43,43.47,59.47,0.11,25.41,0.27,1.06,79.57,18.71,17.15,6.63,46.91,78.73,2.47,71.49,32.93,84.16,27.22,57.37,4.37,0.38,0.0,4.21,8.49,28.94,1.72,0.81,99.89,91.11,20.37,0.61,4.32,19.1,76.58,57.91,1.13,99.98,54.4,1.45,17.47,0.25,5.0,1.15,2.33,0.27,58.81,50.89,30.89,26.97,59.38,0.09,79.97,0.11,23.15,90.97,67.62,90.72,0.86,26.48,88.12,72.37,77.66,58.72,39.96,0.86,28.11,58.52,0.2,10.3,32.04,2.92,3.51,87.01,47.27,40.76,64.11,2.92,56.91,2.24,3.35,10.79,16.75,10.32,0.16,1.67,45.17,98.33,98.03,2.06,12.83,49.9,88.03,23.42,22.4,5.25,53.29,4.48,36.86,49.31,1.29,0.05,94.8,95.34,50.53,0.97,24.33,62.75,97.99,30.8,90.0,1.47,0.11,16.52,1.2,80.4,95.11,1.61,26.3,0.05,0.52,56.64,27.97,48.99,99.91,8.76,68.11,99.59,99.91,24.49,0.38,14.66,13.15,46.55,70.9,0.16,84.75,0.41,26.09,93.48,0.02,0.54,0.95,7.63,17.61,11.54,57.98,0.16,11.04,0.59,82.42,78.23,16.84,1.22,35.23,13.51,99.12,99.98,80.38,98.55,99.89,100.0,62.93,99.82,94.95,48.22,64.13,1.63,19.96,1.83,9.48,86.17,99.05,44.49,60.38,73.48,94.25,61.48,11.93,85.63,28.29,36.8,64.74,78.62,5.07,3.21,28.6,90.54,4.5,0.07,37.54,39.42,80.06,71.8,0.14,12.06,0.02,67.55,28.17,17.13,27.83,5.77,0.11,30.19,75.9,3.78,2.47,42.25,0.57,1.54,2.99,0.43,31.75,0.18,36.03,81.19,86.76,20.41,23.31,98.14,84.86,0.59,15.21,10.7,0.59,56.75,2.26,97.37,50.01,50.74,0.84,55.15,1.79,47.66,6.49,57.0,64.09,92.89,96.9,88.01,15.64,2.38,31.27,11.22,9.41,47.0,17.97,64.02,8.98,0.16,2.24,81.38,42.0,62.1,59.99,99.25,36.82,99.75,0.07,22.31,8.53,84.16,20.25,0.97,60.99,0.43,25.25,23.85,7.04,32.97,42.34,58.9,1.97,0.02,2.85,0.38,39.1,66.76,66.12,2.53,65.94,0.57,2.83,61.85,71.96,1.52,7.58,57.77,50.33,2.94,60.69,36.03,14.51,78.0,67.14,63.86,13.85,0.7,1.04,22.79,22.02,36.68,1.18,2.1,60.67,3.01,0.34,34.15,1.49,21.23,41.14,7.74,37.16,83.39,99.05,33.08,29.17,1.4,96.99,29.28,84.54,76.01,13.03,9.73,81.76,20.95,12.83,65.81,29.94,20.53,98.85,0.18,61.71,50.1,34.89,67.46,30.37,27.54,9.23,3.76,32.74,0.18,0.25,48.59,0.07,1.58,0.25,3.48,99.98,4.44,2.76,1.4,29.21,0.02,0.7,76.96,11.61,100.0,0.14,0.59,98.19,0.79,41.62,27.47,0.27,93.44,3.46,24.21,0.27,0.36,3.01,0.23,0.09,20.84,54.76,0.61,1.24,58.34,10.91,87.49,0.86,33.17,47.68,1.72,5.93,2.85,2.76,5.02,1.88,21.14,85.43,0.61,0.11,11.22,42.14,27.31,40.3,92.17,11.34,5.77,91.67,71.83,4.96,0.2,5.59,1.52,19.82,8.03,0.43,5.11,0.05,44.49,3.01,10.25,0.16,94.7,12.92,25.39,22.27,26.61,60.72,0.34,37.81,5.63,43.52,29.6,52.5,33.88,27.43,1.29,0.02,26.02,19.53,57.93,3.82,80.58,0.25,97.94,72.41,24.49,26.14,99.19,6.0,61.17,92.87,71.94,21.52,87.83,1.63,36.16,0.2,49.65,15.86,39.51,11.59,96.88,96.15,98.69,99.71,32.88,51.48,94.05,99.93,22.56,29.1,40.26,95.63,24.55,1.13,77.03,99.98,96.18,48.97,69.07,100.0,99.98,89.14,12.17,98.85,3.53,0.72,52.95,54.58,8.37,85.77,42.18,61.03,15.7,98.96,57.55,0.34,12.04,29.96,16.18,17.49,99.73,63.7,99.95,100.0,38.15,84.41,0.38,36.32,26.36,36.57,86.85,59.61,10.27,1.52,0.77,29.83,12.11,24.1,5.16,16.75,0.45,42.82,2.44,1.06,13.83,89.88,12.7,8.51,18.47,99.16,10.18,0.7,0.72,0.48,53.13,56.28,19.89,90.25,56.03,16.34,1.63,2.13,85.09,6.59,63.41,93.3,41.73,37.23,1.2,65.56,82.76,24.3,40.64,10.91,47.48,28.72,46.73,24.8,67.75,10.93,60.17,42.72,79.32,11.86,88.19,93.73,61.64,24.15,34.19,2.85,96.72,65.15,22.54,50.8,39.4,34.46,11.61,48.7,61.33,88.75
006 L4/5 IT CTX Glut,89.63,0.47,12.9,1.17,79.66,0.14,2.52,1.21,34.55,42.86,0.52,24.17,37.56,55.37,0.06,5.38,0.24,0.7,83.63,23.22,7.21,4.2,45.67,82.28,1.31,70.0,15.43,71.12,58.3,75.5,2.73,0.22,0.06,1.02,9.77,51.95,2.01,1.63,99.95,90.6,47.68,0.59,9.86,6.11,50.37,31.13,1.07,99.77,68.97,0.9,4.9,0.3,16.05,0.8,2.59,0.47,57.84,47.89,41.79,60.06,13.72,0.05,79.83,0.14,30.51,91.06,35.41,75.11,0.64,24.94,94.22,86.27,75.66,40.78,75.45,0.81,56.74,59.26,0.24,5.19,6.44,3.2,2.77,95.94,55.7,70.94,58.56,1.85,65.55,1.24,7.02,66.97,3.62,8.89,0.54,0.18,54.74,92.37,96.94,1.91,28.81,56.27,82.86,34.82,4.55,0.25,54.48,6.12,33.18,41.1,1.88,0.06,98.04,96.51,60.1,2.1,34.27,60.59,99.48,47.9,80.77,2.84,0.12,33.44,1.52,74.08,96.78,1.25,19.53,0.06,0.83,62.35,33.39,43.02,99.76,9.56,65.57,99.67,99.43,22.82,0.08,13.48,12.58,18.44,40.31,0.23,88.42,0.24,14.0,86.16,0.06,0.48,1.02,3.19,32.36,6.08,30.17,0.09,14.61,0.58,84.24,85.77,16.28,0.73,31.32,51.59,98.47,99.99,39.24,98.9,99.8,100.0,59.66,99.95,67.33,54.23,52.44,1.47,18.42,1.38,0.93,78.98,99.56,45.07,48.9,81.1,73.71,62.03,12.75,82.45,25.73,22.34,59.46,68.63,31.14,3.43,41.72,74.23,2.2,0.07,9.5,54.91,55.03,42.74,0.1,18.36,0.03,72.77,82.51,9.12,30.92,5.8,0.2,54.7,74.07,2.89,6.54,65.47,0.53,1.33,1.41,0.42,7.27,0.35,19.69,65.96,87.46,14.71,26.35,98.55,67.93,0.43,10.25,7.86,0.6,69.08,0.97,93.09,36.47,81.51,0.77,80.0,1.09,71.37,8.32,70.05,33.16,91.5,95.62,79.26,21.95,1.45,34.19,20.93,2.08,44.82,17.59,64.63,1.15,0.21,9.33,86.02,16.61,36.76,58.76,99.67,46.71,99.9,0.67,5.31,7.02,92.85,12.1,0.99,59.38,0.37,33.39,17.93,1.83,35.44,50.8,51.31,3.89,0.04,2.11,0.76,31.18,66.7,70.72,3.29,66.21,0.62,2.96,73.35,94.95,1.48,3.26,63.17,60.9,3.13,57.01,67.83,12.46,81.97,22.58,37.22,3.82,0.59,1.34,28.63,32.03,58.94,0.96,3.79,94.59,2.54,0.94,11.67,1.44,12.22,17.91,13.5,60.9,39.9,98.6,27.97,24.7,1.75,99.27,10.92,86.66,79.71,12.36,1.63,96.38,30.84,30.39,46.83,7.44,24.32,97.77,0.37,44.57,60.29,15.59,29.15,8.52,9.05,44.83,11.68,23.18,0.27,0.11,44.71,0.09,1.64,0.17,26.74,99.87,3.41,2.61,1.0,25.45,0.07,0.83,88.61,19.1,100.0,0.2,0.57,85.73,0.95,45.68,26.01,0.16,49.65,2.85,20.51,0.28,0.45,2.38,0.12,0.08,21.92,24.31,0.43,1.63,59.48,8.3,89.37,0.82,76.07,69.56,1.58,3.76,2.36,2.79,2.67,2.77,17.19,77.4,0.72,0.09,71.26,17.62,30.11,37.47,91.32,13.83,7.85,86.83,49.17,2.01,0.18,8.78,0.88,30.13,44.12,0.35,7.78,0.17,41.81,1.71,10.99,0.17,93.54,21.45,34.52,21.17,25.54,51.86,0.26,40.98,9.67,39.32,28.1,53.0,46.57,24.38,2.88,0.08,22.56,19.52,65.42,6.83,76.23,0.72,99.19,78.25,33.44,26.55,98.9,17.04,86.58,91.29,72.27,25.46,89.29,1.56,41.62,0.2,41.86,25.66,33.03,7.44,96.74,99.7,93.27,99.72,37.18,70.62,97.89,99.97,18.55,32.1,44.13,95.48,20.26,2.71,72.91,99.99,90.45,53.07,64.78,100.0,99.99,90.22,12.83,99.19,7.5,1.51,56.71,56.08,3.87,64.12,54.04,63.76,12.47,99.82,84.67,0.28,11.96,47.78,21.6,4.4,99.58,62.91,99.94,100.0,33.33,80.78,0.4,44.98,24.41,51.81,69.88,24.03,14.81,0.83,5.0,41.39,14.61,19.33,29.73,3.37,7.75,21.57,1.87,0.6,30.03,92.31,23.01,19.18,18.36,98.37,12.12,0.33,0.81,0.34,56.25,47.73,17.7,82.33,67.4,19.02,1.49,1.2,86.28,3.34,39.94,95.39,42.71,35.69,2.0,95.46,79.88,51.79,55.06,7.41,63.06,19.21,40.16,13.34,65.73,10.09,50.3,39.68,72.34,11.52,87.33,95.22,57.87,21.27,56.66,3.0,95.61,66.65,18.97,47.27,37.25,32.87,9.82,46.16,54.97,82.33
007 L2/3 IT CTX Glut,93.86,0.64,11.34,1.13,73.79,0.16,0.37,12.87,20.0,56.23,0.55,33.06,12.18,62.26,0.03,36.97,0.14,1.14,51.32,13.92,3.42,30.71,66.17,88.71,1.92,77.02,48.35,62.09,73.36,77.43,11.56,0.48,0.23,1.43,5.82,94.67,1.18,1.18,99.99,83.37,53.66,0.17,0.81,0.95,56.12,20.67,0.53,99.68,73.36,0.87,5.01,0.28,0.96,0.73,3.42,0.18,84.79,45.77,74.59,54.41,68.29,0.07,75.77,0.11,28.21,92.02,23.91,97.89,0.78,38.78,43.65,83.4,52.73,15.2,57.56,1.96,24.75,55.82,0.15,13.98,37.92,2.22,2.9,82.62,81.52,57.74,44.04,4.34,36.9,0.91,11.2,94.73,9.89,9.3,0.69,0.67,15.27,92.46,97.89,2.01,17.74,40.91,54.96,55.9,5.09,0.56,31.66,9.45,18.49,41.97,0.78,0.02,77.51,88.56,43.75,1.61,30.03,62.49,99.12,30.88,68.72,1.2,0.02,2.85,0.77,70.92,75.19,5.6,7.23,0.19,0.61,31.33,24.22,30.26,95.86,4.68,65.29,99.27,99.65,23.69,0.23,13.17,11.41,14.45,16.5,0.14,56.95,0.38,10.67,21.48,0.02,0.63,1.34,2.58,48.17,4.83,28.39,1.23,19.84,0.89,90.69,69.64,6.83,0.55,35.29,65.2,99.58,99.99,12.13,98.96,99.72,100.0,93.98,99.98,43.29,92.28,90.26,1.42,15.47,1.0,0.73,59.18,97.73,46.34,46.74,28.73,35.69,49.02,12.32,80.13,15.32,28.56,18.45,45.41,19.48,3.45,12.71,83.9,1.91,0.06,28.05,49.66,84.67,71.3,0.08,43.42,0.02,64.76,41.04,7.13,57.05,20.41,0.88,79.19,51.74,10.76,3.84,85.5,1.04,1.21,2.15,0.39,4.25,0.18,12.92,62.17,90.86,24.82,68.44,99.41,65.51,4.32,20.14,46.59,0.64,99.03,11.59,94.75,10.36,58.36,1.27,86.08,3.65,82.76,46.54,13.12,77.4,84.89,71.33,92.73,48.69,2.56,19.56,21.72,17.08,41.56,15.68,64.27,14.76,0.28,3.44,58.33,16.75,33.13,32.83,92.02,74.6,98.27,0.06,15.95,5.32,96.69,6.54,0.47,48.61,1.43,2.27,25.1,0.71,31.89,34.67,55.81,46.51,0.08,15.88,0.78,12.57,41.26,59.1,5.24,69.22,0.72,28.93,78.64,79.83,2.77,28.3,51.87,57.7,3.33,67.57,48.96,25.57,27.92,7.79,7.2,21.3,0.67,1.14,41.05,32.25,41.11,0.98,0.42,86.14,2.51,0.32,27.67,1.45,21.56,3.72,1.06,96.21,95.58,99.37,33.17,7.48,5.06,86.26,20.18,55.69,7.62,3.91,1.04,19.2,11.52,5.36,58.46,3.82,9.91,94.53,1.73,52.07,59.33,6.16,7.22,6.46,24.59,51.69,3.19,14.85,0.33,0.07,57.36,0.17,3.1,0.47,15.32,99.68,19.75,2.51,10.55,37.13,0.17,0.79,62.53,21.19,100.0,0.2,0.67,89.81,0.98,69.28,30.08,0.12,59.92,3.09,50.14,0.23,0.44,4.83,0.11,0.11,20.39,6.75,0.43,0.5,44.74,49.28,68.79,0.78,81.85,91.95,1.93,3.15,1.97,1.42,5.25,1.5,7.46,63.64,0.87,0.08,10.4,8.93,23.93,26.53,80.18,5.21,22.82,54.46,11.84,2.92,0.25,11.12,2.32,27.86,11.88,1.29,12.66,0.41,48.88,3.51,10.53,0.26,93.07,38.5,72.98,24.29,22.53,47.03,0.27,37.37,14.06,42.46,26.14,56.68,45.86,34.86,2.56,0.05,30.86,21.39,31.32,13.21,68.89,0.91,98.79,73.6,47.02,46.17,99.3,74.54,84.4,88.85,68.52,27.99,81.63,1.48,40.53,0.2,40.51,24.08,36.04,17.78,97.78,98.13,99.81,99.22,46.45,47.27,77.54,99.98,13.39,14.4,45.43,93.72,23.14,0.08,56.18,100.0,86.18,37.61,54.58,100.0,99.99,99.86,19.46,96.82,45.43,0.7,62.08,65.14,1.09,64.57,64.31,61.35,8.93,94.46,77.96,0.18,11.04,82.61,22.17,16.26,98.85,66.31,99.72,100.0,35.55,65.93,0.39,43.0,20.58,54.08,50.91,59.07,30.14,0.29,14.11,54.49,16.69,9.54,64.1,36.95,2.16,21.12,0.86,0.34,15.24,86.19,50.52,50.74,30.09,98.39,2.56,0.45,2.55,0.26,35.12,58.25,31.18,90.98,62.93,10.33,2.81,9.13,84.67,4.74,52.42,88.1,34.94,40.35,5.9,96.98,38.61,9.96,55.02,26.87,54.94,20.24,51.79,25.45,67.73,11.28,53.28,20.26,60.41,11.47,86.7,78.45,55.14,20.23,55.87,3.66,97.7,63.36,12.45,40.55,37.17,36.96,8.47,38.32,52.82,85.12
010 IT AON-TT-DP Glut,96.08,3.92,18.67,0.3,78.92,0.0,0.0,43.98,5.12,19.88,0.3,46.69,4.52,60.84,0.0,1.81,0.9,0.9,38.86,33.13,6.93,15.96,83.43,90.96,3.92,58.13,98.8,50.6,76.2,80.42,6.02,0.6,0.3,25.3,19.28,53.61,4.52,0.6,100.0,56.02,1.81,0.0,3.31,1.81,15.36,0.9,0.3,93.07,44.58,0.0,0.3,0.0,1.2,0.3,9.94,0.0,100.0,6.33,85.54,33.43,68.67,0.0,69.58,0.0,40.96,86.75,9.04,87.95,0.9,38.86,72.29,86.14,38.55,42.17,72.59,3.92,2.41,2.71,0.0,28.92,70.48,3.31,2.11,60.54,71.99,30.12,50.6,2.71,13.55,0.0,0.0,9.94,15.66,8.73,0.3,1.81,24.1,61.45,98.49,3.01,12.95,92.77,64.16,76.51,3.61,7.23,32.53,9.64,17.77,36.75,11.45,0.3,81.93,81.93,48.8,0.6,19.88,61.75,94.88,62.95,70.48,0.9,0.0,55.72,0.6,52.11,50.3,1.51,0.3,0.0,0.3,31.02,31.02,52.41,91.27,10.24,68.07,99.4,98.19,26.2,0.0,12.05,11.45,5.72,42.77,0.0,88.25,0.0,2.71,63.86,0.0,0.6,1.51,1.2,81.93,1.51,54.82,0.0,18.07,0.3,88.55,69.88,16.87,0.0,9.94,6.93,100.0,100.0,38.25,98.19,99.7,100.0,75.9,100.0,85.24,40.66,57.83,1.2,18.67,0.0,1.2,37.95,94.58,28.01,4.82,34.94,85.24,50.0,9.94,78.61,22.29,24.1,76.51,11.14,15.96,4.22,15.06,59.94,2.71,0.0,72.89,25.9,50.0,81.93,0.0,44.28,0.0,61.14,18.07,3.01,60.84,3.01,0.6,31.93,58.43,1.2,5.12,68.37,0.3,1.2,1.2,0.0,3.01,0.0,2.11,47.29,68.98,51.81,62.05,99.1,52.41,3.61,28.61,21.08,2.11,87.05,5.72,91.27,10.54,75.0,59.04,96.99,28.61,46.99,63.55,68.67,68.07,93.67,71.69,100.0,84.04,0.9,20.78,1.51,48.19,31.93,13.25,40.66,1.51,0.6,2.11,52.41,53.92,39.16,11.45,89.76,59.94,97.89,0.0,11.14,1.2,70.18,10.24,1.51,50.0,0.3,8.73,7.53,1.51,38.55,48.8,25.0,3.92,0.0,16.27,0.0,81.93,32.23,85.24,2.11,11.75,0.3,34.64,81.93,29.52,3.01,6.33,46.69,36.45,1.51,61.14,49.7,5.12,39.46,22.29,3.01,61.14,0.3,0.3,47.59,57.23,37.05,0.6,0.9,86.75,3.92,1.51,41.27,2.11,9.94,12.05,2.11,37.35,50.6,98.49,33.73,9.64,1.81,88.55,46.99,8.43,15.36,6.63,0.3,62.95,26.51,0.6,19.58,17.47,5.12,68.07,13.55,71.99,23.19,1.81,5.42,29.82,4.52,15.66,0.3,22.29,0.3,0.0,71.08,0.0,21.08,0.0,7.23,100.0,12.65,2.11,0.6,79.22,0.3,0.6,50.0,28.61,100.0,0.3,0.3,41.27,0.3,43.98,29.22,0.0,93.98,3.61,49.4,0.3,0.6,0.6,0.0,0.0,16.27,43.37,1.2,5.12,54.52,7.23,52.41,2.41,13.86,89.16,0.3,12.05,3.01,1.2,6.93,2.71,63.86,71.08,0.6,0.0,47.89,7.53,17.47,38.86,70.18,39.16,22.89,97.59,5.42,0.3,0.9,0.6,0.6,59.34,10.24,0.6,0.6,0.0,35.24,0.9,10.54,0.3,84.94,25.0,53.01,19.58,17.17,59.64,0.3,36.75,29.82,35.84,13.25,55.72,36.14,18.98,33.43,0.0,21.99,19.58,16.27,46.99,51.2,2.41,98.19,63.55,31.93,35.54,99.1,9.34,53.92,87.35,69.28,13.25,80.42,0.3,33.73,0.0,46.39,7.53,39.46,21.08,97.59,96.99,99.4,89.16,30.42,19.58,57.83,100.0,18.67,7.53,55.42,89.16,24.1,0.9,59.64,100.0,75.0,36.45,64.46,100.0,99.1,98.49,9.34,95.18,59.34,0.0,37.65,62.35,15.06,39.76,50.6,53.01,11.75,79.82,57.53,0.3,10.54,14.16,8.13,8.13,99.7,56.93,100.0,100.0,36.45,56.63,0.0,32.83,21.69,21.69,12.35,3.61,6.33,0.3,17.17,71.39,24.1,4.82,55.12,54.52,0.9,4.82,1.2,0.0,6.33,88.55,50.3,96.08,9.94,96.99,5.12,0.0,0.9,0.0,7.53,46.69,84.04,95.48,67.77,6.93,0.9,14.46,62.95,0.9,61.75,87.65,82.83,53.01,32.53,84.94,16.87,4.82,64.46,16.87,17.17,7.53,53.01,47.59,70.78,10.84,43.37,23.19,64.46,10.84,84.94,71.39,50.3,17.77,42.77,2.11,99.4,60.24,11.75,39.46,44.28,38.86,7.53,37.65,13.55,84.94
012 MEA Slc17a7 Glut,94.93,31.95,6.98,2.18,81.22,0.48,0.4,14.63,65.51,45.58,0.48,21.26,1.61,76.26,1.36,67.17,0.13,4.94,9.29,77.41,2.64,63.48,69.2,95.13,34.04,82.61,88.68,58.31,91.49,50.1,28.54,1.08,10.12,36.55,71.74,77.84,25.03,10.37,99.95,92.24,43.07,0.05,5.87,3.61,3.56,4.82,2.71,79.04,57.98,0.8,33.68,0.15,5.22,0.38,6.6,0.38,98.69,11.32,97.41,5.8,82.08,0.1,92.27,2.18,23.14,88.15,13.43,81.85,0.4,55.92,86.65,65.36,24.02,21.91,90.04,10.62,35.04,7.51,9.64,80.25,19.28,0.58,0.83,87.35,89.88,65.36,37.42,0.73,40.66,1.33,0.55,45.11,1.61,14.78,0.13,0.45,11.9,50.3,98.72,2.46,48.44,99.5,77.61,75.3,2.74,2.46,14.46,6.28,9.44,52.89,4.47,0.68,72.87,83.46,29.94,2.69,41.16,87.47,92.19,61.65,29.57,1.78,0.65,36.7,0.93,31.68,35.14,2.28,15.89,0.23,0.7,10.14,11.32,27.31,95.81,7.51,87.88,99.7,99.67,38.15,0.78,21.84,34.61,3.87,57.0,6.5,93.65,1.43,32.98,48.64,0.1,1.86,1.26,3.61,9.14,0.78,28.16,43.9,47.94,0.93,86.5,80.22,1.46,1.63,43.6,57.83,99.97,99.97,27.66,99.02,99.47,100.0,98.19,99.9,44.53,46.54,76.78,2.36,26.0,3.66,12.02,23.39,93.2,94.8,45.91,32.71,13.48,62.35,20.11,85.14,23.92,17.85,29.72,4.12,59.14,3.54,16.69,74.47,0.5,0.1,19.1,83.28,9.19,32.96,0.35,47.59,0.5,51.88,21.49,60.52,73.39,19.0,8.21,76.98,52.08,12.3,9.01,24.75,0.65,2.41,0.83,0.2,29.94,0.18,6.98,76.28,74.8,37.63,37.47,99.85,82.05,1.0,19.93,16.89,0.93,20.53,15.84,12.25,6.1,87.68,3.04,78.44,21.66,73.97,84.16,69.85,46.03,88.3,13.5,92.92,93.72,1.98,12.55,4.29,50.4,11.95,5.05,62.45,75.7,0.93,95.36,25.68,19.78,35.62,16.37,99.1,98.57,99.65,4.32,34.99,5.95,91.04,11.57,1.71,51.33,0.75,2.01,10.84,2.66,57.91,61.45,68.25,63.3,1.36,58.18,2.91,81.55,25.93,74.7,57.71,78.79,1.08,4.97,72.62,55.07,2.99,10.64,41.77,47.24,7.48,98.07,89.33,20.46,56.38,28.74,47.74,2.84,2.31,5.65,0.95,22.54,90.89,22.41,2.03,61.42,9.34,2.54,27.81,0.4,73.19,3.89,2.66,94.43,58.96,99.55,95.01,1.96,5.55,86.47,20.43,37.4,55.72,6.9,24.0,55.62,74.02,30.3,11.77,1.15,10.49,5.87,18.37,53.87,74.1,7.18,3.19,48.8,11.04,74.97,1.68,86.52,0.3,6.2,78.49,0.25,0.43,0.45,39.71,93.52,64.88,6.73,19.8,85.42,0.15,0.5,51.13,33.73,99.97,0.18,2.23,56.22,1.51,81.28,49.07,0.15,27.91,6.17,37.1,0.28,1.86,2.61,0.15,0.15,15.34,39.63,1.23,13.76,39.86,16.97,41.77,10.92,93.02,89.66,2.59,3.74,14.13,1.41,61.62,11.9,66.29,40.54,1.26,0.13,83.28,79.47,55.8,79.39,85.72,73.85,69.95,29.72,1.41,0.45,28.04,87.27,1.98,36.77,36.82,3.04,69.2,0.28,64.66,0.53,0.98,3.16,96.76,16.47,42.82,33.76,23.54,91.69,0.05,54.64,53.46,41.42,33.63,69.25,99.7,79.44,0.83,57.28,68.15,36.17,13.25,42.92,29.94,0.88,97.44,63.68,39.91,44.03,99.67,19.88,47.54,96.76,84.91,36.6,87.47,1.83,34.66,3.01,52.94,4.09,57.76,72.11,99.85,99.87,94.25,98.64,84.31,21.03,54.42,99.9,19.55,6.98,65.81,96.16,37.9,69.18,63.5,100.0,83.51,47.19,73.62,100.0,99.92,99.37,33.71,97.97,78.51,1.18,64.51,48.34,10.07,74.52,74.75,81.1,9.64,98.02,77.36,0.6,60.62,6.63,6.02,18.9,99.0,70.26,99.85,100.0,54.52,46.08,0.55,32.28,93.27,56.38,46.71,10.52,20.96,0.8,30.77,30.25,4.47,12.53,62.83,9.91,2.86,9.79,1.63,1.41,33.68,82.96,49.05,94.0,68.35,99.52,1.48,3.61,2.74,4.97,13.23,28.21,76.76,85.94,77.91,17.12,17.8,50.68,67.12,16.49,63.96,75.68,49.02,40.26,6.48,56.28,59.24,12.65,97.79,23.62,40.24,20.06,79.27,9.74,85.39,15.66,59.96,12.17,70.48,20.63,88.81,78.04,61.62,26.03,53.46,6.38,98.74,74.6,11.45,51.88,39.98,35.97,12.2,41.37,60.07,91.77
013 COAp Grxcr2 Glut,98.33,1.67,0.0,3.33,86.67,0.0,0.0,5.0,46.67,31.67,0.0,11.67,5.0,70.0,8.33,26.67,0.0,3.33,63.33,61.67,0.0,66.67,30.0,95.0,18.33,80.0,95.0,95.0,91.67,61.67,5.0,1.67,10.0,16.67,85.0,100.0,6.67,6.67,100.0,91.67,56.67,0.0,25.0,1.67,3.33,6.67,0.0,81.67,91.67,1.67,1.67,0.0,1.67,0.0,6.67,0.0,100.0,6.67,98.33,15.0,95.0,0.0,91.67,1.67,13.33,88.33,46.67,35.0,1.67,38.33,90.0,31.67,20.0,10.0,95.0,5.0,36.67,10.0,3.33,80.0,23.33,1.67,1.67,68.33,88.33,83.33,51.67,3.33,38.33,0.0,6.67,31.67,0.0,11.67,0.0,0.0,5.0,53.33,100.0,0.0,58.33,100.0,51.67,86.67,11.67,0.0,45.0,31.67,46.67,43.33,1.67,1.67,93.33,96.67,71.67,3.33,61.67,76.67,100.0,33.33,55.0,5.0,0.0,26.67,0.0,50.0,41.67,0.0,1.67,1.67,1.67,48.33,71.67,81.67,81.67,6.67,78.33,100.0,100.0,23.33,0.0,21.67,31.67,10.0,76.67,1.67,81.67,0.0,30.0,45.0,0.0,0.0,1.67,1.67,18.33,0.0,25.0,15.0,51.67,0.0,100.0,80.0,8.33,1.67,35.0,83.33,100.0,100.0,25.0,100.0,100.0,100.0,83.33,100.0,31.67,78.33,81.67,5.0,28.33,0.0,36.67,41.67,98.33,100.0,56.67,26.67,5.0,75.0,11.67,91.67,0.0,3.33,21.67,3.33,83.33,3.33,33.33,75.0,0.0,0.0,6.67,53.33,36.67,66.67,0.0,35.0,0.0,81.67,5.0,71.67,86.67,15.0,1.67,90.0,43.33,25.0,6.67,8.33,1.67,1.67,1.67,1.67,1.67,0.0,36.67,95.0,100.0,90.0,15.0,100.0,83.33,1.67,21.67,3.33,0.0,18.33,11.67,10.0,3.33,71.67,5.0,73.33,18.33,45.0,95.0,81.67,18.33,91.67,0.0,100.0,93.33,1.67,45.0,3.33,10.0,95.0,8.33,73.33,70.0,0.0,93.33,75.0,65.0,80.0,25.0,100.0,100.0,100.0,8.33,10.0,3.33,95.0,5.0,3.33,56.67,0.0,1.67,0.0,0.0,26.67,61.67,58.33,61.67,1.67,31.67,3.33,63.33,88.33,73.33,31.67,70.0,1.67,10.0,96.67,23.33,1.67,6.67,65.0,68.33,5.0,93.33,70.0,10.0,71.67,21.67,53.33,3.33,1.67,3.33,1.67,25.0,83.33,15.0,0.0,20.0,1.67,1.67,1.67,0.0,88.33,3.33,0.0,96.67,58.33,100.0,100.0,5.0,6.67,93.33,10.0,41.67,80.0,20.0,0.0,88.33,96.67,3.33,3.33,5.0,5.0,8.33,5.0,28.33,91.67,5.0,15.0,56.67,6.67,96.67,1.67,93.33,1.67,0.0,66.67,0.0,0.0,0.0,31.67,100.0,55.0,8.33,10.0,75.0,0.0,0.0,33.33,25.0,100.0,0.0,1.67,96.67,0.0,80.0,33.33,0.0,10.0,3.33,25.0,1.67,1.67,3.33,0.0,0.0,16.67,75.0,3.33,1.67,65.0,23.33,55.0,38.33,85.0,88.33,3.33,1.67,13.33,3.33,25.0,5.0,90.0,50.0,0.0,0.0,88.33,41.67,70.0,90.0,96.67,66.67,56.67,26.67,0.0,1.67,50.0,68.33,0.0,5.0,25.0,3.33,88.33,0.0,51.67,0.0,1.67,1.67,96.67,25.0,50.0,25.0,13.33,93.33,0.0,61.67,61.67,61.67,25.0,63.33,100.0,83.33,0.0,51.67,36.67,20.0,33.33,16.67,45.0,0.0,100.0,90.0,13.33,81.67,100.0,8.33,31.67,95.0,90.0,63.33,85.0,5.0,26.67,1.67,30.0,61.67,25.0,78.33,100.0,100.0,100.0,96.67,38.33,16.67,55.0,100.0,16.67,20.0,78.33,98.33,15.0,70.0,50.0,100.0,93.33,40.0,56.67,100.0,100.0,100.0,31.67,100.0,88.33,0.0,40.0,85.0,3.33,95.0,68.33,86.67,46.67,98.33,100.0,0.0,18.33,1.67,1.67,5.0,100.0,81.67,100.0,100.0,26.67,88.33,0.0,65.0,96.67,13.33,31.67,30.0,30.0,5.0,1.67,70.0,3.33,1.67,65.0,3.33,0.0,11.67,0.0,1.67,70.0,88.33,80.0,81.67,31.67,100.0,0.0,0.0,0.0,0.0,13.33,25.0,38.33,100.0,75.0,21.67,0.0,70.0,78.33,56.67,40.0,70.0,38.33,21.67,41.67,85.0,81.67,6.67,100.0,0.0,58.33,26.67,63.33,23.33,75.0,11.67,51.67,11.67,81.67,16.67,98.33,65.0,88.33,28.33,75.0,3.33,95.0,71.67,28.33,63.33,30.0,26.67,5.0,26.67,61.67,93.33
022 L5 ET CTX Glut,95.05,4.44,4.65,1.2,84.78,0.16,0.43,56.24,4.87,5.83,0.56,84.38,12.14,65.77,0.13,4.01,0.19,0.91,45.76,58.6,2.73,18.43,70.55,96.44,9.9,58.25,99.68,62.82,64.19,93.77,4.33,0.27,0.88,25.17,26.56,14.68,1.9,0.67,100.0,83.61,2.14,0.05,6.74,6.55,35.68,1.47,0.86,95.16,74.22,2.57,0.72,0.13,1.44,0.94,9.87,0.75,99.01,37.71,69.38,76.97,36.08,0.08,82.91,0.05,48.6,89.44,10.83,96.63,0.45,29.66,85.02,88.45,88.93,56.97,85.69,2.27,6.47,3.18,0.27,9.44,70.9,9.79,1.93,65.15,64.27,73.79,57.61,1.87,34.58,0.83,0.16,5.22,10.64,11.37,1.12,1.9,41.11,88.31,99.17,1.95,14.23,91.79,86.01,74.83,1.04,4.33,51.64,8.02,21.77,48.11,1.2,0.19,82.16,80.98,51.73,0.48,22.12,66.76,76.06,90.16,95.83,1.34,0.13,94.12,0.67,47.39,48.54,0.64,0.78,0.24,1.5,36.43,34.47,42.71,99.2,25.94,75.39,99.71,98.37,27.07,0.05,13.83,12.49,9.41,59.24,0.99,92.27,0.32,3.72,34.77,0.03,1.02,1.26,1.77,94.78,1.55,66.81,0.03,11.53,1.15,84.33,65.15,15.43,0.64,6.15,2.43,99.95,100.0,72.21,99.25,99.89,100.0,86.73,100.0,98.74,54.69,82.94,1.5,22.14,0.83,3.53,75.58,98.42,23.62,6.87,35.04,90.21,59.75,12.28,84.68,24.31,32.6,87.3,22.68,6.58,3.72,6.85,91.28,2.17,0.03,78.9,37.82,46.46,87.8,0.13,42.12,0.0,67.18,7.33,13.61,14.82,28.38,0.35,33.81,58.04,0.96,5.19,88.87,0.37,1.28,47.26,0.45,4.36,0.32,3.5,36.56,41.32,44.77,24.69,99.44,87.88,20.41,31.99,24.82,0.59,96.5,7.97,99.36,14.44,82.48,8.77,98.98,3.24,25.33,24.04,44.85,58.09,92.32,50.17,99.97,24.85,0.75,21.69,27.49,70.77,15.51,16.02,26.69,0.48,0.29,1.9,66.78,27.12,42.47,14.87,57.85,35.33,99.79,0.03,14.6,3.99,81.12,13.16,0.62,59.86,0.86,19.95,3.64,0.37,52.82,50.9,5.54,2.94,0.11,3.45,0.64,95.05,55.23,92.27,3.0,4.39,0.56,26.61,95.75,52.42,2.83,4.2,54.99,40.47,1.9,75.77,47.63,7.06,58.49,20.94,3.72,18.05,0.75,0.96,92.06,40.04,27.31,1.36,1.34,88.71,4.28,0.48,16.61,4.04,21.21,4.57,1.23,65.04,27.87,98.93,34.21,27.44,2.14,96.95,44.69,19.87,4.04,14.98,1.26,35.65,16.66,7.6,24.42,34.07,5.32,87.35,2.25,91.04,34.34,1.42,23.7,7.19,4.92,50.2,1.18,22.57,0.27,0.05,59.27,0.11,6.39,0.27,17.87,99.87,9.17,2.46,1.71,65.23,0.03,1.04,69.83,39.34,100.0,0.21,0.56,70.45,1.28,26.0,30.06,0.19,83.66,3.02,48.33,0.27,0.53,2.51,0.05,0.05,22.57,39.93,1.36,5.59,54.03,1.58,77.16,0.27,19.02,89.81,4.63,7.49,2.46,1.63,6.18,2.75,49.67,70.58,0.86,0.11,11.31,8.75,26.5,44.32,88.1,74.3,17.04,99.79,9.74,0.37,0.56,1.34,0.48,75.58,12.6,0.7,2.14,0.51,87.88,0.96,11.37,0.27,89.68,8.37,61.89,21.9,21.21,70.77,0.13,39.02,7.14,40.47,14.95,53.44,59.7,14.28,5.48,0.03,25.38,26.29,65.82,23.59,70.9,0.45,99.25,73.47,30.17,39.45,99.6,14.34,78.87,90.0,72.51,15.62,89.14,1.28,43.89,0.21,54.4,7.73,43.38,9.04,98.21,98.42,99.97,91.74,20.17,34.55,66.03,99.97,24.55,17.09,42.93,92.19,27.92,0.19,71.44,100.0,71.14,45.63,76.17,100.0,100.0,99.81,7.86,98.82,51.08,0.35,22.68,60.93,16.8,51.97,62.58,54.4,11.05,89.09,13.45,0.4,13.05,3.58,16.31,5.99,99.04,60.55,99.97,100.0,44.85,73.6,0.16,32.68,27.47,38.25,44.02,6.87,0.88,0.11,4.84,71.14,20.06,6.66,57.66,63.95,0.78,4.12,0.8,2.49,3.34,90.56,86.55,46.78,12.41,93.58,6.31,0.35,1.1,0.32,2.57,27.41,61.86,94.81,26.16,10.7,1.04,2.83,58.2,0.4,79.57,90.29,69.43,87.4,45.89,97.78,14.44,8.83,43.03,39.64,76.6,10.7,49.64,72.05,75.96,11.07,49.29,26.45,71.2,12.73,86.04,71.57,59.32,21.77,16.9,2.19,98.69,67.53,14.15,44.88,47.61,36.35,10.54,45.15,8.53,85.5
026 NLOT Rho Glut,98.95,0.35,5.24,1.75,86.01,0.0,71.68,6.99,11.54,26.22,1.05,94.06,4.55,70.98,0.0,20.63,0.35,1.4,51.4,43.01,0.35,9.79,98.6,79.72,24.13,89.51,100.0,81.82,97.2,52.1,7.34,95.1,0.35,21.33,9.79,33.22,13.64,6.99,100.0,95.8,13.99,0.0,9.79,0.7,99.65,2.1,46.85,99.65,3.5,0.35,1.4,7.69,3.15,1.75,1.75,1.4,98.95,4.2,96.85,6.64,86.01,0.35,91.96,0.35,23.08,98.25,87.06,98.6,1.75,79.72,97.55,100.0,87.41,65.03,94.06,1.4,25.87,29.72,0.35,17.13,8.04,0.35,0.0,58.04,92.31,10.84,57.69,4.55,46.5,0.35,10.14,84.97,6.29,13.29,13.64,0.0,30.77,69.23,99.3,1.4,26.22,98.95,97.9,96.5,61.89,0.7,39.51,9.79,28.67,57.69,5.24,0.0,98.6,92.66,56.99,1.05,0.7,89.51,93.71,98.95,87.06,0.35,0.35,0.7,1.75,84.27,94.76,2.45,86.01,0.0,0.35,41.61,27.27,32.17,97.2,10.14,88.81,99.3,100.0,43.36,0.7,25.17,33.22,3.5,10.49,0.35,86.01,4.2,2.1,86.36,0.0,3.15,2.8,30.77,92.66,3.85,57.34,3.85,16.43,2.8,92.31,98.25,10.84,0.7,13.29,57.69,100.0,100.0,38.11,99.65,99.65,100.0,90.91,100.0,20.28,2.1,41.61,2.1,31.12,16.43,8.74,16.08,100.0,98.95,66.43,57.34,93.71,85.66,20.28,91.96,1.4,88.11,50.0,1.4,27.62,1.4,62.24,73.43,0.35,0.0,23.08,57.34,48.95,45.8,0.35,98.6,1.05,74.13,86.36,4.9,86.01,47.2,0.7,2.8,73.08,2.1,5.59,46.85,2.8,3.85,45.1,0.7,3.15,0.0,3.15,100.0,81.47,33.57,95.1,99.65,38.46,62.59,18.18,25.52,1.05,15.03,0.35,16.43,6.99,97.55,1.4,75.87,37.76,11.54,83.22,95.8,99.65,98.6,60.84,15.73,29.72,1.4,26.92,0.35,33.57,94.06,8.04,84.97,2.8,0.7,100.0,77.97,0.35,35.66,30.07,99.65,96.5,100.0,2.45,38.46,3.5,96.5,0.35,0.7,70.98,1.75,1.05,0.0,2.1,53.5,48.6,88.11,7.69,1.75,33.57,0.35,75.87,85.31,95.8,7.34,11.19,1.4,3.5,35.31,48.25,9.44,9.09,52.8,64.69,6.99,41.61,32.17,96.5,83.57,91.96,100.0,2.45,1.05,4.55,99.3,81.47,97.2,2.8,0.35,8.74,39.86,0.35,86.01,0.0,10.84,34.27,3.15,90.91,92.66,100.0,38.81,0.35,4.9,99.65,24.83,16.78,100.0,4.2,8.74,6.29,99.65,0.7,0.0,2.8,19.58,1.05,23.08,78.32,16.78,3.15,0.7,5.59,2.1,65.38,0.35,98.95,0.7,100.0,77.97,0.35,16.78,0.0,98.25,100.0,18.88,10.49,34.97,54.9,0.0,0.35,100.0,29.37,100.0,0.35,0.7,97.55,2.1,88.81,44.41,0.35,4.55,8.39,51.75,0.35,1.75,2.45,0.35,0.0,15.73,57.69,1.4,0.7,79.72,98.25,97.55,16.78,100.0,94.76,0.7,1.75,11.54,3.85,1.05,2.1,86.36,95.8,2.1,0.0,79.72,7.34,11.19,87.76,91.61,3.5,26.57,73.43,0.35,1.4,0.7,1.75,0.35,14.34,12.59,1.75,91.61,0.0,74.13,0.35,1.05,0.0,94.41,47.2,67.83,35.31,32.17,32.87,0.35,74.13,93.71,64.69,35.31,74.83,39.86,46.15,0.35,6.64,51.75,47.2,88.11,36.36,84.27,0.7,99.65,69.23,4.9,22.38,100.0,9.09,97.9,95.1,90.21,38.46,90.56,2.45,52.1,0.35,44.06,8.39,44.76,39.86,99.65,100.0,100.0,98.95,100.0,36.71,53.5,100.0,14.34,20.28,87.06,98.6,31.12,0.7,97.9,100.0,94.76,47.55,72.38,100.0,100.0,99.65,22.03,96.5,64.69,1.05,50.7,93.01,10.49,99.3,93.36,84.62,19.93,100.0,95.1,0.35,82.17,12.59,2.8,5.24,99.65,72.38,100.0,100.0,40.91,97.2,0.7,51.75,94.41,13.99,89.86,17.13,5.24,0.35,0.0,86.01,38.81,84.27,20.28,49.65,7.69,3.85,2.45,0.7,54.55,99.65,40.56,100.0,31.47,100.0,0.35,1.75,8.74,0.0,71.68,53.15,90.91,99.65,84.97,12.59,0.7,2.1,26.22,61.54,40.91,98.6,6.64,9.09,72.73,58.39,52.1,1.4,98.6,32.52,51.05,43.36,81.82,4.55,81.12,19.58,67.83,3.85,76.57,22.73,93.01,72.73,78.67,26.57,14.69,11.54,99.3,82.52,27.97,70.63,45.1,47.55,9.44,68.88,75.52,99.3
029 L6b CTX Glut,69.86,1.51,7.31,0.38,84.62,0.13,0.5,1.32,14.69,46.72,0.19,9.46,33.48,53.4,0.0,25.98,0.13,0.44,41.3,33.17,54.1,12.23,29.95,63.3,4.22,44.7,91.99,28.75,31.46,11.41,2.52,0.19,0.0,34.3,33.48,6.75,1.26,0.57,95.9,87.01,1.83,0.13,1.51,12.93,21.31,3.22,0.19,47.67,72.82,76.92,1.7,0.13,0.88,0.32,5.36,0.57,99.31,1.51,26.1,85.81,21.31,0.0,74.84,0.19,19.42,74.97,59.77,94.58,0.19,19.23,48.74,16.14,65.07,69.17,71.75,0.63,6.18,62.55,0.06,35.94,31.34,2.33,61.6,82.16,11.92,42.81,51.01,1.39,5.04,0.63,0.19,4.6,27.87,6.81,0.13,0.13,39.03,57.0,98.3,1.89,4.67,60.72,67.28,47.35,67.21,0.57,37.39,2.52,18.54,37.7,0.82,0.0,88.08,52.08,20.49,0.25,20.62,57.94,28.44,14.56,93.95,2.59,0.13,68.66,0.5,55.55,46.6,0.25,40.16,1.2,0.69,36.95,17.47,11.35,90.79,68.73,64.38,99.43,98.99,18.98,0.25,12.61,11.54,42.06,67.21,0.19,85.62,0.13,55.74,68.16,0.0,0.06,0.25,1.39,10.78,4.41,97.23,0.13,6.94,0.44,62.8,41.17,13.18,1.2,2.65,6.75,98.93,100.0,98.49,98.55,95.15,100.0,65.32,99.62,81.02,81.53,6.49,1.39,18.16,8.2,34.99,89.97,97.98,59.33,38.65,51.77,95.4,64.25,9.39,81.08,10.97,1.51,73.71,50.13,3.59,1.39,11.1,92.88,18.66,0.06,13.49,72.51,7.5,82.79,0.13,70.62,0.06,46.6,28.56,3.59,2.77,4.16,0.25,31.27,56.24,2.46,1.2,4.79,0.32,1.7,2.77,0.13,24.53,0.25,1.95,63.93,27.18,27.36,7.19,96.03,25.22,0.13,18.6,13.49,0.38,24.78,0.32,99.56,26.29,14.69,0.13,15.64,0.44,34.93,14.56,5.3,88.65,94.96,80.2,99.5,4.04,1.95,20.81,1.83,8.07,30.39,13.49,7.5,0.32,0.13,1.39,61.92,57.69,61.92,23.14,33.42,73.71,99.62,0.13,29.89,3.28,42.56,98.61,65.45,67.34,0.38,8.7,9.14,0.69,34.93,80.26,50.88,0.88,0.19,0.82,0.5,9.84,67.4,88.97,1.58,3.28,0.44,5.23,86.13,19.55,2.33,2.59,38.78,20.37,1.45,43.19,42.88,4.6,40.61,66.65,2.77,2.9,0.63,1.39,1.45,62.61,6.56,1.2,7.69,52.71,36.19,0.57,23.01,6.49,84.43,86.51,6.49,10.09,31.4,97.35,54.29,15.95,0.88,80.2,31.21,21.19,8.01,53.09,18.66,7.82,28.25,0.63,58.26,25.85,4.1,98.49,0.95,98.99,37.7,12.8,15.51,91.93,75.85,3.47,0.82,65.76,0.19,0.13,34.62,0.06,43.95,0.06,22.95,100.0,5.04,2.08,0.76,15.01,0.38,0.57,48.99,21.82,100.0,0.19,0.76,85.56,0.63,20.81,18.03,0.13,93.0,2.21,8.26,0.19,0.19,4.92,0.0,0.06,18.03,21.06,0.69,29.63,48.61,23.33,4.29,24.65,9.33,6.68,3.22,44.89,2.14,0.82,1.13,1.7,1.58,95.4,0.25,0.13,4.35,76.67,21.56,98.87,94.2,70.93,20.81,87.58,45.52,0.44,7.76,17.02,0.76,10.91,11.03,0.5,2.02,0.25,8.01,0.63,8.76,0.19,87.45,54.85,28.44,14.88,18.92,54.98,0.44,23.83,4.16,35.94,18.22,50.38,97.86,24.21,1.89,0.0,25.22,20.43,4.22,40.98,9.33,0.0,95.15,34.43,31.21,39.22,98.61,3.15,24.4,87.33,62.99,20.24,83.48,0.69,13.75,0.32,61.73,2.46,50.38,5.49,96.97,97.04,97.23,90.04,12.99,21.63,96.15,99.43,19.61,25.47,46.78,91.8,31.27,0.13,79.32,99.37,80.01,14.12,52.14,100.0,100.0,95.33,12.04,100.0,1.95,0.19,37.64,34.49,11.79,60.91,65.26,35.81,21.63,100.0,4.6,0.06,10.84,1.45,1.32,78.63,99.43,44.01,100.0,100.0,48.3,67.97,0.25,18.85,30.96,14.82,14.38,4.1,0.44,0.19,0.25,10.28,7.31,17.34,21.44,6.87,0.0,15.07,0.25,0.13,1.45,41.74,57.25,44.01,14.19,98.74,32.03,0.38,0.88,0.06,1.95,20.18,23.58,95.9,67.59,12.36,0.82,0.88,59.39,0.95,82.22,86.76,65.2,74.97,0.69,12.93,51.64,30.01,57.19,8.51,24.59,17.53,50.88,0.95,69.36,8.13,55.55,24.02,87.52,8.45,65.95,62.11,50.38,17.09,1.7,1.45,90.54,56.05,10.97,39.28,33.73,33.86,7.57,36.0,33.29,93.63
030 L6 CT CTX Glut,78.05,0.48,11.33,0.74,79.84,0.18,0.95,4.68,50.44,17.45,0.38,58.72,22.46,58.64,0.16,21.54,0.21,0.52,66.55,19.66,72.57,2.62,70.9,72.73,0.98,48.73,98.21,29.37,2.07,19.61,2.2,0.23,0.02,7.9,11.72,7.36,1.41,0.41,99.3,93.11,3.82,0.4,1.12,7.29,45.65,2.45,0.11,44.31,60.85,13.38,10.07,0.18,3.06,0.34,4.71,0.44,72.95,5.8,26.05,60.66,56.13,0.06,72.09,0.08,13.7,83.19,23.37,96.59,0.37,21.66,61.75,26.8,10.43,90.38,55.02,0.69,2.52,10.57,0.04,46.48,50.15,2.54,3.36,22.58,14.23,27.58,51.5,1.36,3.76,0.77,0.19,4.73,37.74,8.28,0.04,0.15,40.23,96.35,98.16,1.62,7.36,21.82,78.5,34.04,35.57,0.17,37.75,3.23,9.88,36.85,0.69,0.07,92.09,78.72,27.87,0.71,18.4,59.18,74.82,31.05,92.27,15.47,0.07,71.85,0.45,64.04,59.47,0.35,12.66,0.25,0.54,34.42,20.72,19.05,98.02,98.67,64.63,99.4,99.72,21.47,0.08,12.05,10.32,61.32,7.14,0.04,98.59,0.21,26.73,84.35,0.03,0.54,0.55,2.68,31.65,7.91,93.31,0.1,8.94,0.49,63.82,63.58,8.75,0.78,11.66,2.71,99.8,100.0,98.27,99.11,98.46,100.0,74.83,99.33,97.61,84.77,17.95,1.21,16.31,14.25,12.44,80.58,98.72,15.74,19.54,15.92,98.21,56.85,9.87,82.99,16.84,15.6,93.66,5.74,5.3,2.71,20.76,80.66,11.63,0.05,57.97,32.57,20.09,93.47,0.08,55.67,0.02,56.57,17.52,7.39,18.55,30.54,2.43,26.54,73.88,7.29,0.71,21.85,0.39,1.11,1.65,0.3,3.61,0.09,3.15,65.86,19.42,17.6,17.34,97.91,39.61,3.38,7.83,23.26,0.43,96.29,4.0,97.92,37.68,22.22,0.64,60.61,0.67,48.35,20.48,9.13,84.16,94.55,87.79,99.79,9.66,1.28,20.97,10.51,18.34,40.98,14.45,18.6,0.45,0.26,1.27,62.05,30.07,45.58,37.49,58.35,48.66,99.6,1.43,21.39,6.33,34.24,91.12,5.16,57.88,0.57,15.98,22.79,0.87,32.5,72.45,56.04,1.4,0.04,0.31,0.46,35.38,47.37,56.3,1.29,14.75,0.48,2.22,73.99,7.4,1.78,2.35,42.36,36.08,2.44,32.26,9.59,13.65,14.06,59.06,2.79,12.25,1.49,0.95,1.17,73.33,15.45,1.13,2.53,50.31,55.89,0.51,58.51,1.62,50.64,71.78,1.07,19.23,71.04,99.13,51.36,9.34,1.43,91.72,49.9,26.66,11.99,75.28,0.4,8.76,91.26,0.59,43.16,27.19,5.3,91.6,0.24,97.14,55.58,4.87,50.58,85.85,67.58,16.77,0.61,27.71,0.19,0.07,35.8,0.08,68.07,0.2,20.1,99.96,2.12,2.34,0.54,40.4,0.72,0.74,34.03,17.75,100.0,0.24,0.89,55.13,0.7,52.18,19.17,0.12,94.73,2.5,37.39,0.23,0.41,8.18,0.1,0.09,17.74,39.61,1.18,11.36,47.71,23.21,19.06,3.41,10.33,5.44,0.83,91.71,1.77,1.19,2.0,1.46,3.75,96.63,0.54,0.08,5.79,91.8,14.36,98.44,82.34,5.9,11.18,90.51,92.84,0.44,1.16,8.13,1.04,30.85,10.21,0.24,1.85,0.12,7.53,0.65,9.27,0.08,91.67,15.86,18.85,18.64,20.23,57.98,0.27,27.16,4.33,38.37,17.37,54.69,99.37,23.83,0.73,0.05,26.88,16.87,5.09,20.23,26.36,0.13,95.92,59.68,24.5,33.53,99.3,3.54,26.11,91.75,61.88,20.44,76.22,1.05,19.55,0.17,50.18,6.19,43.51,13.52,97.03,98.45,99.75,95.94,6.2,13.99,95.98,99.47,18.76,21.66,46.13,90.73,26.62,0.47,91.15,99.94,71.28,25.29,51.89,100.0,99.98,98.55,9.5,99.25,2.55,0.28,53.73,29.56,10.32,48.75,84.23,43.88,9.89,99.99,4.69,0.2,10.26,4.7,1.9,71.89,99.31,50.83,99.9,100.0,41.28,64.76,0.79,30.03,33.85,21.69,47.0,7.33,1.15,0.17,0.18,6.67,2.65,1.79,24.51,11.63,0.76,4.72,0.33,0.23,2.43,40.54,12.47,44.15,18.46,96.55,22.17,0.28,1.08,0.28,1.74,33.24,37.37,95.02,47.93,10.68,0.83,1.1,8.3,1.16,74.34,95.06,35.59,77.32,0.64,12.42,50.05,10.24,28.46,3.69,20.36,21.78,52.42,1.36,68.84,9.31,47.22,15.65,78.7,8.36,75.94,73.69,50.9,18.92,1.38,2.41,96.08,60.91,15.97,39.74,35.36,28.7,8.0,36.6,9.87,90.65
032 L5 NP CTX Glut,37.16,0.28,0.33,0.3,54.91,0.15,14.62,1.2,11.36,50.23,0.23,49.92,19.38,42.15,0.13,2.01,0.1,0.25,22.27,43.2,2.23,2.91,21.97,79.66,9.05,38.16,97.27,13.84,14.47,12.01,3.26,0.18,0.2,5.54,39.02,6.32,1.13,0.28,86.33,82.3,1.08,0.15,1.3,0.83,89.22,1.33,0.03,28.76,9.03,31.44,15.77,0.18,13.39,0.3,2.06,0.38,44.51,5.24,13.37,58.88,4.26,0.05,65.15,0.1,12.21,58.32,90.72,13.54,0.2,10.66,60.08,37.74,93.15,29.86,77.48,0.65,2.31,2.76,0.03,2.36,26.76,2.28,1.45,96.89,32.05,50.4,37.56,1.1,1.3,0.6,0.08,6.44,16.17,6.19,0.0,0.1,14.97,60.01,89.27,1.0,12.56,91.12,68.38,36.41,27.13,0.13,23.12,9.3,40.6,28.23,0.48,0.03,50.33,31.27,7.8,0.35,7.25,52.06,16.2,99.82,55.17,0.73,0.0,86.31,0.53,38.26,23.04,0.18,1.53,0.1,0.28,18.96,9.8,9.25,99.52,72.17,55.82,95.66,52.38,15.45,0.25,10.43,9.3,5.22,66.78,0.05,85.16,0.1,2.78,37.14,0.08,0.65,0.23,1.86,1.68,2.88,66.0,0.03,2.48,0.6,58.22,63.99,3.34,1.71,9.6,4.39,94.31,99.95,95.76,95.59,99.27,99.92,26.55,99.97,96.59,35.63,60.58,6.7,14.84,2.53,28.76,69.56,83.3,7.9,12.74,37.21,43.03,43.25,6.97,62.04,5.52,2.03,72.42,2.98,90.2,1.4,7.9,24.67,6.32,0.0,6.07,8.78,3.46,25.85,0.08,43.53,0.0,23.29,35.03,15.95,26.3,4.76,0.28,2.31,15.52,5.77,0.83,5.79,0.25,1.03,0.78,0.18,9.35,0.13,9.03,6.24,34.13,1.65,36.08,96.56,30.84,0.63,7.25,7.32,0.28,94.48,0.1,46.09,92.43,50.93,0.53,37.89,0.45,66.78,6.9,9.33,98.32,76.53,91.42,94.26,6.82,0.63,9.78,1.5,1.05,5.14,12.36,8.2,0.28,0.18,1.38,47.72,1.73,52.83,20.94,93.88,41.05,97.52,0.03,0.65,1.03,50.23,94.78,0.6,52.03,0.6,2.31,1.63,0.45,32.8,45.44,6.32,0.88,0.03,0.2,0.28,22.72,44.86,88.94,2.46,4.46,0.28,1.4,75.43,55.72,1.93,1.73,31.29,18.98,2.06,25.9,31.19,3.11,87.94,94.58,2.81,0.95,15.37,1.63,1.35,13.14,3.16,0.85,1.33,94.48,4.34,0.23,49.75,1.45,31.42,60.28,3.28,74.32,32.52,93.71,48.12,32.42,1.13,91.6,30.02,46.89,39.82,94.63,10.16,37.14,68.23,0.4,4.26,25.33,5.24,86.79,4.41,36.06,6.72,0.83,44.96,61.43,54.09,69.18,0.13,7.1,0.1,0.08,28.59,0.05,1.73,0.15,70.69,98.47,3.61,1.83,0.35,7.25,0.08,0.43,9.65,14.44,100.0,0.13,16.07,32.42,0.75,35.63,11.69,0.08,89.04,2.41,4.14,0.38,0.53,7.37,0.05,0.08,14.94,5.64,0.43,75.8,39.22,9.58,18.36,6.52,9.13,5.04,0.78,7.52,1.25,0.93,0.38,1.13,4.69,60.36,0.5,0.1,3.41,5.84,12.44,94.78,43.43,41.83,11.33,98.02,11.13,0.33,17.4,71.16,0.2,4.69,99.95,0.25,39.52,0.0,8.9,0.4,7.55,0.05,81.62,97.07,7.62,13.26,16.2,55.19,0.38,11.13,5.17,16.6,14.84,44.28,50.3,18.05,1.28,0.0,30.44,22.64,3.66,0.4,32.32,5.14,89.34,43.25,24.55,17.8,94.88,2.91,74.87,77.33,53.21,19.56,55.19,0.98,17.45,0.15,38.67,0.8,28.81,3.34,95.51,87.41,88.54,99.9,73.37,21.29,93.23,99.9,17.95,7.6,28.69,73.62,20.51,0.08,46.72,99.85,39.27,14.32,55.22,100.0,92.73,21.14,10.96,98.45,2.91,0.1,40.4,14.72,21.01,70.39,55.57,35.41,5.49,99.92,4.54,0.18,12.49,1.63,1.03,4.31,90.65,31.32,99.47,100.0,28.36,38.94,0.13,44.01,37.69,26.35,11.96,1.5,1.45,0.18,0.23,3.41,42.4,4.99,14.17,3.64,1.53,19.06,0.4,0.23,5.22,64.07,78.06,99.15,9.9,99.2,4.39,0.15,1.93,0.28,1.65,2.36,36.56,14.99,21.56,7.32,0.38,0.88,9.9,0.3,57.52,70.39,14.17,92.73,0.48,11.38,67.33,81.75,42.48,0.55,12.34,12.96,43.33,1.2,59.53,6.97,39.39,5.77,72.92,5.07,53.46,75.9,35.33,12.86,1.63,1.93,80.17,44.13,7.7,26.3,29.54,28.69,7.6,27.83,16.4,84.25
035 OB Eomes Ms4a15 Glut,6.56,1.64,3.28,1.64,31.15,0.0,0.0,14.75,3.28,6.56,1.64,4.92,32.79,32.79,0.0,3.28,1.64,0.0,1.64,39.34,0.0,21.31,11.48,85.25,9.84,39.34,65.57,54.1,9.84,42.62,26.23,1.64,0.0,0.0,67.21,9.84,8.2,1.64,40.98,63.93,0.0,1.64,9.84,6.56,8.2,16.39,0.0,88.52,1.64,4.92,31.15,0.0,4.92,0.0,1.64,0.0,86.89,21.31,88.52,77.05,0.0,0.0,70.49,0.0,1.64,4.92,0.0,11.48,0.0,11.48,9.84,1.64,27.87,24.59,18.03,9.84,13.11,0.0,0.0,4.92,0.0,1.64,3.28,91.8,29.51,1.64,27.87,3.28,21.31,0.0,1.64,63.93,1.64,9.84,0.0,0.0,40.98,4.92,73.77,3.28,3.28,86.89,13.11,16.39,1.64,0.0,19.67,6.56,1.64,24.59,6.56,78.69,32.79,3.28,1.64,0.0,0.0,52.46,3.28,3.28,45.9,1.64,1.64,0.0,0.0,6.56,49.18,0.0,19.67,0.0,4.92,18.03,1.64,1.64,77.05,9.84,60.66,95.08,68.85,14.75,0.0,21.31,19.67,0.0,83.61,0.0,54.1,0.0,3.28,44.26,0.0,3.28,0.0,0.0,19.67,1.64,8.2,1.64,6.56,1.64,31.15,47.54,1.64,0.0,3.28,1.64,50.82,98.36,3.28,75.41,19.67,96.72,100.0,67.21,91.8,4.92,8.2,4.92,11.48,4.92,0.0,50.82,52.46,14.75,3.28,6.56,1.64,62.3,3.28,49.18,1.64,0.0,19.67,6.56,11.48,0.0,8.2,45.9,40.98,0.0,1.64,59.02,0.0,29.51,0.0,60.66,0.0,21.31,8.2,6.56,47.54,40.98,0.0,9.84,4.92,0.0,0.0,1.64,0.0,1.64,3.28,0.0,3.28,0.0,9.84,91.8,86.89,0.0,4.92,95.08,14.75,0.0,3.28,19.67,0.0,22.95,1.64,6.56,1.64,16.39,59.02,9.84,85.25,24.59,8.2,45.9,63.93,11.48,4.92,14.75,42.62,0.0,1.64,6.56,0.0,59.02,1.64,6.56,1.64,3.28,77.05,8.2,0.0,3.28,49.18,86.89,9.84,98.36,1.64,3.28,3.28,47.54,13.11,44.26,6.56,0.0,13.11,0.0,1.64,9.84,6.56,22.95,4.92,0.0,0.0,0.0,8.2,50.82,65.57,3.28,8.2,0.0,1.64,77.05,6.56,1.64,6.56,24.59,13.11,1.64,24.59,78.69,1.64,16.39,49.18,47.54,3.28,0.0,14.75,3.28,4.92,0.0,3.28,0.0,4.92,0.0,0.0,3.28,0.0,22.95,0.0,18.03,4.92,1.64,19.67,86.89,0.0,0.0,8.2,21.31,73.77,13.11,81.97,1.64,18.03,4.92,1.64,3.28,4.92,3.28,1.64,1.64,8.2,70.49,26.23,72.13,78.69,13.11,95.08,3.28,91.8,0.0,0.0,59.02,0.0,0.0,0.0,93.44,75.41,6.56,4.92,0.0,8.2,0.0,0.0,4.92,21.31,100.0,0.0,4.92,88.52,1.64,26.23,18.03,0.0,85.25,3.28,0.0,0.0,0.0,1.64,0.0,11.48,8.2,3.28,0.0,13.11,13.11,13.11,0.0,49.18,26.23,1.64,1.64,3.28,3.28,3.28,4.92,1.64,18.03,85.25,3.28,1.64,19.67,44.26,3.28,49.18,16.39,96.72,16.39,11.48,1.64,0.0,0.0,0.0,75.41,72.13,90.16,3.28,26.23,0.0,8.2,4.92,1.64,0.0,62.3,3.28,13.11,16.39,18.03,44.26,3.28,13.11,29.51,21.31,22.95,34.43,14.75,18.03,18.03,1.64,36.07,24.59,40.98,1.64,37.7,1.64,78.69,47.54,31.15,47.54,85.25,3.28,42.62,75.41,55.74,18.03,52.46,1.64,32.79,0.0,31.15,0.0,24.59,3.28,91.8,91.8,11.48,52.46,8.2,34.43,14.75,90.16,11.48,6.56,59.02,78.69,11.48,32.79,34.43,85.25,4.92,11.48,60.66,100.0,78.69,26.23,4.92,65.57,4.92,0.0,19.67,42.62,0.0,77.05,8.2,24.59,11.48,83.61,1.64,0.0,8.2,0.0,11.48,1.64,85.25,24.59,90.16,100.0,27.87,22.95,0.0,54.1,93.44,45.9,37.7,4.92,0.0,6.56,1.64,19.67,0.0,0.0,6.56,3.28,1.64,8.2,0.0,3.28,18.03,49.18,11.48,14.75,83.61,95.08,57.38,3.28,22.95,0.0,22.95,1.64,4.92,6.56,31.15,11.48,0.0,1.64,16.39,9.84,0.0,3.28,40.98,11.48,6.56,13.11,13.11,62.3,81.97,1.64,78.69,14.75,70.49,50.82,55.74,4.92,34.43,1.64,34.43,6.56,57.38,18.03,36.07,8.2,6.56,1.64,81.97,42.62,3.28,27.87,27.87,19.67,8.2,27.87,40.98,57.38
036 HPF CR Glut,9.6,1.12,1.12,1.56,22.1,0.22,0.22,0.67,2.9,6.25,0.67,1.56,0.45,32.37,0.0,32.14,0.0,2.46,2.46,36.38,0.67,7.59,10.94,43.97,17.86,36.83,8.04,9.15,61.83,10.49,34.15,10.27,8.04,5.58,97.99,11.38,50.0,0.22,29.69,54.46,1.12,0.0,3.12,0.45,0.22,2.68,0.0,8.04,0.45,1.79,14.29,0.22,0.67,0.22,0.89,0.0,57.59,2.01,95.54,44.2,2.01,0.0,63.39,0.45,2.9,1.56,1.56,7.14,0.0,21.88,3.79,42.19,0.89,39.06,13.39,63.62,5.8,0.45,0.22,19.64,16.96,0.22,0.0,2.46,7.14,26.34,21.65,0.67,1.12,8.48,0.22,7.37,0.22,5.58,0.0,0.0,6.92,49.55,66.96,1.79,2.01,70.76,52.23,18.97,0.22,0.0,32.81,14.29,2.01,37.95,13.17,90.62,29.69,4.91,1.79,1.12,0.89,52.68,7.14,2.9,7.81,6.47,0.0,0.22,0.22,0.0,41.07,2.9,1.79,0.0,0.22,47.77,13.84,49.33,70.98,5.13,55.36,76.34,47.32,17.63,0.45,14.73,18.08,0.89,2.01,0.45,64.29,1.34,54.69,7.59,0.0,0.45,0.89,1.56,0.45,0.67,20.98,2.23,17.19,0.0,25.89,11.61,0.0,0.22,0.89,6.25,90.18,94.42,2.9,62.72,9.82,65.4,16.07,32.81,15.4,6.7,45.09,0.67,23.88,0.45,0.67,53.12,24.11,30.36,1.79,2.23,1.56,45.31,8.48,55.36,1.12,0.67,31.92,7.37,18.3,0.0,4.24,55.58,0.22,9.38,2.01,4.69,0.89,41.29,0.0,7.81,0.0,35.04,4.69,34.15,13.17,58.93,0.22,1.79,3.79,1.56,0.67,1.12,0.22,1.34,1.12,0.0,1.12,0.0,1.79,93.75,43.08,0.45,7.14,87.72,18.75,0.0,0.89,5.36,0.22,12.28,0.0,4.46,2.46,48.21,99.11,70.54,24.11,5.13,4.24,11.38,14.96,1.79,0.67,99.11,7.37,0.0,1.79,7.14,0.67,20.09,4.24,1.79,1.56,0.67,94.87,10.94,1.12,1.34,20.09,92.41,20.76,93.75,1.56,0.22,2.46,15.18,8.93,42.86,2.46,0.22,6.7,0.45,0.0,14.06,9.38,31.7,2.68,0.67,1.79,0.45,3.35,11.83,43.08,1.56,9.82,0.89,0.89,96.88,8.48,6.7,3.79,12.28,16.96,2.23,34.15,62.5,0.45,6.03,2.9,23.44,0.45,0.0,14.06,0.45,0.67,1.79,2.23,0.0,10.49,0.45,4.91,3.79,0.22,13.62,0.22,2.9,7.37,2.9,14.29,92.19,0.45,4.02,20.76,13.62,51.56,11.16,26.79,0.45,4.91,2.01,9.6,3.79,0.22,5.13,0.89,3.12,7.81,3.12,0.89,0.89,9.82,3.79,87.28,21.21,10.27,0.0,0.0,54.91,0.0,0.22,0.0,83.04,6.7,1.56,4.46,0.45,6.25,0.22,0.0,15.85,26.56,96.21,0.22,2.23,23.21,0.67,24.33,18.53,0.0,21.65,3.12,0.67,0.67,1.12,0.0,0.0,0.22,13.17,1.56,0.0,12.28,17.41,5.8,1.12,46.65,6.92,2.9,0.22,0.67,5.13,0.89,2.23,0.67,4.24,66.96,2.9,0.0,42.19,96.43,29.91,57.14,4.24,94.2,41.29,4.91,0.0,0.22,0.0,2.46,93.97,4.24,46.21,0.89,32.14,0.45,18.08,0.0,0.67,0.0,50.89,1.79,12.72,18.53,9.82,55.13,0.45,9.6,78.79,16.29,18.53,28.12,17.63,23.44,57.81,45.31,29.24,14.73,4.46,12.05,5.36,0.0,61.61,28.35,9.6,44.64,64.29,24.78,5.13,58.93,47.77,11.16,31.92,0.89,29.24,0.67,25.22,0.22,20.54,2.46,94.87,87.05,16.52,87.28,10.49,8.26,10.49,35.27,8.26,17.19,74.78,92.41,12.28,21.43,23.88,55.58,18.08,15.62,39.73,100.0,70.09,12.95,6.25,54.02,4.69,1.12,14.96,13.17,10.49,45.98,23.66,13.17,20.09,70.31,1.34,0.0,34.82,2.23,0.89,1.79,66.29,14.51,75.67,99.55,28.12,9.15,0.45,38.84,99.55,19.42,1.12,5.13,0.0,0.22,0.0,14.06,2.9,0.0,4.24,1.34,38.62,3.35,0.45,0.0,16.07,4.02,41.07,8.48,68.97,96.88,4.69,1.34,1.56,0.0,2.23,0.89,4.69,8.93,11.16,23.44,4.69,0.67,32.81,0.67,33.93,4.91,59.6,5.8,19.64,11.61,18.75,1.34,46.88,0.45,19.64,8.93,83.04,31.47,56.03,3.79,36.38,0.0,28.12,6.47,31.92,14.73,22.77,20.54,1.34,1.79,70.54,39.51,9.82,12.5,16.96,16.96,8.26,14.51,22.77,79.91
037 DG Glut,91.98,62.6,12.21,2.29,47.71,0.38,0.38,1.15,41.6,74.05,0.38,3.44,0.38,69.08,0.0,1.91,0.0,2.67,9.92,70.23,0.0,28.24,26.72,83.21,42.37,82.06,97.71,40.46,76.34,27.86,7.63,0.0,44.27,1.53,3.44,69.47,4.58,10.69,100.0,80.53,22.14,0.0,5.34,0.0,1.91,0.76,0.76,85.88,3.82,0.0,11.45,0.0,3.05,0.38,3.82,0.76,99.62,12.98,80.53,0.76,98.09,0.0,85.88,6.11,16.41,71.76,1.15,83.97,0.0,52.67,79.01,83.97,88.17,27.1,97.71,68.7,4.2,11.83,0.0,38.55,14.12,0.38,0.76,93.51,80.53,5.34,36.26,0.38,15.65,2.29,0.38,6.11,0.0,9.54,0.0,39.69,29.01,4.2,95.04,2.29,18.32,78.24,63.36,99.24,16.03,0.38,6.87,6.87,5.73,32.44,2.29,0.0,43.51,56.49,17.18,1.15,7.63,79.39,57.63,65.65,14.5,0.38,0.0,0.38,0.38,3.05,47.33,0.0,4.2,0.0,0.38,10.31,11.07,45.42,95.8,7.63,73.28,94.27,100.0,29.77,0.0,18.32,35.5,0.38,72.9,30.15,82.44,0.38,92.75,19.47,0.0,1.15,0.38,0.76,0.38,0.0,6.49,4.96,20.23,0.38,70.61,8.4,1.15,0.76,26.34,5.34,100.0,100.0,18.32,98.09,100.0,100.0,57.25,100.0,37.4,13.36,56.87,0.76,17.18,0.0,0.38,4.2,80.53,33.97,42.37,43.89,0.0,58.4,22.14,72.9,16.79,1.15,14.12,1.91,22.52,5.34,7.25,72.52,0.76,0.0,1.91,72.9,0.76,12.6,0.38,30.15,0.76,48.09,12.6,32.44,73.28,7.25,0.0,82.82,20.99,7.25,4.2,2.29,0.38,3.44,0.76,0.0,0.76,0.0,1.53,82.44,74.43,16.41,14.12,100.0,91.6,4.58,0.38,62.21,0.38,14.5,0.76,2.67,1.91,51.53,0.38,25.57,14.12,76.34,56.49,53.05,31.68,70.99,0.0,100.0,85.5,0.38,4.58,2.29,50.0,6.11,3.44,38.55,70.99,0.38,98.47,8.78,29.77,29.01,42.75,77.48,95.04,97.71,0.76,3.82,0.76,85.88,0.38,2.29,27.86,0.76,0.0,6.49,0.38,29.01,33.59,55.73,20.99,1.15,0.0,0.76,85.5,9.54,91.98,3.05,98.47,0.0,3.05,37.79,6.49,3.44,16.03,29.01,35.88,4.96,90.08,25.95,8.78,5.34,14.5,3.44,14.89,0.38,1.53,0.0,4.2,88.55,99.24,4.2,96.95,1.15,0.0,1.15,0.0,29.01,7.25,0.38,45.42,91.98,100.0,82.82,0.0,1.53,81.68,40.84,4.58,13.36,3.05,15.65,13.74,28.24,0.0,0.0,1.15,7.63,0.76,2.67,88.55,6.11,1.15,6.11,75.57,20.61,45.8,1.53,91.6,0.0,0.76,76.34,0.0,0.0,0.0,4.58,97.71,53.44,4.96,0.38,92.75,0.0,0.0,87.79,28.63,99.62,0.0,3.05,60.31,0.76,84.73,33.21,0.0,23.66,3.44,5.34,0.38,1.53,0.76,0.0,0.0,9.54,21.37,1.53,57.63,25.19,10.69,16.79,0.76,96.56,90.84,0.0,0.38,8.02,0.76,10.31,2.29,11.45,6.11,0.38,0.0,93.13,98.09,30.53,80.53,6.11,16.79,58.02,4.2,0.0,0.0,0.38,89.69,0.38,72.52,64.5,39.69,26.72,0.0,33.59,1.53,0.76,0.0,88.93,3.05,23.28,24.43,17.56,75.57,0.38,39.69,84.73,17.56,19.08,61.07,100.0,73.66,0.38,1.15,57.63,19.47,15.65,18.32,1.15,0.0,82.06,42.75,36.64,29.01,99.62,61.45,49.24,87.79,64.5,17.94,63.74,1.53,17.18,32.44,53.44,3.82,56.49,2.67,100.0,87.02,99.24,86.26,95.8,26.34,6.87,100.0,12.21,6.49,96.56,91.6,36.26,55.34,54.96,100.0,87.79,20.61,37.4,100.0,100.0,100.0,29.77,83.97,55.34,0.76,44.27,16.03,0.38,55.73,19.85,67.94,15.27,94.66,71.76,0.0,71.37,1.15,0.76,27.48,93.13,48.85,99.62,100.0,59.92,28.24,0.0,15.27,99.24,63.36,60.31,4.58,0.0,1.91,38.55,38.17,1.91,9.54,5.34,8.02,0.38,8.78,0.38,0.0,50.38,14.12,8.78,96.18,46.56,100.0,0.0,1.53,1.15,0.38,3.44,1.53,59.16,52.29,48.85,7.25,0.76,31.3,31.68,35.5,65.65,22.14,62.21,56.49,0.76,92.37,4.58,0.0,100.0,24.81,27.1,9.16,75.95,36.26,77.48,16.41,33.59,0.76,69.08,19.47,88.93,56.11,31.68,22.52,4.2,3.82,89.69,55.73,5.73,35.88,29.01,23.28,8.4,23.66,54.2,90.46
039 OB Meis2 Thsd7b Gaba,29.41,2.94,1.47,1.47,29.41,0.0,0.0,1.47,66.18,35.29,0.0,7.35,1.47,19.12,0.0,0.0,0.0,0.0,2.94,20.59,0.0,4.41,38.24,36.76,4.41,26.47,73.53,11.76,1.47,23.53,19.12,1.47,0.0,1.47,13.24,14.71,8.82,2.94,61.76,39.71,1.47,1.47,11.76,13.24,58.82,1.47,0.0,19.12,0.0,0.0,0.0,0.0,1.47,0.0,1.47,0.0,39.71,30.88,23.53,8.82,4.41,0.0,44.12,0.0,1.47,29.41,32.35,17.65,0.0,5.88,13.24,13.24,26.47,10.29,13.24,1.47,2.94,1.47,1.47,2.94,1.47,4.41,2.94,73.53,14.71,4.41,20.59,2.94,2.94,0.0,0.0,10.29,0.0,8.82,5.88,0.0,26.47,2.94,66.18,47.06,0.0,38.24,4.41,8.82,0.0,0.0,11.76,0.0,1.47,8.82,0.0,0.0,35.29,7.35,2.94,0.0,0.0,30.88,4.41,4.41,11.76,5.88,0.0,1.47,2.94,7.35,32.35,0.0,1.47,0.0,0.0,13.24,2.94,1.47,35.29,89.71,26.47,70.59,82.35,10.29,0.0,89.71,86.76,1.47,19.12,0.0,42.65,1.47,2.94,19.12,0.0,0.0,0.0,0.0,0.0,0.0,1.47,0.0,1.47,1.47,0.0,16.18,0.0,0.0,1.47,7.35,97.06,89.71,44.12,69.12,51.47,95.59,23.53,91.18,44.12,13.24,64.71,1.47,13.24,0.0,0.0,14.71,48.53,26.47,0.0,1.47,10.29,25.0,0.0,48.53,2.94,2.94,11.76,16.18,5.88,0.0,10.29,55.88,7.35,0.0,13.24,25.0,7.35,22.06,0.0,47.06,0.0,11.76,23.53,19.12,4.41,55.88,0.0,1.47,5.88,0.0,1.47,33.82,1.47,2.94,0.0,0.0,14.71,0.0,2.94,79.41,27.94,1.47,5.88,44.12,19.12,0.0,1.47,42.65,0.0,98.53,0.0,35.29,1.47,27.94,0.0,4.41,4.41,52.94,4.41,25.0,22.06,1.47,2.94,97.06,1.47,1.47,4.41,17.65,0.0,0.0,7.35,2.94,2.94,1.47,2.94,4.41,2.94,1.47,13.24,8.82,1.47,61.76,0.0,2.94,2.94,22.06,2.94,2.94,7.35,0.0,1.47,0.0,1.47,16.18,44.12,14.71,4.41,0.0,0.0,0.0,10.29,2.94,2.94,0.0,10.29,1.47,0.0,50.0,1.47,1.47,1.47,14.71,16.18,2.94,10.29,1.47,1.47,7.35,80.88,25.0,1.47,0.0,1.47,0.0,1.47,0.0,0.0,1.47,13.24,4.41,0.0,14.71,0.0,27.94,4.41,1.47,29.41,4.41,63.24,41.18,0.0,0.0,26.47,4.41,33.82,39.71,2.94,0.0,2.94,1.47,0.0,1.47,1.47,0.0,1.47,16.18,61.76,2.94,2.94,10.29,2.94,0.0,76.47,17.65,0.0,0.0,0.0,27.94,0.0,0.0,1.47,1.47,14.71,2.94,50.0,0.0,26.47,0.0,0.0,4.41,8.82,97.06,0.0,0.0,72.06,1.47,44.12,11.76,0.0,2.94,1.47,0.0,7.35,30.88,0.0,0.0,0.0,7.35,0.0,0.0,10.29,10.29,2.94,11.76,0.0,94.12,0.0,1.47,76.47,2.94,0.0,1.47,17.65,7.35,4.41,0.0,0.0,10.29,95.59,10.29,27.94,8.82,1.47,26.47,1.47,1.47,0.0,0.0,0.0,0.0,2.94,77.94,0.0,82.35,0.0,2.94,0.0,1.47,1.47,32.35,39.71,32.35,4.41,7.35,23.53,0.0,4.41,5.88,13.24,20.59,19.12,8.82,14.71,1.47,0.0,8.82,16.18,2.94,14.71,23.53,0.0,42.65,32.35,7.35,5.88,55.88,0.0,13.24,52.94,35.29,19.12,29.41,1.47,13.24,1.47,14.71,0.0,14.71,0.0,85.29,80.88,23.53,88.24,26.47,0.0,60.29,94.12,10.29,7.35,22.06,63.24,10.29,0.0,4.41,91.18,27.94,8.82,23.53,100.0,100.0,27.94,7.35,45.59,38.24,0.0,25.0,11.76,1.47,29.41,20.59,8.82,7.35,25.0,1.47,0.0,89.71,1.47,2.94,2.94,64.71,20.59,66.18,98.53,17.65,8.82,0.0,66.18,89.71,17.65,2.94,1.47,1.47,0.0,0.0,1.47,10.29,1.47,1.47,1.47,0.0,0.0,0.0,0.0,2.94,29.41,23.53,25.0,57.35,73.53,7.35,32.35,4.41,1.47,13.24,2.94,25.0,11.76,8.82,8.82,0.0,36.76,60.29,2.94,14.71,32.35,25.0,19.12,0.0,10.29,82.35,8.82,92.65,0.0,64.71,5.88,30.88,10.29,44.12,0.0,8.82,0.0,27.94,4.41,17.65,10.29,14.71,10.29,10.29,1.47,60.29,29.41,11.76,16.18,10.29,11.76,8.82,19.12,11.76,58.82
041 OB-in Frmd7 Gaba,48.39,0.0,3.23,1.61,24.19,0.0,0.0,0.0,12.9,40.32,1.61,58.06,0.0,16.13,0.0,0.0,0.0,0.0,20.97,16.13,1.61,4.84,0.0,1.61,1.61,17.74,41.94,3.23,1.61,1.61,1.61,1.61,0.0,0.0,3.23,4.84,54.84,0.0,59.68,32.26,3.23,0.0,1.61,0.0,4.84,0.0,0.0,4.84,20.97,1.61,0.0,0.0,0.0,0.0,0.0,0.0,40.32,48.39,38.71,14.52,3.23,0.0,30.65,0.0,1.61,19.35,33.87,53.23,1.61,0.0,25.81,6.45,3.23,41.94,3.23,0.0,1.61,1.61,0.0,1.61,12.9,11.29,0.0,72.58,70.97,59.68,12.9,0.0,25.81,0.0,3.23,1.61,0.0,1.61,0.0,0.0,11.29,6.45,62.9,45.16,1.61,12.9,11.29,6.45,0.0,0.0,9.68,0.0,29.03,9.68,0.0,0.0,51.61,25.81,12.9,0.0,0.0,19.35,25.81,61.29,19.35,1.61,0.0,0.0,0.0,4.84,24.19,0.0,1.61,0.0,3.23,17.74,9.68,14.52,41.94,0.0,25.81,62.9,19.35,6.45,0.0,88.71,75.81,1.61,1.61,0.0,3.23,0.0,0.0,20.97,0.0,0.0,0.0,0.0,0.0,0.0,1.61,0.0,0.0,0.0,4.84,3.23,0.0,0.0,0.0,0.0,91.94,90.32,58.06,85.48,75.81,96.77,48.39,80.65,53.23,6.45,24.19,0.0,8.06,0.0,0.0,17.74,53.23,0.0,0.0,4.84,37.1,17.74,1.61,29.03,0.0,0.0,69.35,6.45,0.0,0.0,0.0,12.9,0.0,0.0,0.0,3.23,16.13,16.13,0.0,51.61,0.0,25.81,33.87,3.23,1.61,11.29,0.0,0.0,1.61,0.0,0.0,6.45,0.0,1.61,0.0,0.0,0.0,0.0,1.61,67.74,64.52,0.0,30.65,56.45,11.29,0.0,0.0,9.68,0.0,100.0,0.0,4.84,3.23,98.39,0.0,9.68,0.0,32.26,35.48,3.23,70.97,3.23,4.84,32.26,30.65,1.61,8.06,0.0,0.0,9.68,9.68,3.23,3.23,0.0,3.23,22.58,16.13,9.68,20.97,14.52,17.74,62.9,0.0,8.06,0.0,3.23,0.0,0.0,1.61,0.0,0.0,4.84,0.0,1.61,35.48,9.68,0.0,0.0,1.61,0.0,0.0,17.74,6.45,1.61,20.97,0.0,1.61,54.84,1.61,4.84,43.55,8.06,16.13,1.61,1.61,4.84,0.0,1.61,25.81,11.29,40.32,0.0,0.0,1.61,1.61,0.0,0.0,0.0,37.1,3.23,1.61,1.61,0.0,0.0,14.52,0.0,32.26,4.84,72.58,17.74,1.61,1.61,17.74,11.29,9.68,35.48,1.61,4.84,17.74,1.61,0.0,1.61,0.0,1.61,3.23,0.0,32.26,12.9,3.23,17.74,12.9,3.23,50.0,0.0,1.61,0.0,0.0,12.9,0.0,0.0,1.61,0.0,20.97,3.23,37.1,0.0,14.52,0.0,0.0,8.06,14.52,100.0,0.0,0.0,11.29,0.0,22.58,6.45,0.0,6.45,0.0,0.0,61.29,45.16,1.61,0.0,0.0,4.84,0.0,0.0,0.0,11.29,1.61,14.52,0.0,100.0,38.71,0.0,82.26,1.61,0.0,38.71,0.0,0.0,0.0,0.0,22.58,12.9,9.68,17.74,17.74,1.61,0.0,43.55,9.68,1.61,0.0,3.23,25.81,0.0,25.81,1.61,1.61,1.61,0.0,3.23,0.0,1.61,22.58,33.87,4.84,4.84,1.61,14.52,0.0,0.0,3.23,1.61,8.06,3.23,24.19,4.84,6.45,33.87,1.61,6.45,6.45,1.61,0.0,4.84,0.0,35.48,9.68,16.13,19.35,83.87,0.0,8.06,29.03,33.87,12.9,24.19,1.61,14.52,1.61,16.13,8.06,17.74,0.0,80.65,64.52,56.45,98.39,1.61,32.26,8.06,43.55,1.61,14.52,29.03,54.84,19.35,0.0,11.29,88.71,17.74,4.84,11.29,98.39,100.0,66.13,11.29,20.97,3.23,0.0,19.35,9.68,0.0,51.61,6.45,16.13,11.29,33.87,3.23,0.0,38.71,0.0,0.0,14.52,70.97,16.13,56.45,95.16,22.58,17.74,0.0,19.35,67.74,3.23,19.35,16.13,0.0,0.0,0.0,16.13,19.35,16.13,0.0,1.61,6.45,0.0,0.0,0.0,12.9,50.0,72.58,1.61,24.19,66.13,0.0,30.65,1.61,0.0,1.61,0.0,1.61,80.65,19.35,1.61,0.0,11.29,17.74,0.0,12.9,43.55,6.45,6.45,1.61,3.23,61.29,1.61,35.48,1.61,30.65,9.68,27.42,3.23,43.55,3.23,11.29,0.0,19.35,4.84,29.03,12.9,8.06,3.23,29.03,0.0,70.97,8.06,4.84,9.68,9.68,6.45,1.61,9.68,6.45,25.81
042 OB-out Frmd7 Gaba,9.52,4.76,1.59,1.59,14.29,0.0,0.0,0.0,39.68,41.27,9.52,15.87,3.17,30.16,0.0,3.17,0.0,0.0,0.0,20.63,0.0,1.59,1.59,4.76,3.17,25.4,11.11,1.59,0.0,6.35,17.46,4.76,0.0,0.0,26.98,4.76,96.83,0.0,44.44,11.11,4.76,0.0,1.59,0.0,1.59,0.0,0.0,19.05,1.59,1.59,20.63,1.59,0.0,0.0,0.0,0.0,3.17,47.62,63.49,57.14,3.17,0.0,49.21,0.0,0.0,7.94,6.35,77.78,0.0,0.0,1.59,30.16,1.59,4.76,3.17,0.0,1.59,4.76,0.0,1.59,9.52,0.0,1.59,17.46,11.11,61.9,19.05,1.59,0.0,3.17,0.0,23.81,0.0,6.35,1.59,0.0,4.76,15.87,49.21,66.67,0.0,34.92,6.35,1.59,0.0,0.0,9.52,0.0,7.94,3.17,1.59,0.0,23.81,15.87,4.76,0.0,0.0,30.16,4.76,84.13,25.4,0.0,0.0,1.59,0.0,1.59,17.46,1.59,0.0,0.0,0.0,12.7,4.76,19.05,68.25,1.59,33.33,68.25,38.1,7.94,0.0,85.71,58.73,6.35,1.59,0.0,7.94,0.0,1.59,3.17,0.0,0.0,0.0,1.59,1.59,0.0,1.59,0.0,3.17,0.0,34.92,4.76,0.0,0.0,1.59,0.0,100.0,88.89,3.17,52.38,36.51,95.24,66.67,41.27,1.59,6.35,30.16,3.17,14.29,0.0,3.17,34.92,33.33,3.17,1.59,4.76,25.4,17.46,0.0,20.63,3.17,3.17,88.89,7.94,6.35,0.0,0.0,11.11,0.0,0.0,15.87,23.81,0.0,71.43,0.0,61.9,1.59,17.46,1.59,85.71,4.76,31.75,0.0,1.59,1.59,1.59,9.52,3.17,0.0,0.0,0.0,0.0,0.0,0.0,3.17,71.43,47.62,0.0,26.98,46.03,26.98,0.0,0.0,0.0,0.0,98.41,0.0,15.87,1.59,4.76,3.17,19.05,0.0,76.19,1.59,3.17,36.51,6.35,9.52,95.24,34.92,0.0,6.35,0.0,0.0,4.76,6.35,0.0,0.0,0.0,0.0,12.7,4.76,6.35,14.29,4.76,1.59,90.48,0.0,0.0,4.76,4.76,0.0,1.59,3.17,0.0,41.27,0.0,11.11,4.76,14.29,6.35,1.59,0.0,0.0,0.0,7.94,17.46,14.29,0.0,6.35,0.0,1.59,26.98,7.94,3.17,7.94,9.52,7.94,0.0,9.52,1.59,0.0,12.7,25.4,22.22,3.17,1.59,0.0,1.59,0.0,4.76,0.0,0.0,50.79,9.52,0.0,0.0,3.17,4.76,0.0,0.0,7.94,7.94,34.92,17.46,3.17,3.17,15.87,12.7,12.7,1.59,1.59,11.11,44.44,28.57,0.0,3.17,0.0,0.0,6.35,47.62,39.68,19.05,1.59,0.0,1.59,1.59,6.35,1.59,4.76,0.0,0.0,23.81,0.0,1.59,0.0,0.0,20.63,0.0,34.92,3.17,17.46,1.59,0.0,11.11,20.63,95.24,0.0,0.0,17.46,0.0,22.22,7.94,0.0,96.83,1.59,0.0,49.21,53.97,1.59,0.0,0.0,14.29,0.0,1.59,1.59,12.7,0.0,3.17,7.94,93.65,17.46,1.59,11.11,1.59,1.59,0.0,0.0,0.0,0.0,0.0,0.0,7.94,3.17,4.76,9.52,6.35,0.0,9.52,9.52,3.17,0.0,6.35,0.0,0.0,3.17,1.59,0.0,4.76,0.0,6.35,0.0,7.94,0.0,14.29,1.59,3.17,6.35,6.35,3.17,0.0,6.35,76.19,9.52,14.29,22.22,14.29,15.87,87.3,25.4,14.29,9.52,0.0,1.59,0.0,0.0,50.79,23.81,12.7,7.94,41.27,46.03,11.11,52.38,30.16,6.35,25.4,0.0,14.29,3.17,20.63,0.0,25.4,1.59,87.3,49.21,15.87,98.41,7.94,31.75,34.92,28.57,4.76,9.52,15.87,46.03,15.87,0.0,20.63,95.24,12.7,19.05,28.57,100.0,98.41,52.38,1.59,22.22,4.76,0.0,36.51,3.17,0.0,28.57,6.35,19.05,9.52,66.67,9.52,0.0,41.27,3.17,9.52,3.17,52.38,7.94,44.44,63.49,19.05,3.17,0.0,26.98,84.13,7.94,7.94,14.29,0.0,11.11,0.0,4.76,11.11,1.59,1.59,3.17,0.0,1.59,0.0,0.0,7.94,14.29,26.98,1.59,33.33,71.43,1.59,3.17,0.0,0.0,1.59,11.11,6.35,9.52,0.0,84.13,1.59,0.0,6.35,31.75,4.76,20.63,0.0,96.83,0.0,4.76,30.16,4.76,39.68,0.0,85.71,7.94,36.51,4.76,47.62,3.17,14.29,3.17,17.46,1.59,30.16,3.17,4.76,7.94,4.76,0.0,58.73,14.29,4.76,6.35,7.94,7.94,4.76,7.94,1.59,52.38
044 OB Dopa-Gaba,7.59,1.27,0.0,0.0,20.25,0.0,0.0,0.0,1.27,51.9,0.0,16.46,15.19,18.99,0.0,37.97,2.53,1.27,3.8,29.11,0.0,11.39,2.53,7.59,13.92,17.72,5.06,1.27,0.0,3.8,11.39,0.0,0.0,1.27,55.7,21.52,0.0,0.0,37.97,37.97,5.06,0.0,0.0,0.0,5.06,0.0,0.0,24.05,22.78,0.0,17.72,2.53,0.0,0.0,2.53,0.0,15.19,7.59,17.72,16.46,2.53,0.0,54.43,1.27,2.53,3.8,77.22,45.57,0.0,5.06,49.37,21.52,62.03,17.72,24.05,1.27,2.53,20.25,0.0,1.27,2.53,1.27,1.27,50.63,5.06,69.62,22.78,0.0,26.58,0.0,0.0,22.78,2.53,3.8,0.0,0.0,35.44,3.8,62.03,51.9,1.27,53.16,10.13,1.27,0.0,1.27,6.33,0.0,8.86,10.13,0.0,1.27,31.65,11.39,5.06,0.0,1.27,27.85,7.59,63.29,7.59,1.27,0.0,0.0,0.0,15.19,45.57,46.84,0.0,0.0,7.59,10.13,3.8,16.46,50.63,2.53,30.38,50.63,44.3,7.59,1.27,92.41,98.73,16.46,3.8,0.0,18.99,0.0,2.53,2.53,0.0,1.27,0.0,0.0,0.0,1.27,10.13,2.53,0.0,0.0,24.05,2.53,2.53,0.0,2.53,0.0,98.73,89.87,49.37,65.82,18.99,82.28,78.48,86.08,3.8,12.66,49.37,5.06,7.59,1.27,1.27,18.99,48.1,1.27,0.0,8.86,25.32,10.13,1.27,29.11,6.33,0.0,34.18,2.53,10.13,0.0,10.13,21.52,0.0,0.0,1.27,0.0,5.06,7.59,0.0,17.72,0.0,13.92,2.53,0.0,3.8,45.57,1.27,2.53,7.59,0.0,0.0,11.39,0.0,1.27,1.27,0.0,0.0,0.0,0.0,60.76,11.39,0.0,22.78,51.9,13.92,0.0,3.8,1.27,0.0,100.0,0.0,8.86,0.0,60.76,0.0,7.59,7.59,44.3,2.53,20.25,12.66,2.53,3.8,5.06,2.53,0.0,5.06,12.66,1.27,2.53,5.06,2.53,0.0,0.0,0.0,16.46,32.91,7.59,10.13,3.8,6.33,40.51,6.33,2.53,0.0,7.59,2.53,0.0,3.8,0.0,1.27,1.27,0.0,5.06,10.13,16.46,1.27,0.0,1.27,0.0,1.27,46.84,25.32,1.27,5.06,3.8,1.27,51.9,2.53,2.53,16.46,17.72,6.33,0.0,10.13,7.59,5.06,22.78,31.65,1.27,13.92,0.0,0.0,0.0,1.27,3.8,0.0,0.0,29.11,0.0,0.0,3.8,0.0,12.66,1.27,2.53,25.32,1.27,36.71,63.29,2.53,0.0,20.25,6.33,18.99,1.27,8.86,0.0,15.19,11.39,1.27,0.0,0.0,0.0,11.39,1.27,8.86,6.33,11.39,69.62,11.39,0.0,17.72,3.8,3.8,0.0,0.0,27.85,0.0,0.0,0.0,0.0,15.19,1.27,59.49,0.0,7.59,22.78,0.0,18.99,17.72,97.47,0.0,7.59,68.35,0.0,3.8,12.66,0.0,49.37,1.27,1.27,46.84,16.46,1.27,0.0,0.0,15.19,1.27,0.0,3.8,17.72,10.13,5.06,55.7,96.2,7.59,0.0,24.05,5.06,0.0,1.27,1.27,5.06,7.59,1.27,56.96,16.46,15.19,13.92,39.24,7.59,1.27,18.99,5.06,1.27,0.0,51.9,0.0,0.0,3.8,2.53,2.53,46.84,0.0,43.04,0.0,5.06,10.13,25.32,7.59,5.06,8.86,7.59,2.53,0.0,2.53,15.19,8.86,26.58,24.05,10.13,21.52,0.0,0.0,15.19,15.19,0.0,6.33,3.8,0.0,51.9,13.92,15.19,13.92,46.84,5.06,18.99,40.51,34.18,5.06,29.11,0.0,16.46,39.24,10.13,0.0,6.33,3.8,89.87,54.43,12.66,93.67,3.8,10.13,11.39,82.28,11.39,6.33,43.04,56.96,10.13,0.0,13.92,96.2,13.92,7.59,26.58,96.2,100.0,25.32,7.59,30.38,2.53,1.27,21.52,5.06,0.0,41.77,3.8,16.46,10.13,20.25,13.92,2.53,83.54,0.0,2.53,0.0,60.76,16.46,74.68,97.47,22.78,11.39,0.0,54.43,48.1,15.19,31.65,6.33,0.0,0.0,0.0,0.0,0.0,5.06,2.53,0.0,1.27,17.72,1.27,0.0,12.66,34.18,39.24,6.33,29.11,72.15,0.0,25.32,6.33,0.0,3.8,1.27,37.97,31.65,21.52,79.75,2.53,6.33,22.78,1.27,18.99,24.05,13.92,6.33,63.29,7.59,35.44,3.8,63.29,0.0,5.06,6.33,34.18,37.97,48.1,1.27,16.46,0.0,22.78,1.27,32.91,6.33,6.33,3.8,21.52,1.27,51.9,15.19,7.59,7.59,7.59,10.13,1.27,15.19,26.58,30.38
046 Vip Gaba,22.08,1.37,3.66,1.72,46.42,0.19,0.11,1.64,3.39,60.74,0.27,56.62,76.17,32.55,0.05,39.61,1.75,0.89,5.98,48.44,1.02,7.32,35.95,40.98,15.51,32.34,21.89,3.12,1.56,8.86,81.02,4.71,0.19,0.57,12.17,6.73,66.56,1.67,91.84,56.6,26.87,0.03,1.24,0.4,67.53,21.38,0.03,51.97,2.18,2.18,14.32,0.24,0.81,0.16,0.59,0.35,66.59,66.51,62.12,28.24,13.62,11.09,64.43,0.65,7.92,37.75,4.25,93.3,0.35,15.13,20.52,98.6,83.36,38.21,36.27,9.85,4.6,19.84,0.0,2.8,3.15,15.51,11.9,44.88,19.9,12.52,32.44,56.09,7.62,0.16,0.05,28.0,0.57,5.25,2.8,0.08,19.95,30.34,68.39,81.99,0.92,83.63,10.5,8.37,8.48,0.86,8.75,5.6,5.06,33.95,0.92,0.24,49.65,15.67,5.55,0.32,0.35,46.9,36.56,14.65,50.86,2.1,0.08,1.45,15.11,6.68,41.36,7.65,4.36,0.05,0.4,39.36,9.67,34.28,77.57,4.71,52.42,93.89,85.65,14.46,0.11,98.87,96.39,3.72,73.42,2.29,65.43,0.13,14.22,6.38,0.05,0.62,0.62,1.78,1.08,4.2,12.68,3.34,10.45,0.46,43.54,3.77,10.26,0.35,12.2,2.8,97.23,99.41,24.72,90.2,73.07,99.89,73.88,97.77,66.69,7.43,29.35,14.46,14.57,0.54,35.89,43.24,68.85,34.76,5.41,23.29,33.06,49.25,4.42,50.22,3.88,1.51,12.92,5.47,61.36,1.94,27.19,23.64,93.89,0.0,32.96,55.22,7.14,16.16,0.13,23.69,0.03,27.92,12.01,90.47,48.01,18.36,0.08,4.04,5.22,0.35,5.9,4.2,0.19,0.83,2.15,0.3,5.47,0.08,75.53,58.7,31.77,1.29,5.74,76.2,20.73,0.46,6.27,0.86,0.32,10.58,0.05,13.57,3.1,58.27,1.45,10.64,3.37,74.72,36.81,72.05,31.15,4.07,4.47,93.65,26.6,0.51,9.56,0.73,0.65,23.34,13.73,69.68,41.49,44.05,68.85,43.7,6.17,12.98,29.27,7.24,34.28,97.09,0.27,2.96,3.23,42.89,10.99,1.08,31.07,0.32,2.72,0.54,1.99,8.16,26.12,25.88,1.35,0.19,7.81,0.38,65.0,44.59,17.26,13.09,31.02,4.17,1.4,53.58,41.57,1.59,59.99,21.27,15.67,1.78,55.57,53.31,5.44,38.61,11.23,36.46,6.27,0.57,43.03,0.73,3.15,6.06,87.94,0.86,53.82,1.0,42.46,17.64,2.45,48.44,5.6,1.16,50.03,8.13,87.94,90.98,21.43,1.29,21.22,13.76,68.71,2.72,16.99,0.57,11.6,19.36,12.57,24.47,8.75,2.83,6.14,17.31,48.6,4.33,1.35,38.48,60.2,66.16,75.36,1.16,90.58,0.24,0.05,41.76,0.08,0.67,0.19,0.92,28.46,9.56,79.16,0.24,78.16,0.03,0.4,4.66,18.39,99.68,3.04,14.86,97.31,0.46,49.92,10.82,0.13,45.32,2.45,17.66,23.29,11.12,1.7,0.03,0.0,12.25,17.12,0.43,7.86,28.94,3.9,27.71,4.85,99.65,46.15,1.45,26.01,2.26,45.75,0.75,1.05,5.52,5.01,0.7,0.16,72.24,48.55,14.62,17.04,11.9,7.03,17.74,9.15,3.18,0.27,0.11,0.97,0.08,64.35,10.69,13.38,1.94,0.03,27.65,1.35,88.31,0.75,57.22,45.45,3.26,12.12,14.24,32.66,0.11,12.49,98.06,18.15,33.44,36.32,29.48,27.79,0.38,0.05,25.12,17.34,1.4,8.19,39.69,0.16,69.82,29.16,24.56,15.81,83.23,15.89,59.13,72.05,47.12,13.7,48.65,0.78,8.43,1.02,43.35,0.4,33.12,7.7,96.53,83.87,46.31,96.02,52.88,6.09,15.7,95.8,11.34,18.44,6.57,66.05,19.31,0.46,40.58,98.14,28.41,10.39,39.28,100.0,100.0,88.18,8.94,68.04,49.95,2.8,20.27,20.73,4.55,69.09,72.59,36.3,20.62,78.03,9.07,40.41,96.8,2.58,6.81,2.05,84.19,19.82,95.77,99.3,31.31,67.39,0.16,35.19,67.02,30.1,44.24,11.93,4.5,16.83,0.08,7.0,72.08,8.51,5.09,2.34,2.18,4.93,0.48,0.4,6.17,28.78,34.49,45.13,37.51,94.59,7.94,10.77,12.6,15.62,25.44,24.69,40.04,47.07,41.46,40.47,0.35,14.35,30.72,45.4,34.6,6.73,7.03,5.09,14.35,11.01,74.82,18.31,44.75,7.75,54.12,8.0,35.16,11.12,54.5,2.48,24.61,4.23,40.06,4.52,47.82,34.01,25.66,8.35,24.18,1.27,73.21,43.81,4.79,24.61,20.22,25.34,8.59,28.7,35.27,52.85
047 Sncg Gaba,14.22,10.95,0.38,3.2,63.1,0.06,0.26,5.12,18.83,81.49,0.45,59.0,66.11,43.37,0.13,14.22,1.92,0.19,8.78,69.7,1.67,8.78,63.74,72.2,10.57,43.11,19.67,3.14,11.79,12.88,87.83,1.41,0.0,1.15,23.0,38.31,4.36,2.95,87.38,73.93,4.16,0.0,6.85,0.77,64.25,4.04,0.19,99.68,4.68,0.96,32.35,0.38,2.11,0.26,0.58,0.26,65.73,11.02,51.44,52.34,55.16,0.7,78.86,0.26,6.6,49.52,11.4,95.07,0.26,20.18,58.23,100.0,78.92,81.74,67.14,2.31,4.36,84.56,0.0,2.88,4.04,6.98,10.38,22.49,57.91,14.86,41.83,20.37,1.67,0.26,1.02,22.68,0.83,8.78,0.83,0.19,31.77,45.42,88.66,72.52,1.73,99.3,43.31,18.39,13.84,8.2,21.84,13.84,8.78,45.93,0.77,0.19,37.22,17.04,8.58,0.38,0.96,56.18,11.85,18.77,44.01,4.68,0.13,2.69,4.16,11.85,21.27,3.01,10.19,0.0,1.47,50.48,14.61,42.47,88.79,7.11,66.94,98.4,91.93,20.95,0.58,99.94,99.87,10.76,89.3,0.06,87.06,0.38,5.0,8.52,0.0,0.77,0.64,1.22,1.6,30.43,37.92,1.35,37.41,0.32,47.28,10.38,18.0,1.02,7.75,1.35,97.76,98.78,19.67,96.03,70.21,99.87,64.51,93.98,29.28,9.48,21.14,41.96,24.15,0.38,30.37,54.64,83.66,9.55,15.89,41.0,20.5,70.72,5.7,71.68,5.0,1.15,16.85,21.2,85.91,3.97,29.4,94.36,95.2,0.06,9.42,22.23,3.59,20.82,0.0,57.59,0.0,28.7,12.36,46.32,91.74,23.83,1.47,15.95,6.09,0.26,7.5,6.92,0.58,1.22,1.28,0.0,13.97,0.13,94.55,90.13,58.1,1.54,8.14,92.7,23.64,0.7,16.02,1.86,0.51,12.68,0.06,17.87,4.93,70.08,1.99,33.31,7.82,98.98,73.73,66.18,65.53,4.48,6.92,98.59,14.22,1.73,14.16,15.82,1.22,14.09,44.84,82.13,47.98,33.06,92.25,53.88,15.7,21.2,57.08,9.67,36.32,99.1,0.38,6.85,1.73,30.56,27.74,2.43,40.23,0.58,1.41,0.83,3.59,15.57,16.66,36.71,1.47,0.26,0.9,0.32,49.9,40.61,14.09,56.44,53.49,0.64,2.18,42.22,53.56,2.88,2.63,34.47,17.49,2.95,88.73,32.42,2.11,67.39,33.12,29.92,9.29,0.26,69.31,1.22,17.3,14.35,75.98,4.42,9.48,2.24,0.58,6.66,12.04,38.89,5.89,4.61,89.37,8.78,98.08,96.86,4.93,1.09,25.75,21.84,84.5,4.55,21.01,22.1,8.46,8.07,0.32,13.07,32.42,3.27,9.1,11.34,82.51,3.72,0.77,44.71,9.87,6.53,23.0,22.1,30.94,0.19,0.06,53.62,0.06,5.32,0.13,0.9,41.45,18.96,94.3,0.45,94.88,0.06,0.58,3.91,33.7,100.0,68.29,2.18,99.1,0.45,53.94,19.73,0.19,25.5,2.82,34.66,70.21,9.67,2.37,0.0,0.13,17.55,23.19,0.13,10.31,46.25,45.23,48.11,26.97,98.21,31.71,1.54,64.0,2.56,55.61,1.35,2.18,7.37,9.42,0.38,0.26,78.41,30.24,14.03,26.91,22.68,1.99,33.89,11.6,6.53,0.32,0.19,11.21,0.13,75.91,25.18,22.36,3.01,0.06,43.88,2.75,45.8,0.96,65.34,54.0,10.25,13.32,21.01,24.09,0.32,29.4,98.91,35.3,38.89,46.25,23.96,33.44,0.32,0.06,25.37,24.02,1.6,23.64,41.96,0.13,81.55,35.04,23.77,10.06,91.16,8.2,42.41,82.19,63.68,21.14,83.86,0.58,12.11,3.91,56.18,0.26,37.16,15.95,99.23,89.62,50.35,96.41,12.75,2.31,15.95,74.06,18.07,14.67,9.42,73.29,28.51,0.26,61.63,98.98,45.04,14.48,48.11,100.0,100.0,98.14,9.87,73.99,47.73,2.18,16.34,40.68,0.9,68.93,67.2,38.69,27.48,93.85,7.24,0.9,99.55,1.54,23.96,3.84,96.16,32.29,98.78,100.0,42.73,71.43,0.26,33.76,70.92,52.08,24.86,11.34,2.95,17.42,0.32,26.14,62.65,16.08,11.08,2.11,4.1,2.11,1.15,4.68,18.07,11.79,64.7,20.24,28.96,95.71,26.59,10.76,23.38,1.35,4.55,61.24,25.37,97.69,28.19,39.4,0.51,11.6,41.58,19.54,75.08,9.93,28.12,9.99,18.9,55.41,22.61,26.65,93.4,4.93,78.09,12.11,61.05,10.44,64.7,4.74,43.63,7.88,52.47,7.69,62.65,53.75,39.78,16.66,11.66,1.47,86.1,67.91,10.57,35.55,26.52,35.3,13.0,42.99,57.85,50.1
048 RHP-COA Ndnf Gaba,41.9,0.56,0.0,2.79,75.98,0.0,0.56,3.35,25.7,84.36,0.0,50.84,48.6,73.18,0.0,17.32,1.68,0.0,3.91,87.15,0.56,48.04,40.78,77.09,44.13,72.07,89.39,2.23,3.35,21.23,96.65,5.59,3.35,2.79,72.07,27.93,15.64,5.03,97.77,89.39,19.55,0.0,3.91,1.68,4.47,11.73,0.0,18.99,6.15,0.0,3.35,0.0,2.23,0.56,2.79,0.0,29.61,59.22,47.49,5.03,55.31,0.0,87.15,1.68,31.28,67.04,13.41,83.24,0.0,43.58,79.33,98.32,81.01,64.25,60.89,50.28,7.26,94.41,0.0,2.79,2.23,8.38,3.35,84.36,62.01,34.64,41.9,2.23,10.61,0.0,0.0,60.34,0.0,18.99,0.0,0.0,18.99,5.03,97.21,88.83,5.03,100.0,26.26,23.46,3.91,0.0,33.52,11.17,5.59,67.6,2.23,0.56,24.02,6.15,6.7,1.12,0.0,84.92,64.25,21.23,52.51,1.68,0.56,0.56,17.88,3.35,48.6,0.56,8.38,0.0,0.56,32.96,1.12,13.97,96.65,10.06,91.06,100.0,94.97,35.2,0.0,100.0,100.0,6.7,27.93,1.12,93.3,2.23,17.88,8.94,0.0,3.35,0.0,4.47,2.23,6.7,27.37,11.73,40.78,2.79,58.1,24.02,20.67,10.06,26.26,51.96,100.0,99.44,32.96,98.32,97.77,100.0,96.09,100.0,57.54,30.17,70.95,64.25,35.2,1.12,2.79,75.42,90.5,17.88,25.7,36.87,13.41,89.94,11.17,88.83,14.53,6.15,18.44,63.69,45.25,2.79,59.78,35.75,91.06,0.56,27.93,85.47,11.73,15.64,0.0,63.69,0.0,35.2,10.61,78.77,74.86,61.45,0.56,7.26,4.47,0.56,10.06,20.11,0.56,5.59,3.35,0.0,9.5,0.0,89.39,58.66,75.42,2.23,8.94,95.53,41.34,3.35,7.82,3.91,0.56,19.55,0.0,74.3,5.03,89.39,84.36,30.17,18.44,87.15,70.95,59.22,59.78,0.0,0.0,85.47,18.99,1.12,11.73,7.82,7.26,7.26,13.41,32.96,36.31,79.89,97.21,35.2,1.12,29.61,31.28,5.03,99.44,100.0,3.35,56.42,1.12,15.08,15.08,0.56,75.42,1.68,3.35,6.7,2.79,51.4,28.49,36.31,5.03,1.68,23.46,0.0,81.01,34.64,6.15,4.47,32.96,1.12,5.59,31.28,32.96,1.68,68.72,35.2,28.49,3.35,87.71,41.34,7.82,28.49,19.55,43.58,2.79,1.12,53.63,0.56,7.26,3.35,6.7,1.12,23.46,0.56,2.23,36.31,1.68,80.45,0.56,3.91,96.09,3.91,97.77,100.0,6.15,2.79,84.36,43.02,92.18,13.97,49.72,2.23,3.35,4.47,0.56,0.56,5.03,8.38,0.0,27.37,56.98,20.11,2.23,70.95,43.58,17.32,97.77,3.91,67.6,0.0,0.56,72.07,0.56,1.12,1.12,4.47,2.79,11.17,98.88,0.0,93.3,0.0,0.0,7.82,48.04,100.0,13.97,9.5,84.36,1.68,70.95,29.05,0.56,12.85,26.26,4.47,18.44,29.05,3.91,0.56,0.0,31.84,37.99,0.0,5.59,59.22,14.53,51.96,10.61,72.63,29.61,3.91,21.23,10.06,1.12,2.23,8.94,13.97,2.23,1.68,0.0,95.53,94.41,33.52,45.25,16.76,4.47,44.69,5.03,0.0,2.23,0.56,1.12,1.12,59.22,23.46,5.59,12.29,0.56,62.57,0.56,2.23,3.35,86.59,8.94,11.73,31.28,30.73,87.15,0.56,21.79,97.77,48.6,65.36,62.57,16.76,32.4,0.56,0.0,60.89,51.4,1.12,10.06,62.01,0.56,92.18,43.02,27.93,23.46,94.97,30.17,41.34,93.85,82.68,34.64,84.36,2.23,24.02,0.56,59.78,0.0,54.19,39.66,99.44,98.32,92.18,100.0,86.59,1.68,30.73,70.95,18.99,8.38,24.02,91.06,38.55,0.0,72.07,100.0,63.69,13.97,74.3,100.0,100.0,99.44,27.93,97.77,25.7,1.68,27.37,68.16,35.2,68.72,88.27,68.16,29.61,97.21,6.7,5.03,100.0,1.12,12.85,3.35,99.44,39.66,100.0,100.0,53.63,83.24,0.56,35.75,80.45,81.01,31.84,4.47,26.82,1.12,0.56,22.91,60.89,5.03,13.41,31.28,1.68,6.7,1.68,0.56,28.49,82.12,50.28,39.66,20.11,94.97,35.75,12.29,45.25,0.56,17.88,43.58,23.46,79.33,55.31,16.76,2.79,3.35,14.53,8.94,92.18,16.2,53.63,6.15,5.59,18.44,48.04,29.05,38.55,51.4,31.28,20.11,73.74,39.66,81.56,8.94,59.78,1.68,74.86,13.41,73.74,72.63,47.49,30.73,7.26,3.35,93.85,77.65,10.06,71.51,35.2,45.25,20.11,56.98,84.36,58.66
049 Lamp5 Gaba,28.92,8.21,0.42,3.32,54.91,0.35,0.21,1.82,44.74,66.78,0.35,93.54,62.7,43.63,0.07,9.92,0.24,0.35,5.8,56.3,1.43,54.56,70.28,88.86,10.86,44.36,96.54,6.39,3.98,16.38,72.34,0.42,0.07,0.52,9.22,6.78,4.3,0.77,91.58,78.34,60.36,0.03,0.98,0.52,12.4,1.15,0.07,66.75,4.68,1.33,25.04,0.17,0.91,0.24,1.54,0.21,61.4,79.25,27.66,3.11,35.73,0.03,71.11,0.7,19.18,62.87,2.65,74.78,0.38,19.56,39.99,89.7,50.02,30.6,18.09,4.4,4.05,74.92,0.24,2.76,3.49,40.27,89.31,49.25,57.63,65.87,45.13,2.65,2.48,0.14,0.24,60.5,0.94,9.05,0.49,0.07,34.47,40.27,89.59,56.79,1.96,99.76,25.29,8.91,16.63,4.09,24.94,14.32,1.99,38.28,0.91,0.03,30.56,13.17,5.38,0.21,0.49,57.46,59.24,8.17,48.31,5.03,0.03,2.2,7.16,12.22,38.07,0.66,0.77,0.03,0.42,25.43,4.4,22.7,83.9,4.72,68.04,97.87,99.62,21.8,0.1,99.97,100.0,3.18,39.85,0.1,89.42,0.52,5.52,5.2,0.0,0.63,1.64,1.75,1.85,9.92,31.05,1.19,32.27,0.38,35.21,12.02,7.4,3.07,3.11,2.2,95.46,99.34,8.84,95.01,97.59,99.93,12.22,99.83,19.35,51.27,6.92,90.08,24.0,0.14,70.24,62.03,73.17,15.44,30.74,41.46,21.48,71.85,8.35,62.56,4.47,12.85,52.85,68.49,21.03,0.52,7.65,96.02,93.99,0.03,3.95,16.07,3.56,10.27,0.1,18.16,0.1,26.3,3.74,89.63,17.32,4.05,0.38,41.81,4.26,0.56,3.56,92.32,0.63,1.78,1.61,0.24,5.34,0.28,90.64,79.11,52.15,2.2,3.81,91.62,21.1,0.21,13.62,1.4,0.45,11.77,0.14,95.21,3.35,48.69,61.44,73.35,27.52,92.18,62.7,22.81,65.0,4.33,4.86,99.79,68.15,1.36,7.06,0.94,3.77,3.6,78.03,20.96,10.3,25.04,72.13,49.14,4.68,29.9,49.88,8.73,35.21,99.51,0.66,7.33,1.61,61.3,6.29,0.73,42.12,0.45,11.04,0.91,0.38,15.47,60.43,22.0,1.71,0.17,10.41,0.31,96.82,10.62,9.29,71.57,49.98,0.63,1.71,17.53,58.4,1.19,7.54,34.37,24.03,3.67,98.15,17.01,4.89,82.57,3.67,90.88,0.66,0.21,84.32,0.73,11.14,2.2,83.76,2.27,24.76,1.54,0.91,7.06,1.68,58.54,1.96,0.45,96.82,6.78,97.76,94.59,5.31,1.96,49.25,11.7,81.98,3.77,37.23,19.0,4.19,5.69,0.35,2.34,28.5,3.56,6.6,0.94,35.7,4.09,0.63,57.53,92.49,4.65,82.19,18.83,19.42,0.31,0.24,49.7,0.07,4.16,0.17,1.01,33.15,6.88,94.8,0.73,27.84,0.07,0.31,4.02,28.64,100.0,1.15,1.92,86.1,0.87,37.48,16.91,0.17,95.14,2.93,0.87,26.51,46.7,0.91,0.03,0.03,15.61,30.04,0.28,7.68,32.45,13.73,7.02,4.16,22.49,14.91,1.61,2.55,2.31,6.5,1.33,1.78,8.91,6.08,0.49,0.07,28.64,49.91,13.41,31.51,35.63,10.97,6.04,60.92,4.54,0.14,1.01,3.74,0.28,11.21,8.24,10.9,2.9,0.07,64.34,0.52,6.6,0.77,66.22,12.54,6.57,16.21,18.09,43.8,0.17,15.86,99.62,32.69,34.79,49.88,14.63,35.03,0.24,0.1,27.21,26.27,4.79,8.66,33.32,0.31,85.96,48.03,27.59,8.07,90.85,2.79,10.2,80.06,61.51,18.69,70.94,0.94,40.59,0.31,50.4,0.35,38.88,1.61,95.28,97.07,93.47,99.23,53.79,2.38,14.5,61.68,12.61,19.42,9.54,68.11,25.18,0.59,68.29,99.79,62.73,26.23,59.17,99.93,100.0,61.68,16.87,86.34,36.33,0.42,25.6,33.64,6.43,66.89,74.96,39.15,13.17,91.44,15.26,0.17,99.97,1.15,4.58,3.14,94.41,30.46,99.58,100.0,40.34,61.02,0.17,36.57,75.03,85.57,12.99,16.28,79.5,0.42,0.03,8.17,3.91,8.31,11.42,9.99,2.65,1.71,0.38,0.14,24.38,72.27,85.47,4.23,44.32,44.64,5.13,6.15,26.72,0.24,4.79,21.59,6.78,74.19,39.4,8.87,1.26,1.82,40.48,0.8,93.57,8.77,17.29,7.33,3.11,13.97,13.97,26.86,30.11,4.86,40.52,17.18,63.71,20.96,65.07,6.43,44.57,5.52,55.75,9.01,52.71,53.86,30.95,23.68,20.68,2.62,80.51,63.99,11.32,37.65,28.85,32.62,9.99,35.52,38.91,48.97
050 Lamp5 Lhx6 Gaba,16.47,0.4,25.7,1.61,56.22,0.4,0.8,0.8,53.01,62.25,0.0,86.75,2.41,45.78,0.0,7.23,0.0,0.4,5.62,59.04,0.4,38.96,26.51,92.37,16.47,40.96,91.16,3.21,0.4,9.64,53.41,2.01,0.0,0.8,34.94,18.07,2.81,0.8,90.76,81.93,31.33,0.0,4.42,0.4,24.1,1.2,0.0,80.32,0.8,0.0,17.67,0.0,0.4,0.4,1.2,0.0,26.51,72.69,13.25,8.43,50.6,0.0,73.49,0.0,9.64,55.42,6.43,76.71,0.8,29.72,9.64,36.14,14.86,96.39,14.06,3.21,4.02,70.68,0.0,3.21,2.41,61.45,53.01,20.08,56.63,89.56,38.15,0.0,2.41,1.2,0.0,82.73,0.4,11.24,0.0,0.4,23.69,15.26,86.35,60.24,2.41,100.0,26.51,6.43,6.43,2.81,30.12,12.05,1.2,46.99,0.4,0.0,30.92,11.65,4.42,0.4,0.8,58.23,9.64,22.09,23.29,49.0,0.8,1.61,49.0,6.83,71.49,0.0,1.61,0.0,0.4,26.1,7.23,34.54,81.93,9.24,61.85,98.39,98.8,19.68,0.0,100.0,100.0,7.63,77.51,0.0,83.53,0.8,0.0,2.01,0.0,0.8,1.61,0.4,1.61,11.24,13.25,0.0,36.55,0.8,28.11,8.43,9.24,1.2,15.26,1.2,100.0,97.19,6.02,91.97,100.0,100.0,53.01,100.0,12.85,30.12,37.35,97.99,22.49,0.8,89.16,54.62,75.1,1.61,20.08,14.46,7.63,74.7,6.43,64.26,0.0,2.01,30.92,63.45,19.28,0.0,11.24,99.2,86.35,0.4,59.44,18.07,2.01,7.23,0.0,76.71,0.0,23.69,1.2,97.99,55.42,18.88,6.83,2.81,3.61,0.0,3.61,97.59,0.0,93.17,2.81,0.0,20.48,2.81,99.6,27.71,65.46,0.4,5.22,89.96,33.33,0.4,15.66,2.41,0.8,13.25,0.0,94.78,2.81,69.88,1.2,68.67,4.82,23.69,91.16,31.33,80.72,1.61,3.21,100.0,98.39,0.8,12.45,2.41,2.01,2.41,69.08,5.62,2.81,33.73,21.29,38.55,11.65,26.1,12.45,4.02,58.23,100.0,0.8,1.2,1.61,42.57,4.42,0.4,31.33,0.4,2.81,3.21,0.8,19.28,72.69,23.69,1.61,0.0,10.44,0.0,15.66,7.23,2.41,84.34,36.55,0.4,2.41,10.84,22.09,0.8,4.02,36.55,14.86,2.01,95.98,65.06,2.41,37.75,14.86,78.31,0.8,0.0,92.77,0.0,6.43,2.81,36.95,0.4,13.25,0.8,4.82,2.81,3.21,75.9,4.02,1.2,92.77,6.02,94.38,99.6,5.62,1.61,40.56,7.23,77.51,9.24,33.33,8.03,2.81,9.24,0.4,1.2,2.01,4.02,6.43,1.2,7.63,2.41,0.0,7.23,87.55,8.03,24.5,12.85,56.63,0.0,0.0,57.83,0.0,6.43,0.0,1.2,27.31,5.62,91.57,0.8,90.76,0.0,0.0,8.43,28.51,100.0,3.21,21.29,73.09,0.8,46.18,20.48,0.0,73.9,27.31,1.2,0.0,70.28,2.01,0.0,0.0,15.26,14.86,0.0,12.45,32.53,19.68,10.04,1.61,8.84,11.65,1.2,2.81,8.43,0.4,53.01,1.61,25.7,6.43,0.8,0.0,58.23,32.93,27.31,40.56,88.76,0.4,28.51,87.15,3.61,0.4,0.4,0.8,0.0,15.66,8.03,0.4,5.22,0.0,44.58,4.02,5.62,5.62,61.04,8.03,8.03,19.68,19.28,43.37,0.4,12.85,100.0,27.71,48.19,47.79,20.48,26.1,0.0,0.0,18.88,26.1,0.8,0.4,43.37,1.2,85.54,48.59,28.51,7.63,89.56,2.01,28.51,79.12,64.26,26.1,68.67,1.2,24.1,0.4,61.45,0.0,54.22,8.43,97.59,98.8,81.93,99.6,57.83,2.81,12.85,24.9,16.87,22.09,12.05,72.69,26.1,1.2,73.49,100.0,63.86,23.69,58.63,100.0,100.0,87.95,18.07,82.33,59.44,0.4,22.89,44.58,0.4,81.12,60.64,34.14,14.86,66.27,4.82,0.0,100.0,0.8,9.64,2.01,91.57,28.51,100.0,100.0,53.01,44.18,0.0,18.07,83.53,94.78,9.64,3.21,62.25,0.0,0.0,7.63,2.81,12.05,1.61,2.01,9.64,5.22,1.2,0.0,49.0,94.38,75.9,2.01,39.36,71.89,7.23,10.04,7.63,0.0,2.81,18.07,6.02,81.12,48.19,7.23,0.4,0.8,14.06,1.2,87.95,10.04,8.03,7.63,1.2,10.44,20.88,7.63,11.65,4.82,98.39,16.06,62.65,16.47,67.87,5.62,47.39,0.4,50.2,8.03,75.9,39.36,28.11,24.1,40.16,3.61,76.71,60.64,10.04,35.34,28.51,31.73,15.66,38.55,48.19,36.55
051 Pvalb chandelier Gaba,5.28,0.41,6.1,0.41,61.38,1.22,0.41,0.41,3.66,78.86,0.81,40.24,9.76,41.06,0.0,21.95,0.0,0.41,6.1,56.91,1.22,4.47,1.22,70.73,4.88,42.28,93.09,2.85,0.41,15.04,47.97,85.77,0.0,0.41,65.04,29.27,3.25,0.81,89.84,63.41,10.16,0.0,18.7,0.41,13.82,0.41,0.0,93.9,1.63,3.25,0.41,0.0,0.41,0.81,0.41,0.41,13.01,26.42,50.81,41.46,34.55,0.0,81.3,0.0,4.88,60.16,19.92,87.4,0.41,2.85,47.15,9.76,62.6,79.27,100.0,0.81,6.91,76.02,0.0,2.03,1.22,43.9,1.63,16.26,32.93,45.12,37.8,3.66,0.81,0.0,0.0,47.56,11.79,7.32,0.0,0.0,5.28,4.88,82.52,35.77,5.69,99.59,12.6,4.88,14.63,0.0,36.18,1.63,8.13,41.87,0.0,0.0,68.7,14.63,18.7,0.0,0.0,59.76,15.85,14.23,34.55,2.44,0.0,1.63,1.63,8.54,48.37,0.41,0.81,0.41,0.0,55.69,16.67,42.28,79.67,4.47,67.89,97.97,96.34,12.6,0.0,99.19,99.59,26.42,15.85,0.41,43.09,0.0,51.63,4.88,0.0,0.81,0.0,2.03,28.86,0.41,7.72,0.41,56.1,0.41,43.9,41.46,14.63,0.41,21.14,0.41,100.0,99.19,18.29,86.99,25.61,100.0,36.18,100.0,9.35,2.85,73.58,24.39,15.45,0.41,13.41,54.07,81.71,5.69,2.44,48.37,51.63,60.16,8.94,67.89,25.61,1.22,94.31,31.71,3.66,0.81,63.01,60.98,9.35,0.0,97.97,4.88,2.44,21.54,0.0,99.59,0.0,41.46,4.47,98.37,24.8,63.41,0.41,15.45,5.69,0.81,2.85,4.88,0.0,86.18,2.85,0.0,15.04,0.0,99.19,5.69,58.54,2.44,28.46,91.46,19.92,0.0,0.81,6.5,0.81,12.2,0.0,85.77,5.28,88.21,0.41,7.32,13.01,11.79,6.5,14.63,85.77,4.07,5.28,99.59,12.6,0.81,8.54,1.22,0.0,2.03,21.54,2.44,2.85,0.81,4.47,35.37,2.85,13.01,32.93,6.91,6.1,100.0,0.81,0.0,1.63,54.88,3.66,1.63,28.46,0.81,2.03,68.7,0.0,8.13,78.46,32.93,5.28,0.81,2.85,0.0,71.95,14.23,2.85,81.3,21.14,0.41,1.63,27.24,3.66,0.0,3.25,42.68,19.11,4.07,48.78,8.94,27.64,62.6,99.59,5.28,0.0,0.81,6.5,0.0,20.73,1.22,2.85,0.0,8.13,2.44,95.12,3.66,67.48,64.23,1.63,22.36,23.17,4.88,86.59,98.78,2.44,2.85,28.46,8.54,62.6,6.5,2.03,0.81,2.44,4.88,0.0,0.81,0.0,5.28,5.28,2.03,2.85,2.85,0.41,1.63,25.2,2.44,5.69,1.63,7.32,0.0,0.0,62.2,0.0,3.25,0.0,1.22,28.86,4.07,91.87,0.41,93.09,0.0,0.0,22.76,26.42,100.0,0.41,17.89,12.2,0.41,38.62,15.45,0.0,95.12,89.02,1.22,0.81,74.39,1.22,0.0,0.0,19.92,55.69,0.81,24.39,53.25,5.28,1.63,0.0,8.54,74.39,0.81,1.22,4.88,1.63,61.79,2.85,2.03,6.91,0.41,0.41,100.0,15.85,32.11,38.62,89.84,1.63,41.06,64.23,2.85,0.0,0.41,0.41,0.0,84.55,4.88,0.41,2.03,0.41,15.85,0.0,3.66,43.09,58.13,26.02,19.92,14.23,17.89,15.85,0.41,12.6,99.59,20.33,45.93,45.53,5.69,11.79,0.41,0.0,12.2,32.11,1.63,0.41,53.25,0.0,83.33,56.5,64.63,12.2,80.89,1.22,30.89,81.71,60.57,24.8,77.64,0.81,35.37,0.0,46.75,0.0,35.37,1.22,96.75,97.97,97.15,100.0,42.68,0.41,33.33,65.04,15.04,21.14,32.11,84.96,17.89,4.07,56.5,100.0,60.98,43.09,66.26,99.59,100.0,97.15,15.85,80.08,78.46,0.0,18.7,58.94,0.41,96.75,50.41,32.52,15.45,50.0,3.66,0.0,100.0,1.63,6.1,2.44,93.5,26.83,99.59,100.0,39.84,31.3,0.0,39.43,54.07,82.52,13.41,1.22,2.85,7.72,0.0,21.95,79.27,40.24,2.85,2.03,5.28,4.07,0.41,0.0,67.07,43.9,39.43,4.07,18.7,64.23,25.2,12.6,25.2,0.0,38.21,2.85,8.13,39.02,58.13,22.36,0.81,0.41,8.13,0.41,81.71,8.94,33.74,4.88,0.81,5.69,5.28,23.58,10.57,0.41,100.0,3.25,56.91,44.31,62.6,7.72,43.09,18.7,44.72,7.72,71.14,45.12,44.31,15.85,36.99,1.63,78.05,45.12,14.23,42.68,26.42,28.86,11.38,40.24,47.15,22.36
052 Pvalb Gaba,14.33,0.78,1.81,1.67,65.2,0.44,0.24,1.13,4.5,77.86,0.48,86.46,17.5,46.03,0.03,2.12,4.33,1.26,7.03,65.03,1.54,13.44,7.3,76.56,12.59,51.07,81.88,5.46,2.49,10.24,96.32,0.51,0.0,4.16,94.06,48.48,1.67,0.61,75.78,88.95,1.88,0.03,53.77,0.27,6.62,2.35,0.0,76.25,34.6,2.46,2.05,1.43,0.96,0.44,1.09,0.38,85.7,32.24,29.1,9.18,57.56,0.03,78.3,0.24,12.25,47.46,39.75,81.3,0.65,7.95,48.93,64.96,59.57,95.94,50.97,0.82,2.7,64.72,0.03,1.74,8.67,62.03,1.57,13.68,48.52,15.69,36.03,3.1,1.19,0.38,0.07,76.49,2.49,11.5,0.03,0.68,24.91,12.04,85.77,50.39,29.96,96.14,37.39,4.88,24.43,2.42,35.07,2.52,3.92,55.41,1.09,0.1,30.95,15.49,6.89,0.61,0.82,58.0,14.6,38.59,65.23,50.6,0.0,2.01,4.81,20.98,60.76,3.55,3.31,0.03,0.68,29.38,8.19,30.77,81.99,8.26,66.05,96.52,98.74,20.81,0.34,99.66,99.93,10.2,8.6,0.0,79.8,0.38,13.07,33.3,0.14,0.68,0.85,3.62,17.2,8.02,15.73,0.1,25.79,0.78,75.03,15.63,23.34,0.75,29.92,1.64,99.93,99.49,53.09,94.23,56.06,100.0,33.54,100.0,22.65,26.78,68.61,20.81,23.3,1.13,2.8,56.94,82.84,11.46,2.73,46.57,11.5,69.84,8.43,73.29,3.55,9.83,49.44,58.96,26.1,0.65,63.32,23.37,23.61,0.07,64.69,5.87,4.26,24.91,0.24,30.19,0.0,26.03,12.73,98.98,14.64,74.14,0.1,19.72,2.9,1.16,9.52,4.95,0.44,81.51,5.56,0.48,66.09,1.13,86.97,48.99,20.06,1.19,18.01,92.32,47.59,4.5,3.55,1.3,0.58,10.34,0.41,91.95,5.56,75.98,0.65,71.24,3.07,41.69,11.16,59.67,74.21,5.63,6.58,25.93,29.44,3.0,6.14,28.52,8.43,7.23,37.7,2.08,2.49,0.55,1.6,24.91,30.09,10.95,68.3,10.13,13.92,99.8,0.44,0.68,1.64,24.43,10.37,0.61,39.34,0.17,6.18,67.86,0.38,25.32,25.93,39.85,2.35,0.14,8.39,3.34,58.72,8.5,5.05,2.39,15.76,0.82,1.84,32.55,63.83,1.67,10.78,39.75,19.65,3.62,59.95,15.08,32.75,42.17,82.8,9.55,1.71,0.41,22.96,1.74,3.28,12.08,0.92,0.14,51.83,1.4,14.57,5.87,70.76,91.98,2.35,8.5,87.41,6.62,78.27,98.7,80.01,1.23,74.48,20.71,57.93,5.6,16.72,1.91,10.0,6.48,0.85,39.99,5.29,4.98,10.17,0.17,8.02,36.37,11.91,33.74,53.91,10.41,37.05,1.06,7.06,0.44,0.03,57.49,0.2,6.65,0.27,0.82,40.43,13.92,95.46,0.78,69.16,0.03,0.65,93.52,30.37,100.0,0.2,2.05,26.78,0.82,43.77,19.45,0.44,92.19,94.58,1.33,0.38,51.59,1.77,0.03,2.76,36.75,5.87,0.27,34.29,47.05,6.69,42.92,0.65,34.43,52.95,30.5,6.11,69.74,0.89,9.01,2.42,15.08,8.6,0.65,11.09,54.18,16.96,21.19,53.09,79.73,3.41,9.18,11.63,5.73,0.99,0.07,1.5,0.17,86.49,10.82,1.5,2.22,0.1,32.65,0.96,8.87,0.1,66.46,10.13,13.44,17.23,26.34,24.53,0.14,11.91,96.45,25.21,52.1,45.65,39.41,19.69,0.34,0.0,13.51,37.97,1.84,0.34,44.39,0.07,80.55,45.27,18.59,12.11,87.68,4.13,51.48,80.45,62.67,19.96,62.88,1.57,19.38,0.1,54.93,0.85,39.54,1.88,96.25,90.28,89.46,98.16,30.4,2.39,56.98,84.82,23.51,16.68,28.56,85.47,27.02,2.39,76.46,83.52,50.12,20.37,65.2,99.9,100.0,97.27,8.26,89.22,24.43,0.41,19.41,57.86,5.15,84.0,84.54,40.23,11.91,39.71,53.05,0.1,99.83,1.5,21.19,2.97,95.84,29.27,99.42,99.93,47.8,68.92,0.14,26.51,42.34,65.95,64.35,33.47,15.9,0.51,0.24,50.39,9.45,1.23,19.31,1.33,8.5,28.9,0.27,0.07,46.2,54.52,52.1,3.79,5.6,52.37,23.37,0.99,45.96,20.88,49.06,4.64,9.69,84.41,54.66,14.81,3.21,1.43,67.01,0.78,86.18,10.58,32.75,26.37,2.15,13.51,52.3,37.5,8.32,11.57,88.74,8.5,55.13,52.34,62.95,8.53,58.03,15.28,56.29,9.96,71.78,50.12,51.38,22.18,39.51,1.81,87.82,53.12,11.36,47.46,30.13,31.9,14.98,39.88,57.8,34.32
053 Sst Gaba,37.7,0.4,4.79,0.94,67.22,0.18,0.27,2.59,6.41,80.21,0.22,52.41,16.1,45.39,0.13,3.01,3.85,0.58,12.54,57.84,1.17,55.31,35.86,64.88,42.99,52.14,74.75,10.7,1.6,15.0,77.88,0.22,0.14,10.23,81.47,81.65,16.55,0.34,87.25,84.33,3.91,0.02,27.45,0.74,6.86,13.69,0.04,38.04,16.05,1.91,2.99,2.38,8.84,0.56,4.65,0.09,73.23,10.18,83.39,7.84,71.18,0.05,74.89,0.83,12.1,45.06,30.17,96.52,0.34,21.06,42.18,90.62,72.73,75.38,42.56,0.83,9.02,78.06,0.02,2.22,8.02,48.13,1.26,50.27,47.51,33.0,44.11,19.09,2.83,0.29,0.16,72.03,1.17,8.92,0.07,0.72,24.87,25.07,89.23,70.55,11.58,91.37,15.92,13.36,9.65,10.9,22.53,2.18,5.46,43.39,0.74,0.07,52.02,22.06,7.69,0.67,0.77,58.56,23.67,14.48,52.86,46.16,0.02,2.38,2.05,15.27,50.27,30.87,6.74,0.04,0.49,31.77,9.06,24.12,84.49,4.11,68.5,98.81,97.78,17.54,1.31,97.93,99.93,13.53,67.0,0.59,93.59,0.29,1.95,39.82,0.04,1.06,0.58,3.71,1.78,3.19,54.76,3.67,11.04,0.85,48.43,18.26,15.99,0.43,17.53,2.65,99.78,99.78,88.02,96.92,77.36,99.98,94.22,99.75,48.22,12.37,15.27,3.49,18.59,0.47,11.87,57.4,83.21,7.64,11.17,48.83,9.44,56.84,8.68,73.4,22.3,7.62,34.64,30.04,13.69,0.86,46.65,11.67,56.0,0.05,39.84,32.84,6.43,24.03,0.07,15.87,0.05,26.19,28.3,94.83,45.28,89.03,0.2,8.39,7.15,7.71,9.4,4.9,0.7,85.1,4.99,0.22,91.1,0.23,68.7,51.12,10.99,1.06,28.4,90.92,45.93,2.79,5.01,1.17,0.52,11.1,0.32,94.58,5.21,77.49,6.86,34.19,3.4,25.56,20.35,58.79,93.41,5.6,6.83,15.35,28.94,4.16,8.02,10.95,8.43,12.57,68.07,10.05,3.53,0.61,42.58,37.55,10.28,7.58,56.68,11.02,18.5,99.44,1.6,1.08,1.51,40.56,7.33,4.02,45.77,0.92,6.27,46.96,7.04,36.94,66.93,21.09,2.63,0.09,29.39,11.22,38.31,24.15,16.57,1.89,18.3,0.5,26.39,67.09,26.1,2.49,10.64,31.07,18.12,4.3,63.94,13.2,13.35,32.62,56.21,44.97,1.73,0.52,18.44,3.13,3.1,5.71,2.13,0.49,32.94,1.22,1.37,44.74,9.78,98.83,2.65,2.0,92.54,14.91,90.74,95.26,87.84,1.86,70.57,63.85,82.85,11.01,43.53,1.19,7.19,7.11,1.31,21.83,9.71,24.37,9.37,3.91,23.99,64.79,13.53,50.88,19.42,5.44,70.03,1.53,78.17,0.16,0.23,51.37,0.18,9.56,0.16,1.06,41.37,8.07,94.31,0.83,61.65,0.04,0.56,29.92,27.58,99.89,0.4,0.92,45.46,1.28,36.42,16.98,0.04,33.21,89.9,5.31,0.45,12.91,1.91,0.11,2.67,98.7,9.44,0.2,13.56,39.23,4.83,38.0,13.04,97.57,33.27,1.4,10.55,5.42,4.7,4.83,2.4,12.59,8.72,0.86,4.43,66.93,55.31,29.99,52.4,55.94,1.55,43.44,52.18,15.8,0.4,0.13,0.63,0.13,35.81,13.92,4.11,54.7,0.09,73.74,0.23,9.37,0.13,77.0,11.38,9.87,16.3,20.55,17.72,0.07,14.09,50.88,34.22,40.36,45.55,26.73,21.9,0.31,0.04,21.29,30.69,1.8,8.7,35.0,0.05,85.28,37.54,21.09,12.64,91.52,5.57,68.86,80.82,60.37,16.48,64.55,1.42,9.74,0.41,49.8,2.68,39.03,17.36,96.4,92.16,94.02,98.85,97.57,3.3,55.84,98.78,19.15,10.64,28.1,86.67,24.66,0.99,48.56,79.48,29.92,11.13,50.41,100.0,100.0,73.45,9.98,92.29,31.27,1.35,18.37,37.72,3.73,75.81,67.83,46.09,12.57,51.48,65.9,0.22,99.48,1.86,6.0,2.63,96.67,30.44,99.69,100.0,38.15,83.7,0.13,35.27,43.68,39.82,30.44,11.55,3.89,0.16,0.07,31.03,84.49,12.21,47.14,5.51,9.62,52.99,0.56,10.77,16.17,37.18,63.0,5.51,17.98,94.49,63.4,1.1,56.39,0.36,30.15,4.02,22.15,98.32,50.4,48.22,3.82,0.79,49.32,23.27,81.29,29.02,16.68,67.72,13.69,14.88,97.37,3.85,46.97,23.22,22.41,14.14,43.37,24.46,62.46,7.76,45.15,4.45,59.94,9.28,56.27,60.79,47.73,17.8,17.69,2.23,90.09,64.12,9.82,39.99,33.09,32.94,11.28,36.87,59.67,56.05
054 STR Prox1 Lhx6 Gaba,25.44,2.92,9.5,2.19,77.92,1.02,0.15,6.58,9.36,83.04,0.58,66.37,22.22,61.26,1.75,31.73,1.75,1.32,1.75,77.49,0.29,34.36,7.89,91.67,45.32,65.06,60.23,1.46,1.61,11.11,83.04,6.58,0.15,1.9,86.11,86.7,54.82,1.17,99.27,92.54,43.86,0.0,4.09,0.44,9.06,22.95,0.29,6.43,4.68,2.34,17.25,0.44,3.07,0.58,1.9,0.44,95.91,89.33,96.93,11.11,6.14,0.0,90.79,4.68,18.57,48.54,77.34,42.98,0.15,57.31,16.81,77.92,81.58,97.08,62.43,3.51,8.19,91.37,0.15,15.79,4.09,27.63,31.29,23.83,52.49,26.9,38.6,8.04,4.68,1.32,0.0,60.09,0.44,15.79,0.0,0.15,58.33,8.92,88.74,48.54,12.87,99.56,30.12,9.8,6.29,15.5,20.76,11.7,4.53,60.53,2.49,0.15,32.16,6.58,3.95,1.17,0.15,80.41,33.92,57.6,76.9,0.73,0.29,0.15,27.34,17.4,78.22,2.78,3.8,0.15,0.73,22.81,3.8,18.86,89.77,4.97,82.02,98.98,97.81,30.12,0.44,100.0,100.0,7.75,91.81,0.73,77.63,1.32,2.78,64.18,0.15,2.19,1.02,3.8,0.58,3.07,9.21,5.41,25.15,1.61,61.26,28.07,13.01,1.61,36.4,4.39,100.0,99.56,80.26,97.51,92.69,99.85,80.26,100.0,45.18,79.24,50.73,46.78,24.56,0.44,14.47,56.14,89.18,37.13,14.04,37.57,36.84,79.39,11.7,79.24,0.73,0.73,53.36,74.12,91.96,2.34,24.42,62.57,65.06,0.0,92.25,47.22,0.44,35.09,0.29,49.85,0.0,27.63,7.16,84.36,79.97,78.51,0.44,54.39,2.49,0.88,11.4,21.93,0.73,92.69,2.19,0.29,58.04,0.58,90.64,26.32,51.61,1.9,26.46,96.49,54.39,26.75,8.63,3.22,0.44,14.33,0.88,80.7,3.95,72.22,4.09,57.46,85.67,83.33,55.26,46.64,89.62,1.17,0.15,99.42,53.36,1.61,5.85,1.46,0.44,0.58,15.5,4.97,21.49,8.63,33.77,25.15,2.19,11.7,35.96,2.19,67.25,100.0,1.75,7.89,3.07,91.23,6.87,0.73,54.39,1.32,32.31,2.19,6.87,47.81,49.71,10.23,4.97,0.73,15.06,0.58,80.7,9.21,25.73,8.48,33.63,0.88,3.36,38.3,5.7,1.32,11.26,38.3,32.31,5.99,90.06,51.02,4.09,64.33,33.92,58.48,4.53,1.32,25.0,0.44,2.92,0.88,91.23,0.58,20.91,0.88,38.16,26.02,12.28,64.62,0.73,1.9,85.23,4.97,95.61,99.12,14.18,2.34,82.16,21.93,88.89,11.84,27.63,19.74,2.19,5.99,0.88,1.17,0.29,10.23,2.63,4.82,58.33,16.67,0.58,1.75,77.05,61.84,63.45,3.8,76.46,0.15,0.15,76.32,0.15,0.15,0.29,3.95,3.22,12.13,97.51,1.46,93.57,0.15,0.44,14.62,45.61,100.0,14.04,32.75,74.85,1.9,62.72,23.1,0.29,91.08,96.93,2.05,0.58,89.62,2.34,0.29,0.0,23.1,16.08,0.88,24.27,47.08,11.7,28.36,3.95,58.33,40.2,2.92,6.14,41.08,1.61,23.83,5.12,26.61,1.9,2.05,0.29,98.39,46.78,56.14,43.42,67.4,13.89,43.27,77.92,0.44,0.29,0.73,2.92,0.44,44.3,75.44,3.36,7.46,0.29,66.37,0.73,1.02,1.17,86.26,26.46,8.33,27.78,34.5,91.23,0.15,17.54,87.87,29.97,54.09,56.58,69.59,36.11,0.58,0.0,42.98,50.44,2.49,2.49,11.99,0.29,91.52,42.4,29.09,27.19,95.03,46.49,22.08,89.62,77.49,25.73,74.42,2.63,18.13,1.46,49.27,0.44,45.91,12.72,98.54,96.05,93.42,100.0,50.15,9.94,37.13,97.08,26.75,18.57,47.95,91.23,31.58,0.58,76.32,92.11,23.25,14.91,73.83,99.85,100.0,91.37,20.18,94.59,70.03,9.8,26.9,31.73,2.34,90.5,79.09,61.4,27.78,56.58,4.68,2.05,100.0,0.15,33.77,0.73,95.47,35.82,99.56,100.0,45.61,82.75,0.29,41.37,66.67,82.02,33.48,4.68,15.5,0.15,0.29,40.2,48.83,1.9,13.6,2.19,1.46,18.71,2.49,0.0,10.53,86.55,72.37,11.7,16.67,82.75,27.19,5.26,38.3,0.15,50.58,21.78,29.68,81.43,77.05,35.38,1.17,6.29,52.92,15.64,74.85,5.56,7.6,6.87,14.47,6.14,81.87,38.74,37.28,3.65,12.28,16.23,75.58,32.16,82.46,9.94,50.29,10.67,72.08,15.35,73.25,48.39,52.19,26.75,45.03,2.92,94.88,61.84,7.31,63.3,31.14,36.4,18.27,50.88,75.29,77.78
055 STR Lhx8 Gaba,23.21,2.68,4.46,1.79,73.21,0.0,0.0,3.57,6.25,87.5,0.0,95.54,13.39,68.75,0.0,12.5,0.0,1.79,1.79,77.68,0.0,12.5,8.04,83.93,76.79,65.18,88.39,0.89,2.68,15.18,88.39,2.68,0.0,13.39,92.86,93.75,60.71,0.89,100.0,97.32,0.0,0.0,2.68,0.89,42.86,13.39,0.89,8.04,15.18,2.68,31.25,0.0,3.57,0.0,0.89,0.0,71.43,73.21,95.54,7.14,8.04,0.0,90.18,0.89,17.86,28.57,92.86,78.57,0.0,38.39,15.18,46.43,78.57,100.0,96.43,0.0,10.71,84.82,0.0,6.25,4.46,10.71,0.89,69.64,20.54,76.79,50.89,2.68,3.57,0.0,0.0,81.25,0.89,11.61,0.0,0.0,15.18,9.82,94.64,48.21,27.68,100.0,45.54,25.89,32.14,12.5,33.04,7.14,4.46,59.82,2.68,0.0,45.54,2.68,3.57,1.79,0.0,89.29,91.96,99.11,47.32,0.0,0.89,0.0,16.96,15.18,77.68,2.68,5.36,0.0,0.0,32.14,3.57,16.07,90.18,8.93,86.61,100.0,99.11,34.82,0.0,100.0,99.11,9.82,82.14,2.68,79.46,0.0,3.57,25.0,0.0,1.79,1.79,4.46,1.79,0.0,9.82,6.25,38.39,0.0,72.32,30.36,14.29,1.79,44.64,5.36,100.0,100.0,47.32,97.32,91.07,100.0,100.0,100.0,41.07,23.21,70.54,58.93,16.96,2.68,5.36,83.93,95.54,37.5,18.75,33.93,98.21,61.61,11.61,78.57,9.82,1.79,52.68,33.04,91.96,2.68,6.25,39.29,66.07,0.0,99.11,8.04,0.0,12.5,0.0,95.54,0.89,35.71,32.14,79.46,66.96,95.54,0.0,20.54,4.46,0.0,15.18,6.25,0.0,100.0,0.89,0.89,94.64,0.0,80.36,50.0,53.57,2.68,50.0,96.43,41.96,7.14,7.14,8.93,0.0,17.86,0.0,79.46,2.68,62.5,0.0,39.29,89.29,98.21,72.32,16.96,89.29,0.89,0.89,92.86,62.5,0.89,11.61,25.0,1.79,5.36,58.93,16.96,59.82,1.79,12.5,35.71,0.89,13.39,70.54,2.68,29.46,100.0,2.68,0.0,1.79,90.18,18.75,2.68,56.25,0.89,77.68,2.68,3.57,55.36,57.14,22.32,7.14,0.89,7.14,1.79,53.57,48.21,33.04,5.36,41.96,0.0,12.5,48.21,6.25,0.0,23.21,39.29,30.36,3.57,86.61,47.32,5.36,65.18,85.71,88.39,6.25,0.0,10.71,0.0,5.36,4.46,20.54,0.0,25.89,5.36,13.39,50.89,10.71,95.54,5.36,2.68,91.96,2.68,97.32,100.0,25.0,0.89,100.0,55.36,90.18,48.21,17.86,31.25,1.79,7.14,4.46,1.79,0.0,15.18,0.0,7.14,49.11,83.04,3.57,16.96,71.43,41.07,4.46,20.54,28.57,0.0,0.0,86.61,0.89,0.0,0.89,5.36,5.36,16.07,100.0,1.79,85.71,0.0,0.0,31.25,48.21,100.0,8.04,8.93,41.96,4.46,45.54,22.32,0.89,60.71,100.0,1.79,0.0,87.5,7.14,0.0,0.0,39.29,9.82,0.0,17.86,40.18,18.75,10.71,1.79,55.36,56.25,4.46,5.36,16.07,2.68,27.68,15.18,25.0,0.0,0.0,19.64,99.11,79.46,60.71,48.21,85.71,3.57,76.79,68.75,3.57,0.0,14.29,0.0,0.89,46.43,38.39,2.68,42.86,0.89,94.64,0.89,1.79,3.57,94.64,53.57,15.18,24.11,26.79,86.61,0.89,21.43,100.0,30.36,56.25,64.29,16.96,25.89,41.07,0.0,50.0,43.75,3.57,1.79,24.11,3.57,94.64,54.46,40.18,19.64,96.43,25.0,58.93,94.64,71.43,26.79,80.36,3.57,24.11,1.79,51.79,0.0,46.43,10.71,99.11,98.21,92.86,100.0,89.29,9.82,47.32,91.07,29.46,11.61,47.32,93.75,31.25,0.0,85.71,98.21,17.86,24.11,82.14,100.0,100.0,100.0,22.32,97.32,22.32,10.71,35.71,75.89,25.89,99.11,80.36,63.39,29.46,73.21,1.79,0.89,100.0,0.0,41.07,1.79,98.21,33.93,100.0,100.0,41.07,75.0,0.0,43.75,55.36,86.61,16.07,11.61,10.71,0.0,0.0,60.71,82.14,3.57,7.14,9.82,6.25,59.82,0.89,0.0,17.86,91.07,98.21,11.61,16.07,96.43,9.82,4.46,41.07,0.0,37.5,18.75,14.29,99.11,89.29,64.29,0.0,3.57,84.82,10.71,23.21,8.93,10.71,44.64,6.25,5.36,87.5,61.61,57.14,8.04,32.14,12.5,82.14,15.18,80.36,10.71,58.04,7.14,66.96,10.71,75.0,53.57,58.04,26.79,14.29,5.36,99.11,55.36,5.36,61.61,41.07,25.89,10.71,50.0,84.82,79.46
056 Sst Chodl Gaba,28.91,0.67,7.03,1.67,74.44,0.78,0.45,4.58,53.57,75.0,0.89,94.31,26.79,59.71,0.0,4.02,0.78,1.0,5.02,76.67,0.67,22.88,33.71,69.08,64.62,62.72,94.98,3.57,6.81,20.42,69.2,0.45,0.22,13.06,90.51,59.04,30.58,0.67,81.81,82.14,0.56,0.0,10.49,0.45,60.6,34.15,0.22,17.97,7.92,1.45,20.42,0.11,2.23,0.78,2.79,0.11,85.71,28.35,89.06,12.28,41.07,0.0,90.4,63.73,16.85,17.19,91.63,86.05,0.67,25.45,49.22,49.22,45.54,88.39,69.75,3.57,10.71,36.38,0.11,8.48,3.35,37.95,0.22,65.74,29.35,52.23,46.99,2.01,10.6,0.22,0.78,62.39,3.35,12.83,0.11,0.11,27.34,38.17,91.18,75.11,8.15,97.21,68.08,35.04,68.64,28.68,27.23,7.25,3.46,47.99,2.57,0.22,43.64,12.39,2.79,0.45,0.22,79.02,65.07,26.12,25.78,7.92,0.33,1.12,11.94,18.19,79.35,9.38,10.6,0.22,3.57,33.93,7.14,11.05,85.83,6.36,81.03,99.67,89.73,21.43,1.9,98.33,97.99,10.27,92.41,15.4,95.31,1.56,12.5,33.71,0.0,1.12,1.12,3.12,1.79,1.56,16.74,16.63,26.56,1.12,61.61,26.67,10.04,0.67,17.52,50.33,99.78,99.78,89.17,96.99,99.44,99.89,97.21,82.7,50.56,35.49,92.3,11.27,20.42,15.62,10.16,69.53,83.26,36.72,12.05,37.05,45.65,68.53,14.17,79.58,39.62,7.59,39.96,26.79,63.06,1.34,16.96,11.94,45.42,0.11,14.84,28.46,2.79,55.58,0.0,91.29,0.22,37.95,51.12,73.55,29.58,81.14,0.11,23.88,15.29,0.78,8.59,3.79,1.56,96.65,2.34,0.22,89.51,0.22,56.92,71.65,45.2,1.23,12.72,95.87,52.68,1.45,12.05,8.04,0.89,15.18,0.45,97.32,4.02,83.37,23.1,56.25,93.53,46.99,32.37,95.42,76.34,1.67,1.9,30.92,92.3,1.79,15.18,12.72,2.9,4.02,91.96,14.06,59.93,1.79,11.27,30.92,1.56,8.48,56.81,5.47,66.96,99.55,2.12,11.94,2.9,49.22,3.24,1.45,54.46,0.67,19.42,3.91,9.49,55.92,54.35,23.88,16.29,1.45,48.88,1.34,47.21,36.72,52.68,23.66,26.56,1.56,16.96,56.03,13.06,2.79,41.63,29.58,30.47,8.15,74.44,37.39,4.91,72.43,60.49,40.4,1.12,1.34,19.42,5.47,3.35,1.9,9.49,1.0,52.79,2.12,2.34,67.52,5.25,98.66,11.16,7.48,68.08,13.39,95.09,98.88,22.77,3.91,52.57,63.28,89.96,43.86,88.84,11.83,3.57,7.7,1.79,2.68,1.12,7.03,4.13,15.29,65.29,52.57,1.34,20.31,39.62,17.86,54.24,71.65,74.67,0.22,0.33,69.53,0.11,10.27,0.45,2.34,16.52,30.8,98.88,0.56,81.47,0.0,0.45,34.93,45.42,99.67,3.12,3.91,45.31,1.9,69.08,21.76,0.22,13.95,100.0,12.61,0.56,64.96,6.36,0.33,0.11,97.88,15.74,0.33,47.21,41.85,28.12,73.66,16.96,83.71,52.34,9.04,79.46,15.96,2.34,84.93,5.8,17.86,2.9,1.67,1.45,51.34,90.51,43.19,61.61,50.33,2.12,65.29,98.77,8.26,0.67,1.23,8.26,0.22,75.56,75.22,5.02,37.39,0.45,73.77,0.22,2.9,0.78,84.82,83.82,16.18,24.33,28.01,70.76,0.11,15.29,93.42,30.47,43.75,53.12,18.64,28.12,3.01,0.11,50.11,41.74,1.9,19.2,32.92,0.33,89.73,46.88,39.51,22.21,95.31,6.92,87.05,88.17,71.99,22.54,74.11,1.9,30.25,3.35,53.24,0.45,41.07,3.91,98.77,97.54,88.84,98.66,99.11,7.03,29.8,90.62,32.81,10.6,62.61,93.75,26.9,0.45,69.42,82.25,22.99,20.98,75.11,100.0,100.0,85.27,29.35,96.76,27.23,0.56,39.17,36.83,2.23,93.64,51.9,63.39,16.63,62.39,2.23,20.09,97.54,1.23,42.97,6.36,98.33,32.81,100.0,98.44,44.2,87.5,0.45,38.28,91.96,43.97,3.79,2.57,8.37,0.0,0.22,20.65,79.8,14.06,16.85,7.92,25.33,64.4,41.85,0.45,20.2,73.44,76.9,42.97,59.04,96.32,74.67,2.57,28.68,0.45,25.22,24.89,34.49,90.85,46.21,35.49,7.03,2.01,63.95,24.55,61.05,12.05,4.13,23.88,61.5,8.82,83.37,47.43,82.25,20.98,52.01,18.97,70.42,10.83,77.12,13.28,54.24,3.24,62.17,14.96,64.96,46.09,52.57,19.75,22.1,5.02,91.96,66.63,13.5,50.89,38.39,34.82,15.51,43.97,72.21,89.73
057 NDB-SI-MA-STRv Lhx8 Gaba,52.36,1.09,3.91,3.73,88.82,1.55,0.64,5.27,15.45,87.64,0.55,57.55,31.73,70.27,1.73,6.73,13.82,2.55,4.55,87.91,0.64,22.73,41.91,90.64,65.55,75.09,97.55,12.09,2.09,39.09,75.09,0.82,3.91,24.27,96.09,40.45,22.82,2.09,86.82,96.45,1.09,0.0,11.36,3.64,23.27,34.27,0.45,11.91,4.45,0.82,4.82,0.45,7.0,3.09,3.18,0.18,87.55,53.0,92.64,25.27,75.73,0.55,95.09,6.55,19.45,37.91,66.0,81.73,0.64,29.82,41.0,93.45,85.91,75.55,69.18,2.64,11.91,24.82,0.27,19.09,5.91,2.09,0.45,66.64,67.91,68.73,41.0,19.82,48.91,0.82,2.45,75.45,4.64,16.82,0.0,0.73,36.0,18.73,97.73,60.82,2.36,98.18,56.27,52.0,8.09,12.36,26.55,9.82,3.73,70.09,3.91,0.45,40.45,10.0,2.91,1.0,0.18,90.91,44.91,30.0,27.45,2.55,0.64,0.09,18.0,25.64,93.36,33.64,32.0,0.27,1.0,22.18,3.36,17.45,93.91,9.64,93.09,99.55,95.36,33.36,3.27,99.73,100.0,15.91,59.0,7.64,93.36,1.55,22.45,28.91,0.27,2.64,1.91,4.27,1.0,6.27,53.64,10.27,32.91,1.91,63.91,70.27,13.64,1.18,29.82,34.64,94.91,100.0,91.64,99.27,63.36,100.0,93.82,99.09,32.82,38.09,53.73,5.18,26.55,5.27,49.91,77.55,87.91,51.82,24.55,45.27,29.18,80.45,17.18,88.55,24.18,20.09,33.91,20.91,72.55,3.45,46.55,10.64,16.0,0.0,14.64,23.64,0.45,60.82,0.27,71.36,1.64,29.36,22.55,60.73,71.09,79.73,5.27,3.18,11.73,0.73,8.45,4.36,1.45,97.82,4.45,0.27,68.18,0.45,18.27,85.27,58.27,1.27,13.91,99.36,72.64,1.73,11.0,43.91,0.55,19.18,0.36,73.36,4.18,78.0,9.18,56.0,45.64,38.45,57.36,81.18,90.18,0.82,0.18,15.64,34.0,1.27,9.73,18.55,18.36,11.73,10.91,22.27,34.82,11.0,12.45,29.18,29.36,5.91,71.09,3.91,92.18,99.73,8.09,7.45,4.73,44.09,11.91,9.55,72.55,1.73,8.09,8.55,34.09,70.18,67.18,32.91,7.73,2.45,31.73,3.91,78.36,45.36,27.82,16.0,44.09,2.36,8.64,52.73,15.27,6.45,17.45,35.91,28.27,10.55,83.18,44.0,18.82,83.0,61.55,59.27,1.64,6.09,18.36,50.73,5.73,4.82,2.36,0.91,87.55,0.82,4.36,42.09,9.0,92.0,9.36,11.27,79.27,11.82,99.27,96.36,12.18,6.45,79.18,67.91,92.64,50.0,73.0,12.18,17.0,10.09,1.91,13.64,5.55,8.82,2.27,38.55,49.82,67.27,9.55,35.36,48.36,16.91,78.45,11.64,42.27,0.09,0.55,79.09,0.18,8.36,0.82,7.27,3.91,46.55,99.73,2.0,74.91,0.91,1.0,43.82,63.73,99.91,3.27,2.91,82.27,3.18,68.36,31.18,0.55,21.82,81.45,1.73,1.18,26.82,6.45,0.0,0.18,46.27,10.55,0.27,32.45,55.36,24.09,68.55,18.36,39.55,46.82,30.55,13.09,44.91,2.73,26.91,43.55,36.45,1.73,2.18,14.27,70.45,54.36,18.91,68.18,49.91,7.27,68.64,54.55,1.09,0.91,1.27,16.55,0.36,69.91,69.91,2.73,43.18,0.91,94.09,0.73,4.45,1.64,88.91,71.91,28.64,34.82,30.18,85.64,0.55,22.45,49.82,40.36,53.0,62.64,39.0,38.09,19.36,0.55,62.64,61.55,3.64,12.45,51.82,0.64,97.18,51.73,27.55,14.27,98.27,32.73,74.64,96.0,81.27,27.36,83.73,3.27,39.0,5.0,61.27,0.55,57.27,14.18,99.91,99.55,80.36,99.82,80.73,10.64,46.82,96.27,45.0,5.64,39.82,95.18,40.27,0.64,81.36,99.73,27.27,25.0,85.55,100.0,100.0,98.27,30.0,98.82,69.36,0.91,46.55,67.09,6.0,94.45,69.64,74.55,21.91,54.18,1.82,1.73,99.91,0.73,6.09,2.91,99.18,45.82,100.0,100.0,56.55,68.27,0.55,33.73,91.91,63.55,1.0,5.45,19.0,0.27,0.18,44.91,79.36,27.36,68.91,15.45,25.45,36.18,5.64,0.09,32.64,84.55,80.27,27.36,46.18,97.82,23.55,41.73,58.64,0.18,39.18,4.45,39.36,93.0,77.64,34.45,2.64,4.64,61.64,36.27,89.64,13.45,13.73,32.36,67.45,11.18,55.55,31.18,87.36,18.73,59.18,24.18,80.09,42.73,85.82,15.0,72.09,6.82,74.73,19.91,79.18,56.36,73.09,30.55,18.09,6.0,97.18,69.82,18.0,70.09,47.91,43.27,21.36,60.27,83.55,84.82
058 PAL-STR Gaba-Chol,59.38,0.62,5.62,5.0,93.75,1.88,2.5,10.0,16.25,96.88,3.12,91.25,36.25,78.75,0.0,2.5,50.0,1.88,5.62,89.38,1.25,60.0,51.88,81.88,73.75,78.75,80.0,2.5,1.25,52.5,90.62,4.38,6.88,64.38,100.0,46.25,16.25,3.12,95.62,96.88,2.5,0.0,54.37,28.75,3.12,18.12,0.62,11.88,1.88,1.25,18.75,1.25,56.25,2.5,5.0,1.88,80.0,26.25,82.5,61.88,73.12,84.38,97.5,1.25,14.37,11.25,98.12,23.12,2.5,35.62,20.62,81.88,72.5,81.25,63.75,1.88,11.88,10.62,0.62,5.0,10.0,0.62,1.25,66.25,46.25,50.62,59.38,1.88,46.25,0.62,32.5,55.0,4.38,23.12,0.0,0.62,58.13,36.25,98.12,13.75,1.25,93.75,46.25,81.25,1.25,51.25,38.75,10.62,33.12,77.5,0.62,3.12,45.62,4.38,5.0,1.25,0.0,93.12,69.38,48.75,39.38,0.62,1.88,0.0,40.0,12.5,64.38,49.38,48.75,0.0,3.12,32.5,16.25,27.5,98.75,15.62,93.75,100.0,81.25,36.88,11.25,80.62,100.0,21.88,20.62,8.75,96.25,1.88,27.5,15.62,0.62,2.5,1.25,3.75,1.25,36.25,52.5,21.25,24.38,1.88,60.0,43.12,13.12,5.62,29.38,8.12,100.0,100.0,50.0,99.38,94.38,99.38,90.62,96.25,25.0,71.88,80.62,6.25,36.88,7.5,15.62,85.0,90.0,81.25,53.12,74.38,8.75,90.62,24.38,94.38,63.12,17.5,43.75,16.88,61.88,1.25,61.88,27.5,8.75,0.0,11.25,11.25,0.62,12.5,1.25,98.75,63.12,40.0,28.75,63.75,26.25,61.88,11.88,1.88,31.87,1.88,11.88,2.5,1.88,76.25,1.25,0.62,54.37,1.25,8.12,88.12,62.5,1.25,43.12,98.75,72.5,2.5,14.37,60.0,2.5,21.25,0.62,41.25,8.12,70.62,10.62,35.0,71.25,36.88,75.0,50.0,92.5,0.62,0.62,43.75,82.5,1.88,15.0,60.0,1.25,6.25,8.75,3.75,25.62,1.25,20.62,32.5,10.0,20.62,62.5,6.25,75.62,100.0,13.12,63.75,7.5,49.38,10.0,18.12,66.88,4.38,33.75,51.88,30.63,73.75,71.25,58.13,19.38,1.25,16.25,3.75,58.75,67.5,15.62,27.5,56.25,18.75,2.5,37.5,35.62,11.25,29.38,45.0,25.0,5.62,80.62,55.62,45.0,85.62,56.25,95.0,5.62,1.25,31.87,20.62,8.12,8.75,3.75,1.25,58.13,6.25,6.25,15.0,11.88,98.12,18.75,23.75,85.62,11.88,97.5,99.38,1.25,6.88,87.5,78.75,98.12,66.88,33.75,21.25,10.62,9.38,33.12,6.88,10.62,21.25,0.62,33.75,29.38,48.12,18.75,18.75,55.62,13.75,80.62,10.0,36.88,1.25,0.0,86.88,1.25,2.5,0.62,8.75,5.62,65.0,49.38,1.25,81.88,13.12,1.25,38.75,73.12,100.0,29.38,20.62,78.75,3.75,58.13,43.12,0.0,18.75,13.12,5.62,1.25,54.37,6.25,0.0,0.62,28.75,13.12,1.25,21.88,55.62,26.88,61.25,22.5,26.88,83.75,23.12,23.12,21.25,18.12,90.0,53.12,80.62,3.75,3.75,39.38,66.25,41.88,60.0,79.38,53.75,43.12,78.75,9.38,0.0,0.62,3.75,16.88,0.0,61.88,84.38,48.75,76.88,5.62,93.12,0.62,1.25,0.62,94.38,63.75,47.5,42.5,43.12,93.12,2.5,36.88,88.75,54.37,61.88,68.75,50.0,61.88,98.75,30.0,55.0,55.62,5.62,3.12,67.5,0.0,97.5,56.88,34.38,40.0,99.38,71.25,58.75,96.88,90.62,44.38,90.62,5.0,48.12,4.38,49.38,0.62,47.5,58.75,99.38,100.0,91.25,100.0,97.5,11.25,48.12,99.38,57.5,12.5,42.5,98.12,38.12,1.25,88.12,96.25,24.38,24.38,88.12,100.0,100.0,98.75,30.63,98.75,86.88,2.5,60.0,71.25,9.38,94.38,66.25,79.38,57.5,86.25,2.5,88.75,97.5,2.5,38.75,21.88,99.38,56.25,100.0,100.0,46.25,65.0,0.62,45.0,100.0,58.13,1.25,31.87,5.0,3.12,0.62,70.0,91.88,46.88,66.25,7.5,42.5,41.25,2.5,0.0,8.75,95.62,98.75,62.5,58.13,98.12,5.62,5.0,65.62,1.25,25.62,20.0,71.25,100.0,83.75,71.88,1.25,13.75,86.25,50.0,77.5,11.88,28.75,25.0,63.75,14.37,73.12,78.12,77.5,5.0,38.75,33.75,88.12,18.75,85.62,15.0,84.38,16.25,78.12,26.88,83.12,71.25,78.75,28.75,6.88,10.0,97.5,88.12,16.25,83.12,45.0,58.75,25.62,60.0,86.25,97.5
059 GPe-SI Sox6 Cyp26b1 Gaba,43.55,2.15,3.23,2.69,84.41,1.08,0.0,2.15,90.32,87.1,0.0,59.68,51.61,59.68,0.0,70.97,0.0,1.08,2.69,81.18,0.0,17.2,56.99,95.16,52.15,63.44,80.11,3.23,1.08,46.24,86.02,0.54,10.22,7.53,94.62,79.03,46.24,29.03,96.77,94.62,0.54,0.0,5.38,1.08,4.84,91.4,0.0,4.84,13.44,0.0,0.0,0.54,3.76,0.54,4.3,0.0,100.0,44.09,88.17,5.38,12.37,0.0,92.47,2.15,18.82,52.69,66.67,97.85,0.0,53.23,47.85,87.63,91.94,27.96,61.29,2.15,22.04,59.68,0.0,17.74,2.15,1.08,1.61,52.15,64.52,9.68,50.0,2.15,9.14,2.15,1.61,82.8,0.54,13.44,0.0,0.0,93.01,6.45,94.62,67.74,1.61,98.39,85.48,22.04,3.23,32.26,29.03,10.22,6.45,60.22,2.15,0.0,67.74,13.98,5.38,1.61,0.0,83.87,87.1,1.61,36.56,0.54,0.54,0.0,27.96,25.27,82.8,4.3,36.56,0.0,0.54,51.61,15.59,29.03,95.7,46.24,91.4,99.46,98.92,32.8,5.38,100.0,100.0,9.14,27.96,15.05,96.77,1.61,2.15,4.84,0.0,2.69,2.15,5.38,1.61,2.15,22.58,8.6,15.05,2.69,63.44,46.77,20.97,0.54,38.17,61.29,100.0,100.0,98.92,98.39,88.71,96.77,89.78,99.46,33.87,48.92,39.25,23.12,29.03,2.69,65.59,77.96,91.94,53.76,3.23,32.8,10.75,82.26,19.35,90.32,30.65,13.44,24.73,50.54,51.61,1.08,39.78,8.6,19.89,0.0,1.61,52.69,0.0,69.89,0.0,58.06,1.08,28.49,12.9,32.8,50.54,96.24,0.0,10.22,9.14,0.54,6.99,3.23,0.54,3.76,16.13,1.08,71.51,0.54,37.1,87.63,38.17,0.54,7.53,98.39,52.69,1.08,13.44,51.61,1.08,100.0,0.54,93.55,1.61,91.94,20.97,54.3,48.92,12.37,15.59,93.55,98.92,0.0,0.0,37.1,10.75,1.61,9.14,0.0,0.0,1.08,63.44,27.42,4.3,1.08,68.82,50.54,9.68,29.57,60.22,3.76,82.26,99.46,5.38,71.51,3.23,54.3,0.54,5.91,65.05,0.54,15.05,1.61,5.91,58.06,25.27,31.18,9.68,1.08,76.34,1.08,87.1,32.8,48.92,22.04,35.48,3.76,10.75,62.37,59.68,3.23,94.62,44.09,39.25,7.53,66.67,31.72,33.33,77.42,98.39,52.69,1.61,1.61,5.91,0.0,3.76,3.76,96.77,0.54,89.78,2.15,2.15,75.81,4.84,76.88,2.69,5.91,95.7,7.53,98.92,87.1,0.54,6.99,63.44,43.55,96.77,41.4,84.95,22.04,2.69,18.82,1.61,0.0,0.0,8.06,1.08,14.52,78.49,50.54,1.61,1.61,84.41,90.32,21.51,1.61,36.56,0.54,0.0,75.81,0.54,0.54,0.0,4.3,4.84,22.04,99.46,3.23,96.77,0.0,0.54,5.91,48.92,100.0,17.74,0.54,52.69,2.69,85.48,30.65,0.54,4.3,100.0,0.54,27.42,24.73,2.69,0.0,0.0,26.34,23.66,0.0,37.1,59.68,52.69,66.13,12.37,14.52,54.3,57.53,3.23,13.98,0.54,18.28,3.23,27.96,1.61,2.69,2.15,61.83,39.78,11.83,46.24,41.94,6.45,40.86,74.19,0.0,0.0,0.54,0.54,0.0,92.47,98.92,0.54,19.35,0.54,94.09,0.0,1.61,3.76,88.17,47.31,9.14,23.66,31.72,94.09,0.0,15.59,58.06,40.86,47.31,63.98,15.59,56.99,0.0,0.0,66.13,51.61,2.15,19.89,45.7,2.15,96.77,50.54,43.55,25.81,97.31,4.3,96.77,93.55,76.34,33.33,85.48,3.76,31.18,1.08,51.08,0.54,47.31,12.37,98.92,98.92,89.25,98.92,97.85,5.38,43.55,100.0,37.63,11.29,67.74,97.31,33.33,0.54,79.57,100.0,46.24,29.03,77.42,100.0,100.0,100.0,17.2,97.85,21.51,2.15,38.71,68.82,1.61,95.16,82.26,72.04,30.11,75.81,1.08,0.54,100.0,0.54,2.15,1.61,98.39,51.08,100.0,100.0,47.31,87.1,0.0,43.55,89.25,46.24,1.08,27.42,2.15,0.0,0.54,9.68,83.33,8.06,45.16,3.23,8.06,10.75,4.3,0.0,33.87,60.75,79.03,67.74,24.73,82.26,3.76,26.34,52.69,0.54,6.99,2.15,59.14,91.4,76.88,13.98,0.54,4.84,22.04,18.82,76.34,4.84,4.3,14.52,71.51,41.94,15.59,39.25,96.24,9.68,59.68,19.35,75.27,12.37,85.48,14.52,74.73,4.3,80.11,17.74,73.12,50.0,61.29,33.87,18.82,6.45,97.31,69.89,20.43,74.19,38.17,34.41,19.35,56.45,87.1,96.77
061 STR D1 Gaba,95.14,0.23,13.57,1.58,44.34,0.23,6.45,16.18,4.19,27.04,0.34,17.99,1.02,61.88,0.23,1.36,0.23,0.79,29.86,41.74,0.45,68.89,42.19,59.95,30.09,51.81,99.43,1.7,0.57,32.24,25.9,0.34,0.34,1.13,62.44,84.5,8.14,2.49,97.96,43.1,0.45,0.0,15.5,0.45,1.13,5.2,2.15,20.81,7.01,0.34,2.26,0.23,1.47,0.11,16.18,0.23,88.91,2.38,37.56,51.92,68.1,1.47,77.6,0.9,2.15,80.88,9.62,33.37,0.11,22.29,38.12,72.51,32.24,34.5,71.15,0.9,26.36,12.67,0.23,14.14,58.94,0.68,1.02,13.46,44.57,32.81,42.42,35.63,17.53,0.68,0.34,23.98,4.07,8.37,0.0,0.23,19.57,4.07,96.72,2.94,0.68,22.4,24.43,50.23,96.72,1.7,19.8,1.7,9.05,36.99,75.34,0.23,89.82,76.02,44.91,1.02,0.23,63.46,81.11,55.43,58.26,0.23,0.11,0.34,3.39,20.93,6.0,6.22,37.78,0.23,0.45,12.1,19.46,24.43,99.77,69.91,67.53,98.87,56.0,27.26,0.45,94.46,99.32,4.98,43.44,0.23,69.34,0.79,32.24,5.88,0.11,0.79,38.35,3.05,6.45,1.7,11.76,30.54,32.69,0.9,31.45,13.12,2.49,1.58,3.85,89.71,99.77,100.0,4.41,98.76,98.42,100.0,85.63,100.0,42.08,76.7,46.15,0.68,21.04,0.34,6.56,1.58,97.62,39.82,2.94,55.2,3.73,35.86,14.82,75.34,0.68,68.21,55.77,31.33,86.65,5.2,2.15,7.81,0.57,0.0,9.84,15.05,15.95,15.38,2.04,44.57,59.84,62.22,39.37,1.24,68.21,79.07,0.23,43.55,34.95,7.47,10.63,70.36,0.34,1.7,5.54,0.34,1.02,0.11,5.77,68.1,83.71,7.24,42.42,98.42,69.68,3.51,31.22,9.28,0.34,100.0,0.45,57.13,2.26,26.7,0.57,55.88,17.31,48.76,82.58,8.71,90.72,1.24,0.79,7.58,9.39,1.58,19.23,1.81,0.11,20.36,7.24,20.7,6.22,0.34,9.28,40.84,1.02,34.62,38.91,3.85,37.1,98.42,7.35,0.79,9.05,13.12,3.62,2.71,44.57,0.34,1.81,0.79,62.33,24.32,58.14,55.88,26.13,1.13,24.43,8.6,19.12,10.18,23.08,15.27,99.55,0.79,92.87,91.74,4.86,2.49,44.34,45.81,39.93,2.15,34.5,1.24,2.6,30.77,71.38,36.2,19.57,1.24,1.13,46.38,99.77,1.58,1.02,0.0,63.24,1.7,0.45,5.43,0.45,21.95,2.94,0.68,38.24,28.05,98.08,96.38,21.61,33.26,97.17,92.87,40.05,10.07,2.6,59.39,2.38,19.91,2.83,0.79,0.68,3.39,2.04,34.28,27.38,40.27,1.47,40.05,6.56,42.19,33.48,0.57,12.1,0.11,0.57,64.25,0.68,0.34,0.11,2.71,10.75,4.86,86.88,0.57,41.97,0.68,0.23,22.85,29.64,100.0,0.34,1.7,71.61,0.57,63.69,23.53,0.0,4.41,3.62,48.08,0.11,1.02,1.13,0.11,0.0,23.42,23.98,1.02,12.56,32.35,90.61,69.68,92.31,57.47,1.92,28.96,50.68,86.54,1.13,2.6,3.96,30.54,3.39,1.81,1.02,84.28,7.35,24.21,86.09,51.81,1.58,7.13,10.41,2.04,0.68,0.11,10.18,0.0,7.47,17.53,1.58,88.46,1.13,76.92,1.47,2.15,0.45,73.19,1.58,75.9,23.87,15.05,77.71,0.0,36.54,2.71,28.85,16.06,54.75,15.5,27.83,0.57,0.11,40.72,31.9,2.38,1.92,38.69,0.11,94.12,61.99,49.43,10.29,99.21,4.75,70.48,83.03,61.54,34.28,72.51,1.47,51.81,11.31,35.86,10.97,36.09,4.19,99.32,99.21,98.87,87.67,19.12,1.47,92.31,100.0,14.14,1.02,22.85,83.14,23.42,1.02,56.33,99.89,92.53,23.19,56.11,99.32,100.0,98.87,18.21,78.96,18.1,0.11,42.87,84.95,0.57,86.76,73.98,64.14,11.99,53.62,1.7,0.57,76.58,1.02,21.49,11.65,89.82,51.13,91.86,99.89,35.29,61.09,0.23,37.67,96.27,31.9,7.92,5.54,29.52,0.11,14.48,34.16,13.24,31.22,28.05,87.78,14.93,3.05,0.9,0.0,3.39,85.41,37.9,86.31,16.29,94.46,0.34,19.91,1.58,0.0,67.19,2.6,14.25,99.21,97.96,92.53,0.34,40.61,40.5,1.13,47.62,89.25,0.79,62.44,1.47,5.43,19.0,11.88,69.68,1.81,10.63,24.21,68.33,19.0,71.49,13.46,45.81,0.11,69.91,10.41,81.33,38.91,55.09,14.93,1.02,5.88,87.1,49.21,11.76,29.52,34.05,26.58,7.69,34.39,39.37,61.43
062 STR D2 Gaba,95.15,0.42,9.43,1.71,50.62,0.28,2.64,6.84,6.93,46.56,0.51,35.92,2.13,67.91,1.25,0.69,0.37,1.66,24.73,46.32,0.83,84.47,27.92,55.89,33.38,60.33,99.12,2.87,0.55,43.27,21.82,0.74,0.09,0.51,85.99,82.76,7.21,23.12,98.43,54.97,0.69,0.05,15.81,4.25,1.34,36.43,1.8,25.01,19.6,0.32,6.52,0.23,1.06,0.69,19.88,0.18,82.15,3.61,53.58,50.07,75.64,0.28,80.91,3.84,3.1,83.68,18.68,52.01,0.6,33.89,48.59,46.05,36.43,6.89,81.78,1.2,14.19,9.66,0.46,17.75,58.25,0.6,0.51,19.14,45.86,40.5,39.94,19.28,19.19,0.46,7.95,23.07,1.76,12.39,0.0,0.37,12.07,2.36,97.46,3.1,2.36,34.67,39.62,54.42,3.51,94.64,21.27,5.04,12.9,41.33,2.08,0.14,87.01,77.81,42.35,2.08,0.37,70.64,90.71,45.86,69.39,7.63,0.51,0.09,2.73,13.31,11.28,6.24,6.43,0.28,0.37,18.4,25.43,22.24,99.91,34.44,73.14,98.57,66.62,32.41,5.04,97.36,99.68,4.44,15.63,0.18,56.82,1.11,5.83,13.87,0.05,1.48,36.52,4.48,29.54,2.96,15.95,45.45,26.12,0.74,35.69,9.06,3.74,2.17,2.68,94.78,100.0,99.91,88.44,98.15,99.17,100.0,82.94,100.0,53.03,74.2,75.31,1.53,19.6,0.46,3.1,2.54,97.6,30.51,4.76,58.48,8.28,46.51,17.57,79.1,2.91,67.59,66.44,32.45,89.09,4.76,3.19,3.98,0.37,0.05,2.31,9.52,17.38,25.06,0.42,61.03,0.32,65.42,51.09,2.17,79.75,79.29,0.28,29.17,28.25,8.6,10.4,63.62,0.55,2.22,1.25,0.18,1.43,0.18,5.22,72.68,86.41,3.01,50.81,99.4,68.98,4.21,26.03,11.14,0.28,100.0,0.14,72.58,2.77,43.55,3.42,77.85,25.34,73.37,82.57,61.63,91.17,1.29,0.65,8.83,12.81,1.16,23.39,4.72,0.46,13.5,7.44,19.97,8.69,0.55,13.22,39.07,0.74,33.24,33.06,3.01,31.39,98.2,17.71,2.77,9.2,18.68,1.53,4.95,50.72,1.66,1.48,23.07,23.07,28.39,69.76,55.43,27.0,1.39,19.0,5.96,20.85,18.45,40.31,36.66,99.31,1.16,3.98,88.67,3.56,2.27,95.98,48.5,50.44,2.59,49.47,4.07,3.14,33.56,73.65,36.8,12.76,1.06,2.82,55.06,96.58,1.94,1.53,0.18,68.05,1.34,0.42,12.25,0.55,8.69,5.22,0.46,36.52,25.52,98.06,94.22,18.86,26.03,89.83,86.22,39.02,11.23,2.73,40.64,2.4,16.55,1.66,1.39,1.16,3.65,1.2,15.4,40.27,39.44,3.24,48.13,13.31,43.13,7.49,0.65,30.0,0.09,0.51,66.57,0.09,0.18,0.65,3.28,5.69,5.32,90.71,2.08,32.45,1.16,0.65,31.67,34.17,100.0,0.09,3.14,74.39,1.71,79.33,30.14,0.05,11.33,5.18,51.27,4.25,67.73,1.9,0.23,0.37,18.26,17.38,0.69,13.96,44.2,83.77,85.44,60.8,71.66,1.02,17.57,68.38,12.07,0.97,8.88,5.73,40.92,2.45,1.2,4.21,72.03,13.78,26.12,85.85,59.04,3.56,19.28,4.53,0.46,0.23,0.55,17.8,0.32,26.35,15.03,2.54,84.42,9.34,91.54,0.97,1.62,0.09,73.32,15.35,79.15,27.65,17.24,83.96,0.32,42.53,6.01,30.93,17.15,56.77,31.48,30.28,0.88,0.05,44.75,36.89,1.53,5.27,49.98,0.18,95.93,69.07,60.33,15.44,98.43,5.92,70.69,87.06,69.72,39.02,77.3,2.22,57.84,27.88,37.91,7.21,37.63,17.94,99.17,98.61,99.4,94.36,14.47,2.87,91.63,98.43,14.15,1.2,27.23,88.35,25.29,0.51,65.33,99.03,90.34,32.22,61.03,98.43,100.0,98.38,16.78,83.4,17.11,0.28,53.49,87.84,0.46,86.59,82.29,67.91,18.54,58.76,1.99,0.37,85.02,0.32,19.88,13.45,92.56,57.84,94.31,100.0,36.11,72.12,0.37,43.6,87.38,28.76,8.37,9.25,16.41,0.23,16.18,26.68,5.92,8.88,55.94,63.38,17.85,4.3,0.88,0.09,8.55,88.44,37.26,66.67,16.64,96.02,0.46,47.06,2.36,0.05,43.27,3.51,12.85,99.26,95.38,81.83,0.65,53.17,61.12,1.02,64.86,89.37,2.54,39.9,7.26,5.5,33.06,14.66,71.8,3.05,30.88,28.8,80.63,18.54,78.92,16.18,43.74,0.42,72.91,10.96,82.66,47.16,55.15,21.04,1.71,6.33,89.04,54.28,12.71,38.14,38.42,24.41,7.07,36.94,53.95,67.45
063 STR D1 Sema5a Gaba,94.27,0.38,4.2,1.15,46.95,1.53,0.38,0.38,40.08,31.3,0.0,61.07,0.76,58.02,0.0,0.76,0.38,1.53,28.24,47.71,4.96,75.95,47.33,39.69,27.1,54.96,100.0,3.44,0.38,24.81,8.02,0.0,0.38,2.67,54.2,12.21,6.49,0.76,98.47,64.89,0.0,0.0,9.92,0.76,2.29,15.27,2.29,22.52,22.14,0.38,0.38,0.0,11.07,1.15,14.89,0.38,91.6,1.53,81.68,9.16,80.15,0.38,77.48,0.0,2.29,79.39,3.44,12.98,0.38,18.32,44.27,28.63,33.97,6.11,65.65,1.53,2.67,6.11,0.76,14.12,37.4,0.76,0.76,33.21,56.49,14.5,33.59,1.15,17.56,0.0,0.38,58.4,2.29,10.69,0.0,1.15,51.91,3.05,93.89,4.58,1.91,38.17,41.6,66.41,91.98,3.82,8.4,5.73,20.61,34.35,1.91,0.38,88.55,58.4,24.43,0.76,0.38,66.41,68.32,6.11,50.0,0.76,0.38,0.0,2.67,13.74,24.81,8.78,21.37,0.0,1.15,14.12,13.74,10.69,91.22,99.24,74.81,99.24,82.44,24.05,1.53,98.47,99.62,17.18,45.04,0.0,45.42,0.38,37.4,40.46,0.0,2.67,9.92,4.58,6.87,6.49,40.08,10.69,2.29,0.76,14.12,61.07,1.53,3.82,7.63,100.0,98.85,100.0,57.63,98.47,100.0,100.0,52.67,100.0,58.4,74.81,60.31,0.0,16.79,1.15,3.44,3.44,95.04,33.21,28.24,40.08,14.12,32.44,12.6,70.61,1.15,45.04,30.92,14.12,40.46,8.4,5.34,3.05,0.0,0.0,1.91,8.78,12.21,50.76,0.0,82.44,0.38,52.67,69.85,5.34,50.38,7.25,1.91,8.02,36.64,7.25,3.05,51.53,0.0,1.91,0.76,0.0,1.53,0.0,1.91,82.44,66.79,0.76,24.43,99.24,61.07,4.58,20.23,47.71,0.0,100.0,0.0,22.14,1.91,67.18,0.0,55.34,14.89,98.09,73.66,74.81,91.22,0.76,0.76,18.32,9.54,0.38,11.83,1.15,0.38,6.49,16.41,22.9,4.2,0.0,13.36,29.39,0.76,10.69,18.32,1.91,71.76,98.47,4.58,8.78,3.05,6.87,2.29,33.59,38.93,0.38,0.38,15.27,29.77,33.21,77.86,50.0,75.95,2.29,1.15,1.15,5.73,24.43,6.11,35.88,98.09,0.0,57.63,52.67,4.58,1.53,79.77,30.15,27.86,3.44,33.21,5.73,3.44,12.98,60.69,40.84,19.85,0.76,0.0,32.06,95.04,0.76,2.29,0.0,41.98,3.82,1.15,40.46,0.0,59.54,22.9,0.38,40.84,34.73,99.62,99.24,12.21,5.73,69.08,93.51,40.08,25.95,4.2,0.76,2.29,12.6,1.15,0.38,1.15,3.82,3.44,52.67,65.65,53.82,0.38,86.26,28.63,94.27,37.02,0.0,48.85,0.0,0.0,54.2,0.0,0.0,0.38,4.96,6.49,9.16,87.4,0.76,85.5,0.0,0.38,58.78,30.92,100.0,0.0,4.2,43.51,1.91,68.32,21.37,0.0,4.58,4.2,40.84,1.91,51.15,3.82,0.0,0.0,16.41,4.58,0.38,11.83,41.98,86.26,85.88,46.18,83.59,3.05,14.89,82.44,72.9,44.66,64.89,2.67,16.41,0.76,1.53,1.53,37.79,78.24,20.99,56.87,24.05,1.15,54.2,73.28,0.38,0.38,5.34,26.72,0.76,16.79,10.69,0.0,82.82,0.38,85.11,1.15,0.76,0.38,75.57,71.37,71.76,20.61,20.99,77.1,0.38,40.46,2.29,23.66,30.15,56.87,10.69,17.56,1.15,0.0,43.89,28.63,1.53,3.44,41.6,0.0,95.04,61.83,37.4,12.6,100.0,4.2,78.24,86.64,63.36,28.63,72.52,1.91,42.75,2.29,34.35,3.05,44.66,2.67,100.0,99.24,88.17,96.18,52.29,8.02,83.97,99.62,17.56,1.15,37.02,86.64,22.9,0.76,57.63,96.18,80.53,18.7,56.11,100.0,100.0,99.24,10.69,73.66,50.0,0.38,51.91,70.23,0.76,73.28,46.56,59.16,16.03,41.98,1.91,0.38,88.55,0.0,9.16,24.81,94.27,48.47,96.56,100.0,40.46,57.63,0.0,35.88,73.66,40.84,0.76,5.34,7.63,0.38,1.15,2.29,3.82,8.78,30.15,74.05,81.3,2.29,0.38,0.0,8.02,83.21,11.07,97.71,13.36,91.6,0.38,48.85,1.91,0.0,54.58,2.67,9.92,98.47,75.57,33.97,0.76,27.48,82.44,11.45,23.28,79.39,3.82,82.44,15.27,4.96,43.13,14.12,100.0,0.76,29.01,14.12,71.76,5.34,66.79,9.92,41.22,0.38,64.89,8.78,74.81,22.14,55.34,14.12,5.73,3.05,91.6,37.02,16.03,33.59,33.21,22.14,8.02,33.59,45.8,52.67
064 STR-PAL Chst9 Gaba,92.44,0.31,17.94,2.04,51.54,0.34,0.21,1.6,41.27,69.04,0.29,58.63,1.41,62.13,0.08,2.46,0.26,10.43,15.74,54.24,0.73,81.51,65.43,72.65,57.77,55.83,86.38,3.16,0.97,48.04,5.31,0.76,1.33,0.47,71.08,39.88,7.27,0.89,99.22,76.44,11.38,0.1,6.01,4.76,2.01,4.03,0.71,20.48,53.77,1.2,0.92,0.16,1.28,0.5,8.87,0.03,97.1,3.29,96.5,72.88,70.42,0.13,78.27,0.84,5.81,75.24,40.64,23.9,0.52,51.46,81.22,8.34,9.75,6.04,67.7,2.88,7.82,2.17,2.75,56.67,53.5,5.47,3.06,92.34,72.1,46.34,22.65,0.73,31.85,0.65,0.16,80.26,0.13,11.38,0.08,0.1,19.69,5.99,94.46,24.14,11.01,88.7,44.82,95.06,58.26,0.58,8.42,6.62,17.7,26.78,2.41,0.18,69.35,45.76,18.38,1.05,0.1,72.93,6.98,3.45,42.36,17.91,0.44,0.26,2.22,11.77,24.76,8.32,12.97,0.63,1.36,13.49,14.33,9.73,86.22,99.95,74.58,98.14,80.41,25.03,2.9,97.04,98.69,8.47,57.03,0.34,42.39,1.52,9.88,56.49,0.05,1.23,0.94,2.59,2.17,0.73,30.33,11.14,11.32,0.81,6.75,54.42,1.07,2.3,6.51,59.02,99.97,99.82,94.04,98.12,99.22,99.97,71.31,100.0,99.56,42.31,84.86,9.54,21.94,1.96,3.14,6.17,84.1,61.48,40.82,46.08,13.96,39.62,10.59,72.78,4.0,4.52,96.89,12.03,20.21,0.76,7.79,5.15,0.34,0.1,0.94,28.61,12.71,35.25,0.18,99.63,0.5,48.2,95.71,4.16,20.16,10.59,0.6,34.36,22.54,0.47,1.88,53.79,0.63,1.88,0.31,0.21,1.2,0.08,8.71,83.24,54.79,1.15,18.93,98.38,61.51,6.62,13.0,60.93,0.37,100.0,13.18,7.48,2.48,53.03,0.92,29.16,4.08,98.09,30.94,40.38,79.13,0.84,0.24,87.79,56.33,1.54,11.69,4.79,2.04,8.94,28.16,9.34,1.78,0.42,37.66,24.48,3.79,13.21,17.23,2.51,79.13,98.35,2.46,24.32,2.59,7.85,3.92,2.48,33.03,0.55,2.41,9.18,8.05,36.64,89.83,50.65,88.0,1.2,1.12,2.22,22.18,17.23,44.14,4.58,76.41,1.02,42.55,41.79,1.88,5.65,70.84,36.9,34.02,4.73,35.75,16.5,5.2,12.24,71.76,52.77,32.98,2.25,2.2,2.17,40.27,1.23,1.39,0.24,49.48,2.09,4.47,30.05,0.16,34.15,62.87,1.26,64.46,18.33,99.03,64.54,5.05,4.29,58.47,68.28,61.66,16.55,6.17,1.23,5.65,17.26,1.28,0.29,0.5,4.97,0.81,46.86,85.67,24.66,1.07,27.12,5.75,75.76,86.56,15.32,59.28,0.21,0.37,55.2,0.08,0.13,0.55,3.24,2.96,8.05,90.17,2.98,69.14,0.03,0.31,68.96,34.65,99.95,0.1,6.51,95.95,1.31,82.27,30.26,0.1,15.72,4.26,14.49,0.86,67.89,4.94,0.18,0.34,14.98,6.07,0.03,7.9,39.44,29.79,15.61,8.73,84.57,1.73,3.66,31.46,16.81,3.92,29.73,2.48,10.2,0.92,1.52,1.26,44.27,93.12,24.74,17.05,66.79,9.13,84.41,74.71,0.86,0.42,7.22,22.54,0.21,31.72,11.95,3.9,85.96,0.37,85.3,1.1,0.63,1.28,82.58,71.03,87.81,18.67,22.83,86.43,0.13,38.62,2.41,17.78,30.28,58.84,30.81,24.32,0.65,0.24,53.11,31.56,1.49,53.22,39.49,0.16,93.72,55.62,51.83,22.33,97.38,2.64,93.67,85.38,68.91,24.9,61.9,1.86,44.4,8.16,38.62,5.94,46.29,4.94,99.45,99.48,63.94,96.05,64.15,16.11,67.36,99.95,14.44,7.19,52.38,91.55,29.58,0.73,56.25,99.61,70.06,26.83,60.64,99.84,100.0,97.88,16.45,90.25,81.12,0.63,57.17,42.81,1.02,77.14,73.33,56.28,20.35,36.35,4.31,0.47,85.54,0.65,11.45,38.81,92.97,49.92,97.31,100.0,43.15,47.33,0.44,35.02,86.22,33.13,0.84,4.71,11.45,0.55,10.56,4.97,14.3,1.44,17.91,2.85,17.34,7.74,0.29,0.18,25.94,89.38,56.43,98.74,64.85,95.29,0.34,61.79,2.2,0.24,54.26,7.11,21.86,84.15,36.32,16.81,0.68,42.97,92.89,5.47,21.55,89.41,8.47,56.25,3.11,5.73,83.87,20.32,98.4,0.86,87.11,14.3,75.1,5.83,74.84,12.37,37.5,2.8,63.36,11.04,67.6,31.98,47.07,15.77,10.2,4.13,89.23,49.53,11.74,36.77,29.39,25.31,9.81,28.95,62.97,60.59
065 IA Mgp Gaba,74.34,1.89,1.89,1.89,76.23,0.38,0.0,4.15,24.15,70.94,0.0,59.25,4.15,60.75,0.0,10.94,0.0,3.02,21.51,70.19,0.75,58.87,63.77,73.58,70.94,62.64,78.87,2.64,1.13,54.72,53.21,2.64,1.13,5.66,63.02,41.51,59.62,10.19,98.11,87.92,8.68,0.0,9.81,3.02,4.53,15.09,0.38,70.94,40.0,0.38,3.77,0.0,4.53,0.0,8.68,0.0,91.7,30.57,85.28,12.45,35.85,0.0,86.42,1.89,7.17,70.57,77.74,73.96,0.38,55.85,85.28,70.19,71.32,23.77,68.68,1.89,10.94,8.68,4.15,74.72,4.91,0.38,0.75,90.57,73.58,41.51,44.53,1.51,30.94,1.13,2.26,43.4,0.75,13.58,0.75,0.0,53.58,12.83,96.98,24.15,3.77,93.58,64.53,76.6,16.6,1.51,26.42,15.47,9.81,49.06,2.26,0.0,87.92,54.72,40.38,0.38,0.0,77.74,55.47,4.53,63.02,7.92,0.75,0.0,6.79,11.32,46.79,27.92,9.81,9.43,1.13,50.19,32.08,32.45,89.43,63.02,78.11,97.74,90.57,26.42,3.77,99.25,99.25,3.77,31.7,0.75,82.64,1.89,12.45,38.87,0.0,1.13,0.38,2.26,15.85,0.75,9.43,32.08,9.43,1.13,55.85,46.79,5.28,2.64,16.6,69.43,99.62,100.0,83.02,98.49,95.09,100.0,91.32,100.0,95.85,51.7,87.55,1.89,23.02,0.75,5.28,51.32,97.36,60.0,26.79,35.09,10.19,67.17,16.23,81.89,18.87,9.81,52.08,66.42,81.13,2.26,40.38,15.85,1.13,0.0,1.51,71.32,6.79,57.36,0.0,77.36,0.38,61.13,43.02,7.92,40.75,67.17,3.4,17.36,32.45,0.75,2.26,23.4,0.75,1.51,2.26,0.38,56.6,0.38,6.79,83.02,66.04,0.38,15.09,98.49,66.42,3.02,13.21,39.25,0.38,99.62,25.66,75.85,3.4,69.06,1.13,68.68,25.66,44.15,31.32,87.17,75.09,0.75,0.38,81.51,42.26,3.02,22.26,5.66,1.51,3.4,7.55,27.92,2.64,0.0,46.42,50.94,3.4,37.74,37.74,1.89,81.51,100.0,2.64,61.13,3.02,20.38,2.26,4.15,55.47,0.38,6.42,11.32,10.94,54.72,80.75,40.0,34.72,1.13,60.0,1.13,64.53,38.49,60.0,7.17,67.92,0.75,12.83,47.17,22.64,4.15,45.66,46.79,47.55,5.28,67.17,17.74,19.25,53.96,56.6,37.74,4.53,2.26,4.91,0.75,18.11,0.0,7.55,0.75,26.42,2.26,1.89,46.04,0.75,34.34,7.55,3.4,92.83,17.36,97.74,93.96,3.02,6.79,92.45,43.02,82.26,59.25,30.19,0.75,16.6,14.72,0.75,0.75,1.13,5.28,0.38,76.98,73.58,10.94,1.13,1.89,69.43,25.66,29.06,10.57,70.94,0.75,0.38,67.17,0.0,0.0,0.38,6.79,3.4,13.58,97.36,5.66,70.19,1.13,0.38,5.28,41.89,100.0,10.19,15.47,96.23,1.51,81.89,28.3,0.0,10.19,64.53,3.4,20.0,46.42,1.89,0.0,1.51,30.57,47.92,0.0,10.19,55.09,10.19,52.45,3.02,35.47,3.02,8.68,4.15,9.43,4.53,49.43,3.4,8.3,0.38,2.64,0.0,56.98,50.19,33.96,38.87,87.17,34.72,27.17,30.94,2.64,0.75,1.89,4.91,0.38,52.08,72.45,6.42,35.47,0.75,89.43,0.0,1.13,1.51,84.91,48.68,50.57,26.79,21.51,90.19,0.0,35.09,2.26,34.72,36.6,54.72,21.51,41.13,0.0,0.0,52.45,33.96,1.89,32.45,55.09,0.75,93.21,55.09,44.15,36.6,98.11,16.23,84.91,90.57,73.96,23.02,83.77,2.26,34.72,25.66,45.28,1.89,44.91,50.19,98.87,99.25,96.6,96.6,88.3,12.83,70.94,99.62,22.26,15.09,54.72,96.23,29.81,0.75,64.91,98.49,54.72,21.89,66.42,100.0,100.0,95.09,18.11,96.98,63.77,1.51,46.42,53.21,0.38,82.64,64.15,61.51,27.17,50.57,1.89,1.13,97.36,0.38,1.51,16.23,97.36,47.17,98.11,100.0,40.75,68.68,0.38,42.64,76.98,38.49,2.64,24.53,2.64,0.0,9.43,6.42,26.04,57.36,69.06,69.06,21.13,18.49,12.08,0.0,8.3,88.68,42.64,59.62,25.66,96.98,2.64,50.94,13.21,1.13,35.47,6.04,46.79,57.74,61.13,14.34,2.26,27.55,29.81,9.06,70.19,86.42,12.08,49.43,46.42,13.21,13.58,20.75,64.15,10.19,38.49,10.19,81.51,55.47,75.47,13.96,65.28,4.91,70.19,14.72,71.7,56.98,52.08,25.66,5.66,4.15,95.09,60.38,14.72,55.47,30.19,30.94,10.57,42.26,69.81,92.08
066 NDB-SI-ant Prdm12 Gaba,63.92,0.0,1.9,1.9,77.85,1.9,0.0,1.9,8.86,78.48,1.9,31.65,18.35,67.72,0.0,24.68,8.23,0.63,22.78,70.25,0.63,58.86,20.89,85.44,74.05,71.52,39.87,6.96,2.53,33.54,64.56,1.27,0.0,24.05,89.87,67.09,24.68,1.27,99.37,84.18,3.8,0.0,17.09,3.16,13.92,31.01,0.0,17.72,28.48,5.06,3.8,0.0,2.53,0.0,2.53,0.0,65.82,37.97,70.89,54.43,51.9,0.63,93.04,0.63,12.66,32.28,72.78,80.38,0.63,41.77,42.41,80.38,66.46,79.11,59.49,3.16,15.82,36.08,0.63,12.03,4.43,0.0,0.0,75.95,65.19,60.13,28.48,2.53,31.65,0.0,6.96,56.96,1.9,17.72,0.0,0.0,44.3,5.7,96.2,13.29,6.33,97.47,50.63,36.08,5.7,3.8,15.19,8.23,11.39,55.06,2.53,0.63,74.05,37.97,22.15,1.27,1.27,82.28,71.52,6.96,48.73,0.0,0.0,0.0,19.62,24.05,84.18,11.39,62.03,0.0,0.0,20.25,8.86,10.76,88.61,77.85,84.18,100.0,96.84,28.48,9.49,100.0,100.0,14.56,15.82,3.8,89.87,1.27,47.47,69.62,0.0,1.9,3.16,2.53,0.63,7.59,13.92,53.8,15.19,1.27,56.96,48.1,8.86,0.0,35.44,27.85,100.0,100.0,70.25,98.1,93.04,100.0,85.44,100.0,77.85,71.52,57.59,3.8,31.01,3.8,15.19,52.53,82.91,77.85,12.66,31.01,24.68,65.82,10.76,78.48,36.71,23.42,40.51,33.54,75.32,3.8,46.84,13.92,2.53,0.0,1.9,53.16,1.9,19.62,0.63,68.99,37.34,37.34,63.92,46.84,65.19,70.25,1.27,15.19,24.68,3.16,5.06,11.39,0.63,4.43,1.27,0.0,24.05,0.0,5.7,96.2,67.72,4.43,9.49,96.84,65.19,5.7,12.66,24.68,0.0,98.1,0.63,50.0,3.16,55.7,12.66,70.25,37.34,67.72,52.53,62.03,36.08,0.63,0.63,15.19,52.53,0.0,13.29,24.68,1.9,1.27,8.23,21.52,25.95,0.0,14.56,37.34,4.43,12.66,41.14,4.43,90.51,100.0,48.1,19.62,1.9,22.15,5.06,6.33,44.94,0.63,9.49,15.19,29.11,56.96,42.41,55.06,36.71,1.27,16.46,3.8,70.25,34.18,30.38,30.38,63.29,1.27,5.06,44.3,5.7,3.8,8.86,31.01,27.85,10.13,83.54,59.49,31.65,51.9,86.71,65.82,5.7,0.0,34.81,8.23,12.66,1.9,1.27,0.0,77.85,0.0,0.63,25.32,1.27,38.61,0.63,17.72,87.34,7.59,97.47,86.71,3.8,7.59,85.44,41.14,89.87,73.42,33.54,10.13,5.7,30.38,18.35,2.53,1.27,8.23,5.7,60.76,45.57,53.16,0.63,10.76,55.06,58.86,53.8,3.8,53.8,0.63,0.0,74.68,0.0,1.27,0.0,3.16,4.43,27.85,100.0,3.16,40.51,0.63,0.0,42.41,43.67,100.0,0.0,17.72,84.18,2.53,68.35,19.62,0.0,29.75,18.35,0.63,21.52,45.57,3.16,0.0,3.8,38.61,24.68,0.0,22.78,56.33,27.22,59.49,43.04,37.97,28.48,10.13,21.52,30.38,0.63,24.05,6.33,31.65,3.8,3.16,36.71,75.32,46.2,18.35,63.29,79.75,8.86,60.76,11.39,11.39,0.0,3.16,9.49,0.63,69.62,49.37,8.23,74.68,0.0,96.2,0.0,3.8,0.63,82.91,27.22,26.58,27.85,32.28,89.87,0.0,23.42,24.68,25.32,50.63,57.59,53.8,34.81,82.91,6.33,63.92,42.41,0.63,10.76,44.94,0.0,93.67,62.66,41.77,18.99,98.1,14.56,77.22,93.67,74.68,24.68,74.05,3.8,32.28,4.43,51.9,0.0,48.73,10.13,99.37,99.37,92.41,99.37,76.58,22.78,78.48,98.1,31.01,5.7,43.67,94.94,31.01,1.27,69.62,99.37,46.2,25.95,72.15,100.0,100.0,98.1,22.15,96.2,51.9,0.63,39.87,69.62,1.27,75.32,65.82,64.56,42.41,74.68,39.87,0.63,94.3,0.63,19.62,15.82,99.37,43.04,100.0,99.37,44.3,69.62,0.63,43.04,98.1,60.76,0.0,11.39,5.7,0.0,0.63,32.91,41.14,16.46,71.52,38.61,32.91,25.95,1.27,0.0,22.78,90.51,82.91,67.09,40.51,98.1,5.7,32.28,20.89,0.0,38.61,10.76,60.13,61.39,76.58,44.3,3.8,8.23,85.44,22.15,67.09,48.73,6.33,30.38,28.48,58.86,80.38,24.05,93.67,12.03,81.65,10.76,75.95,33.54,81.65,14.56,60.76,19.62,70.25,17.09,77.22,40.51,57.59,18.35,12.66,3.8,95.57,58.23,25.32,55.06,33.54,34.81,21.52,52.53,84.18,87.34
073 MEA-BST Sox6 Gaba,76.37,2.78,6.21,1.93,72.95,0.29,0.63,19.62,30.65,75.53,0.43,73.16,15.53,68.9,0.09,13.99,1.09,1.25,16.68,70.01,0.6,72.59,60.34,86.98,87.26,68.93,65.0,7.93,5.84,64.47,85.24,0.92,0.82,1.75,81.83,64.61,47.13,6.88,99.45,92.84,14.0,0.01,15.5,0.79,19.38,34.58,11.42,15.32,29.45,0.48,4.08,0.21,3.41,0.51,7.69,0.16,94.08,35.7,91.74,24.94,55.19,0.64,90.4,21.76,9.96,69.43,30.01,76.26,0.52,81.55,58.78,45.17,72.74,48.1,72.54,11.79,14.93,10.72,0.82,32.22,11.28,0.65,3.41,77.56,73.68,64.47,34.97,2.31,36.13,0.62,0.92,38.04,0.37,13.23,0.06,0.44,28.24,20.6,97.67,76.19,23.55,97.23,66.24,78.72,23.62,10.35,19.64,10.74,5.82,53.07,2.91,0.31,72.77,54.01,26.25,1.1,0.15,83.34,50.89,22.89,40.53,2.48,0.62,0.1,7.05,10.03,59.38,4.84,63.88,0.33,0.64,29.19,17.05,19.23,95.05,32.42,86.61,99.21,97.3,29.52,9.12,97.4,99.74,7.74,39.24,26.26,75.99,1.07,16.81,51.02,0.06,1.5,1.37,6.05,3.4,2.5,13.75,22.94,19.08,0.96,60.28,57.74,4.31,0.7,25.22,51.65,99.94,99.99,87.11,98.76,95.78,99.97,91.8,99.85,77.6,49.75,43.91,11.04,28.7,4.11,11.35,41.72,87.51,67.51,50.34,35.26,21.11,63.32,14.47,81.59,23.96,31.03,36.59,38.25,65.26,3.4,24.49,29.74,2.45,0.03,3.22,73.57,12.38,23.12,0.34,69.7,1.15,48.0,64.27,10.9,36.63,62.42,0.44,11.18,22.13,8.04,32.97,31.01,0.6,5.27,4.16,0.17,12.17,0.11,20.02,67.8,71.76,1.13,25.01,98.92,74.58,5.89,11.5,10.95,0.57,41.33,0.61,30.87,3.4,64.6,2.45,46.46,38.79,57.54,68.16,64.12,81.02,0.77,0.1,38.98,71.64,2.07,17.76,10.67,11.68,6.61,5.99,22.56,36.4,17.63,98.95,33.95,3.0,25.1,40.17,3.29,95.07,99.52,4.01,17.5,3.71,73.98,2.31,0.93,60.0,1.0,3.84,17.59,32.15,63.8,58.15,61.21,36.08,1.5,12.03,2.86,70.04,40.7,50.14,21.47,70.96,1.37,15.74,60.37,15.16,7.18,37.32,35.23,41.1,5.94,89.96,40.03,22.85,36.78,61.36,43.3,1.09,0.95,34.99,0.83,8.78,3.61,56.99,0.4,61.87,0.72,1.26,48.68,0.38,30.06,3.52,2.84,92.02,9.33,98.79,87.46,1.1,3.97,61.64,49.87,88.71,51.33,41.55,1.99,12.19,39.24,17.06,0.78,4.42,12.62,1.67,83.71,65.62,29.47,6.8,17.02,75.35,19.8,62.56,1.95,37.07,0.37,0.44,69.71,0.15,1.62,0.24,4.85,3.34,10.22,98.09,4.03,49.11,0.3,0.45,53.72,45.23,99.94,1.53,10.02,93.39,1.82,75.47,28.79,0.07,29.19,58.17,12.61,31.65,13.21,2.5,0.15,0.2,19.7,32.22,0.22,8.43,45.28,10.9,32.92,6.78,43.17,13.6,5.62,12.07,18.87,6.77,11.45,20.15,11.98,1.47,1.69,3.92,41.31,70.21,26.59,42.71,69.32,16.97,70.72,48.35,7.69,0.47,0.77,26.57,0.34,71.83,93.91,5.12,38.87,0.79,94.98,0.49,1.15,1.36,88.23,39.08,64.76,28.41,23.63,92.12,0.16,27.09,24.92,30.56,39.35,63.78,47.04,49.14,0.86,0.99,67.52,44.72,3.01,13.83,43.76,0.39,91.86,54.12,50.68,27.88,98.16,3.39,89.7,91.45,74.39,21.56,77.27,1.6,37.54,24.5,48.29,4.5,45.08,17.02,99.39,98.7,95.09,99.61,68.77,21.46,30.22,99.35,10.92,7.39,43.48,95.76,32.84,0.61,65.38,99.95,50.84,28.18,67.8,99.98,100.0,96.3,25.1,92.56,61.63,1.0,56.44,63.86,1.55,92.98,68.79,72.75,26.72,85.45,4.26,1.62,96.39,4.37,15.93,11.98,97.92,52.89,99.71,100.0,41.67,70.44,0.34,43.53,79.95,48.58,2.4,4.88,4.14,2.94,0.94,33.88,31.25,10.88,77.14,23.4,18.31,50.5,4.39,0.51,13.56,75.86,56.32,65.41,40.41,98.62,2.67,12.53,22.09,0.25,34.11,10.18,59.46,78.45,72.64,21.77,2.75,29.71,51.34,14.04,67.88,69.51,7.62,40.69,20.34,56.48,42.67,13.22,77.31,8.35,80.2,12.2,76.75,46.01,80.63,16.39,56.19,2.26,73.53,16.06,75.4,42.5,56.54,22.21,1.17,4.46,94.76,61.15,15.44,51.09,33.91,35.24,11.03,41.38,83.76,89.95
074 MEA-BST Lhx6 Sp9 Gaba,82.87,0.62,5.48,1.61,76.38,0.43,0.2,15.23,12.47,70.61,0.43,60.87,10.34,69.68,0.19,3.33,2.71,0.98,14.01,74.99,0.28,76.71,52.84,76.16,92.82,74.57,21.53,13.4,1.72,56.54,63.66,3.06,0.15,3.67,83.64,89.17,58.72,3.68,98.95,95.56,11.04,0.02,35.74,5.2,15.88,35.54,7.37,30.23,18.76,0.39,2.49,0.2,1.97,0.54,11.13,0.19,87.8,20.55,96.86,11.3,54.68,0.2,90.9,4.83,6.86,73.36,37.86,56.8,0.51,86.64,66.55,26.5,70.42,81.13,61.06,9.52,13.93,14.47,0.36,35.04,8.37,1.49,0.65,80.53,73.07,88.52,34.86,3.42,47.83,0.62,0.19,30.58,0.26,13.53,0.05,0.19,21.79,14.67,98.36,45.18,14.81,97.49,48.04,84.66,5.12,4.91,16.98,7.91,8.3,57.44,2.89,0.2,71.91,59.0,26.34,1.1,0.06,83.87,45.75,16.38,40.12,3.9,0.57,0.11,15.23,12.89,72.95,10.06,86.4,0.26,0.73,24.58,15.57,30.65,93.69,66.46,86.72,99.35,95.51,32.22,16.99,96.33,99.95,8.44,51.04,13.03,65.86,1.32,30.04,57.56,0.03,1.21,1.44,4.95,3.92,0.87,16.59,40.61,23.14,0.98,58.32,42.28,3.45,0.54,24.02,33.71,99.95,99.98,88.92,98.89,93.16,99.92,89.82,99.94,67.88,44.08,45.89,5.74,23.06,4.8,13.11,26.36,87.85,61.45,39.72,30.89,47.21,61.65,14.81,87.37,25.89,17.78,32.33,29.08,69.87,2.4,20.4,22.89,4.24,0.14,2.43,49.17,6.75,51.48,0.22,81.8,1.02,43.8,59.45,22.6,32.5,62.76,0.22,4.49,22.83,1.83,42.49,22.95,0.67,88.66,2.23,0.25,8.74,0.23,23.88,56.99,72.43,0.71,14.89,98.99,76.94,14.25,7.2,7.0,0.57,17.81,0.23,30.09,6.62,74.18,2.26,58.71,14.33,59.15,83.47,61.6,63.4,0.68,0.22,9.43,67.27,1.53,14.08,3.51,8.31,3.33,7.24,25.82,15.08,58.63,88.61,31.85,16.27,26.84,34.56,2.72,97.25,99.66,15.83,8.09,3.42,52.42,5.18,1.58,59.98,0.79,6.07,21.1,27.69,70.14,87.87,67.65,25.63,1.52,11.87,3.2,55.84,48.88,41.51,5.54,68.7,1.22,13.74,47.08,3.2,9.39,19.61,36.25,31.78,4.67,88.13,37.11,7.49,51.8,81.27,34.44,1.44,0.79,44.11,7.18,5.11,2.03,7.07,0.25,78.07,0.93,0.56,41.15,0.2,49.57,2.06,3.71,76.09,8.11,98.7,95.43,1.73,4.21,54.11,60.98,90.2,55.05,52.87,3.0,13.56,47.13,11.75,11.19,2.24,11.72,2.49,90.17,55.13,27.61,6.52,4.07,54.56,7.26,81.81,2.28,28.42,0.26,0.53,73.83,0.26,1.13,0.36,5.36,3.11,10.71,98.67,4.53,56.15,0.29,0.42,57.96,49.02,99.94,0.17,1.47,84.45,1.56,84.14,30.27,0.17,27.35,48.71,3.82,0.88,79.0,2.72,0.12,0.06,28.85,16.31,0.25,6.9,44.99,9.26,50.13,9.86,23.0,17.54,5.39,18.79,50.44,1.58,19.72,20.59,10.88,1.83,1.67,1.04,65.92,34.72,30.34,55.55,81.91,9.66,76.32,27.66,3.64,0.37,0.93,31.7,0.29,75.67,96.63,4.07,64.49,1.53,95.36,1.07,1.18,0.46,83.44,42.16,60.69,28.93,23.54,92.76,0.28,23.73,12.82,32.33,41.2,63.38,30.04,42.7,0.76,0.26,70.11,47.58,3.14,6.45,43.74,0.45,90.73,51.08,45.32,15.29,98.55,3.22,84.27,91.02,74.59,19.95,75.17,1.7,35.71,35.64,45.84,1.61,43.23,57.93,99.64,99.13,98.3,99.78,64.77,15.91,45.15,96.46,14.89,3.99,33.08,96.39,31.61,0.79,71.83,99.98,63.09,30.18,67.05,100.0,100.0,98.95,23.46,93.81,63.21,1.21,51.04,66.83,1.01,97.46,66.32,70.44,25.06,72.3,4.27,0.59,98.99,0.48,13.56,6.79,98.24,55.77,99.72,99.98,40.78,68.57,0.39,46.51,85.08,37.13,2.62,9.02,2.69,3.0,3.39,36.84,28.05,33.74,92.06,22.86,7.07,70.64,1.72,0.2,12.65,84.35,67.81,28.22,39.19,99.13,1.42,31.54,16.81,0.2,42.42,6.19,38.97,88.3,73.87,22.94,1.47,39.28,39.65,5.63,65.14,72.25,6.76,20.01,14.47,25.46,43.49,23.45,68.91,4.38,84.32,14.44,72.78,35.81,80.36,15.18,58.98,0.7,71.88,17.03,79.37,48.13,59.77,22.8,2.09,4.36,95.12,58.78,16.76,50.3,37.41,37.16,11.3,44.27,85.88,82.45
075 MEA-BST Lhx6 Nr2e1 Gaba,56.88,0.38,1.04,1.67,76.83,0.46,0.17,8.33,20.29,78.75,0.5,39.58,7.88,67.17,0.12,4.71,1.29,0.92,4.54,79.71,0.21,49.88,53.5,90.29,93.17,70.92,62.17,5.42,1.38,29.29,74.83,0.75,0.08,5.67,64.92,53.83,34.83,1.83,97.21,91.46,5.5,0.04,27.83,2.79,7.33,64.0,6.29,13.0,9.79,0.04,1.54,0.25,6.92,0.25,8.04,0.21,65.42,27.21,97.21,21.17,65.0,0.17,91.21,10.46,10.38,59.29,15.38,38.46,0.33,67.42,53.33,32.21,74.92,73.92,81.83,19.75,16.79,6.71,0.62,15.04,13.58,1.17,0.46,59.21,64.54,63.38,32.08,3.83,21.96,0.62,0.25,71.25,0.29,13.5,0.04,0.17,24.04,9.96,96.54,91.17,12.58,97.79,77.29,69.25,8.83,34.96,13.46,2.67,5.12,51.96,2.38,0.08,44.67,24.83,7.75,0.67,0.0,83.62,53.83,48.5,18.08,12.54,0.46,0.25,7.12,6.08,60.75,4.92,79.58,0.04,0.62,11.0,8.29,10.5,94.88,19.38,88.0,99.17,96.12,31.04,14.0,98.62,100.0,6.21,43.71,25.87,77.79,1.29,38.33,48.92,0.04,0.88,1.0,8.83,0.88,1.33,27.88,30.63,19.42,1.21,39.88,33.04,1.92,0.58,21.79,15.38,100.0,99.96,83.5,98.54,71.79,99.96,96.83,99.88,68.88,24.5,54.29,1.46,26.75,1.79,39.83,47.5,80.71,64.54,24.96,53.79,43.12,58.0,14.96,80.92,19.42,32.96,19.25,30.67,93.17,2.25,14.33,22.25,18.92,0.17,2.25,68.38,8.75,34.33,0.21,69.79,0.71,26.5,58.42,52.38,37.62,84.25,0.12,2.58,13.58,1.38,23.38,12.62,0.71,96.08,1.12,0.25,23.04,0.38,34.04,36.25,58.13,0.46,10.71,97.04,71.46,6.83,4.12,8.0,0.54,19.42,0.21,60.67,9.83,50.58,1.5,26.12,10.04,53.83,53.83,89.0,66.67,0.75,0.04,8.92,35.71,2.08,5.54,12.62,22.12,8.29,6.79,8.21,56.33,83.96,88.46,16.21,0.71,6.67,57.79,2.42,92.33,99.42,6.46,10.62,2.92,33.21,6.0,1.5,63.67,0.79,5.96,10.29,22.58,65.79,78.25,64.96,15.88,1.62,7.75,3.25,63.96,33.83,25.71,3.46,70.42,1.58,6.17,35.54,3.46,6.21,14.54,22.96,31.25,6.0,80.88,57.38,13.33,57.12,61.0,21.42,0.83,1.21,24.88,1.62,2.67,2.17,2.08,0.25,84.12,5.71,0.04,53.58,0.33,49.21,1.33,3.92,84.79,10.46,97.83,95.58,1.5,4.29,52.71,63.46,84.71,55.42,51.38,1.83,6.75,21.04,5.21,1.21,2.62,13.58,3.58,59.04,45.38,12.96,5.54,3.67,54.04,4.25,63.04,2.0,31.0,0.25,0.62,73.25,0.46,3.25,0.5,5.83,3.21,10.75,97.92,2.71,83.25,0.04,0.42,67.96,46.79,99.96,0.17,4.92,57.54,1.92,80.38,25.83,0.08,52.96,39.12,1.38,0.29,12.54,2.17,0.08,0.12,53.54,9.08,0.29,8.25,38.04,8.42,42.5,3.38,13.38,14.08,5.33,22.92,46.29,1.71,4.42,30.46,6.12,1.33,1.92,0.46,83.54,75.58,14.21,67.33,76.54,5.79,67.38,53.58,0.79,0.67,0.79,19.71,0.04,78.38,84.12,24.79,56.0,1.46,95.21,2.71,2.96,0.21,89.29,66.75,42.38,26.5,22.75,73.04,0.21,16.12,22.79,33.58,41.71,62.92,69.58,42.79,0.75,0.25,71.38,48.96,2.17,12.96,34.21,0.25,92.08,41.5,40.17,11.96,97.88,3.54,92.08,89.71,73.58,18.62,66.62,1.88,30.71,4.96,47.71,0.21,42.0,26.67,99.25,98.08,99.0,99.83,81.88,8.25,50.92,99.29,14.62,2.25,38.62,93.42,31.42,0.75,63.62,100.0,53.46,23.0,68.42,100.0,100.0,98.88,20.58,95.38,47.58,1.08,43.75,61.38,0.88,95.08,69.08,72.42,16.67,68.12,6.96,0.71,99.46,0.92,6.96,21.0,97.75,45.38,99.75,100.0,41.17,41.62,0.46,45.79,93.25,42.12,1.33,2.5,7.12,0.83,1.12,36.25,43.83,57.17,75.79,50.67,14.29,38.79,0.75,0.08,7.79,80.79,85.04,80.46,36.08,99.33,16.58,13.17,22.88,0.12,20.04,3.88,76.38,92.96,73.88,70.08,0.92,15.42,73.08,9.88,73.04,50.25,9.25,30.25,49.21,15.88,44.88,13.0,62.25,4.42,44.29,13.29,78.17,17.75,79.25,13.75,59.54,0.54,70.92,14.54,53.62,41.42,49.96,20.46,1.42,4.08,94.29,57.25,10.5,49.42,39.0,37.38,11.79,45.12,84.0,78.67
076 MEA-BST Lhx6 Nfib Gaba,74.48,1.77,3.0,2.63,77.08,0.6,0.43,10.44,33.39,84.86,0.77,61.8,9.36,72.5,0.09,13.13,2.06,2.03,4.69,70.36,0.54,75.71,49.61,94.48,92.62,76.02,13.85,3.49,1.6,46.32,77.28,9.84,0.54,0.86,39.86,93.45,28.98,7.12,99.83,92.27,19.48,0.26,69.99,31.27,15.36,9.47,4.52,73.62,14.36,0.11,8.53,0.34,3.35,0.49,7.93,0.23,87.67,34.94,98.34,12.27,71.62,0.17,91.73,40.89,10.16,62.6,47.87,62.26,0.6,70.47,24.32,27.9,73.71,76.34,45.55,21.0,26.21,7.07,0.92,32.19,15.54,1.92,13.1,45.69,67.58,52.05,39.66,3.38,13.59,0.97,0.17,48.98,0.11,16.97,0.06,0.57,20.06,39.03,98.34,86.52,19.14,99.31,32.33,85.29,14.33,4.41,14.54,4.72,7.87,60.72,2.6,0.17,58.66,55.36,18.54,0.94,0.03,86.9,22.83,62.69,33.79,3.35,0.72,0.11,22.98,9.56,70.67,2.6,13.68,0.17,1.17,14.65,9.18,18.14,96.22,7.07,89.27,99.48,98.23,32.79,13.51,99.31,100.0,7.81,16.05,4.78,85.38,1.72,59.31,80.74,0.09,1.4,1.46,5.18,3.46,1.63,14.42,57.0,36.57,1.4,45.89,40.72,1.69,0.4,33.1,25.75,99.97,100.0,61.55,98.66,81.26,99.94,89.67,99.83,93.68,47.12,25.87,2.03,29.13,12.36,22.98,26.18,85.44,84.78,61.46,41.06,55.19,65.38,16.17,87.24,16.6,17.51,22.35,40.74,93.56,1.4,17.83,75.02,3.58,0.14,15.65,66.38,13.13,23.43,0.17,22.89,8.24,39.91,38.51,34.11,53.1,40.37,1.69,13.13,10.41,1.06,23.55,66.84,0.77,93.62,10.3,0.34,38.97,0.23,18.05,56.34,44.61,0.77,14.13,99.03,81.8,13.28,7.41,4.35,0.46,15.85,2.6,48.9,9.3,60.63,1.75,80.66,28.73,45.75,62.52,86.49,87.41,0.77,0.09,85.58,63.89,4.21,12.7,1.34,7.27,11.73,27.64,22.4,20.97,5.69,98.91,21.34,1.09,9.84,33.33,3.23,96.82,99.71,2.63,13.39,6.75,52.73,1.92,1.75,56.77,1.0,9.1,12.85,13.22,69.27,81.23,49.7,37.08,1.77,26.07,2.0,38.48,24.75,60.14,7.01,85.44,1.34,32.5,47.9,8.44,5.29,14.76,32.39,35.57,7.18,97.68,40.14,17.83,50.44,73.42,63.49,1.37,1.52,70.73,1.06,2.75,2.17,55.22,0.17,89.44,6.67,2.29,17.88,0.29,23.12,1.95,4.09,88.5,9.18,97.6,85.52,1.77,6.24,51.39,54.48,77.14,36.68,48.3,2.92,16.39,78.97,12.3,6.07,0.57,11.16,0.72,79.34,47.24,9.84,6.81,1.97,63.23,10.84,55.59,6.9,51.9,0.4,0.69,73.71,0.23,0.26,0.52,4.21,3.75,14.42,98.37,2.69,93.45,0.4,0.57,56.71,53.76,99.57,2.55,4.52,82.58,2.52,80.4,30.79,0.17,78.17,94.85,18.11,0.34,17.51,5.46,0.23,0.09,38.34,16.54,0.2,10.33,37.37,11.79,45.06,10.67,44.03,11.13,6.64,12.16,62.63,1.66,46.21,3.46,14.36,1.6,2.2,0.29,74.05,79.46,47.61,61.49,81.8,26.24,87.53,95.08,6.41,0.66,0.94,62.12,1.0,50.79,71.96,8.04,34.48,0.69,91.1,0.31,2.12,0.66,90.16,53.13,55.54,32.16,24.41,96.08,0.2,27.1,28.15,29.47,46.52,66.78,33.96,49.01,1.14,0.43,69.67,47.15,5.01,28.5,21.95,1.32,94.88,50.59,52.16,25.64,98.51,4.86,86.12,91.73,77.42,27.73,76.51,2.03,40.97,36.94,55.31,0.6,54.48,63.35,99.46,98.05,99.14,99.2,66.72,6.44,41.12,99.63,13.85,4.29,39.08,96.77,40.17,0.66,65.81,100.0,73.08,36.19,70.62,100.0,100.0,98.94,24.01,93.42,66.55,3.26,57.88,65.84,1.06,96.77,38.2,75.42,24.38,72.19,14.59,5.92,95.11,0.83,14.68,9.84,97.71,56.37,99.74,99.97,53.39,75.65,0.37,35.05,80.54,63.92,2.12,15.99,5.95,1.37,0.77,18.05,45.92,47.01,83.83,8.01,1.26,64.35,8.87,0.06,6.09,82.26,78.86,23.49,68.21,98.28,9.7,2.72,38.88,0.29,16.57,12.1,40.2,62.86,63.46,63.61,1.06,58.94,38.8,29.56,58.11,44.03,1.34,52.65,12.33,19.34,39.77,36.88,63.89,3.92,62.49,14.71,87.64,36.11,84.41,17.25,52.42,1.77,74.42,20.49,74.54,37.25,68.53,25.29,1.03,4.89,95.85,66.04,11.9,47.15,40.0,34.51,11.87,49.7,84.92,89.7
077 CEA-BST Gal Avp Gaba,41.54,0.0,1.54,1.54,84.1,0.51,0.0,53.85,14.36,80.0,0.51,14.36,69.74,77.95,0.51,14.87,1.03,2.05,2.56,80.0,0.0,45.13,75.9,74.87,98.97,74.87,10.26,1.54,1.03,28.21,98.46,1.03,0.51,6.15,98.46,17.44,93.85,1.54,99.49,98.97,0.0,0.0,43.08,28.21,100.0,5.13,2.05,45.64,30.77,0.0,2.05,1.03,1.54,0.51,1.54,0.0,51.79,33.85,89.23,37.44,11.79,0.51,97.95,41.03,9.74,25.13,78.46,88.72,0.51,79.49,20.51,97.95,72.82,91.79,94.87,3.08,2.56,41.54,0.0,10.26,4.1,1.03,0.0,93.33,83.08,43.59,50.26,1.03,22.56,0.51,24.1,50.77,0.51,18.46,0.0,0.0,49.23,14.36,98.97,49.23,20.51,99.49,67.69,67.69,1.03,1.03,14.87,1.54,3.08,60.51,9.23,0.0,45.64,10.26,2.56,0.51,0.0,87.18,74.87,9.74,12.82,0.51,0.51,0.51,24.62,6.15,59.49,1.54,20.51,0.0,0.0,15.9,22.05,12.31,95.9,8.21,90.26,100.0,94.36,28.21,91.79,100.0,100.0,27.18,7.18,87.69,92.82,1.03,76.92,85.64,0.0,2.05,0.0,6.15,2.05,1.54,61.54,41.03,25.64,0.0,43.59,55.9,1.54,1.03,51.28,14.87,100.0,100.0,44.62,98.46,91.28,100.0,99.49,100.0,91.28,72.82,10.77,2.56,37.44,5.64,62.05,63.08,87.69,98.46,67.69,68.72,31.28,75.38,21.03,94.87,20.51,38.46,29.74,7.69,29.74,2.05,52.31,75.38,2.05,0.0,0.51,94.87,2.05,68.21,0.51,81.03,94.87,27.18,46.67,10.77,21.54,8.21,0.51,4.1,15.9,0.0,28.21,10.77,0.51,3.59,0.51,1.03,12.31,0.51,0.0,81.54,23.59,2.05,7.69,99.49,70.26,0.51,18.46,6.67,0.51,100.0,49.23,58.46,6.15,80.0,1.03,72.31,22.56,83.08,20.51,100.0,97.95,0.0,1.03,8.21,92.82,0.0,9.74,0.51,0.51,0.51,4.1,73.33,21.54,0.51,100.0,19.49,0.0,13.33,67.69,4.62,98.97,100.0,11.79,21.54,4.62,16.92,47.18,3.59,65.13,1.03,23.59,14.87,45.13,78.97,78.97,57.44,22.56,2.56,46.67,3.59,100.0,57.95,36.92,95.38,51.79,1.03,58.46,41.54,2.05,7.18,23.59,24.62,32.31,15.38,97.95,23.08,76.92,65.13,97.95,74.36,0.51,1.54,95.38,2.56,3.08,3.08,2.05,1.03,97.95,13.33,0.51,23.59,0.0,21.03,23.08,18.97,97.44,10.77,99.49,100.0,1.03,11.79,92.31,86.15,96.92,100.0,10.77,2.05,12.82,64.1,92.82,0.51,3.08,20.0,0.51,34.36,85.13,81.54,2.05,2.05,62.05,6.67,46.67,4.62,20.51,0.0,0.0,81.03,1.54,0.0,1.03,6.15,1.03,16.41,99.49,3.59,91.28,5.13,0.51,41.03,42.56,100.0,1.03,1.03,97.44,2.05,95.38,41.03,0.0,23.08,6.67,1.03,2.05,2.05,4.62,0.0,0.51,25.13,29.23,0.51,21.54,33.85,7.69,68.21,78.46,48.72,77.44,2.56,88.72,70.77,14.87,74.36,1.54,4.62,2.05,2.56,1.03,98.97,49.23,42.05,100.0,99.49,20.0,98.97,66.67,0.51,0.51,0.0,52.82,0.51,60.51,99.49,77.44,47.69,1.54,100.0,0.51,16.92,1.54,91.28,89.74,63.08,44.62,24.1,96.92,0.51,22.05,4.62,34.87,51.28,65.64,17.95,33.33,0.51,0.51,76.41,52.82,5.64,44.62,26.67,1.03,95.9,62.05,69.23,12.82,100.0,29.74,97.95,94.36,81.03,26.67,83.08,1.54,37.44,55.9,51.79,0.0,36.92,92.82,100.0,99.49,98.97,100.0,97.44,15.38,93.33,100.0,27.69,3.08,76.92,97.44,33.33,0.0,66.15,100.0,38.97,24.1,70.26,100.0,100.0,97.44,37.95,99.49,28.21,0.51,63.59,78.97,0.51,99.49,62.56,80.0,32.82,82.05,5.13,2.56,100.0,0.51,25.64,4.62,100.0,52.82,100.0,98.97,41.54,62.56,0.0,47.18,98.46,42.05,0.0,1.03,5.13,2.56,0.0,28.72,24.62,73.85,58.46,6.15,24.62,95.38,2.05,0.0,41.03,90.77,89.74,74.36,53.85,100.0,0.51,12.82,55.38,0.51,52.82,1.03,80.0,22.56,68.21,29.74,0.51,18.46,90.26,16.92,31.79,14.87,1.03,44.1,31.79,18.97,12.82,28.72,98.97,0.51,90.26,23.08,88.72,24.1,82.56,18.97,63.08,1.54,67.18,23.08,66.67,62.56,68.21,16.92,0.51,6.15,96.41,75.9,8.21,53.85,41.54,44.1,22.56,49.23,80.51,94.87
078 SI-MA-ACB Ebf1 Bnc2 Gaba,42.97,0.0,1.14,2.66,77.19,0.76,0.38,1.52,25.86,77.57,0.38,38.02,22.81,65.02,0.0,42.59,6.08,2.66,8.75,80.23,0.38,25.1,44.49,90.49,76.81,70.72,37.64,6.46,1.52,50.19,90.49,10.65,0.0,6.46,94.68,38.4,39.16,1.14,98.86,93.92,0.76,0.0,6.46,7.98,19.01,33.46,0.76,10.65,20.91,3.04,47.91,0.38,22.43,0.0,3.04,0.0,68.82,43.35,88.21,43.35,60.46,0.38,92.4,2.66,11.79,14.07,71.1,93.54,0.38,43.35,51.71,75.67,80.99,81.75,77.57,2.28,25.86,12.55,0.0,4.56,2.28,1.14,0.76,53.99,46.77,66.16,42.21,1.9,31.56,0.38,7.98,69.2,6.84,16.73,0.38,0.0,44.87,34.6,96.2,29.28,4.94,96.96,40.68,45.25,48.67,1.9,21.29,2.28,5.32,56.27,56.27,0.0,58.17,9.89,4.94,1.52,0.0,85.93,77.57,20.53,22.43,5.32,1.14,0.0,34.6,17.87,84.79,9.51,60.46,0.38,1.14,12.93,4.18,7.98,92.78,54.37,86.31,99.62,96.2,30.42,8.75,100.0,100.0,11.79,19.01,21.29,98.48,1.14,24.33,41.83,0.0,1.14,0.76,3.42,0.76,15.59,8.75,57.03,26.62,3.04,65.02,33.08,2.28,1.14,32.7,48.29,99.62,100.0,47.15,98.48,76.05,100.0,87.07,100.0,67.3,39.54,57.79,14.07,23.95,11.41,26.24,65.4,83.65,74.52,9.89,49.43,4.94,79.47,11.03,82.89,12.93,38.78,36.5,45.25,96.96,2.28,22.43,30.04,0.76,0.0,8.37,36.88,2.28,49.05,0.38,84.03,64.26,29.28,35.74,28.9,63.88,72.62,0.76,34.6,21.67,6.46,16.73,6.84,0.76,3.42,4.94,0.0,33.84,0.0,15.59,89.73,61.6,1.14,11.41,98.86,63.12,1.9,20.91,13.31,1.52,100.0,0.38,58.56,4.94,89.35,19.01,61.98,52.85,45.63,56.27,93.16,47.91,0.0,0.0,17.49,49.81,1.14,9.13,12.55,0.0,0.76,9.13,10.27,11.41,1.14,14.45,22.05,6.08,3.8,52.85,1.52,66.92,99.62,26.62,8.75,3.42,42.21,3.42,2.66,55.13,0.38,11.79,6.84,32.7,64.64,68.44,51.33,21.29,1.52,2.66,1.9,79.85,29.66,19.39,31.94,73.76,1.14,8.37,34.6,1.52,6.84,11.41,28.14,33.08,9.13,82.89,33.84,58.94,88.21,83.27,62.36,10.65,1.14,28.9,31.18,5.32,1.14,0.76,4.56,47.91,0.38,10.27,18.25,9.51,8.37,4.18,26.24,76.05,10.65,99.24,88.97,4.94,4.56,85.55,30.42,92.78,98.48,44.87,2.66,9.89,23.57,9.51,1.9,0.38,12.93,1.9,62.36,53.99,63.12,11.79,31.56,22.81,12.55,38.02,12.17,48.29,0.0,0.38,76.43,0.0,7.98,0.38,5.7,3.8,20.15,99.62,1.9,31.56,0.38,0.0,38.78,42.97,100.0,3.04,5.32,97.72,4.56,71.1,26.24,1.14,29.28,6.46,3.8,0.38,5.32,4.18,0.0,0.38,22.81,14.07,0.0,31.94,55.51,46.39,60.84,30.8,60.46,14.83,7.6,34.6,29.66,0.76,40.68,10.65,48.29,2.28,3.42,19.77,85.93,70.34,14.07,95.44,67.68,6.46,57.03,22.81,3.42,0.76,1.52,20.91,0.0,46.77,61.98,9.89,56.65,0.0,96.96,0.38,0.76,1.52,88.59,82.51,25.48,33.46,33.08,89.73,0.38,16.73,40.68,33.84,36.88,60.08,44.87,29.28,46.01,0.38,65.4,52.85,0.76,44.49,42.59,0.0,96.96,60.46,50.19,12.55,99.62,7.22,94.68,94.3,75.29,25.86,80.99,2.28,44.11,12.55,57.41,0.38,55.13,9.13,100.0,100.0,68.82,99.24,69.58,22.05,74.14,99.62,35.74,2.66,42.97,92.78,44.49,0.38,80.23,100.0,34.6,33.84,84.03,100.0,99.62,97.34,32.7,98.1,26.62,0.38,57.79,72.62,8.75,85.17,68.44,65.4,18.25,88.59,48.29,3.42,99.24,0.38,29.28,15.59,99.24,46.01,100.0,98.1,54.37,47.91,0.76,35.36,96.96,55.13,5.7,3.42,8.37,7.6,0.0,33.08,65.02,12.17,86.69,33.08,62.74,29.28,4.56,0.38,42.59,85.17,73.0,60.84,41.83,96.2,1.9,55.89,28.9,0.0,42.21,2.28,56.27,69.2,76.81,29.28,2.28,23.95,55.51,6.08,82.89,17.11,4.94,50.57,69.58,46.77,65.02,59.32,87.83,9.89,90.49,19.39,90.11,21.67,79.47,14.83,60.08,5.7,68.82,13.69,69.2,40.68,65.4,16.35,3.8,4.56,95.82,66.92,12.93,56.65,37.26,43.73,19.77,49.43,79.47,94.3
079 CEA-BST Six3 Cyp26b1 Gaba,88.3,2.07,8.0,1.69,59.08,0.53,0.41,23.38,38.63,80.43,0.64,61.6,2.16,77.86,0.28,3.96,0.36,1.73,11.34,64.3,0.86,95.89,73.86,75.64,83.14,81.54,96.41,6.31,0.96,56.43,56.53,2.27,5.41,1.03,96.77,80.64,22.59,34.52,97.6,90.97,2.87,0.04,28.81,2.5,10.65,34.1,3.74,27.57,33.26,0.26,16.34,0.3,2.18,0.79,14.2,0.3,83.68,18.67,71.08,24.75,56.32,0.58,91.59,44.47,3.74,84.11,28.06,21.67,0.51,81.86,84.56,78.29,36.24,30.22,87.29,34.7,28.15,4.49,1.58,31.34,23.64,1.41,0.68,56.28,60.09,37.09,42.7,2.31,12.32,0.62,13.95,21.78,0.3,17.65,0.0,0.34,16.92,5.07,98.31,10.31,21.16,90.97,77.71,94.99,4.79,32.3,16.34,4.06,10.63,52.3,2.95,0.24,71.23,57.8,33.99,1.39,0.11,84.66,97.2,25.03,68.96,29.52,0.62,0.11,6.44,6.1,18.31,4.41,25.65,0.24,0.88,25.05,17.33,10.72,96.81,18.72,88.81,98.89,96.41,38.46,3.51,98.22,99.53,2.5,5.63,0.73,71.59,1.5,45.39,9.6,0.06,1.45,2.48,4.24,72.73,2.57,13.93,35.17,15.12,1.33,62.63,15.21,0.58,0.64,6.63,75.06,100.0,99.96,85.69,98.78,82.35,99.91,83.55,99.91,77.2,79.49,37.73,1.28,30.18,1.3,9.24,5.37,91.96,75.74,36.13,57.33,21.8,65.01,19.19,86.52,15.89,30.22,45.54,13.6,57.22,2.76,12.47,8.04,0.9,0.19,5.48,52.75,13.65,25.2,2.35,78.97,0.73,65.65,39.68,5.07,74.37,72.13,27.64,23.53,23.21,6.91,10.25,52.41,0.88,3.08,0.83,0.28,9.09,0.24,3.42,60.77,65.41,0.13,44.71,99.34,79.19,6.89,12.77,20.56,0.71,99.85,0.24,57.41,4.0,85.63,1.65,68.21,25.95,90.27,77.16,78.97,79.49,1.5,0.13,8.98,32.9,2.29,21.01,36.53,3.47,10.63,5.88,17.69,37.11,0.73,72.19,15.36,0.86,17.65,52.6,3.17,63.17,99.49,5.39,49.67,4.75,34.5,0.41,2.65,64.11,2.18,1.41,22.29,27.02,50.72,71.12,67.14,51.36,1.71,36.47,4.09,54.2,14.52,60.56,16.77,95.87,2.7,9.6,66.37,12.66,4.43,76.79,40.21,44.9,3.12,80.81,20.04,9.5,64.26,67.36,21.35,3.38,1.5,17.24,7.89,52.98,1.97,7.79,0.06,79.06,1.65,2.31,16.66,4.24,8.81,4.45,0.96,67.19,9.95,98.93,90.65,3.36,11.25,90.33,76.6,67.36,38.67,12.73,24.21,26.76,34.18,3.64,1.16,0.83,7.25,1.09,62.31,79.49,54.57,2.93,32.34,56.17,9.52,11.34,0.77,23.29,0.36,0.73,75.25,0.26,1.71,0.53,5.24,3.53,18.37,96.73,10.46,28.77,1.03,0.6,47.44,55.91,99.98,0.19,15.53,52.62,1.71,87.23,40.6,0.15,65.93,6.12,37.41,24.98,82.44,1.69,0.15,0.11,27.53,29.65,0.58,9.52,49.75,57.5,76.68,4.88,58.48,2.55,6.07,41.58,16.32,1.84,54.29,17.37,15.34,1.24,1.58,0.13,66.82,61.43,19.72,72.06,86.52,16.43,41.9,6.61,0.58,0.56,0.77,40.51,0.32,82.16,49.39,29.84,57.11,54.1,99.1,0.79,0.92,1.13,85.97,16.39,86.05,37.52,26.05,90.67,0.32,33.8,10.25,33.95,25.93,67.4,47.55,42.44,0.56,0.15,72.53,50.99,3.17,13.88,33.2,1.84,92.92,69.6,66.52,22.91,90.89,8.3,54.07,90.72,79.38,43.42,76.17,3.64,53.75,66.76,43.55,4.79,42.35,31.02,99.44,94.76,93.5,99.64,50.52,11.59,68.64,99.89,19.1,1.99,42.93,92.86,31.27,0.81,82.2,99.85,77.43,44.86,71.27,100.0,100.0,96.83,24.79,92.79,54.44,0.98,59.38,86.61,0.88,94.18,76.17,77.39,17.13,72.19,6.72,0.45,94.33,0.36,4.64,52.28,97.9,65.3,99.44,100.0,41.52,67.74,0.39,44.28,93.03,36.73,2.82,5.86,4.24,0.81,35.96,44.36,21.78,6.31,67.64,24.51,1.8,8.83,1.48,0.73,20.15,92.51,22.55,69.26,74.87,98.27,0.45,37.54,3.08,0.32,26.4,3.42,46.97,95.72,65.88,31.4,0.88,74.05,62.76,4.43,94.33,88.66,6.99,18.97,5.69,16.26,24.15,14.35,74.65,2.12,66.48,20.56,94.78,27.02,84.15,18.31,59.06,0.36,76.56,14.57,72.49,63.7,62.78,28.15,1.48,5.75,92.41,68.3,9.99,50.01,43.25,33.9,11.29,44.28,85.11,86.1
080 CEA-AAA-BST Six3 Sp9 Gaba,77.47,0.7,11.01,1.4,68.28,0.48,0.17,6.56,17.68,74.36,0.45,72.29,8.52,66.97,0.14,5.86,0.76,1.2,17.12,67.05,0.62,67.47,50.55,66.97,92.13,69.07,60.69,2.83,0.95,54.75,68.73,3.19,0.25,3.08,84.87,51.41,40.91,4.2,99.05,90.73,4.29,0.03,16.34,6.53,3.92,34.35,5.55,23.28,34.24,1.32,6.5,0.08,3.0,0.42,4.62,0.11,86.52,14.4,81.37,18.24,47.55,0.39,88.82,8.38,5.91,59.04,34.86,75.43,0.45,78.26,56.04,58.67,39.17,42.62,81.87,9.47,8.8,7.87,0.95,12.94,12.64,1.51,0.45,50.43,66.52,60.69,34.66,1.57,35.81,0.62,9.19,61.45,0.48,12.94,0.03,0.25,26.7,14.18,97.62,34.66,18.97,87.11,53.07,89.66,16.95,18.46,17.29,6.36,6.64,46.79,2.55,0.28,72.88,52.31,27.71,0.98,0.08,80.98,63.86,6.95,42.84,5.94,0.7,0.11,14.93,11.99,68.39,6.7,66.46,0.42,0.62,20.45,15.13,15.05,95.07,60.3,83.36,99.1,95.43,28.55,17.46,98.51,99.97,8.8,22.61,16.2,75.85,1.09,41.64,27.29,0.11,0.98,1.88,3.47,19.78,1.18,11.91,47.63,11.21,0.98,47.58,38.27,2.69,0.92,25.39,81.12,99.97,99.97,95.74,98.63,95.66,100.0,94.12,100.0,85.96,64.22,53.99,1.49,26.93,8.21,5.38,22.39,83.41,66.29,49.93,48.25,10.28,57.41,13.79,80.83,21.85,24.4,64.84,13.59,87.67,2.94,17.71,9.41,2.52,0.06,1.88,54.22,4.99,42.42,0.22,82.07,4.34,45.62,51.39,15.41,45.87,66.83,7.87,7.37,24.29,2.33,19.05,28.33,0.31,2.72,1.82,0.25,10.4,0.14,6.44,68.95,70.36,0.53,37.55,98.6,65.51,8.01,16.17,26.17,0.64,96.47,0.22,41.69,3.53,55.03,0.73,72.04,39.45,65.56,58.42,80.11,82.54,0.45,0.11,9.33,65.23,1.4,13.45,2.21,4.4,3.11,9.19,31.58,38.69,1.26,62.62,23.2,2.35,25.39,36.54,2.86,92.41,99.3,44.77,23.56,3.25,36.28,3.33,1.93,51.33,0.87,4.26,31.07,38.08,60.35,65.59,63.52,50.24,1.63,12.61,3.36,69.04,28.38,29.67,9.5,75.29,1.26,31.69,46.88,3.53,7.06,31.47,33.48,37.63,5.16,74.05,36.9,16.62,45.95,84.56,66.04,1.51,1.01,16.53,3.53,16.42,1.57,25.72,0.08,65.87,1.93,1.46,38.25,0.2,17.2,4.76,2.94,89.83,7.03,98.68,86.75,2.55,5.07,75.54,61.05,87.17,76.27,41.16,4.57,8.29,50.77,22.86,1.34,0.2,9.81,0.34,83.44,60.49,38.44,5.02,13.48,42.14,31.83,44.1,2.16,43.57,0.06,0.48,67.86,0.2,2.07,0.25,5.24,2.66,12.89,97.28,6.25,64.56,0.92,0.62,58.25,43.49,100.0,0.06,13.73,75.48,1.6,84.37,28.55,0.11,20.76,6.36,8.43,22.36,58.5,3.42,0.08,0.42,22.84,31.24,0.14,8.74,46.37,24.4,69.12,10.51,40.15,5.72,2.69,40.91,13.37,1.63,20.71,11.04,7.87,1.74,2.35,17.54,52.87,82.35,20.4,78.26,84.95,19.39,63.35,17.06,4.34,0.25,0.84,18.83,0.31,48.84,76.27,19.42,45.92,3.39,96.69,0.95,0.7,0.42,88.4,37.94,60.69,28.13,23.73,93.7,0.2,21.01,20.34,28.92,41.52,63.86,36.42,42.2,5.46,0.2,68.7,44.02,2.05,16.87,44.47,0.11,90.75,58.22,52.42,18.32,98.4,4.54,91.12,91.03,70.41,19.89,70.08,1.99,35.7,40.07,42.59,1.96,41.64,35.72,99.41,99.08,96.92,99.58,83.83,20.65,63.72,99.8,17.68,3.17,49.09,94.09,30.93,0.81,65.54,100.0,37.6,24.71,66.46,99.97,100.0,94.82,22.75,95.15,49.71,0.62,63.32,75.65,0.95,92.18,64.89,69.6,24.66,74.84,7.43,5.44,94.9,0.31,18.3,31.16,97.67,52.2,99.41,100.0,39.0,54.81,0.53,45.84,88.65,37.57,1.2,3.22,7.14,1.34,4.9,29.59,29.2,8.24,90.5,20.54,12.69,45.03,1.49,0.2,14.57,74.61,66.85,50.85,43.23,99.36,1.12,37.97,9.25,0.31,36.09,3.25,48.81,74.11,62.03,18.6,12.38,22.98,78.29,11.57,71.59,77.84,6.75,42.48,5.3,38.64,61.22,17.71,73.35,2.47,86.13,14.93,83.47,41.69,78.03,17.57,55.03,3.53,66.97,14.21,73.83,41.33,57.92,14.51,3.03,4.99,94.51,54.5,14.71,46.85,36.65,33.59,11.4,39.96,82.12,88.79
081 ACB-BST-FS D1 Gaba,79.23,1.93,2.42,1.93,76.81,0.0,0.97,14.49,29.47,65.7,0.97,45.41,6.76,67.15,0.48,4.35,0.0,0.97,11.11,72.95,0.0,81.16,81.64,90.34,93.24,73.91,98.07,6.76,0.0,54.11,64.25,2.42,0.48,4.83,86.96,47.34,45.41,6.28,98.55,96.62,0.48,0.0,28.99,4.35,11.11,25.12,1.45,28.99,29.47,7.73,6.76,0.0,1.45,0.97,6.28,0.0,87.44,49.28,89.37,19.81,50.24,0.97,86.96,23.67,7.25,79.23,30.92,80.19,0.48,82.13,72.46,66.67,42.03,55.56,85.99,4.83,6.76,2.42,4.35,44.93,15.46,0.48,0.97,49.76,68.12,68.12,34.3,19.81,29.47,0.48,1.45,38.16,0.0,18.36,0.0,0.0,25.6,17.39,97.1,4.83,11.11,92.27,50.72,97.58,57.49,12.08,16.43,8.21,3.86,49.28,11.59,0.0,73.91,43.48,21.26,0.48,0.0,75.85,85.99,15.46,39.13,1.45,0.48,0.0,0.48,10.14,54.11,3.38,42.51,0.0,0.48,19.32,12.08,11.59,97.58,87.44,87.92,99.03,97.1,32.85,14.98,97.58,100.0,6.76,42.03,3.86,71.98,0.97,69.08,43.48,0.0,1.93,1.45,4.35,6.76,1.93,37.68,73.43,12.08,0.48,57.0,45.89,1.93,0.48,9.18,82.13,100.0,100.0,36.71,98.07,99.52,100.0,92.27,100.0,91.3,46.86,65.22,3.86,25.12,3.86,34.78,43.0,91.79,82.61,42.03,56.04,2.9,53.62,14.49,85.99,16.43,31.88,75.85,15.46,94.2,3.86,19.81,8.21,0.48,0.0,10.14,43.48,2.9,26.09,0.0,81.64,58.45,45.41,77.78,1.93,51.21,57.97,1.93,21.26,30.92,1.45,5.31,59.42,0.0,1.45,5.31,0.0,12.56,0.48,5.8,40.1,82.61,0.97,40.58,99.52,44.44,11.11,15.46,25.6,0.0,99.52,0.97,83.09,1.93,76.81,1.45,48.79,13.53,58.45,62.8,75.85,82.61,0.97,0.0,9.18,39.13,2.42,10.14,15.46,1.93,4.83,10.63,39.61,21.26,1.45,31.4,20.29,0.97,17.87,28.02,2.42,84.06,99.03,32.85,29.95,3.86,32.37,2.9,0.97,57.0,1.93,5.8,7.25,28.99,65.22,81.16,70.05,43.96,3.38,10.14,0.97,64.25,22.71,45.41,31.88,73.91,2.42,55.07,57.97,2.42,5.8,55.56,38.16,41.06,4.83,82.61,28.99,22.71,61.35,84.06,61.35,0.48,1.45,15.94,21.74,41.06,4.35,3.38,0.0,83.09,3.86,0.97,50.72,0.0,19.32,4.35,0.48,96.62,13.04,99.52,85.99,2.9,6.28,89.37,64.73,83.57,91.3,42.03,10.14,10.63,24.64,3.38,0.97,0.0,7.73,1.45,71.01,50.72,53.14,1.45,21.74,63.77,8.21,64.73,0.48,31.4,0.48,0.0,68.6,0.48,1.93,0.48,5.31,1.93,16.43,99.03,7.25,48.31,2.42,0.97,86.47,49.76,100.0,0.48,4.83,95.65,0.48,75.85,31.4,0.0,30.43,2.42,17.39,0.0,2.9,1.93,0.0,0.0,32.37,29.47,0.48,31.4,42.03,29.47,50.72,33.33,59.9,2.9,2.42,46.38,31.4,3.38,8.21,19.32,12.08,1.45,0.48,1.45,70.05,51.21,19.81,78.74,74.88,5.8,45.41,44.93,2.42,0.48,0.48,25.6,0.48,42.03,91.79,16.91,73.91,2.9,96.14,0.0,0.97,0.48,93.24,42.03,92.27,34.78,23.19,87.44,0.97,25.12,6.28,32.37,38.16,67.15,22.71,31.88,7.25,0.0,68.6,45.41,3.86,15.94,42.03,0.0,92.75,60.87,58.94,12.08,98.55,4.35,80.68,89.86,68.6,23.19,72.46,1.93,42.51,24.64,45.41,2.9,43.96,15.46,99.52,99.52,89.86,98.55,90.82,12.08,79.23,100.0,18.84,1.45,29.95,91.3,31.88,1.45,68.12,100.0,63.29,24.15,71.5,100.0,100.0,99.52,23.19,97.1,46.86,0.0,64.25,77.78,0.48,83.57,76.33,78.26,16.43,60.39,1.45,0.97,96.62,0.48,9.66,30.92,95.65,53.62,100.0,100.0,40.1,52.17,0.97,43.96,95.17,37.2,4.35,2.42,14.01,0.0,18.84,37.2,42.51,12.08,55.07,38.16,21.26,20.29,0.97,0.0,13.04,84.06,43.48,91.3,35.75,99.03,3.86,56.52,17.39,1.45,44.44,6.76,78.26,78.74,65.22,37.2,3.86,28.99,53.14,21.74,84.54,81.64,12.56,80.68,6.76,69.57,58.45,21.74,81.64,6.76,78.26,18.36,87.92,49.28,84.06,21.74,62.32,0.97,72.46,11.59,73.43,57.0,67.63,22.22,0.97,5.31,93.72,67.63,11.59,45.41,37.68,39.13,10.63,39.61,84.54,67.63
082 CEA-BST Ebf1 Pdyn Gaba,84.9,1.05,8.37,1.41,71.65,0.57,0.13,24.92,34.45,62.2,0.43,77.32,14.15,71.63,0.11,3.5,0.49,1.09,12.03,68.19,0.49,65.66,79.13,79.06,92.58,73.86,97.85,2.74,0.86,60.97,73.21,0.88,0.62,10.58,92.66,53.29,41.65,2.5,98.79,92.51,0.86,0.0,13.12,3.26,22.67,23.51,3.01,13.82,25.38,0.65,6.12,0.09,19.7,0.45,6.5,0.17,66.12,44.83,87.3,25.74,42.22,1.79,90.41,19.38,8.15,81.88,21.38,70.69,0.56,68.65,77.95,83.2,66.74,61.21,74.43,3.75,17.36,2.15,0.79,23.72,26.26,0.65,0.43,56.12,74.29,53.43,39.85,12.4,33.23,0.49,2.48,33.62,0.69,14.48,0.01,3.5,25.55,13.71,98.29,5.04,22.94,86.78,57.95,94.33,38.86,14.71,15.23,6.12,6.57,55.0,73.28,0.24,67.73,49.4,26.46,1.09,0.09,83.95,93.7,17.59,35.29,0.72,0.57,0.06,4.05,11.86,55.3,3.3,28.47,0.56,0.67,13.88,13.41,11.38,94.4,20.24,86.51,99.5,88.37,36.08,31.97,98.82,99.86,5.81,36.05,5.38,83.16,0.89,30.51,47.67,0.04,1.79,1.89,4.29,2.3,1.38,34.78,78.85,19.04,1.29,45.66,39.29,1.44,0.67,16.32,72.31,99.96,99.97,38.14,98.49,95.15,99.87,82.95,98.97,92.39,45.23,25.14,1.46,26.69,2.33,14.15,37.07,89.1,82.37,29.24,64.23,19.14,55.11,20.07,86.38,24.22,51.94,48.79,6.2,74.55,2.78,9.46,11.5,4.57,0.06,9.07,45.64,7.65,21.23,0.14,73.59,54.77,44.75,64.56,10.54,49.73,38.39,2.25,11.71,38.31,3.89,13.24,69.27,0.6,3.86,4.41,0.2,12.52,0.17,5.04,61.34,81.77,0.39,35.87,99.25,76.5,10.38,17.01,31.37,0.63,92.29,0.6,93.44,3.9,60.68,1.45,61.71,28.52,94.24,70.16,61.96,80.42,0.59,0.19,8.7,55.43,1.58,9.76,15.25,0.67,7.25,7.84,39.76,19.65,0.66,18.55,18.89,0.52,11.37,39.53,3.2,79.8,98.94,31.17,13.38,5.48,40.15,2.8,3.52,62.78,1.46,3.36,15.35,22.11,69.61,76.36,76.79,46.12,2.04,24.28,4.44,47.33,22.61,20.49,26.95,87.55,1.39,63.05,46.97,1.51,6.7,44.21,37.35,34.01,4.85,78.5,40.45,22.08,84.75,93.8,25.85,6.7,1.15,38.56,9.76,35.5,2.1,2.47,0.42,86.09,1.78,6.29,48.82,0.17,19.28,9.88,7.57,65.63,17.92,99.02,82.41,5.14,7.85,87.14,80.48,79.5,84.21,29.86,20.77,12.0,27.65,2.64,4.64,1.44,9.76,0.85,73.86,61.07,71.26,2.77,9.13,52.33,6.23,65.83,0.95,32.43,0.32,0.73,75.08,0.24,0.99,0.34,5.6,2.6,22.7,97.83,1.97,48.46,4.61,0.66,60.69,44.92,99.94,0.17,9.03,93.25,1.62,70.87,36.32,0.26,7.77,6.09,30.68,0.34,2.83,3.8,0.06,0.13,52.38,33.98,0.34,21.94,51.98,26.01,31.28,46.5,37.71,3.24,11.79,37.15,36.94,17.43,25.22,30.12,22.71,1.84,1.77,1.41,81.9,65.99,20.31,82.57,88.43,4.55,67.64,35.59,0.82,0.4,0.9,26.92,0.22,64.24,86.65,11.43,70.2,4.82,98.15,11.24,1.25,8.18,88.96,34.84,83.63,34.15,27.19,93.3,0.19,27.66,9.66,37.65,34.83,69.95,39.05,25.93,3.9,0.17,68.3,48.46,2.1,27.78,33.46,0.07,93.88,58.81,54.44,11.14,98.41,5.21,64.56,92.76,76.43,23.39,78.71,2.38,48.81,44.77,44.06,2.11,40.88,11.5,99.6,98.66,98.18,99.22,68.63,16.77,61.36,99.93,28.32,2.37,40.84,92.62,32.13,0.92,76.59,99.8,58.07,29.49,74.55,99.99,100.0,97.11,28.52,96.83,54.64,0.75,63.34,92.05,0.86,87.88,56.29,75.51,15.82,86.94,4.35,0.7,82.04,1.67,8.21,12.27,98.61,58.84,99.64,99.89,41.1,44.77,0.43,45.79,92.55,48.94,1.15,6.24,8.47,0.27,4.18,44.42,48.12,17.15,59.35,35.36,11.4,29.04,1.12,0.36,19.47,84.48,67.14,83.3,64.17,99.4,1.67,32.85,13.72,0.32,34.81,3.65,62.91,91.87,73.86,24.07,1.31,36.45,74.53,29.11,81.8,87.02,6.46,50.85,27.85,42.05,51.98,45.56,83.53,6.9,53.0,16.02,86.85,60.22,79.9,20.43,63.47,1.02,74.35,16.22,72.41,63.91,72.91,17.63,2.08,4.79,95.0,66.24,11.56,49.87,44.27,36.86,11.11,43.38,81.91,86.79
083 CEA-BST Rai14 Pdyn Crh Gaba,95.33,5.14,4.67,1.87,77.1,1.4,0.47,2.8,6.07,79.91,0.47,18.69,5.14,84.11,0.0,3.27,1.4,0.47,22.9,66.36,2.34,19.63,69.16,85.51,94.86,69.16,96.73,1.87,0.0,60.75,64.02,0.93,0.93,15.89,99.07,28.97,23.83,1.87,100.0,91.59,3.74,0.0,42.52,0.47,2.34,1.87,2.34,24.77,30.37,0.0,6.07,1.4,1.4,0.0,2.8,0.0,19.16,9.35,100.0,10.28,53.74,4.67,91.12,16.36,4.21,86.45,59.81,99.53,0.0,80.84,73.83,95.33,34.11,89.72,81.78,2.34,15.89,8.88,7.48,6.07,61.68,0.93,0.47,22.9,58.88,85.05,33.64,11.68,40.19,0.0,0.93,71.5,0.47,14.49,0.0,1.87,28.04,8.41,99.07,5.14,4.21,86.92,70.09,54.21,6.54,82.24,11.68,2.34,8.41,52.8,10.75,0.0,79.91,66.82,32.24,0.0,0.0,86.45,94.86,18.69,26.64,1.4,0.47,0.47,60.75,1.87,7.94,2.8,6.54,0.0,0.93,9.81,6.54,5.14,96.73,10.28,89.72,100.0,94.39,38.79,5.61,100.0,100.0,5.61,11.21,0.0,95.33,0.93,35.98,33.18,0.0,1.4,0.93,1.4,1.4,2.34,9.35,40.19,13.55,0.93,72.43,84.58,2.34,3.27,10.75,55.61,100.0,100.0,48.13,100.0,97.66,100.0,59.81,99.53,48.13,51.4,31.78,1.87,17.76,3.74,3.27,25.23,94.86,60.75,31.31,54.67,82.24,39.25,21.03,87.85,9.35,61.68,92.52,4.67,45.79,8.88,15.89,6.54,1.4,0.0,1.87,39.72,9.35,22.9,0.47,64.95,63.55,45.79,29.44,4.21,53.27,24.3,0.47,49.07,28.97,38.79,35.51,66.36,0.93,2.8,0.47,0.0,2.34,0.47,31.78,86.92,92.99,1.87,22.9,100.0,83.18,3.74,20.09,7.01,0.0,100.0,0.0,28.5,3.74,88.32,1.4,16.36,7.01,36.45,92.52,99.53,93.93,0.47,0.0,13.55,66.82,0.93,9.81,14.95,0.0,7.48,6.07,32.24,2.34,0.47,14.02,14.02,0.47,7.01,56.07,2.34,56.54,100.0,8.88,0.93,6.54,35.98,1.87,0.93,64.49,0.93,3.27,53.27,7.01,63.08,41.12,80.37,52.8,1.87,0.93,4.21,24.3,7.01,5.14,97.2,95.79,1.4,86.45,92.06,0.0,2.34,13.55,43.46,34.11,7.01,92.99,42.99,7.01,61.21,70.09,27.1,6.07,0.0,5.61,22.43,65.89,4.67,1.4,0.0,87.85,1.4,0.47,6.54,0.47,4.21,82.24,2.34,77.1,33.18,99.53,99.53,5.14,7.01,87.85,81.31,78.5,73.36,3.27,32.24,4.21,17.29,2.8,3.27,0.93,4.21,1.4,94.86,63.08,84.11,0.93,2.8,7.94,4.67,38.32,1.87,3.27,0.0,0.0,75.7,0.0,0.47,1.87,3.74,3.74,7.48,98.13,1.87,11.21,0.0,0.93,37.38,37.85,100.0,0.0,59.35,100.0,0.47,62.15,30.37,0.0,10.75,8.88,19.16,0.0,2.34,0.93,0.0,0.0,23.36,3.27,0.0,39.72,37.38,29.91,34.58,21.03,43.93,2.8,3.27,10.75,27.1,32.24,4.67,2.8,8.41,1.4,3.74,0.0,84.58,87.85,15.42,98.6,96.26,29.44,52.34,33.64,0.0,0.47,1.87,12.15,2.8,55.61,91.59,7.01,56.54,0.0,99.07,1.87,1.4,0.47,92.06,7.48,83.64,28.5,25.7,77.1,0.0,38.32,7.48,33.64,33.18,76.17,11.21,24.77,27.1,0.0,56.07,47.66,2.34,47.2,42.52,0.0,92.99,62.15,70.56,4.67,100.0,10.28,91.12,96.73,83.64,29.44,82.71,2.34,44.86,64.95,46.73,2.34,50.0,3.74,100.0,98.6,100.0,99.07,56.07,29.44,52.8,100.0,21.96,2.34,15.42,92.99,35.98,0.47,74.77,100.0,43.93,27.1,77.1,100.0,100.0,99.53,28.04,99.53,8.41,0.0,75.23,78.97,0.93,98.13,55.61,81.78,20.09,70.56,11.68,0.47,98.13,0.93,11.21,17.76,100.0,71.96,100.0,100.0,47.66,50.0,0.47,43.46,61.68,67.76,1.4,10.28,46.26,0.0,0.0,71.96,67.76,0.93,79.91,90.19,1.4,17.29,3.27,0.47,1.4,82.71,80.84,16.36,57.48,99.53,0.47,29.44,4.21,0.47,50.93,2.34,11.21,48.13,92.06,34.58,1.4,17.29,62.62,50.0,64.02,85.05,1.4,10.28,51.87,51.4,6.07,80.37,35.51,0.0,97.2,19.63,78.04,19.63,82.24,17.29,57.94,0.93,71.03,17.29,77.57,50.93,66.82,14.49,0.93,6.54,98.13,71.03,11.68,43.93,41.12,40.65,11.68,45.79,74.77,88.79
084 BST-SI-AAA Six3 Slc22a3 Gaba,57.56,1.68,0.42,2.1,80.67,1.26,0.0,2.1,48.74,81.93,0.0,65.13,17.65,65.13,0.0,25.21,1.68,2.1,18.07,81.51,0.0,47.48,43.28,90.76,69.75,68.91,49.16,6.3,1.26,51.68,83.19,0.84,0.0,22.27,98.32,56.3,59.66,0.42,98.74,96.22,0.84,0.0,8.82,2.1,15.97,57.56,1.26,9.66,12.18,0.84,19.33,0.42,34.45,0.0,1.26,0.0,95.38,29.41,94.12,38.24,64.71,0.42,92.02,15.55,13.87,28.15,78.57,96.64,0.42,57.14,61.76,84.87,71.01,89.5,83.19,4.2,7.98,8.82,0.42,9.66,5.04,2.52,0.0,43.28,60.08,86.55,29.83,0.84,38.66,0.0,6.3,60.92,0.42,13.45,0.0,0.42,44.12,6.72,96.64,40.34,8.4,95.38,55.88,55.88,51.26,11.76,20.17,6.72,5.04,60.92,15.55,0.0,70.17,21.43,7.14,0.0,0.0,86.97,81.09,6.3,24.37,1.68,0.0,0.84,2.1,11.34,84.03,1.26,98.74,0.0,0.42,15.13,5.88,7.14,92.86,33.19,89.5,100.0,98.32,28.15,14.71,99.58,100.0,10.92,11.76,21.85,91.6,1.68,59.66,22.69,0.0,2.1,0.84,7.14,1.68,5.46,14.29,43.7,13.03,1.68,65.13,48.74,8.4,0.84,37.82,41.18,100.0,100.0,92.86,99.58,90.76,99.58,96.64,100.0,97.9,39.5,65.55,10.08,36.13,11.76,22.27,69.33,88.66,57.56,22.69,52.94,9.66,71.43,9.66,87.82,11.34,46.22,35.71,12.61,87.39,6.3,9.24,21.85,1.26,0.0,0.42,21.01,1.26,52.52,0.42,90.76,56.3,28.15,50.84,38.66,60.92,90.76,0.42,42.02,27.73,4.2,11.76,11.76,1.68,4.62,1.68,0.42,26.47,0.42,3.36,58.82,50.84,1.68,13.45,98.32,55.88,6.3,20.59,18.49,0.0,100.0,0.0,53.78,2.94,70.17,5.04,81.51,30.67,30.67,49.16,77.31,94.12,0.84,0.0,9.66,50.0,1.26,14.29,1.26,3.78,4.62,6.3,33.61,20.17,0.42,67.65,27.73,0.42,4.62,54.2,5.46,95.38,98.74,18.07,14.29,2.94,17.23,10.08,1.26,67.65,1.68,5.88,27.31,33.19,68.49,94.96,57.98,52.52,1.68,17.65,1.68,94.54,30.67,27.73,19.33,63.87,1.68,8.4,48.74,0.84,5.46,30.25,26.05,29.83,10.08,74.37,52.1,80.67,71.85,92.86,95.8,1.26,1.26,7.14,77.73,13.03,4.2,1.68,0.84,57.56,2.52,20.59,43.7,2.94,13.03,5.88,3.36,89.5,9.24,98.74,86.97,1.26,3.36,85.71,29.83,93.28,93.28,55.88,1.68,13.03,44.96,3.78,1.68,0.42,13.87,1.68,82.77,67.65,44.96,0.84,15.55,44.54,21.43,75.21,1.26,78.99,0.0,1.26,73.95,0.0,3.78,0.0,4.2,2.1,20.17,99.58,1.68,55.04,0.0,0.42,34.45,46.22,100.0,0.0,7.98,98.74,1.26,81.51,24.79,0.42,28.15,7.14,1.68,0.42,6.3,3.78,0.0,0.0,32.35,24.37,0.0,36.55,46.64,47.48,79.83,5.46,23.11,12.61,24.79,24.37,13.87,10.92,21.85,27.31,46.22,2.94,2.52,8.82,84.87,72.69,19.75,96.22,89.92,10.08,44.96,14.71,0.84,0.84,0.42,30.25,0.0,72.69,100.0,15.97,63.87,0.84,95.38,0.0,1.68,0.0,93.7,78.57,45.8,28.99,32.35,93.7,0.0,18.07,3.78,35.29,48.74,64.71,58.82,38.24,0.42,0.0,67.23,51.68,2.52,31.51,42.44,0.0,95.8,53.36,56.72,11.34,99.16,2.94,98.74,92.86,75.63,22.69,76.05,2.94,38.66,7.56,50.84,0.84,51.26,42.02,100.0,100.0,97.06,100.0,95.8,19.33,76.05,100.0,34.03,7.56,45.38,92.44,35.29,0.0,83.19,100.0,33.61,35.71,81.93,100.0,100.0,98.74,31.51,96.64,42.44,0.84,65.13,81.09,2.94,85.71,67.23,71.01,17.23,92.02,3.78,1.26,99.58,0.42,5.88,9.24,100.0,41.18,100.0,100.0,45.8,54.62,0.0,40.34,95.8,44.12,1.26,2.94,5.04,0.42,0.42,63.45,61.76,4.2,78.15,4.2,25.21,28.15,0.84,0.0,29.83,91.6,88.24,96.64,27.31,99.58,1.68,51.68,29.83,0.0,56.3,1.68,85.29,84.03,71.85,34.03,2.94,3.78,93.28,12.61,63.45,34.45,2.94,48.74,44.12,91.6,34.45,40.34,94.96,5.46,96.22,18.49,84.87,34.03,81.93,16.39,65.55,7.56,65.13,13.45,73.95,39.5,63.87,23.53,5.04,3.36,94.12,63.03,18.49,58.82,36.55,35.71,15.55,47.06,83.61,91.6
085 SI-MPO-LPO Lhx8 Gaba,49.04,1.64,3.84,1.37,84.11,0.55,0.55,1.64,16.71,75.89,0.27,27.12,14.52,70.96,0.27,7.67,7.67,2.19,4.66,88.22,0.27,42.74,46.03,92.6,59.45,73.7,61.37,1.37,7.12,38.9,53.7,4.38,0.82,52.88,99.45,52.6,29.04,2.47,88.77,97.53,0.82,0.0,13.15,4.38,18.9,41.37,0.0,24.93,4.66,1.92,2.47,0.82,1.1,0.27,1.64,0.27,51.23,25.75,96.44,20.82,60.55,0.0,92.6,3.84,14.52,23.56,79.73,71.23,1.37,32.88,33.15,74.52,87.95,93.7,63.01,2.74,7.4,20.82,0.0,13.15,3.29,2.19,0.0,66.3,67.67,52.88,38.9,8.49,41.64,1.1,14.25,56.71,1.1,19.18,0.0,0.0,42.74,8.49,98.9,7.95,3.56,98.63,30.68,70.14,3.29,10.41,20.27,15.34,3.84,61.1,2.47,0.27,38.36,9.04,7.4,1.64,0.0,88.77,33.7,15.07,26.85,1.1,0.55,0.0,23.01,26.3,89.86,31.23,80.0,0.0,0.0,22.74,3.84,21.1,92.33,81.1,92.88,100.0,98.9,32.05,6.03,99.73,100.0,15.62,64.93,3.84,94.25,0.82,49.04,32.88,0.0,1.64,1.37,3.84,1.1,7.12,19.73,19.73,23.29,2.19,66.3,47.95,14.52,1.64,28.22,25.75,90.96,100.0,86.3,99.45,83.84,100.0,92.05,100.0,56.16,54.25,61.64,7.67,28.49,1.92,44.66,66.03,88.22,52.88,18.08,40.55,12.33,83.56,19.73,92.33,23.56,30.96,43.29,40.82,83.29,4.11,30.68,26.3,19.73,0.27,7.95,31.51,1.1,79.73,0.27,97.81,0.82,29.59,46.03,58.9,64.38,80.0,10.96,3.84,10.96,0.82,5.48,3.84,1.1,98.9,2.47,0.82,66.03,0.27,10.41,95.89,69.32,1.37,10.96,98.36,66.85,26.03,3.01,57.53,0.55,24.38,0.27,35.34,4.93,49.86,5.75,65.75,77.81,65.75,81.1,72.33,46.58,0.27,0.0,11.51,37.26,0.55,10.68,7.95,3.56,7.12,6.03,8.77,13.42,40.82,15.34,28.77,3.84,6.3,62.74,4.38,87.12,100.0,11.78,4.93,4.38,41.37,25.21,1.37,62.47,1.92,8.77,3.56,12.88,73.97,65.21,45.21,13.7,2.47,4.93,1.92,85.48,17.26,45.75,15.07,35.89,1.64,4.38,34.79,4.93,4.93,14.79,38.36,34.52,8.77,81.37,43.29,35.62,83.56,81.64,26.03,5.21,0.55,10.41,50.96,4.11,3.01,2.74,1.1,79.45,1.37,0.55,30.68,5.48,87.4,2.47,10.96,92.88,9.32,98.36,96.16,2.47,4.38,69.59,42.74,96.71,77.81,74.79,22.47,34.52,11.78,10.68,8.22,24.66,8.22,1.1,18.9,80.27,34.25,5.75,9.86,64.11,31.51,58.36,8.22,43.56,0.27,0.0,79.73,0.27,3.84,0.27,6.3,5.21,44.11,99.18,3.01,75.89,0.0,0.55,48.22,61.92,100.0,0.0,54.25,66.85,2.74,64.11,32.33,0.0,7.4,10.41,1.92,0.82,32.88,10.41,0.55,0.55,26.03,8.22,0.27,28.22,53.42,24.11,89.04,7.67,30.41,33.7,12.33,10.96,17.53,2.47,30.41,51.23,33.7,3.29,1.92,0.55,77.81,83.01,52.05,80.82,32.6,5.48,78.08,52.6,7.67,0.82,1.64,14.25,0.55,67.95,96.16,1.64,30.41,0.82,97.81,0.27,3.29,2.47,91.51,84.66,33.42,34.52,36.16,87.95,0.55,19.45,28.77,39.18,53.97,62.19,46.85,33.15,13.97,0.0,72.6,62.74,4.11,9.86,66.3,0.0,95.89,59.45,39.73,7.95,97.81,65.75,84.11,93.97,82.74,25.75,80.0,2.47,42.19,3.84,49.32,0.27,46.85,20.55,100.0,99.73,94.79,100.0,91.23,6.58,78.08,93.97,36.99,9.86,31.23,94.79,34.25,1.92,82.74,100.0,29.04,26.85,85.48,100.0,100.0,98.36,34.52,98.08,80.27,0.27,46.58,64.38,3.29,98.63,73.42,76.16,26.58,41.92,1.64,1.37,100.0,0.27,14.79,28.77,98.9,49.59,100.0,99.73,43.84,76.44,0.82,46.58,95.62,55.07,1.64,3.01,16.44,0.0,0.55,52.6,83.84,20.0,50.68,7.4,46.03,45.48,0.82,0.0,13.15,81.64,69.04,43.01,64.66,98.08,6.3,39.73,48.22,0.82,57.81,3.01,49.04,91.23,78.36,26.85,6.85,3.29,53.42,15.34,88.77,14.79,13.97,18.9,50.96,68.77,63.84,29.59,68.22,7.95,73.7,24.66,84.66,38.36,83.29,13.97,68.22,7.4,67.4,20.82,83.01,56.16,74.25,29.59,4.38,5.21,98.08,70.41,10.96,70.14,51.51,49.32,24.38,64.11,91.51,66.58
087 MPN-MPO-LPO Lhx6 Zfhx3 Gaba,46.32,0.0,24.26,1.47,79.41,0.74,0.0,0.0,28.68,86.03,0.0,77.94,13.24,73.53,0.74,11.03,1.47,3.68,2.21,81.62,0.0,86.03,54.41,82.35,97.79,77.21,17.65,3.68,2.21,20.59,90.44,1.47,0.0,13.24,89.71,84.56,19.85,3.68,94.12,95.59,0.0,0.0,2.94,8.09,3.68,30.88,0.74,6.62,6.62,1.47,5.88,0.74,2.21,1.47,0.74,0.0,90.44,12.5,83.82,43.38,20.59,0.0,96.32,1.47,10.29,7.35,88.97,23.53,0.74,67.65,24.26,72.06,45.59,78.68,91.91,5.88,51.47,2.94,0.0,7.35,2.94,0.0,0.0,27.94,41.91,75.0,35.29,22.79,8.09,0.74,0.74,82.35,0.74,13.24,0.0,0.0,10.29,25.0,98.53,94.12,14.71,94.85,55.15,94.12,4.41,5.88,16.91,3.68,2.21,68.38,2.21,0.0,30.15,5.15,1.47,1.47,0.0,88.97,61.76,50.0,10.29,12.5,0.74,0.0,45.59,6.62,80.15,7.35,65.44,0.0,0.74,15.44,5.88,3.68,96.32,12.5,88.97,100.0,98.53,22.79,25.74,98.53,100.0,8.82,61.03,14.71,93.38,0.0,80.88,77.94,0.0,2.21,2.21,5.88,1.47,3.68,6.62,60.29,8.82,1.47,31.62,43.38,2.21,0.0,34.56,4.41,100.0,100.0,94.85,100.0,52.94,97.79,58.82,98.53,82.35,13.24,80.88,0.74,30.15,6.62,33.09,55.15,75.74,83.82,50.74,51.47,22.06,60.29,13.97,87.5,11.76,3.68,14.71,13.24,62.5,2.94,33.09,83.09,2.21,0.0,2.94,72.79,0.0,49.26,0.0,80.15,1.47,37.5,21.32,72.06,30.88,53.68,0.74,0.74,4.41,0.0,11.03,25.0,0.0,96.32,0.74,0.74,63.24,0.0,12.5,83.82,65.44,2.21,7.35,96.32,60.29,3.68,16.18,1.47,1.47,29.41,0.0,38.24,2.21,51.47,9.56,84.56,80.15,33.09,13.97,61.03,88.24,0.0,0.74,6.62,16.18,3.68,11.03,2.21,0.74,9.56,27.21,14.71,18.38,7.35,86.76,8.82,1.47,5.15,44.85,3.68,95.59,100.0,4.41,13.97,2.21,62.5,1.47,3.68,59.56,1.47,6.62,4.41,25.74,69.85,83.82,47.79,19.12,2.21,5.88,1.47,77.21,19.85,33.09,68.38,44.85,0.0,3.68,20.59,0.0,5.88,7.35,29.41,29.41,4.41,97.79,69.12,8.09,72.79,97.79,39.71,0.74,1.47,47.79,22.79,3.68,1.47,8.09,0.0,63.97,20.59,0.74,57.35,0.74,39.71,0.74,2.21,86.03,2.94,97.79,88.97,5.15,4.41,57.35,68.38,96.32,24.26,70.59,1.47,25.74,23.53,23.53,11.03,0.0,11.03,4.41,36.03,72.06,2.21,0.0,2.21,65.44,24.26,58.82,25.0,54.41,1.47,0.0,81.62,0.74,0.0,0.0,6.62,3.68,20.59,98.53,1.47,75.0,0.0,0.0,72.06,50.74,99.26,0.0,2.21,80.15,4.41,89.71,27.21,0.0,76.47,7.35,2.21,0.74,16.91,1.47,0.0,0.0,22.79,11.76,0.0,14.71,37.5,19.85,37.5,2.94,16.18,23.53,8.09,40.44,16.91,8.09,11.03,6.62,2.21,3.68,2.94,0.0,41.91,47.79,27.21,95.59,91.18,2.21,92.65,94.12,0.0,0.0,0.74,33.82,0.0,33.82,100.0,12.5,13.24,0.0,94.12,0.0,1.47,0.74,87.5,94.85,51.47,36.76,27.94,96.32,0.0,18.38,9.56,29.41,46.32,72.06,38.97,36.76,0.0,0.74,75.0,53.68,0.74,31.62,55.88,0.0,94.85,50.74,39.71,12.5,100.0,3.68,98.53,96.32,72.06,22.79,76.47,3.68,29.41,48.53,55.88,0.0,49.26,45.59,100.0,97.79,83.09,100.0,78.68,2.21,51.47,95.59,22.06,1.47,50.74,96.32,41.91,0.74,79.41,100.0,25.74,31.62,73.53,100.0,100.0,85.29,29.41,96.32,50.0,1.47,45.59,86.03,0.74,90.44,69.85,73.53,14.71,62.5,2.94,1.47,97.79,0.0,6.62,61.76,98.53,41.91,100.0,100.0,50.74,31.62,0.74,34.56,98.53,67.65,0.74,0.0,0.74,0.0,0.0,41.18,22.06,2.94,65.44,13.97,3.68,71.32,11.03,0.0,14.71,85.29,61.76,13.24,79.41,96.32,4.41,13.24,30.88,0.0,30.88,0.0,66.91,99.26,53.68,77.21,2.21,2.21,90.44,7.35,78.68,8.09,3.68,41.18,14.71,9.56,75.74,42.65,55.88,3.68,28.68,25.74,86.03,40.44,81.62,19.85,61.03,1.47,65.44,19.85,61.03,36.03,66.18,15.44,3.68,2.21,93.38,65.44,16.18,48.53,33.09,37.5,13.24,44.12,82.35,90.44
088 BST Tac2 Gaba,60.84,2.8,1.4,2.1,81.12,0.0,0.0,24.48,34.97,85.31,0.0,53.15,32.87,72.73,0.0,5.59,0.7,2.8,8.39,76.22,0.0,30.77,58.74,59.44,92.31,74.13,42.66,2.1,0.0,37.76,73.43,0.7,0.0,19.58,96.5,51.75,52.45,1.4,96.5,93.71,2.1,0.0,16.08,0.7,47.55,48.25,0.7,14.69,25.87,0.0,11.19,0.7,4.2,1.4,2.1,0.0,41.96,41.96,92.31,11.19,20.28,1.4,91.61,17.48,14.69,55.24,13.29,69.93,0.7,75.52,63.64,97.2,74.83,46.85,60.14,4.2,20.28,6.99,0.0,4.9,4.2,0.7,0.0,72.73,56.64,25.17,36.36,8.39,49.65,2.1,5.59,40.56,0.7,14.69,0.0,1.4,39.86,14.69,97.2,61.54,2.1,83.92,28.67,95.1,5.59,29.37,6.99,8.39,4.2,49.65,28.67,0.0,45.45,18.18,4.2,2.1,0.0,84.62,65.73,19.58,18.18,0.0,0.7,0.0,2.8,23.78,69.23,6.29,13.29,0.0,1.4,19.58,6.99,6.99,93.71,14.69,88.81,99.3,97.9,28.67,16.08,99.3,100.0,9.09,67.13,26.57,90.91,0.0,17.48,11.89,0.0,2.8,2.8,4.9,0.7,4.9,44.06,55.24,24.48,2.1,48.25,52.45,2.8,0.0,21.68,83.22,100.0,100.0,88.11,99.3,88.81,100.0,68.53,98.6,65.03,20.28,23.78,11.89,26.57,11.19,10.49,60.84,79.02,72.03,49.65,62.94,16.08,67.13,16.78,89.51,11.19,64.34,16.78,20.28,46.15,0.7,49.65,42.66,9.79,0.0,6.99,65.03,1.4,33.57,0.0,51.75,27.97,31.47,85.31,4.9,44.06,67.13,0.7,4.9,23.78,0.0,4.9,74.83,2.1,5.59,4.2,0.0,12.59,3.5,29.37,53.85,66.43,0.7,10.49,98.6,67.83,6.29,13.99,9.79,0.7,28.67,2.8,65.03,0.7,61.54,2.8,60.14,30.07,60.14,39.86,76.92,67.83,1.4,0.7,13.99,32.87,16.08,3.5,31.47,1.4,24.48,4.2,53.85,20.98,0.7,76.92,16.08,2.1,6.99,39.86,2.1,78.32,100.0,27.27,21.68,6.29,37.06,5.59,2.1,62.94,1.4,5.59,20.98,13.29,79.02,94.41,61.54,86.01,0.0,25.87,0.7,42.66,22.38,20.98,20.28,74.83,3.5,11.89,38.46,2.1,11.19,44.06,26.57,36.36,6.29,82.52,33.57,31.47,74.83,81.12,47.55,0.0,4.2,17.48,63.64,5.59,1.4,6.29,2.8,64.34,5.59,0.7,68.53,0.0,39.16,2.8,3.5,90.91,8.39,97.2,89.51,0.0,6.99,67.83,81.12,90.91,86.71,50.35,7.69,17.48,27.97,13.99,0.7,1.4,4.9,49.65,68.53,70.63,34.27,4.2,8.39,14.69,6.99,42.66,4.9,32.17,0.7,0.0,76.22,0.7,10.49,0.7,6.29,2.1,31.47,97.2,4.2,64.34,0.0,1.4,27.97,53.15,100.0,0.0,2.8,96.5,2.1,76.22,25.17,0.7,13.29,7.69,2.8,0.7,0.7,5.59,0.0,0.0,20.98,20.28,0.7,23.08,46.85,14.69,55.24,30.07,27.27,6.99,43.36,46.15,16.08,80.42,34.27,9.09,7.69,2.1,2.1,0.0,81.12,98.6,19.58,82.52,57.34,16.78,86.71,74.83,2.1,1.4,0.0,11.19,0.0,43.36,95.1,18.88,90.21,0.0,95.8,0.0,2.8,0.0,93.71,86.71,44.06,30.77,36.36,86.71,0.0,17.48,9.09,44.06,39.16,69.23,53.15,35.66,3.5,0.7,69.23,52.45,1.4,13.99,19.58,0.0,90.21,52.45,64.34,13.29,100.0,4.9,86.71,92.31,72.73,20.28,75.52,4.2,28.67,2.1,39.16,0.0,36.36,46.15,100.0,96.5,99.3,100.0,100.0,6.29,69.93,100.0,20.28,5.59,41.26,92.31,32.87,2.1,83.22,100.0,49.65,22.38,75.52,100.0,100.0,96.5,23.08,97.2,27.97,0.0,46.15,94.41,0.7,93.71,53.15,73.43,12.59,64.34,2.1,2.1,96.5,1.4,8.39,13.99,97.9,51.05,99.3,100.0,32.87,66.43,0.7,53.85,81.82,47.55,2.8,4.2,2.1,0.0,1.4,31.47,62.94,16.78,65.73,37.76,30.77,45.45,0.0,0.0,30.07,77.62,88.81,61.54,32.87,97.9,1.4,6.29,30.07,0.0,23.78,0.7,55.94,75.52,69.23,37.76,0.7,9.09,83.22,41.96,93.71,54.55,2.1,33.57,11.89,26.57,51.75,34.97,95.1,5.59,81.82,16.78,84.62,30.77,75.52,19.58,67.13,1.4,71.33,16.08,65.03,54.55,68.53,11.89,3.5,6.29,94.41,72.03,14.69,50.35,40.56,44.76,15.38,45.45,83.92,87.41
090 BST-MPN Six3 Nrgn Gaba,64.36,1.09,2.18,1.27,81.09,0.91,0.0,16.18,17.27,87.82,0.36,60.36,10.0,76.0,2.0,6.36,2.36,1.45,9.27,77.09,0.18,65.09,38.18,74.55,98.18,73.64,10.18,4.36,2.91,51.09,90.36,1.82,0.55,3.09,94.91,65.09,73.64,2.36,98.55,94.73,10.36,0.18,28.55,7.45,35.82,17.82,12.0,28.73,33.64,0.18,11.27,0.18,4.0,0.55,3.09,0.18,74.36,20.36,87.27,33.27,33.45,0.0,94.36,14.55,8.18,50.55,30.18,79.64,0.0,83.09,49.09,12.18,40.36,65.64,72.18,4.55,28.91,22.0,0.91,20.18,9.64,0.18,0.18,61.27,70.73,69.09,38.91,2.18,24.91,0.55,2.91,54.55,1.45,15.09,0.18,0.0,32.73,21.09,99.09,69.45,43.64,98.91,75.09,76.18,15.45,4.91,11.82,4.18,2.55,68.55,6.36,0.55,59.09,30.55,10.36,0.73,0.18,89.27,34.55,11.27,26.18,1.27,0.91,0.36,10.73,9.64,69.82,1.09,58.18,0.18,0.73,12.0,7.27,5.27,98.0,21.82,90.36,99.82,98.18,32.55,47.27,99.27,100.0,19.45,18.18,12.73,78.91,1.27,76.55,35.27,0.0,1.45,1.27,21.82,3.64,3.82,21.64,57.82,18.55,0.36,53.82,48.18,1.27,0.0,37.82,21.45,100.0,100.0,80.55,99.45,96.0,100.0,98.18,99.82,83.82,43.82,26.73,0.91,27.45,3.27,16.0,61.45,89.27,86.55,57.27,42.55,20.91,62.18,18.18,85.82,18.18,19.64,40.73,15.82,61.09,4.36,23.64,36.0,1.45,0.0,1.45,55.27,26.91,36.73,0.36,69.09,81.82,34.36,67.82,25.82,47.82,56.73,0.55,14.73,12.55,2.0,46.91,39.82,0.36,2.73,2.0,0.36,5.09,0.36,13.64,69.27,40.18,1.82,26.0,99.64,82.0,3.64,16.36,20.36,0.36,54.91,0.36,30.55,4.73,74.18,1.27,70.36,25.64,26.36,67.64,76.73,78.55,0.18,0.0,9.82,74.0,3.09,15.27,3.45,6.18,2.0,5.27,25.09,14.91,1.27,82.18,17.09,3.64,7.27,42.73,3.27,97.45,100.0,5.82,4.55,5.82,41.45,2.18,2.0,60.0,0.91,8.55,34.55,32.91,74.36,76.73,62.0,56.0,1.45,16.0,3.64,85.09,22.18,25.64,7.82,70.36,0.73,14.73,47.45,1.64,5.82,28.18,35.09,41.09,7.64,87.27,48.0,33.27,57.45,82.0,58.55,1.27,1.64,45.82,4.73,4.18,1.27,4.73,0.55,83.45,3.27,0.18,30.73,1.82,32.55,20.91,8.91,89.82,9.09,98.0,69.64,2.18,4.91,78.73,74.0,92.18,82.18,36.18,7.82,9.82,46.55,67.64,6.0,1.09,11.27,0.91,90.0,30.18,24.91,6.91,2.73,42.91,25.45,72.18,12.36,35.82,0.36,0.36,75.09,0.18,0.36,0.73,4.91,3.27,15.45,98.18,9.82,67.82,1.27,1.27,76.0,42.73,100.0,0.36,8.91,95.82,2.0,84.36,31.09,0.18,26.91,23.64,1.64,31.45,34.0,14.91,0.0,0.18,48.73,28.73,0.0,7.64,36.55,14.91,52.18,34.0,34.55,21.09,12.18,44.73,15.82,1.27,7.45,3.82,8.91,3.82,2.73,3.09,40.0,43.82,25.27,93.82,95.64,31.64,89.09,42.18,7.64,0.91,2.0,17.82,0.55,83.09,87.64,24.91,34.55,0.91,97.27,0.55,0.73,0.55,92.18,56.18,67.64,34.36,31.45,95.64,0.18,21.27,3.64,30.73,43.09,66.18,54.36,36.36,14.91,0.55,77.09,52.36,4.73,22.91,17.27,0.36,92.36,60.73,66.0,11.82,99.64,4.36,85.27,93.82,78.0,20.36,78.0,2.0,56.18,43.27,50.0,0.36,44.73,60.55,100.0,100.0,83.64,99.82,68.91,18.73,48.18,99.09,22.73,3.82,40.73,94.36,33.82,0.91,70.91,99.27,54.55,36.36,79.27,100.0,100.0,99.27,27.82,97.09,37.45,1.45,71.27,87.64,1.27,94.91,42.91,76.18,21.27,69.09,2.18,0.73,86.91,0.55,19.45,29.27,97.82,57.45,100.0,100.0,46.55,44.73,0.36,44.36,94.55,50.55,2.18,2.55,7.64,5.64,0.73,53.09,22.0,34.73,88.0,3.27,5.64,84.36,1.45,0.0,31.64,64.18,79.45,36.73,59.45,99.82,1.09,14.36,34.36,0.55,24.18,2.36,62.73,55.82,70.91,23.64,17.09,36.36,80.0,45.64,62.36,64.55,9.27,55.45,11.27,24.91,50.36,31.09,74.73,1.82,88.36,16.36,82.36,46.91,84.91,18.91,58.55,3.82,68.91,18.55,68.36,35.09,63.82,16.0,0.91,4.55,94.91,64.36,11.09,50.73,37.09,39.64,16.73,44.0,88.18,86.91
113 MEA-COA-BMA Ccdc42 Glut,79.63,1.04,17.64,1.38,61.68,0.56,1.11,66.17,11.8,62.73,0.41,79.42,1.31,74.9,0.08,19.4,0.27,0.97,7.78,63.45,0.57,52.21,88.23,87.58,95.99,71.33,51.31,70.08,6.31,78.96,83.57,0.71,0.24,0.95,52.98,84.07,65.66,34.57,99.55,96.69,10.67,0.03,18.23,7.28,4.99,5.86,47.98,36.51,56.0,0.47,1.13,0.17,4.26,0.77,3.86,0.27,97.64,20.24,97.96,20.8,69.29,0.28,90.14,21.78,5.99,77.41,15.43,81.49,0.37,86.38,80.67,10.32,77.87,39.61,94.4,11.41,8.93,9.09,2.04,24.18,14.22,0.39,0.31,83.05,80.41,85.7,36.59,1.14,39.2,0.85,0.92,35.54,1.08,14.29,0.03,0.35,24.17,48.85,98.61,2.9,39.32,98.11,77.67,96.72,51.54,4.5,14.06,3.54,2.06,55.16,23.67,5.86,62.39,68.14,22.58,2.24,0.57,83.79,82.53,8.21,32.1,0.7,53.35,0.34,1.2,11.36,68.69,5.94,52.66,0.17,0.82,12.1,9.72,11.0,97.95,25.41,85.94,99.25,99.06,31.23,2.88,21.48,30.51,9.42,34.0,35.61,67.39,1.12,23.15,25.13,0.05,1.5,3.27,21.98,12.0,0.51,14.74,56.83,21.3,0.98,67.19,58.71,0.57,0.56,35.86,19.69,99.84,99.99,50.16,98.75,98.03,100.0,97.8,99.94,83.57,66.27,67.75,1.65,25.94,15.86,5.25,37.35,86.46,79.56,68.76,38.89,19.68,53.72,16.41,78.32,5.49,45.96,32.82,8.43,87.47,2.11,8.32,64.09,0.94,0.06,1.56,50.06,34.64,24.15,0.25,93.78,0.55,44.32,58.6,8.51,32.0,75.99,0.42,34.27,34.29,52.74,66.74,31.61,0.7,2.72,1.22,0.18,2.99,0.19,5.13,47.23,68.89,0.34,59.95,99.49,90.24,12.99,10.76,18.3,0.58,32.64,0.41,19.44,6.59,56.49,1.92,81.02,34.44,83.25,87.78,86.98,82.12,6.78,0.62,9.02,99.4,0.89,8.55,5.27,14.94,31.83,5.41,61.75,25.46,0.61,99.37,15.77,2.59,17.51,40.72,97.08,93.28,98.98,7.19,0.9,4.74,91.98,8.04,5.95,55.86,0.92,2.39,36.02,24.81,68.94,82.18,63.02,69.99,30.92,5.18,4.03,74.14,51.47,48.0,8.68,62.9,0.98,39.87,59.23,6.26,6.54,75.68,34.57,41.55,7.01,95.6,50.42,15.4,56.1,32.71,67.0,0.89,0.74,6.8,1.05,18.05,1.83,7.5,0.23,77.43,1.8,2.95,53.35,0.21,10.03,8.29,1.76,95.76,8.21,99.35,89.86,0.49,4.68,70.96,62.79,91.57,98.45,13.86,4.76,13.67,66.12,57.49,4.4,2.1,10.82,4.34,80.33,63.1,45.69,7.52,3.46,95.73,5.38,48.44,6.95,33.72,0.31,13.79,71.25,0.11,0.24,0.4,98.77,10.42,7.91,7.39,11.43,62.26,2.98,0.45,93.62,31.72,99.96,0.1,19.82,97.53,1.64,81.4,38.15,0.1,33.15,7.57,24.8,0.29,2.11,3.3,0.18,0.15,18.84,44.22,0.18,3.75,40.64,6.9,53.44,7.39,19.23,41.27,8.2,4.04,46.86,1.39,3.51,3.71,3.06,17.17,2.19,0.26,33.21,63.76,21.41,75.74,77.51,72.52,74.88,46.38,9.16,0.48,2.25,72.9,0.37,66.0,95.21,11.35,96.09,17.63,92.27,0.56,0.85,0.26,93.25,42.52,75.1,33.44,22.83,89.11,0.21,29.12,8.77,29.21,34.97,68.04,46.09,44.25,0.93,0.64,74.33,44.44,84.49,5.7,54.17,0.19,92.06,63.49,79.52,24.09,99.31,4.71,86.63,90.34,75.4,20.55,73.4,2.07,51.18,44.23,42.65,2.86,39.58,26.89,99.46,98.93,95.97,99.02,80.51,37.1,53.95,99.94,11.52,1.66,42.14,96.66,31.42,20.5,47.3,100.0,57.2,35.66,71.1,100.0,99.83,94.45,37.03,97.36,48.17,1.21,75.06,61.22,0.95,96.96,68.3,74.54,16.02,76.88,1.38,1.11,64.33,1.0,37.75,28.99,98.64,58.98,99.59,100.0,38.24,65.73,0.3,47.95,84.86,41.15,9.49,14.63,1.55,2.62,4.6,42.81,21.15,7.44,96.08,7.38,1.79,81.3,1.15,2.16,8.81,73.79,84.16,84.68,28.4,99.76,0.39,13.47,10.66,0.26,65.37,2.28,59.91,79.83,70.37,12.2,0.74,49.78,56.37,25.09,77.56,91.98,4.1,63.96,4.72,67.09,45.86,9.52,91.06,7.83,89.26,14.03,75.84,47.1,80.15,21.21,60.59,0.61,68.87,21.19,74.36,56.82,64.78,19.21,1.1,5.42,96.67,60.69,9.06,45.84,37.77,39.88,10.31,39.6,87.17,76.15
114 COAa-PAA-MEA Barhl2 Glut,78.79,0.79,6.68,1.52,78.52,0.52,0.65,44.41,25.75,69.17,0.27,58.91,7.22,73.09,0.54,8.69,0.22,3.69,21.84,66.49,0.19,82.86,75.72,90.47,93.94,72.3,39.6,38.7,2.42,72.43,57.9,7.82,0.54,3.2,76.97,48.89,80.15,4.07,99.16,95.9,4.51,0.05,31.29,7.06,23.17,22.84,12.19,93.7,39.9,2.44,10.13,0.14,6.03,0.57,3.15,0.24,85.63,48.42,86.69,53.61,54.02,0.57,92.07,8.5,7.5,69.15,44.87,69.88,0.43,82.75,67.52,57.66,67.71,67.76,86.45,9.78,8.8,52.17,0.46,41.01,17.71,0.52,0.76,87.72,84.08,80.85,37.37,4.81,41.74,0.54,5.51,55.65,2.5,13.31,0.35,0.24,52.01,24.04,98.37,3.12,28.3,96.36,68.52,87.15,44.13,10.65,20.91,6.19,4.21,57.17,22.35,0.22,76.37,54.26,29.39,1.06,1.55,85.31,23.49,12.82,44.79,2.09,3.1,0.35,12.19,28.65,75.1,4.59,30.28,1.09,2.31,29.79,20.04,17.08,96.66,38.76,86.47,99.57,97.94,30.72,11.68,24.82,34.06,13.66,36.26,42.04,80.83,1.66,22.54,53.18,0.14,1.79,3.15,13.15,5.11,1.87,30.64,28.46,32.27,1.36,69.2,59.21,3.1,1.33,38.13,20.18,99.86,99.97,26.13,98.75,95.93,99.95,88.29,99.67,51.52,70.56,65.21,6.3,27.49,8.53,15.43,61.73,90.09,85.55,47.37,36.04,16.78,69.88,15.26,83.98,32.75,38.0,50.68,55.05,83.65,4.18,9.51,40.79,4.18,0.08,1.68,68.93,9.67,69.61,0.24,97.64,0.76,50.03,64.18,14.8,60.08,49.95,3.15,11.68,39.73,7.14,25.39,12.95,0.6,2.99,2.28,0.33,17.11,0.24,5.43,79.52,74.23,2.53,40.87,99.65,81.99,6.46,13.44,46.96,0.65,86.83,0.41,46.66,6.44,46.71,19.5,76.86,64.5,51.47,82.67,64.75,74.47,0.6,0.38,8.34,93.54,1.0,15.02,13.99,8.2,8.37,6.36,34.38,44.57,0.9,67.73,34.25,45.52,22.81,38.27,84.93,96.77,99.59,5.84,1.68,4.45,85.93,8.31,86.5,61.27,0.92,11.52,24.61,41.96,70.02,75.56,68.9,44.32,1.77,20.34,2.69,63.01,61.41,39.08,29.74,68.14,1.44,17.9,64.2,17.46,7.66,15.86,44.79,43.32,9.97,82.62,47.2,25.86,72.46,71.24,49.1,7.31,2.5,4.18,2.82,10.84,3.8,1.68,2.55,68.17,1.09,3.48,37.29,0.16,64.99,9.86,14.34,91.96,24.5,99.0,90.63,2.58,5.43,84.95,63.5,92.21,95.68,37.97,8.75,16.65,69.28,49.89,3.75,15.15,18.17,0.84,65.21,47.91,66.46,9.86,23.11,63.85,18.93,67.44,4.92,46.33,0.38,0.76,72.51,0.24,0.98,0.43,98.64,21.73,19.2,14.67,17.79,57.74,4.64,0.35,70.53,44.73,99.97,0.11,13.47,96.88,2.23,86.58,37.26,0.03,16.73,35.47,6.74,0.33,2.31,6.98,0.11,3.67,24.52,28.9,0.35,8.23,53.8,15.89,47.42,27.16,67.84,37.02,9.59,10.78,19.28,2.31,36.56,10.1,5.57,66.0,2.55,3.07,46.99,77.57,26.45,68.47,88.73,96.99,63.42,22.87,3.61,0.68,13.39,17.33,0.68,65.24,88.43,8.72,86.61,2.23,93.21,0.6,0.92,0.57,93.89,80.42,48.78,31.04,29.11,84.9,0.24,35.5,14.34,41.66,42.37,64.77,52.04,47.66,1.9,0.33,65.97,47.18,57.63,41.93,52.47,2.15,94.11,63.31,68.55,25.99,99.13,5.68,90.22,92.64,75.88,27.29,77.51,2.23,41.55,18.88,46.58,8.34,44.84,18.77,99.4,99.51,76.4,99.13,77.27,49.81,73.17,99.51,23.28,7.14,54.05,97.12,32.32,79.14,78.11,100.0,46.03,29.44,71.18,100.0,99.27,96.58,28.25,97.8,39.44,1.03,61.38,53.99,3.99,92.97,58.09,75.77,20.37,82.35,3.72,2.91,87.75,5.43,45.71,16.92,99.32,59.75,99.95,99.86,41.44,63.61,0.33,45.06,90.82,39.6,13.96,14.12,3.64,1.17,5.0,30.17,39.46,8.5,90.52,15.34,28.22,71.97,1.28,0.24,18.14,76.91,76.94,51.2,40.58,99.89,0.65,80.09,37.43,0.35,52.85,18.39,37.32,79.33,66.51,37.02,2.09,10.1,59.72,45.38,50.9,88.48,27.81,62.82,37.53,68.79,76.4,17.93,70.99,17.0,79.85,20.26,80.8,43.1,80.85,17.14,64.34,3.2,71.73,18.09,76.56,55.89,65.59,21.75,8.04,4.94,95.03,61.24,18.14,55.92,39.84,41.25,13.15,46.82,84.17,90.74
119 SI-MA-LPO-LHA Skor1 Glut,45.73,1.1,4.77,1.65,73.44,0.83,0.73,14.04,24.04,70.92,0.5,53.9,27.61,67.16,0.32,18.9,0.32,1.19,4.72,78.85,0.32,24.13,45.64,94.59,62.11,73.07,49.08,56.1,21.1,60.64,80.87,12.39,0.37,36.56,91.74,43.39,86.93,2.98,92.34,90.37,0.69,0.0,4.77,1.15,50.09,31.74,1.33,36.56,4.17,0.83,6.79,0.09,2.52,0.41,2.94,0.0,67.43,28.21,84.59,46.93,36.01,2.25,94.4,6.1,13.99,22.34,58.3,53.85,0.55,52.06,16.7,64.95,68.49,83.53,86.33,2.16,27.75,14.68,0.28,6.42,5.05,0.55,0.46,29.68,59.5,45.64,37.75,3.9,14.86,1.19,3.67,39.27,1.19,15.0,1.15,0.32,52.75,24.45,96.38,2.06,3.67,97.84,60.83,36.97,15.6,28.85,22.98,18.21,5.87,63.53,5.92,3.81,54.68,13.44,4.72,0.96,0.73,85.69,36.7,22.39,34.63,7.94,16.83,21.1,2.94,6.56,77.57,1.33,30.87,0.0,3.26,20.37,3.58,5.6,92.75,7.84,88.17,99.45,97.98,29.17,2.39,24.17,45.05,5.41,22.39,11.97,89.17,1.42,10.6,29.86,0.05,1.7,1.61,3.49,2.25,2.02,22.8,19.95,16.79,0.96,62.48,46.88,5.55,0.32,24.36,45.5,99.59,100.0,41.65,99.13,74.5,100.0,97.39,99.5,67.11,40.37,62.16,4.31,30.41,12.39,48.49,78.49,79.08,70.41,10.69,32.06,13.53,74.45,17.25,83.76,25.6,12.84,54.86,23.94,81.7,2.98,28.76,59.45,17.25,0.09,2.29,52.25,0.5,60.78,0.09,75.28,0.28,33.17,31.7,37.89,45.28,46.93,11.38,37.84,18.44,0.55,8.62,22.39,0.55,3.53,7.2,0.23,37.25,0.32,10.14,76.33,64.77,0.41,14.27,99.54,48.26,4.5,9.08,18.44,1.19,64.54,0.23,63.21,4.45,69.72,17.98,83.44,75.05,36.56,20.09,55.23,83.85,7.89,8.3,46.7,61.88,1.01,9.13,33.72,2.98,8.81,6.93,11.42,33.9,0.5,99.4,32.94,0.87,8.07,57.48,85.55,94.91,99.5,16.19,26.65,2.66,58.49,25.5,64.95,55.05,0.96,7.06,17.11,39.27,64.54,55.14,51.97,8.94,1.7,8.3,1.56,44.77,53.67,35.18,17.34,57.94,1.79,4.31,56.38,12.16,5.64,9.04,27.94,34.13,11.28,94.17,41.51,11.88,80.64,82.34,30.32,1.47,1.15,4.86,0.96,5.78,10.55,2.75,0.55,50.14,1.15,7.48,77.71,3.62,36.93,0.92,20.28,74.17,4.72,98.99,97.2,0.83,4.36,58.49,33.72,93.67,90.09,77.61,3.58,5.83,23.44,39.82,8.03,2.34,15.96,1.15,41.65,66.15,61.42,7.75,50.87,37.29,51.06,73.62,20.87,72.52,0.14,1.15,78.3,53.58,0.55,0.78,99.45,9.86,15.46,11.56,2.29,79.95,0.05,0.23,48.3,54.54,100.0,0.78,14.27,78.49,2.39,73.9,25.92,0.05,74.13,6.42,0.64,0.32,2.11,1.97,0.23,0.46,21.42,15.09,0.05,23.07,44.82,16.65,40.05,29.82,25.64,59.68,20.6,25.41,12.16,1.1,32.2,5.23,17.8,77.29,44.82,0.14,68.07,69.82,20.32,90.28,54.86,95.6,72.71,19.59,1.01,0.32,0.83,9.63,3.49,51.97,91.42,26.79,68.99,1.97,84.31,0.37,0.87,2.39,90.73,48.12,14.59,31.24,28.53,84.45,0.37,20.92,77.98,28.26,43.99,60.41,14.63,41.7,31.83,21.24,68.76,50.46,6.24,41.93,45.37,0.05,93.81,62.11,44.5,24.22,98.3,10.46,74.31,93.12,76.7,27.06,73.76,3.72,37.8,2.06,53.07,0.14,50.83,20.37,99.95,97.8,80.23,99.45,81.06,21.28,85.83,95.87,22.16,6.74,35.96,92.48,35.87,14.27,70.32,97.11,16.01,32.52,79.54,100.0,93.21,92.98,26.56,95.78,61.28,0.83,44.17,76.65,0.55,76.51,55.73,71.19,13.12,75.18,8.81,4.5,94.54,1.38,22.2,24.63,98.3,41.97,99.86,99.27,49.08,59.36,0.5,37.57,94.22,29.22,18.35,10.18,3.58,0.32,0.14,35.0,23.17,8.17,37.43,26.83,66.01,19.36,1.79,0.41,25.96,62.02,62.06,45.6,28.85,96.1,19.4,19.63,17.16,0.37,38.03,1.79,40.83,51.01,67.89,35.6,20.18,4.54,59.5,49.63,71.97,14.45,46.61,48.81,44.95,52.29,79.17,44.17,88.49,10.69,76.74,17.43,84.91,32.29,81.56,13.12,60.18,5.05,62.84,16.24,68.07,47.43,60.87,21.74,5.78,5.46,94.86,62.84,15.5,60.23,37.94,35.87,16.19,45.41,81.93,79.4
120 MEA Otp Foxp2 Glut,79.59,0.8,2.79,1.33,71.81,0.2,0.33,25.4,33.91,69.75,0.27,82.98,4.19,73.27,0.07,5.65,0.53,1.2,5.25,73.47,0.27,87.23,88.03,94.75,97.74,75.86,27.53,44.55,6.65,75.8,54.59,0.73,0.2,2.46,94.61,61.04,91.16,68.09,99.0,97.54,3.26,0.0,28.12,1.4,9.44,49.53,16.36,49.67,48.01,0.33,1.06,0.4,2.93,0.4,3.52,0.33,91.09,2.59,97.41,41.02,64.63,1.46,88.76,2.93,9.57,78.99,55.12,63.36,0.53,85.84,81.18,8.38,93.95,32.25,94.41,3.06,4.39,8.64,1.06,36.5,6.72,0.47,0.8,92.42,78.86,81.38,36.77,1.13,52.66,0.86,15.82,33.71,0.86,14.69,0.0,1.26,25.07,43.22,97.47,2.93,28.72,99.67,39.76,90.09,22.81,2.46,12.43,2.06,0.93,54.12,3.46,0.13,59.51,47.54,14.1,3.06,0.07,79.65,28.52,4.59,16.36,4.79,71.68,0.07,6.78,8.24,71.28,4.72,88.03,0.33,0.53,6.18,6.78,9.11,94.55,99.0,85.24,99.4,98.07,30.72,5.12,24.93,30.12,10.37,75.47,11.84,48.8,1.2,31.05,10.37,0.13,1.13,1.06,5.19,5.19,7.98,41.02,18.82,31.78,0.66,70.01,75.8,0.86,0.47,31.58,75.33,99.6,100.0,13.9,98.67,97.01,99.87,90.36,99.8,56.32,49.0,74.27,24.73,24.0,3.26,10.51,51.0,81.91,94.68,70.21,71.34,2.33,50.47,14.89,85.37,25.13,11.24,25.0,70.28,98.34,3.46,30.65,59.64,1.0,0.07,1.86,42.89,2.99,65.49,0.53,98.4,0.53,31.12,77.39,47.34,61.84,84.24,0.27,12.9,41.29,27.53,20.41,57.78,0.6,2.39,6.85,0.4,19.81,0.33,2.99,49.8,84.97,0.47,28.52,99.47,84.38,38.5,3.72,81.98,0.53,16.82,0.53,86.64,5.25,86.04,0.6,41.56,12.83,91.69,86.84,33.11,62.1,1.66,2.33,8.11,99.67,1.86,6.18,4.85,7.45,1.26,4.12,68.22,35.84,0.66,84.64,10.77,0.93,10.04,57.25,97.21,84.44,98.74,34.11,2.33,3.46,67.09,7.51,48.07,64.69,0.33,4.19,21.28,13.1,77.79,91.56,73.54,71.54,97.87,1.13,4.85,82.38,31.98,14.96,30.19,72.21,1.2,13.83,45.15,1.26,6.72,15.69,35.31,27.59,9.57,88.5,64.63,15.62,70.28,71.68,84.18,1.13,0.66,12.77,0.47,37.97,2.53,1.2,0.2,74.6,1.86,3.06,35.84,0.33,39.1,3.86,2.53,91.49,16.95,99.53,99.47,1.06,5.45,76.6,63.43,92.62,99.87,13.16,1.73,14.43,83.51,37.23,4.65,3.06,9.91,1.0,73.74,62.23,97.47,37.17,29.99,94.28,4.59,59.57,0.66,26.6,0.4,5.39,69.55,0.27,0.2,0.33,98.6,3.39,11.77,7.51,46.08,76.53,0.27,0.6,85.9,37.17,99.87,0.07,3.66,96.94,1.13,47.27,42.62,0.07,7.25,9.71,3.72,0.2,1.86,5.85,0.0,0.2,18.22,62.43,0.0,8.24,41.69,11.37,34.24,6.12,18.68,26.66,11.97,4.92,45.41,1.93,43.09,5.45,8.64,2.26,1.99,0.6,83.18,61.17,15.69,69.48,76.4,92.22,87.63,11.57,4.99,0.33,63.96,41.02,0.27,69.22,99.27,5.39,67.42,1.0,96.61,0.93,1.26,0.2,90.03,37.9,79.99,31.32,23.87,87.63,0.07,26.86,6.25,32.91,37.17,66.89,36.5,43.35,5.92,2.66,60.64,42.15,15.56,19.41,50.27,0.07,90.49,50.73,60.37,14.56,98.74,7.78,66.16,90.69,74.67,21.68,76.4,1.8,49.67,34.84,45.15,0.33,40.29,62.7,99.67,98.74,88.9,99.14,39.56,22.27,55.78,100.0,19.55,1.2,35.44,95.08,29.65,0.86,68.48,99.93,56.65,31.18,82.91,100.0,99.93,98.54,34.51,97.81,16.62,0.93,75.93,76.33,0.8,86.3,57.45,75.33,13.83,63.16,1.06,1.8,94.41,1.93,31.58,39.3,99.07,54.12,99.93,100.0,36.17,42.15,0.33,47.74,98.6,56.65,2.79,5.52,1.26,0.47,0.86,60.84,34.64,25.93,91.89,4.12,10.04,80.12,0.8,1.26,19.68,88.23,91.62,80.72,41.95,98.74,0.2,21.08,36.3,0.33,62.5,2.86,71.68,87.43,74.14,19.55,1.93,53.06,46.68,28.72,76.46,88.7,16.22,95.68,49.73,90.62,86.1,15.16,98.8,14.03,86.24,19.88,61.1,14.16,78.39,16.89,67.09,0.47,66.56,17.75,76.66,58.18,74.2,16.56,1.0,4.65,95.74,70.81,12.17,47.74,34.71,40.23,11.64,49.6,84.44,58.38
121 MEA-BST Otp Zic2 Glut,79.44,0.56,4.86,1.83,59.6,0.64,0.48,67.73,12.75,79.04,0.88,24.7,5.5,74.9,0.24,72.59,0.24,3.59,5.58,69.72,0.72,73.15,82.87,88.84,92.59,72.35,38.41,54.82,27.97,77.05,78.96,3.67,0.8,4.46,77.85,89.64,79.6,46.37,99.12,96.81,5.42,0.08,7.33,65.9,17.77,28.53,4.06,11.16,27.09,0.4,5.98,0.16,17.13,0.8,2.15,0.08,91.55,31.55,98.41,25.9,57.69,2.47,90.36,7.09,7.81,52.43,49.08,50.76,0.8,69.08,68.45,63.82,83.11,66.37,94.82,7.17,19.92,14.66,1.2,16.97,39.76,0.4,0.08,64.78,80.16,84.86,35.06,1.27,29.16,0.64,2.39,47.09,0.48,14.82,0.08,0.24,31.71,40.48,97.53,3.67,29.72,97.53,65.18,86.53,3.27,11.39,9.64,1.67,2.07,55.06,16.73,18.49,53.47,40.4,14.18,1.99,0.16,82.63,66.53,11.39,20.8,0.72,44.86,0.24,15.22,12.83,63.03,2.71,7.89,0.48,0.56,7.57,5.9,4.94,96.89,36.18,87.09,99.52,99.2,32.67,3.75,22.23,31.39,6.61,55.38,14.34,89.96,1.43,63.98,20.16,0.32,1.59,1.35,3.59,6.37,2.31,19.52,71.08,23.59,1.04,52.83,65.98,0.96,0.96,23.51,19.04,99.28,99.92,41.91,98.09,99.2,99.84,96.65,100.0,73.78,43.82,57.53,1.67,22.95,12.51,50.28,45.74,82.23,66.29,55.62,45.02,5.1,57.13,13.71,79.84,19.52,51.55,37.61,10.52,77.77,2.55,6.45,27.89,2.47,0.0,1.67,76.02,3.98,22.95,0.32,75.3,0.56,29.64,62.31,13.86,38.17,63.59,0.4,16.49,25.34,6.37,29.8,29.32,0.72,3.59,5.82,0.48,10.52,0.16,21.43,59.92,59.44,1.83,59.44,98.96,82.15,20.4,13.55,50.76,0.96,17.21,0.32,66.69,8.45,58.65,1.2,73.86,22.63,68.05,79.76,63.43,70.12,14.9,13.23,17.29,98.09,1.83,8.05,6.61,23.11,12.43,5.66,58.17,37.05,0.56,75.94,13.39,1.43,11.39,47.73,87.33,96.65,98.8,13.86,2.87,4.22,91.71,37.53,11.0,58.33,1.27,4.46,12.27,12.11,66.37,55.78,65.66,66.77,94.02,1.59,2.55,73.39,58.41,61.04,15.94,85.66,1.43,3.03,61.91,28.29,3.98,20.4,34.66,28.53,9.8,97.37,62.63,20.32,63.11,53.94,88.05,2.63,1.43,15.06,0.48,9.4,4.14,3.98,0.08,83.98,3.19,1.27,46.93,0.48,45.66,7.73,2.87,93.94,3.98,98.41,96.02,1.99,6.93,85.9,50.84,85.74,99.04,23.51,23.51,11.0,82.55,38.25,5.5,0.56,11.95,1.12,78.09,49.08,33.23,8.69,1.51,94.1,5.58,95.38,0.96,45.02,0.24,87.97,70.2,0.0,0.32,1.27,98.8,26.77,15.78,11.47,35.3,51.16,0.64,0.48,83.43,35.38,100.0,0.32,46.45,91.55,1.99,71.24,36.65,0.32,19.76,6.53,6.85,0.48,2.47,15.54,0.08,0.08,18.41,36.41,0.24,11.08,36.81,37.29,66.85,9.8,75.14,34.5,11.87,7.57,32.67,2.07,25.9,9.08,6.77,1.83,2.15,0.4,38.01,69.48,37.21,55.54,71.87,89.0,88.29,44.3,4.38,0.88,13.55,80.32,0.32,52.83,98.57,4.94,98.96,0.56,87.89,0.72,0.64,0.64,93.78,35.06,46.85,33.31,22.39,95.06,0.48,33.47,78.09,28.37,36.73,64.3,37.21,46.14,69.72,60.56,75.54,42.23,77.85,15.86,26.61,0.64,89.48,57.13,70.84,19.28,99.28,10.12,75.94,92.03,72.83,26.06,70.84,2.15,40.48,39.44,40.96,0.48,39.28,79.44,99.6,99.28,99.52,99.68,47.97,23.43,60.56,100.0,21.2,2.23,29.08,94.74,29.32,1.2,59.12,100.0,67.49,31.63,73.94,100.0,98.17,93.78,30.28,97.61,33.47,1.59,59.6,61.27,1.04,96.89,53.55,75.86,12.83,78.41,2.47,0.4,78.33,4.94,30.44,46.93,97.77,55.06,99.6,100.0,38.01,50.84,0.4,51.24,87.65,74.02,3.27,6.22,5.26,0.56,0.88,57.29,27.17,10.28,92.91,4.62,1.43,76.25,0.64,0.16,43.59,85.66,95.54,59.04,42.07,98.41,1.59,4.22,41.83,0.4,50.04,4.22,58.65,69.56,54.5,59.04,1.2,51.47,61.67,17.53,76.97,83.82,16.02,46.29,17.61,31.08,86.22,25.26,66.29,9.16,69.08,16.81,70.76,23.03,79.76,22.15,58.41,1.51,66.61,16.65,71.55,52.75,55.3,16.73,0.56,5.02,96.25,57.45,8.21,41.99,33.31,40.48,12.43,41.35,82.79,83.43
122 LHA-MEA Otp Glut,72.21,1.2,3.59,1.33,60.37,0.8,0.13,57.71,22.61,75.53,0.13,69.28,6.38,67.82,0.53,57.98,0.66,1.33,4.12,72.87,0.27,48.14,67.69,76.33,97.47,73.67,13.16,69.02,13.43,60.77,88.3,0.53,3.86,0.4,76.86,63.96,92.29,21.94,97.74,96.28,2.79,0.0,4.65,54.92,33.91,52.93,3.72,26.73,42.02,0.13,27.13,0.53,9.04,1.2,1.33,0.0,92.55,57.31,92.82,38.16,47.21,3.72,90.56,11.17,7.71,56.65,60.51,29.52,0.4,80.72,25.93,69.28,84.57,67.55,79.92,14.36,9.84,14.76,0.13,22.61,8.11,0.53,0.53,71.68,76.33,35.37,34.18,5.72,16.49,0.4,0.66,45.61,1.06,11.7,0.0,0.53,35.9,27.26,98.14,2.26,30.45,96.68,56.78,89.89,7.18,2.66,11.7,1.33,7.05,53.86,30.59,14.36,58.51,30.85,14.1,1.06,0.13,84.18,63.96,11.17,21.01,1.2,2.53,0.0,3.19,12.23,72.61,2.79,43.75,0.4,0.8,9.97,4.79,3.86,96.81,21.28,87.37,99.47,98.4,31.65,30.32,22.61,46.41,10.11,51.2,37.37,90.03,0.66,41.62,40.03,0.0,0.8,1.46,6.38,8.11,1.2,23.01,91.62,28.86,1.33,55.85,64.23,1.06,0.93,13.96,34.04,99.07,100.0,28.59,96.68,98.54,100.0,93.48,100.0,85.51,46.14,42.42,1.33,27.53,7.45,23.8,47.87,75.8,65.29,61.04,39.63,17.55,60.11,15.16,82.18,18.88,22.47,57.71,10.11,74.73,2.26,26.06,40.43,1.73,0.27,2.93,62.9,9.57,26.2,0.0,90.56,0.8,27.79,73.4,14.89,33.78,23.54,0.0,9.44,19.81,5.19,28.72,36.7,0.4,2.79,1.73,0.27,27.39,0.27,11.57,40.16,65.16,1.06,39.49,99.34,78.32,16.76,21.14,53.86,0.66,18.62,0.66,36.97,5.59,61.17,2.93,64.63,29.79,82.45,61.84,73.01,68.35,0.53,0.0,8.38,96.01,5.85,8.24,3.19,17.02,15.03,4.79,48.01,25.27,0.13,58.78,13.96,1.6,11.04,40.96,88.43,99.6,99.2,3.86,2.66,2.66,59.84,6.12,8.51,56.38,1.06,14.89,19.68,16.89,67.15,92.55,64.89,65.43,98.27,1.73,2.13,93.48,47.21,27.93,23.67,69.41,0.93,29.12,53.59,4.92,8.24,71.68,28.46,32.18,7.85,89.76,43.88,31.38,69.55,85.77,98.94,1.46,1.46,7.05,4.26,4.92,1.73,2.26,0.27,73.14,1.73,0.66,71.01,0.27,39.89,7.71,3.06,88.7,12.37,98.14,99.34,1.86,7.71,75.4,72.34,91.49,99.34,39.89,3.46,8.24,89.1,37.37,5.85,0.66,15.16,0.8,79.52,36.44,25.8,17.82,15.03,87.1,15.29,88.7,1.33,41.49,0.13,96.68,70.48,0.13,0.4,0.53,99.07,1.99,13.96,11.3,28.72,71.01,0.27,0.4,83.64,36.84,99.73,0.4,2.39,89.23,2.39,78.46,34.04,0.0,12.77,7.98,2.93,0.4,2.79,11.97,0.0,0.53,16.22,27.53,0.53,8.78,40.82,30.45,88.96,4.12,79.92,33.64,5.45,23.67,18.88,0.93,56.52,3.72,6.38,3.19,1.86,0.27,67.82,55.98,21.41,93.22,73.67,87.23,93.88,49.2,15.03,0.4,12.5,68.62,0.4,52.39,98.67,16.09,98.4,0.93,98.27,0.13,0.8,0.0,91.22,76.73,37.5,35.64,24.73,95.35,0.0,25.0,50.0,26.73,46.54,65.96,50.0,29.26,21.68,12.77,73.4,46.68,78.19,12.5,15.43,0.13,92.02,45.35,58.38,16.22,98.54,3.32,89.76,91.36,72.61,24.07,69.55,2.26,30.19,51.73,42.42,0.4,36.04,53.86,99.73,98.94,94.41,99.6,87.23,20.08,62.5,99.87,23.4,1.99,39.36,92.95,31.12,0.93,65.03,100.0,56.65,19.55,69.55,100.0,100.0,97.61,33.91,96.81,51.33,1.2,56.38,70.74,0.8,98.67,41.22,73.94,16.89,79.26,3.06,1.86,89.89,1.06,49.73,36.3,97.61,55.19,99.6,100.0,35.37,62.1,0.53,52.66,93.09,65.82,9.04,3.86,2.26,0.4,0.13,31.38,37.63,15.43,93.75,24.6,25.13,80.19,0.93,0.13,16.36,91.09,84.44,85.24,55.19,99.73,0.8,12.5,40.96,0.0,52.13,2.13,90.82,76.73,59.97,57.18,4.52,37.1,47.21,40.29,65.96,87.1,4.52,66.89,13.43,65.29,92.02,17.82,86.97,8.11,60.64,16.49,79.92,22.74,76.99,19.68,53.72,2.26,70.74,16.62,62.1,57.98,56.65,14.1,0.93,4.65,93.62,60.77,11.57,46.28,38.83,40.03,12.5,42.29,83.78,83.51
133 PVH-SO-PVa Otp Glut,19.12,0.74,5.15,1.47,75.0,2.21,0.0,22.79,34.56,94.85,0.0,85.29,1.47,69.85,0.0,93.38,0.0,0.0,16.91,94.12,0.74,15.44,27.21,88.24,95.59,77.94,74.26,1.47,9.56,25.74,81.62,0.0,80.15,16.91,69.12,91.91,16.91,61.76,88.24,95.59,0.74,0.0,5.15,30.88,0.74,6.62,0.0,11.76,2.94,0.0,1.47,0.0,4.41,0.74,3.68,0.0,95.59,4.41,94.85,9.56,97.06,0.0,88.24,1.47,0.74,9.56,61.76,10.29,0.0,46.32,83.82,75.0,98.53,73.53,98.53,6.62,13.97,2.21,0.0,2.21,0.74,0.74,1.47,45.59,16.18,11.03,60.29,1.47,1.47,0.0,0.74,27.21,0.0,23.53,0.0,0.0,18.38,57.35,99.26,0.74,36.76,99.26,35.29,100.0,5.15,0.0,33.09,8.09,8.82,75.74,6.62,91.91,80.88,8.82,2.21,0.0,0.74,95.59,98.53,22.79,19.12,1.47,22.79,59.56,2.94,7.35,80.88,2.21,97.79,0.0,1.47,63.24,48.53,65.44,99.26,99.26,96.32,100.0,96.32,40.44,6.62,27.94,38.24,13.97,11.03,47.06,75.0,0.74,1.47,9.56,0.0,2.21,0.74,0.74,0.74,2.21,53.68,24.26,5.15,0.0,42.65,5.88,0.74,0.74,22.79,9.56,100.0,100.0,2.94,97.79,24.26,100.0,19.12,86.76,97.79,9.56,47.06,2.21,38.24,2.21,2.21,61.03,74.26,76.47,33.82,20.59,5.15,88.24,23.53,100.0,5.15,6.62,13.97,22.79,20.59,1.47,68.38,35.29,0.74,0.0,3.68,22.79,0.74,5.15,0.74,91.91,2.21,66.18,16.18,74.26,25.74,41.91,1.47,2.21,25.0,0.74,5.88,2.94,0.74,1.47,2.21,0.0,10.29,0.0,3.68,94.85,71.32,1.47,15.44,100.0,89.71,3.68,22.06,61.76,0.74,22.06,0.0,6.62,9.56,8.09,16.18,57.35,26.47,97.79,42.65,80.15,94.85,2.21,0.0,8.09,43.38,0.74,23.53,5.88,3.68,7.35,5.15,2.94,2.94,0.74,80.15,24.26,2.94,22.06,33.82,96.32,16.91,100.0,0.0,1.47,1.47,90.44,9.56,8.09,60.29,0.0,19.12,2.21,25.0,72.06,22.06,55.15,40.44,98.53,1.47,3.68,100.0,99.26,16.18,5.15,23.53,0.74,98.53,50.0,6.62,16.18,9.56,37.5,13.97,2.21,89.71,81.62,16.91,83.09,73.53,86.76,56.62,5.15,5.15,1.47,1.47,26.47,22.06,0.0,88.24,9.56,0.74,8.09,0.0,77.94,4.41,30.88,99.26,4.41,87.5,100.0,2.94,7.35,90.44,85.29,94.85,100.0,26.47,9.56,42.65,16.18,4.41,1.47,2.94,9.56,0.0,41.18,32.35,16.18,4.41,33.09,83.82,14.71,66.91,66.91,20.59,0.0,100.0,75.74,0.74,0.0,0.74,96.32,1.47,25.0,10.29,2.94,66.91,0.0,0.0,99.26,79.41,98.53,13.24,3.68,90.44,1.47,80.15,64.71,0.0,9.56,6.62,3.68,0.0,2.21,5.88,0.0,0.0,26.47,14.71,0.0,8.09,48.53,11.76,94.12,2.94,27.21,69.85,19.85,4.41,75.74,0.74,0.0,61.03,59.56,1.47,1.47,9.56,65.44,44.85,42.65,62.5,11.03,63.24,91.91,16.18,0.0,0.0,3.68,3.68,0.0,8.82,93.38,19.12,25.74,0.74,100.0,0.0,2.94,2.21,97.79,14.71,76.47,40.44,36.76,98.53,1.47,20.59,97.06,31.62,41.18,63.97,78.68,58.82,0.0,0.0,76.47,52.94,10.29,1.47,30.88,0.0,92.65,55.15,75.0,52.94,97.06,12.5,66.91,91.18,87.5,39.71,75.0,3.68,46.32,6.62,65.44,4.41,55.88,53.68,100.0,100.0,98.53,97.79,95.59,2.94,95.59,100.0,41.91,28.68,97.79,97.06,41.18,0.0,77.94,100.0,10.29,22.06,78.68,100.0,91.91,95.59,20.59,99.26,31.62,0.0,55.88,95.59,2.94,65.44,18.38,50.0,30.15,24.26,0.0,2.94,86.76,0.74,72.79,8.82,97.06,48.53,100.0,100.0,61.76,30.15,0.0,26.47,100.0,33.82,42.65,8.09,2.94,0.0,0.0,60.29,5.88,6.62,36.03,1.47,0.74,95.59,0.74,0.74,3.68,80.15,99.26,19.85,55.88,100.0,4.41,2.94,26.47,0.0,33.09,0.74,86.03,54.41,63.24,81.62,2.94,6.62,52.94,91.18,95.59,8.09,7.35,13.24,6.62,83.09,68.38,85.29,31.62,18.38,98.53,29.41,80.15,12.5,88.97,18.38,67.65,0.74,73.53,16.18,76.47,33.09,65.44,15.44,2.94,2.94,91.91,64.71,25.0,30.15,47.06,36.03,17.65,55.15,76.47,87.5
318 Astro-NT NN,1.72,0.85,9.93,95.16,21.0,1.93,0.39,3.3,2.91,79.8,1.02,33.87,3.02,24.28,0.15,30.38,1.98,90.96,0.38,47.2,0.34,4.27,24.44,32.82,5.95,28.24,2.38,0.64,0.53,42.47,8.51,1.7,0.11,0.3,40.98,3.64,2.96,0.84,10.46,97.77,0.77,0.07,1.54,0.15,0.34,0.71,0.08,2.51,0.45,0.24,0.5,0.66,2.13,0.95,1.18,0.26,22.77,93.63,15.91,9.8,1.45,0.07,65.5,0.27,2.16,1.22,0.66,1.91,1.58,78.32,1.27,1.99,1.44,1.3,3.17,7.32,0.68,0.32,9.45,11.88,1.18,0.11,0.14,2.25,12.46,4.26,23.09,0.29,0.23,2.92,0.52,13.4,0.09,9.15,0.29,0.3,8.62,28.39,36.71,1.95,0.5,56.87,13.29,51.38,0.32,0.24,7.3,0.19,0.18,22.09,1.65,0.27,10.07,1.46,0.54,0.78,0.1,44.3,5.31,33.52,56.37,16.23,0.15,1.23,0.4,0.32,8.15,0.23,1.89,0.3,1.18,6.96,0.95,0.92,74.57,3.26,42.91,82.97,95.86,16.86,0.31,8.7,11.71,1.81,0.66,0.13,10.6,24.08,2.26,1.36,16.77,4.71,87.53,0.92,0.28,24.81,68.88,1.43,0.2,2.51,0.57,0.97,0.73,0.52,1.18,1.09,97.51,98.65,1.88,7.89,3.35,71.59,2.74,40.49,4.43,16.1,18.43,28.63,12.62,0.08,0.31,37.69,20.1,4.41,51.58,1.58,1.23,50.56,1.48,60.34,0.19,0.41,10.04,0.29,5.79,0.18,14.19,86.77,0.22,0.26,1.34,26.6,0.29,17.17,0.55,11.94,0.22,13.41,2.89,0.52,19.32,2.65,0.45,6.79,3.29,0.19,1.36,0.77,1.95,1.0,2.28,0.83,2.54,0.6,20.11,15.54,91.52,0.11,1.96,81.53,32.13,0.13,0.1,6.31,1.34,67.62,0.57,4.86,1.63,10.37,3.25,1.6,0.98,4.29,2.75,2.76,8.63,0.17,0.07,96.93,3.15,0.4,0.42,0.5,0.08,0.26,2.17,0.51,0.71,29.69,64.7,3.47,0.96,0.45,2.76,2.33,3.9,99.94,0.95,0.39,99.09,1.23,0.13,0.27,46.46,1.6,0.12,0.04,0.34,1.05,1.2,1.29,2.44,0.45,0.29,0.19,5.14,0.35,2.63,1.57,85.05,3.4,0.81,10.77,4.53,2.14,2.55,20.05,37.6,1.91,6.88,0.91,14.91,2.42,1.55,1.25,1.49,4.55,0.61,1.34,15.17,1.06,9.3,0.01,24.27,4.27,0.07,2.04,0.33,4.09,2.29,2.96,3.29,0.19,5.5,21.23,0.1,91.38,4.17,4.95,4.47,70.23,0.88,8.55,98.42,1.81,0.42,0.08,0.2,1.89,0.8,1.1,23.15,1.25,1.11,0.43,3.54,15.09,16.14,1.12,21.16,1.09,0.15,32.3,0.17,0.29,0.24,1.53,1.21,0.28,2.68,97.03,1.35,0.03,0.46,4.25,24.24,17.13,0.12,31.23,3.11,4.12,14.8,10.46,0.29,90.35,96.31,50.38,0.11,0.77,2.68,0.55,0.1,6.7,0.78,0.01,15.21,28.07,2.92,12.73,0.62,3.21,1.46,1.0,0.46,3.54,0.51,0.4,0.42,10.88,0.26,88.93,0.08,41.84,2.22,49.99,76.39,2.25,1.06,6.48,78.91,0.13,1.99,0.18,0.76,0.11,0.78,41.11,1.66,12.66,0.22,4.04,0.08,0.42,0.36,39.99,1.76,27.98,10.99,12.92,7.05,0.23,8.25,3.94,7.99,50.08,23.08,87.35,62.93,0.71,1.32,3.59,12.59,0.6,19.23,17.97,0.23,58.62,40.23,40.68,16.94,11.71,0.25,2.54,37.96,41.38,15.2,60.75,4.05,46.99,0.69,26.04,0.15,34.2,0.79,98.72,13.55,7.55,10.24,45.69,0.27,91.89,12.66,20.25,5.56,21.84,33.1,12.83,0.3,11.41,99.77,72.65,45.82,40.38,100.0,79.46,79.65,10.2,10.99,1.9,45.86,73.56,2.84,2.28,7.43,2.98,5.95,3.49,100.0,0.41,0.34,99.6,0.05,0.71,3.2,8.93,14.18,17.02,20.77,28.44,3.48,0.99,47.26,99.95,1.46,0.39,16.53,0.17,1.7,0.06,12.29,1.44,0.6,1.76,0.57,0.23,2.2,20.07,0.02,0.65,1.7,92.89,3.8,96.78,67.12,14.22,59.3,0.6,0.14,0.81,4.27,93.05,3.18,2.1,30.02,0.66,88.69,50.85,3.92,8.31,1.51,1.43,91.45,0.24,20.41,1.13,2.48,99.49,0.66,4.67,6.19,33.18,52.83,72.31,2.33,34.68,44.48,28.12,8.62,27.58,2.51,21.5,10.32,0.43,5.49,47.45,24.51,4.96,17.32,14.74,12.26,8.63,13.5,3.33,67.52
319 Astro-TE NN,3.91,2.79,2.28,94.34,23.6,0.93,0.39,2.76,2.95,70.73,0.83,39.96,9.63,26.27,0.09,16.38,0.95,89.94,2.75,51.39,0.5,2.9,11.24,23.85,3.33,27.69,4.14,2.98,1.06,44.58,4.3,1.17,0.02,0.33,27.76,4.75,2.9,1.34,26.14,90.11,1.26,0.03,1.1,0.23,1.84,0.72,0.06,13.31,1.38,0.57,0.35,0.55,4.19,0.68,1.45,0.23,20.16,88.49,44.7,10.29,1.87,0.04,66.48,0.29,2.88,3.33,0.93,5.05,1.21,91.8,3.4,9.85,1.72,2.46,3.1,8.05,1.1,1.06,7.38,12.71,2.31,0.72,0.62,3.57,5.64,6.04,24.42,0.48,0.63,2.2,0.1,12.9,0.14,8.15,1.15,0.25,13.25,65.25,48.1,1.68,0.74,52.69,13.55,36.55,0.35,0.19,20.27,0.85,0.52,21.54,1.25,0.14,18.61,7.27,1.26,0.67,1.06,45.57,26.53,32.36,62.94,16.31,0.1,16.29,0.5,1.55,10.59,0.1,8.18,0.26,1.29,11.86,1.31,1.2,51.64,5.38,45.16,89.13,84.71,19.22,0.23,9.94,10.29,2.17,1.47,0.09,16.01,19.23,47.47,2.92,11.31,2.14,93.6,1.1,0.6,27.29,83.17,0.76,0.19,1.98,1.25,2.46,1.45,0.42,1.6,1.14,33.02,97.16,3.62,14.27,11.81,68.35,4.03,28.31,5.73,11.9,16.26,66.56,12.04,0.19,0.31,47.54,31.66,4.45,35.71,3.24,5.94,52.37,2.53,58.36,0.36,0.48,8.59,0.94,3.99,1.4,27.18,87.32,0.57,0.15,2.1,32.01,1.41,27.78,0.5,8.96,0.07,14.22,10.77,1.07,9.27,4.23,0.29,8.18,6.56,0.19,2.34,2.35,1.56,1.26,2.58,0.71,47.68,0.4,8.07,18.71,86.73,0.4,2.79,84.08,26.19,0.12,0.21,18.28,0.81,90.74,0.49,21.89,2.75,9.3,1.76,2.38,0.6,5.14,1.99,2.88,8.65,2.18,3.19,98.04,2.19,0.35,1.62,1.06,0.56,1.51,6.11,0.89,0.6,54.55,39.38,9.48,3.29,2.25,3.58,11.12,5.74,99.65,0.54,1.26,96.38,2.41,1.48,0.2,45.43,1.22,0.31,0.14,0.27,0.99,1.26,1.83,2.67,0.26,0.22,0.19,2.15,0.96,4.29,1.48,87.57,2.55,0.96,12.72,17.93,1.61,1.8,29.7,36.93,2.13,7.69,1.58,21.21,4.2,2.19,1.41,1.21,3.96,0.57,1.52,14.22,1.42,7.86,0.06,16.48,1.3,0.02,2.6,0.92,4.99,2.8,2.14,5.42,1.76,11.31,34.62,0.76,91.49,9.8,5.64,5.77,88.84,1.09,6.28,99.49,3.39,0.89,0.77,0.73,2.09,3.94,0.6,19.86,1.64,0.66,1.18,4.6,18.41,33.46,13.24,16.73,0.98,0.04,35.83,0.08,0.46,0.77,0.84,16.38,0.28,2.52,93.62,1.37,0.05,0.42,4.62,27.1,34.72,0.1,25.68,5.58,2.67,23.45,10.48,0.29,91.16,93.03,44.08,0.14,0.71,3.83,0.56,0.1,9.97,0.97,0.01,14.6,31.34,4.68,3.44,0.24,5.59,6.88,0.51,1.06,2.67,0.58,0.42,0.44,13.06,3.47,87.62,0.06,21.78,2.24,53.31,81.82,3.24,1.1,3.8,88.69,1.43,1.56,0.17,0.69,0.03,0.97,15.23,5.61,50.18,0.07,3.36,0.08,3.04,0.62,42.98,1.43,22.7,10.77,14.64,7.34,0.39,7.5,2.8,8.48,36.93,26.71,88.3,69.5,13.77,10.08,2.86,9.5,1.03,12.05,16.1,0.15,64.49,44.15,38.0,19.45,15.41,0.47,3.42,37.64,41.87,15.82,64.81,3.21,49.45,0.66,31.49,0.31,34.02,0.52,98.86,13.74,15.52,12.98,29.47,1.04,98.85,17.24,17.35,4.38,33.77,41.96,13.18,0.21,11.33,99.55,69.42,51.96,47.39,100.0,62.42,37.39,12.48,34.76,3.63,56.31,68.99,3.25,2.32,7.67,3.53,6.08,8.42,100.0,2.16,0.19,98.36,0.74,0.8,2.0,19.13,16.39,23.4,38.52,32.49,5.81,0.83,39.16,99.96,1.23,0.98,32.37,0.31,3.27,0.14,9.34,1.01,0.5,1.33,0.56,0.18,1.4,3.87,0.08,1.01,2.29,98.33,4.1,97.58,41.97,21.69,39.61,0.68,0.18,0.95,5.03,95.45,5.9,2.88,26.43,0.36,50.5,65.25,12.98,11.24,3.58,5.46,51.41,0.36,10.02,2.13,2.36,94.66,2.3,5.04,7.13,34.43,56.25,69.25,3.3,37.47,42.04,29.72,7.65,28.05,5.15,21.14,14.96,0.86,5.61,48.59,23.61,3.46,18.45,13.1,13.42,7.56,15.27,5.75,74.55
326 OPC NN,16.49,0.82,35.59,7.5,29.49,1.53,0.41,8.59,19.23,83.85,0.92,40.91,7.5,36.97,0.21,6.9,9.15,6.97,1.29,51.42,0.48,15.45,64.1,42.46,6.33,40.34,12.58,1.65,8.23,18.57,38.95,96.31,24.13,4.25,35.9,5.3,23.24,87.04,19.34,47.02,0.91,0.05,1.54,3.97,1.24,1.62,0.07,8.13,1.03,0.28,5.44,0.52,0.85,0.61,1.34,0.11,97.21,92.84,47.99,79.24,4.57,0.04,64.31,1.0,7.7,21.8,14.99,16.03,1.25,12.37,2.74,20.24,84.35,11.38,54.72,76.96,3.42,3.29,0.16,3.24,1.95,0.47,0.68,4.01,4.33,61.86,18.05,0.75,1.92,97.28,0.43,61.44,6.01,9.52,0.06,0.24,4.22,4.78,48.3,1.46,21.85,89.74,54.65,98.2,0.44,0.38,18.16,2.48,2.29,24.52,63.41,0.13,33.26,4.45,0.86,0.71,0.47,62.57,29.01,80.37,87.93,12.79,0.18,0.47,1.46,7.64,39.45,1.79,83.2,0.12,4.44,16.7,12.83,1.17,66.87,22.19,55.21,72.04,70.98,25.75,2.32,46.47,17.13,4.91,8.09,0.16,10.18,1.35,85.67,25.87,0.2,93.67,1.04,2.32,0.89,11.62,80.32,1.79,0.34,98.33,1.73,6.52,0.99,0.71,1.04,1.66,62.1,99.01,77.44,32.72,8.17,18.39,5.56,96.8,8.94,46.16,40.42,6.13,15.46,0.8,1.02,37.68,49.07,16.3,25.4,2.55,1.92,69.29,6.16,67.21,0.22,0.66,22.52,1.59,8.12,0.68,66.21,66.91,0.41,0.22,8.1,11.64,0.8,76.12,0.4,90.59,0.21,24.2,71.71,12.62,8.98,49.88,1.33,1.71,10.77,0.26,2.15,1.7,1.53,1.36,5.19,0.61,32.97,0.35,26.5,46.22,37.12,0.38,8.17,86.27,46.67,2.12,0.93,12.15,0.8,63.67,0.42,19.71,2.39,71.24,1.88,6.23,4.97,6.19,18.25,7.58,54.86,1.29,1.46,96.87,3.83,0.39,1.27,0.96,0.21,12.4,6.21,0.75,0.9,19.16,40.19,45.74,2.71,6.94,10.06,10.23,44.21,98.25,1.11,0.3,13.65,13.16,0.82,4.41,52.34,1.28,1.84,0.19,0.45,38.7,1.86,12.68,2.14,0.48,0.23,0.34,27.11,3.69,29.47,1.29,95.05,99.88,1.48,84.11,1.5,2.04,2.91,12.47,35.62,2.49,51.96,6.1,1.77,17.04,29.99,37.04,47.19,1.63,0.8,82.07,1.54,2.03,35.64,0.13,68.24,3.87,0.09,23.81,1.62,4.99,2.56,0.79,7.6,1.01,11.8,76.66,3.41,62.62,7.55,37.34,11.93,3.54,16.09,34.36,55.32,44.3,0.39,0.58,0.47,7.12,1.91,2.15,16.77,3.69,90.77,38.7,92.83,89.65,87.18,5.01,58.89,0.85,0.25,37.42,0.16,0.29,0.38,1.76,7.89,7.2,3.5,2.37,53.55,1.37,0.45,21.75,43.43,77.21,0.14,1.28,94.74,97.65,64.49,28.62,0.23,99.13,99.69,86.01,0.28,1.05,1.35,0.28,0.11,9.46,2.14,0.01,12.5,20.71,2.18,21.3,0.55,5.77,11.96,0.91,23.11,22.3,0.72,0.95,1.0,74.31,2.05,69.87,0.06,91.46,80.35,35.13,65.27,95.72,83.78,62.9,92.11,0.55,1.5,0.28,1.01,0.08,2.37,83.39,0.59,93.56,0.2,66.15,0.17,1.53,20.23,64.02,1.32,7.59,13.66,18.22,5.34,2.6,11.8,82.01,18.85,34.11,30.61,95.35,46.76,1.8,0.1,17.54,28.56,1.0,1.52,5.61,0.16,68.11,25.73,28.48,14.05,38.37,26.25,16.8,65.89,50.12,12.59,24.6,3.46,18.82,1.12,28.17,0.45,33.42,3.62,97.21,82.92,97.28,98.86,98.38,0.7,14.6,90.94,18.37,12.24,74.49,77.22,18.52,0.35,57.22,100.0,8.45,19.1,41.32,100.0,99.91,97.48,15.84,44.11,17.42,0.8,44.31,8.78,1.72,10.16,79.63,23.73,0.44,97.45,1.08,30.65,95.14,1.69,0.55,61.17,52.04,16.83,37.21,61.69,34.36,5.55,0.82,41.32,99.65,16.15,1.28,98.39,0.76,0.35,0.07,17.29,64.31,60.09,3.38,0.94,16.12,4.11,11.04,0.09,4.32,47.47,99.89,42.54,99.22,99.7,46.38,39.89,12.41,0.34,6.28,20.0,98.37,87.1,8.75,70.7,2.54,68.29,76.02,89.98,24.23,3.14,0.7,96.84,0.65,89.35,5.8,17.02,69.07,9.94,9.54,2.03,37.0,53.28,63.68,3.54,20.68,39.4,47.08,7.39,47.65,6.08,27.66,24.19,0.91,4.36,78.29,23.38,9.35,26.69,15.42,15.15,16.3,22.9,16.73,91.03
327 Oligo NN,4.17,39.31,0.88,6.91,19.55,1.11,0.45,30.23,68.79,11.51,0.87,4.6,3.92,36.17,0.09,2.01,0.43,5.67,25.69,27.92,0.45,4.68,79.09,69.28,8.28,29.08,6.14,1.39,4.82,8.92,3.36,6.63,0.16,0.53,4.06,6.77,4.48,5.89,25.51,22.6,1.04,0.04,2.15,0.68,2.12,1.21,0.1,8.89,1.05,0.31,0.45,0.38,2.4,0.51,1.57,0.14,20.7,87.95,6.42,32.38,2.24,0.07,52.52,0.35,0.79,2.9,1.22,4.68,1.23,88.06,4.67,4.28,7.13,2.55,5.07,76.65,0.88,1.02,0.16,9.61,2.29,0.57,1.8,4.81,4.8,3.12,16.04,0.61,0.69,7.97,2.1,38.54,0.26,8.34,0.09,0.25,14.2,3.13,23.94,1.6,1.23,30.18,88.28,33.68,0.55,1.59,13.05,0.21,0.26,13.1,2.52,0.13,13.66,4.83,0.95,0.3,0.23,57.15,35.57,76.28,11.88,3.27,0.36,0.6,0.39,1.35,2.81,0.2,74.41,0.06,1.3,4.17,1.32,1.0,78.52,5.83,66.79,73.19,10.42,21.43,0.36,14.68,18.73,8.57,1.26,0.15,13.59,3.56,40.21,1.94,0.4,98.23,1.11,0.92,0.6,4.3,82.08,2.09,0.32,17.57,1.33,2.0,0.17,0.25,0.31,2.09,25.83,44.4,8.45,14.03,9.3,18.69,5.29,26.57,9.05,2.52,6.48,1.57,15.85,0.23,0.38,19.59,32.92,10.7,2.19,2.74,1.8,58.31,6.25,56.14,0.33,0.81,8.11,0.89,9.22,0.02,20.79,9.26,0.46,0.19,1.36,4.3,0.87,6.67,0.37,6.77,0.19,8.91,4.96,1.01,6.61,8.4,6.72,1.5,4.86,0.42,1.01,2.0,1.46,1.68,1.26,0.65,26.22,0.38,2.1,11.73,4.24,0.22,15.4,98.78,99.51,0.21,0.38,1.28,0.66,33.17,0.47,6.46,1.54,5.0,2.08,2.61,7.22,5.91,5.82,4.25,10.95,1.13,1.39,80.91,5.34,0.22,1.02,0.75,0.25,0.94,4.08,0.87,1.07,1.55,9.5,18.85,1.88,2.83,4.1,3.82,18.18,34.38,1.4,0.34,9.49,2.37,0.8,0.45,60.86,79.34,0.81,0.23,0.51,1.81,2.29,4.69,2.73,0.63,0.32,0.23,54.09,1.01,4.14,1.26,5.33,3.01,1.63,6.99,7.35,1.45,3.79,21.21,5.88,1.23,22.81,1.14,0.68,4.53,3.3,3.15,28.58,0.85,1.1,47.64,2.78,1.17,80.36,0.02,6.41,0.45,0.12,1.78,2.2,8.16,0.65,0.4,7.42,1.13,12.47,10.02,0.49,2.87,7.7,3.21,5.21,5.07,3.88,1.94,8.05,3.67,0.49,0.49,0.58,0.47,2.39,1.59,3.29,1.99,21.02,5.34,23.35,7.8,89.73,3.4,2.15,0.81,0.23,39.62,0.19,0.39,0.15,2.37,8.81,0.55,4.34,2.8,5.69,0.04,0.41,4.98,37.87,35.7,0.13,0.71,35.19,95.53,6.18,17.24,0.34,13.67,14.46,73.85,0.23,1.17,1.03,0.34,0.05,10.84,0.7,0.02,5.6,16.69,0.87,1.5,0.44,41.38,1.99,0.55,1.07,8.11,0.78,0.63,1.59,62.28,2.08,54.37,0.09,50.56,5.07,14.97,41.14,47.14,52.53,4.14,12.65,0.72,1.4,0.38,1.28,0.11,1.41,9.22,0.77,7.89,0.24,10.02,0.13,1.5,1.13,37.81,2.07,8.22,13.56,13.59,5.69,0.3,16.47,96.75,14.1,3.85,24.76,29.32,34.76,0.75,0.11,2.46,8.19,1.19,0.74,0.99,0.19,60.09,15.14,40.17,6.84,17.25,0.78,5.98,66.5,55.55,13.41,29.8,2.68,13.09,16.59,43.97,0.44,36.52,1.02,96.44,12.93,20.57,69.68,10.78,0.69,87.45,62.1,17.17,3.19,56.5,89.53,18.33,0.35,27.94,86.29,2.51,9.21,31.68,59.05,50.03,12.71,4.07,91.42,4.37,0.97,18.24,5.17,1.72,12.38,66.13,3.28,1.41,59.85,1.22,5.61,79.59,0.38,0.72,1.36,27.31,4.46,27.0,41.07,34.87,6.89,0.7,28.85,98.36,4.19,5.76,51.48,0.31,0.15,0.16,39.27,2.23,38.05,3.14,0.83,0.37,2.37,77.52,0.03,47.56,3.92,49.01,11.77,40.7,28.51,13.88,53.9,0.94,0.1,1.22,1.09,37.3,10.34,2.94,54.59,5.19,3.24,98.94,2.72,47.97,3.75,0.41,11.28,0.34,4.94,4.32,0.96,16.6,0.74,8.06,8.18,52.78,19.1,67.34,0.44,15.24,1.73,29.85,5.02,34.69,33.66,15.8,17.5,0.4,8.94,61.44,23.84,13.04,18.4,5.25,12.87,5.62,13.14,6.29,57.75
330 VLMC NN,4.55,82.3,4.31,5.02,13.64,2.15,5.5,49.76,2.39,4.55,1.2,44.26,0.72,42.58,87.08,15.79,0.48,1.67,2.63,39.23,0.24,74.88,3.11,49.76,20.57,25.6,5.5,2.15,8.61,24.64,38.04,10.29,0.0,0.0,2.63,4.78,1.67,78.23,23.92,33.01,3.35,22.97,1.44,0.24,1.67,0.96,0.0,9.33,0.48,80.62,0.48,0.24,2.39,1.67,2.87,2.39,6.22,3.83,12.44,1.2,1.44,0.0,67.7,0.24,13.4,9.09,0.96,5.98,1.44,16.51,3.59,2.63,1.44,0.72,3.59,52.15,12.44,0.72,94.98,78.47,64.11,0.0,0.48,3.83,2.63,36.12,24.64,0.0,0.48,4.78,0.24,7.18,0.0,11.24,85.41,99.28,38.76,18.66,39.23,1.44,0.0,6.46,26.08,45.22,0.24,0.0,60.77,3.11,5.02,13.88,23.21,0.24,89.95,9.57,0.48,1.2,0.24,62.44,7.89,57.18,28.47,2.15,0.48,1.44,0.96,42.82,2.63,0.0,56.22,48.8,4.55,76.56,65.79,11.72,97.37,67.7,43.06,40.19,9.33,18.66,0.72,8.85,11.24,40.19,0.0,0.0,17.22,1.91,3.59,1.67,64.35,1.67,40.67,3.35,0.72,0.96,66.03,0.24,0.24,1.67,0.72,2.39,0.0,0.24,0.96,16.99,16.27,23.68,3.59,11.24,10.05,16.27,3.35,16.99,5.26,1.91,2.15,2.15,14.35,0.48,0.0,44.26,19.14,41.63,1.2,3.11,2.87,31.34,3.59,78.23,0.24,0.96,5.98,0.48,4.78,1.2,36.6,11.96,11.96,98.8,71.77,28.47,8.85,3.59,0.48,9.33,0.0,83.97,1.2,0.72,36.36,1.67,2.87,4.78,12.92,0.0,1.2,3.83,3.35,0.72,0.72,1.44,45.45,0.0,85.89,73.92,18.18,0.0,9.57,90.91,27.99,0.0,0.24,12.68,2.63,8.13,33.73,6.7,4.07,3.59,55.5,1.67,0.72,58.85,4.31,4.07,5.98,1.2,1.67,89.95,4.78,4.78,1.44,0.48,4.55,1.44,4.78,22.01,0.72,0.72,97.37,44.26,5.26,9.57,22.25,3.59,50.96,44.98,1.2,0.24,7.42,2.87,1.67,11.48,2.15,1.91,1.44,0.24,0.48,1.44,1.91,9.09,0.72,0.0,0.48,3.59,53.11,0.24,28.71,0.72,75.36,98.09,0.96,56.46,94.02,3.83,1.91,35.89,34.69,6.22,11.72,0.48,0.24,4.31,1.91,1.2,50.96,0.24,0.48,2.39,1.91,1.91,3.11,0.48,45.69,0.24,3.35,13.64,0.24,3.59,54.55,1.2,4.07,1.2,11.96,97.61,5.26,1.44,9.57,4.78,3.59,3.59,21.05,91.63,5.98,2.63,0.96,1.67,0.48,57.18,5.02,1.2,12.68,10.53,6.22,1.67,53.35,1.91,48.09,9.33,0.24,0.72,0.48,41.63,0.0,0.96,65.31,0.72,11.48,0.24,1.67,2.63,1.44,0.24,0.72,5.02,44.98,28.47,0.48,2.39,5.26,3.83,1.67,8.13,1.2,32.06,15.07,8.37,0.24,0.48,0.96,1.2,74.88,10.53,1.91,0.24,11.96,42.58,0.48,2.15,0.48,4.55,1.91,0.0,1.44,3.11,0.96,0.48,3.83,44.26,1.91,74.64,0.0,14.35,2.39,44.74,12.44,4.07,1.2,1.2,5.26,0.72,1.44,0.24,0.24,0.0,0.72,61.24,2.39,66.75,0.24,2.15,0.0,2.15,0.0,56.22,1.91,13.16,11.48,11.24,3.35,3.83,11.24,77.03,11.0,5.26,22.01,37.08,61.0,98.33,78.71,3.35,67.7,0.96,30.38,0.48,1.91,57.42,31.58,34.93,62.44,15.79,3.11,4.55,53.83,39.0,16.51,33.49,3.35,40.67,0.48,40.43,3.83,19.14,0.72,77.99,7.89,69.62,16.27,4.31,1.91,10.53,14.59,28.23,71.53,72.01,96.41,13.4,0.48,0.72,28.95,26.32,36.36,54.55,39.0,37.56,93.78,4.31,11.24,0.96,92.34,52.39,2.87,1.91,9.57,37.32,8.85,22.73,35.65,1.67,0.24,26.08,17.7,2.63,83.49,14.59,15.07,17.94,32.06,26.56,5.26,90.19,41.39,100.0,0.72,1.44,76.56,2.87,53.83,2.15,20.1,1.67,23.21,0.96,0.48,0.0,2.15,2.87,0.0,5.02,2.87,13.64,2.63,77.51,94.02,12.44,9.57,0.72,0.0,73.92,72.01,14.35,5.74,6.94,33.73,1.91,7.18,84.93,0.48,1.44,3.83,5.02,33.49,0.0,4.78,1.67,15.55,22.73,35.65,6.46,3.59,39.95,60.05,74.4,3.59,15.07,61.48,32.54,12.44,71.29,28.71,44.26,6.46,0.24,5.26,64.83,37.8,11.24,32.78,5.02,9.81,8.85,14.59,1.2,73.21
331 Peri NN,4.03,32.1,45.04,4.2,11.51,1.51,6.64,0.59,3.19,20.92,1.34,6.39,2.69,31.34,0.0,9.24,81.76,3.53,2.94,23.95,0.42,87.56,2.02,55.04,15.88,17.39,4.37,1.68,18.07,5.71,15.13,0.92,0.17,0.34,2.52,4.37,2.35,22.44,21.76,34.37,66.81,78.07,1.26,0.34,1.43,0.67,0.0,10.84,1.01,5.46,0.0,0.59,1.93,0.34,1.09,0.5,5.8,2.61,27.48,5.88,1.26,0.0,45.13,0.17,2.86,3.19,1.18,3.53,2.44,4.87,1.93,3.61,1.76,1.26,3.7,90.84,0.67,0.34,0.42,12.86,2.52,0.34,0.76,3.36,3.03,2.18,12.18,0.92,0.67,85.88,0.08,7.06,0.34,6.47,0.5,7.9,1.93,7.31,22.1,0.5,0.42,5.63,12.52,6.05,0.67,0.25,31.85,0.5,0.25,5.97,99.16,1.34,34.03,6.47,1.09,59.83,0.08,43.03,7.56,50.59,19.5,0.42,0.08,0.42,1.68,19.75,1.93,0.17,2.69,0.25,3.95,27.56,17.82,1.76,93.7,15.21,35.46,26.72,7.9,16.89,0.17,12.61,11.6,8.74,1.34,0.0,13.28,1.76,4.29,41.51,0.92,1.76,16.47,1.01,0.67,0.17,40.17,0.5,0.84,1.93,1.18,1.43,0.08,0.25,0.08,1.18,16.13,23.45,2.94,10.5,13.19,15.13,3.53,17.56,4.54,1.18,82.77,2.02,7.98,0.25,0.17,18.07,11.93,14.2,1.09,3.19,1.43,20.34,0.42,45.46,0.08,0.67,4.29,0.76,4.29,0.0,21.34,5.29,0.67,49.41,2.27,3.03,1.09,2.02,0.34,95.29,0.0,31.01,1.43,1.6,6.55,1.43,3.45,29.33,2.52,0.17,0.5,1.6,2.61,1.18,0.25,1.43,2.44,0.5,5.97,42.94,2.18,0.84,1.51,86.89,30.59,0.17,0.25,2.77,1.26,10.08,66.39,5.97,1.93,2.18,1.09,70.84,1.01,4.12,1.76,2.18,1.76,1.6,2.1,22.61,3.11,19.92,1.01,0.5,0.92,0.84,4.54,28.82,0.67,0.42,93.11,15.38,1.01,1.93,23.95,3.95,13.78,19.16,15.71,0.34,5.55,2.61,1.01,7.39,2.1,1.51,0.67,0.08,0.34,2.77,0.92,1.51,2.35,0.92,0.0,0.17,26.3,0.59,4.79,0.25,65.88,2.1,0.92,92.52,38.74,1.18,2.18,20.5,27.23,2.02,85.55,0.42,0.84,2.77,3.19,1.26,36.05,0.67,0.92,1.18,1.51,1.01,1.18,0.08,2.94,0.17,0.08,2.52,0.67,1.76,2.1,0.67,5.46,0.92,11.43,93.28,0.59,1.34,95.21,2.02,3.28,2.44,27.65,75.55,22.27,2.44,0.5,0.59,0.5,84.62,4.03,1.76,7.82,1.51,0.92,1.09,58.32,1.6,12.44,0.17,1.34,1.43,0.25,25.21,0.08,0.42,0.17,1.43,12.1,0.42,3.45,1.68,0.67,0.42,20.5,2.69,22.27,28.24,0.42,88.82,4.03,2.44,2.69,3.7,0.25,90.34,22.61,2.1,0.08,0.67,0.25,0.42,9.5,9.66,1.43,0.0,7.98,37.98,0.17,0.84,0.25,4.62,2.35,0.34,0.92,3.36,0.67,0.42,0.67,5.97,3.28,40.67,0.0,36.81,1.85,24.37,11.09,2.94,0.67,2.02,4.03,1.01,2.1,0.42,0.92,0.17,62.69,25.46,0.42,73.45,0.17,3.36,0.0,1.68,0.08,34.03,1.68,6.81,9.08,8.91,3.11,8.07,15.13,3.45,5.38,0.84,13.28,4.45,42.44,90.34,24.79,1.01,1.26,0.84,4.62,1.01,0.42,48.99,18.07,1.93,43.45,12.94,2.35,2.35,42.77,31.09,12.86,24.29,4.03,25.71,0.25,28.4,0.25,17.73,0.5,66.3,5.38,14.62,14.29,4.2,0.84,95.63,97.9,9.58,27.56,35.97,74.62,7.73,0.25,2.1,28.4,18.66,26.97,35.8,36.3,37.39,9.75,5.29,9.41,1.93,99.33,25.97,2.27,99.66,8.32,5.38,1.68,51.34,41.09,1.68,3.53,11.09,0.42,0.67,2.52,11.93,8.57,16.3,34.37,22.77,4.79,98.49,32.1,99.41,6.22,5.04,59.33,0.08,8.99,0.0,6.05,0.76,0.25,1.34,0.5,0.08,1.09,0.76,0.0,0.42,80.5,10.84,3.7,88.91,86.39,0.25,3.36,0.25,0.0,96.3,88.49,21.26,5.29,10.08,10.76,3.28,96.3,98.99,0.42,1.43,4.12,0.25,5.55,2.18,4.2,2.44,88.99,9.66,0.34,6.13,2.35,37.48,24.37,54.79,0.67,9.08,57.65,24.62,5.21,17.56,41.26,15.46,4.29,0.34,3.19,78.4,21.85,5.21,22.44,1.43,8.24,3.19,7.48,1.26,27.82
332 SMC NN,3.59,1.03,59.06,3.08,14.19,95.81,3.93,7.86,82.05,8.38,2.14,3.85,2.74,34.87,0.17,68.29,72.99,2.48,6.07,23.5,0.34,90.34,1.97,82.14,6.67,27.18,2.22,1.62,2.22,24.87,10.6,1.37,0.09,0.34,1.88,4.96,3.42,29.57,16.41,89.49,17.18,87.52,1.28,0.17,0.68,0.34,0.0,7.35,0.68,44.7,0.68,1.03,3.08,0.51,1.88,25.21,7.61,3.16,26.07,72.05,1.2,0.0,55.81,0.17,1.97,2.74,0.6,2.65,3.33,3.68,1.54,2.48,1.37,1.03,3.25,93.25,0.43,1.97,0.43,2.31,2.82,0.26,0.26,2.48,2.31,2.56,27.52,0.09,0.6,91.03,0.17,8.8,0.17,10.43,0.09,0.68,2.56,4.79,19.06,1.11,0.09,5.98,11.03,4.36,10.6,0.34,82.82,1.79,1.88,10.94,99.74,5.3,79.66,7.78,0.6,3.5,0.17,52.39,7.35,32.39,8.21,0.6,0.09,0.34,0.94,2.39,1.79,0.0,2.22,10.26,15.04,87.86,55.38,49.4,93.93,12.05,41.2,28.21,5.64,20.34,0.17,8.97,11.97,18.12,4.27,0.17,8.38,2.05,1.28,48.03,1.2,2.48,9.15,0.85,0.17,0.26,64.79,0.77,0.26,2.65,0.34,1.62,0.0,0.43,0.68,1.03,15.56,20.77,1.79,8.38,6.15,12.56,3.25,13.5,2.56,1.54,94.02,1.28,12.82,4.44,0.09,35.56,30.68,6.5,0.85,1.45,1.2,21.28,2.05,47.09,0.26,27.61,3.93,0.51,4.96,0.09,8.29,11.88,1.03,7.18,33.59,24.79,0.6,1.11,0.51,88.29,0.09,84.19,1.37,3.08,6.84,1.88,1.71,58.72,3.16,0.26,0.51,1.54,2.14,0.68,2.82,1.54,1.2,0.6,43.25,71.28,16.58,2.74,10.34,92.99,27.44,0.09,0.26,5.38,0.85,7.09,81.79,4.7,19.74,1.11,0.51,75.73,0.51,3.5,2.05,3.08,3.5,1.11,0.77,62.31,2.74,3.68,7.01,35.47,1.97,0.6,2.22,84.53,0.43,0.34,95.98,84.36,42.14,39.74,61.71,2.65,8.38,17.52,2.82,0.17,6.75,1.54,1.11,0.94,1.45,1.45,0.94,0.17,0.34,0.94,1.2,1.88,1.45,0.51,0.17,0.17,88.12,0.68,2.31,0.43,10.17,3.08,0.68,39.74,74.53,2.56,2.39,37.95,26.41,1.28,83.16,0.51,5.47,4.1,1.71,1.11,51.11,85.9,0.43,2.22,1.79,0.85,1.11,2.56,2.22,0.51,0.09,2.56,0.17,1.45,4.19,8.46,5.04,1.03,7.61,94.62,0.09,1.54,96.67,1.37,2.22,3.5,84.79,77.52,5.56,2.56,1.45,0.34,0.34,74.53,3.16,0.94,14.36,0.85,0.6,0.43,71.28,5.13,4.79,1.28,1.54,0.6,0.17,32.56,0.09,0.17,0.09,1.03,7.95,0.34,2.05,1.88,0.68,0.0,16.5,3.16,23.76,22.99,63.42,87.78,3.93,3.93,2.22,5.21,0.85,97.01,84.96,1.71,0.26,0.85,0.17,0.6,0.43,7.18,0.77,0.0,5.38,47.35,0.17,0.94,0.51,3.25,1.71,1.37,0.68,1.71,0.51,0.26,0.77,34.44,1.45,48.38,0.09,35.64,1.97,44.44,18.46,2.48,0.6,1.62,3.5,0.43,1.45,0.26,0.51,0.09,25.13,13.08,1.2,27.26,0.17,3.5,0.17,0.85,7.18,41.28,1.88,15.04,8.38,9.32,3.68,2.14,19.49,2.39,10.26,5.38,12.56,12.05,39.49,77.61,38.12,0.51,1.54,0.43,3.25,1.28,0.43,31.2,20.34,9.4,84.36,11.03,0.51,3.33,47.69,45.04,17.61,33.85,4.87,30.77,0.77,35.47,10.6,15.47,0.26,77.52,4.53,9.23,10.17,2.22,0.68,12.48,32.91,14.1,65.04,76.07,91.88,6.84,0.0,1.71,25.13,23.5,22.05,38.97,34.36,30.09,70.17,4.19,7.44,1.54,91.71,29.23,5.38,82.99,7.18,6.75,1.11,59.15,36.92,1.28,0.43,10.77,0.0,0.77,8.72,9.74,8.38,13.76,26.84,20.43,3.76,42.99,41.45,99.4,6.5,9.49,30.0,0.94,72.99,0.0,10.0,0.77,0.94,1.79,0.34,0.0,1.97,0.17,0.0,1.71,25.38,8.29,3.76,75.98,29.66,1.03,2.14,0.34,0.09,79.91,74.44,14.7,3.93,8.55,6.58,0.51,94.44,95.04,0.43,1.54,1.97,0.34,3.93,27.61,2.91,1.37,51.54,14.7,0.6,4.7,5.13,59.83,52.99,63.42,1.62,14.27,79.91,21.88,8.55,25.56,15.9,31.37,3.68,0.77,3.25,57.78,45.64,7.01,24.02,2.05,12.14,5.13,16.67,1.45,45.38
333 Endo NN,4.55,0.72,31.68,3.1,12.78,1.57,84.87,0.67,3.12,4.11,98.78,1.92,0.72,36.3,0.16,1.46,3.03,3.12,2.87,33.92,13.49,16.13,40.02,68.78,4.07,24.63,4.57,1.34,1.83,40.94,2.06,1.25,0.18,0.42,2.13,4.88,2.26,56.59,24.79,28.86,71.81,0.65,1.52,0.28,1.96,0.99,0.18,11.9,1.25,13.01,5.31,0.74,1.2,0.83,1.62,72.34,14.72,2.4,3.84,3.9,1.39,0.02,51.04,0.21,0.81,3.67,0.88,5.48,99.05,10.61,2.73,3.74,1.71,1.69,2.61,89.42,1.06,1.16,0.25,1.52,2.38,0.69,0.58,4.11,4.0,54.48,29.57,0.42,0.99,2.89,0.02,2.77,0.12,7.95,0.28,0.72,6.17,4.21,12.5,0.95,0.16,6.4,31.22,3.17,0.25,0.16,71.3,0.46,0.88,14.02,96.63,1.04,36.46,12.13,1.09,85.24,0.28,53.63,60.74,6.24,7.76,0.44,0.09,0.67,86.02,1.43,1.85,0.12,5.11,0.05,93.78,42.72,32.53,21.51,96.7,5.31,45.54,33.85,8.55,23.06,0.16,10.51,11.55,10.47,1.02,0.05,12.99,1.89,1.16,3.14,0.05,2.01,1.99,0.79,0.49,0.46,51.5,1.29,0.25,1.92,1.09,2.54,0.32,0.25,0.53,1.02,17.98,25.62,3.14,11.16,10.49,17.88,3.72,18.46,4.37,1.96,4.94,1.83,12.11,0.18,0.21,44.36,18.6,44.18,1.13,2.68,2.36,22.41,1.06,49.05,0.46,0.62,4.55,8.43,4.71,0.16,3.03,35.37,0.58,9.73,3.03,2.24,1.29,2.17,0.58,7.37,0.18,63.54,1.13,0.9,56.22,1.36,84.59,95.86,43.18,0.21,0.28,2.03,3.9,2.77,7.99,94.18,1.16,0.42,5.98,24.88,2.38,0.35,1.36,76.94,29.9,0.07,0.37,0.74,93.0,8.5,15.57,6.52,5.87,1.13,42.7,4.11,0.35,4.37,2.63,2.47,2.82,1.73,2.4,90.0,5.94,85.74,1.09,4.46,0.53,1.16,5.71,1.64,0.6,0.67,30.2,36.53,28.03,5.57,34.03,4.3,22.9,18.21,1.27,0.16,5.57,2.2,1.36,0.37,2.38,1.29,0.79,0.05,0.18,1.04,1.69,1.66,1.64,0.28,0.16,74.17,3.42,1.09,3.58,0.23,50.51,2.59,0.97,56.45,1.62,93.16,2.1,31.19,19.59,79.48,28.4,0.67,0.39,2.7,1.57,1.34,18.11,0.76,0.62,1.96,2.01,0.83,0.99,0.07,3.14,0.25,1.96,6.84,0.65,2.36,66.1,0.39,10.93,3.17,11.78,20.75,0.67,1.11,14.83,1.52,3.37,3.37,13.96,2.56,4.9,2.8,1.48,0.65,0.85,2.93,5.11,0.67,2.82,1.66,1.06,1.39,11.3,1.5,76.13,0.32,0.99,0.55,0.16,38.17,0.12,0.42,0.09,1.29,14.35,5.68,2.63,2.31,14.72,0.02,81.59,6.1,34.61,33.27,2.68,2.08,4.78,2.61,2.31,3.65,75.46,5.2,4.07,1.16,0.16,0.53,0.44,0.32,0.49,9.13,1.02,0.05,7.97,29.9,0.39,1.25,0.14,4.64,2.66,0.39,0.76,3.05,0.95,0.49,0.6,70.01,2.61,38.91,0.05,8.23,2.5,15.73,38.7,3.14,1.41,1.64,4.23,1.34,1.57,0.16,0.9,0.02,1.76,82.81,13.26,19.02,0.28,3.74,0.0,2.63,0.21,52.4,1.46,7.56,4.83,8.99,3.81,80.22,14.51,3.42,6.86,0.72,13.45,3.63,27.08,5.59,42.65,0.55,1.36,0.95,0.51,1.29,10.47,18.02,28.23,2.7,57.99,15.5,0.3,2.89,49.95,49.28,20.43,14.58,2.98,18.85,48.27,37.34,0.58,20.77,1.52,78.37,6.75,13.35,12.2,3.33,0.79,6.26,16.54,15.18,71.56,83.23,85.86,10.79,0.21,2.7,28.54,6.08,18.53,30.8,38.7,37.36,9.52,2.01,12.45,2.1,8.11,24.91,4.34,60.88,8.64,49.45,61.25,56.01,42.98,1.76,0.18,12.89,2.01,1.16,1.29,14.81,4.85,15.2,36.55,25.09,5.71,8.62,28.05,98.15,0.6,1.04,95.47,24.84,0.67,0.05,5.71,0.83,0.37,1.46,0.53,0.18,1.46,0.55,0.07,21.65,4.71,10.86,8.71,78.6,38.24,0.44,0.72,0.21,0.07,55.18,14.02,10.21,5.64,2.36,7.72,0.58,8.5,9.96,0.53,1.59,3.95,0.49,5.27,0.25,5.34,2.01,2.45,8.62,11.83,5.08,15.43,43.85,7.6,61.85,0.88,31.86,59.01,31.24,40.39,44.66,20.75,15.85,6.52,0.79,3.79,91.34,38.63,13.22,24.65,1.94,8.02,5.29,6.38,4.94,78.97
334 Microglia NN,4.54,3.54,1.4,3.31,35.29,1.26,8.07,0.43,1.89,3.79,0.99,1.62,0.76,18.66,0.13,0.47,0.26,3.21,2.41,57.75,58.01,2.89,1.78,49.96,3.95,25.67,3.51,1.29,0.86,2.89,1.42,1.24,0.12,0.38,2.15,4.59,1.85,22.15,25.41,29.22,0.95,0.08,1.07,0.12,1.71,0.82,0.04,10.63,1.21,0.52,0.32,88.42,1.34,91.17,53.78,0.19,5.6,3.07,3.19,1.13,1.64,0.05,73.72,0.16,0.61,2.3,0.95,3.99,1.49,2.97,2.57,3.27,1.76,2.07,2.72,1.92,0.73,0.68,0.15,2.1,1.96,0.63,0.42,3.51,3.64,1.22,12.51,0.39,0.68,0.93,0.15,10.88,0.27,99.98,0.07,0.19,12.14,3.33,19.07,0.89,0.47,6.52,26.77,3.3,0.32,0.18,67.89,0.99,3.82,3.33,1.27,22.27,86.65,18.06,1.15,0.57,0.2,61.95,3.78,33.4,49.17,32.57,0.18,0.77,0.15,0.94,1.87,0.2,0.99,0.07,0.97,70.74,24.84,9.83,81.61,2.62,36.68,36.58,7.8,14.68,0.12,9.37,11.18,2.44,1.03,0.05,51.16,2.03,1.19,1.98,0.12,2.14,1.08,6.79,0.53,0.43,42.04,1.08,0.25,2.11,1.04,1.89,0.33,0.05,2.82,1.21,16.86,24.58,3.18,9.74,9.43,15.6,3.61,16.7,4.12,1.68,1.61,1.56,15.17,0.12,0.26,32.68,16.81,17.69,1.06,2.97,2.83,27.03,2.02,76.72,0.2,0.56,6.34,1.17,4.28,0.07,1.15,40.26,1.5,0.28,9.25,1.94,1.45,1.98,95.35,93.49,0.15,95.94,1.15,0.81,97.98,1.48,4.18,23.31,31.71,0.26,0.41,1.99,99.31,1.07,1.99,1.51,7.69,28.96,94.72,97.3,2.57,0.33,1.15,83.52,39.02,0.09,0.18,1.58,0.5,7.6,0.41,5.62,2.64,1.4,0.74,2.26,0.61,4.08,2.83,2.56,2.43,1.71,2.17,8.04,2.44,0.66,1.41,17.94,0.26,1.1,5.33,0.62,0.68,0.5,4.07,35.09,2.5,4.65,6.89,4.61,36.35,17.58,0.74,0.14,6.18,1.83,1.03,1.33,2.64,1.35,1.28,0.13,0.23,0.77,8.8,35.5,1.55,0.21,0.19,0.46,1.8,0.86,1.24,0.47,3.57,2.84,1.19,2.7,1.5,19.41,2.05,46.91,10.17,1.56,7.06,16.09,0.42,3.59,1.57,2.15,39.2,1.03,0.49,1.55,1.53,0.99,13.48,0.07,2.63,0.26,0.07,1.41,0.73,1.95,1.4,28.7,10.44,1.36,11.23,4.34,0.48,1.38,8.35,1.31,4.01,3.18,1.03,0.33,4.7,2.58,2.07,0.61,2.51,0.32,5.27,0.77,1.7,1.51,0.61,0.96,2.89,1.5,2.29,0.27,0.95,98.22,0.12,27.67,0.06,53.1,0.06,1.02,12.7,0.31,2.56,13.56,1.08,0.01,2.02,2.1,17.83,29.48,0.11,0.38,4.69,3.31,1.7,1.95,0.35,4.21,4.02,1.14,0.11,0.69,0.35,83.14,0.22,8.86,0.61,0.01,11.92,33.23,0.77,0.93,0.23,4.73,2.15,0.31,1.84,2.72,0.57,0.34,0.69,1.71,2.79,61.47,0.02,3.05,1.95,23.24,58.08,2.87,1.49,1.78,3.64,1.04,94.04,0.18,0.74,0.08,0.79,4.99,27.7,3.07,26.68,2.93,0.04,2.15,0.11,28.19,1.72,3.73,5.75,9.18,3.21,0.34,3.51,5.75,4.89,2.51,15.71,3.82,16.33,0.52,0.08,0.38,1.8,0.79,1.22,33.85,48.19,24.7,10.0,48.95,95.68,17.17,0.34,2.7,35.94,55.3,12.2,8.65,99.82,14.4,0.6,26.32,13.47,16.29,14.17,65.24,5.57,12.93,11.05,3.11,0.95,6.57,14.68,99.93,74.09,96.89,95.21,6.39,0.13,1.91,26.9,2.57,6.57,30.35,37.53,36.49,8.54,99.65,40.07,1.84,1.3,20.31,85.9,2.45,7.5,73.04,1.92,2.76,41.69,1.87,0.32,11.32,0.38,0.46,0.83,12.94,4.95,14.71,33.7,22.08,5.36,0.89,42.02,88.1,1.88,9.34,60.47,0.25,0.25,0.07,8.26,0.68,0.53,1.41,0.56,0.19,1.4,0.7,0.15,0.47,2.18,10.78,3.2,88.28,99.27,3.17,11.23,0.9,0.18,39.53,2.41,5.89,5.02,22.52,7.64,0.34,1.34,92.6,0.55,52.63,3.21,0.26,4.38,0.34,5.33,1.74,0.48,8.94,0.23,4.76,41.48,38.92,58.74,72.38,0.61,16.07,29.92,16.4,14.68,58.78,76.94,23.42,5.73,0.38,6.63,55.72,30.52,73.53,21.65,2.9,5.81,2.7,3.71,1.37,85.39
335 BAM NN,5.26,3.83,0.48,4.31,39.71,1.2,7.66,0.48,2.87,6.22,2.39,2.15,0.48,31.82,4.07,0.96,0.24,2.39,1.67,73.44,45.69,5.02,1.91,68.42,5.5,28.47,2.63,0.48,0.48,2.87,2.39,1.67,0.0,0.48,2.39,5.74,3.11,39.23,25.36,27.99,0.96,0.24,1.67,0.24,2.39,0.96,0.0,12.2,0.72,1.91,0.48,70.1,3.11,88.28,87.32,18.66,5.26,2.63,2.87,1.44,1.91,0.0,67.94,0.72,0.48,2.87,1.44,4.31,1.2,2.87,2.87,2.87,0.96,1.44,1.67,24.4,0.24,1.2,3.11,2.39,3.59,0.24,0.48,3.59,5.02,52.87,18.66,0.48,1.2,2.63,0.24,9.09,0.0,39.71,0.96,7.89,47.13,4.31,18.9,0.96,0.48,9.33,37.32,14.35,0.24,0.48,50.24,0.96,1.44,7.89,2.15,0.24,60.29,5.74,1.67,0.48,0.96,64.11,4.07,74.4,57.42,21.29,0.48,1.2,0.72,1.2,2.15,0.48,1.2,1.44,1.44,65.55,24.16,12.2,92.82,2.87,57.42,40.67,12.68,20.33,0.0,14.35,12.44,2.39,0.72,0.0,12.44,1.67,0.72,18.66,2.39,1.2,2.63,0.96,0.48,0.72,76.32,1.2,0.0,1.44,0.48,2.63,0.24,0.0,2.63,2.39,18.18,22.25,3.59,11.0,6.94,16.51,5.74,19.14,4.07,2.63,1.91,1.67,22.97,0.0,0.24,32.78,33.25,38.76,20.33,3.35,2.63,61.48,0.96,83.73,0.24,0.0,4.78,0.96,4.07,0.0,4.78,13.64,92.82,18.9,87.08,2.87,2.63,2.87,76.79,71.77,0.24,65.31,1.2,0.48,93.54,0.96,1.91,44.98,33.01,0.24,0.24,0.48,98.09,1.2,5.5,0.24,2.15,99.52,99.52,54.07,2.39,0.0,1.2,84.69,34.21,0.24,0.48,3.11,0.72,8.13,1.91,5.02,1.44,1.91,1.2,2.15,0.48,2.87,3.11,1.91,2.63,0.96,2.87,9.81,4.55,8.37,1.2,1.2,0.24,1.2,4.78,0.48,0.48,0.48,8.37,16.51,3.59,0.96,3.35,5.02,56.22,19.14,1.67,0.0,6.22,2.39,1.2,0.72,2.63,1.67,3.59,0.0,0.0,0.96,0.48,6.22,1.44,0.48,0.24,1.67,2.39,2.15,1.67,0.96,55.98,6.7,0.96,3.83,2.39,2.63,3.11,40.19,23.44,0.48,8.13,20.81,0.72,2.39,1.91,3.35,46.17,1.2,0.96,1.44,1.2,0.24,14.11,0.24,1.44,0.24,0.24,1.91,0.48,1.67,1.44,50.48,5.26,0.96,11.72,5.26,0.48,0.96,8.13,0.24,4.31,3.11,1.2,1.67,3.35,3.59,0.24,0.48,0.48,1.2,3.83,1.2,1.44,1.2,0.48,0.72,2.63,1.91,12.2,0.0,2.15,53.11,0.0,28.23,0.0,37.56,1.67,0.48,11.96,0.48,1.67,7.89,1.44,0.0,51.2,1.91,26.08,29.19,0.24,0.0,5.26,2.15,1.91,0.96,0.96,1.91,6.94,1.2,0.24,1.2,1.2,85.41,2.63,9.81,0.72,0.0,28.71,22.25,1.44,0.96,0.0,4.78,1.44,0.24,0.48,4.07,0.72,0.0,1.44,6.22,1.67,55.02,0.0,4.55,2.63,44.98,67.46,2.39,0.72,1.91,4.55,1.67,64.59,0.24,0.72,0.24,2.15,5.26,0.48,4.07,0.24,3.11,0.24,2.15,0.24,49.04,2.15,3.59,7.89,11.24,4.07,0.72,6.46,2.87,3.35,0.96,19.38,4.07,15.31,6.22,1.44,0.0,1.91,1.44,1.2,14.59,50.72,6.94,27.75,35.89,72.73,13.16,1.44,3.35,49.28,59.09,8.13,17.94,99.04,44.5,0.48,32.54,7.66,24.16,30.86,71.05,6.22,14.11,10.05,3.35,1.2,4.55,14.35,54.07,56.94,86.84,84.21,13.4,0.24,1.67,25.6,2.63,15.55,36.6,36.36,37.32,10.77,86.12,55.02,2.63,0.96,36.6,64.83,2.15,5.98,12.44,3.11,6.22,39.71,1.91,0.48,13.88,0.48,0.0,0.96,15.07,3.83,13.64,33.49,43.06,4.31,5.5,34.45,90.67,0.96,81.34,71.53,0.0,1.44,0.0,12.92,1.67,0.96,2.63,0.72,0.0,53.59,0.72,9.57,4.78,3.35,11.0,4.55,82.78,97.85,0.72,19.38,0.48,0.0,2.39,3.83,4.07,3.59,8.85,7.89,0.48,1.2,11.0,1.2,5.02,2.87,1.2,1.67,0.72,4.31,1.91,0.48,9.09,0.24,5.02,18.66,62.92,38.28,75.12,0.0,49.76,3.83,22.97,37.8,84.21,31.1,22.73,5.98,13.4,3.83,77.51,44.5,43.06,25.36,1.2,11.48,3.59,8.37,0.96,83.01
