region_user,subclass_A_positive,subclass_B_negative,same_cell_type_label,separator_gene,mean_log2_A,mean_log2_B,pct_A,pct_B,log2_gap
AId,006 L4/5 IT CTX Glut,007 L2/3 IT CTX Glut,True,Cyp26b1,2.964,0.172,45.4,3.3,2.792
AId,006 L4/5 IT CTX Glut,007 L2/3 IT CTX Glut,True,Deptor,3.488,0.706,55.4,13.7,2.782
AId,006 L4/5 IT CTX Glut,007 L2/3 IT CTX Glut,True,Whrn,2.368,0.135,38.6,2.7,2.232
AId,006 L4/5 IT CTX Glut,007 L2/3 IT CTX Glut,True,Fezf2,2.025,0.081,35.2,1.6,1.944
AId,006 L4/5 IT CTX Glut,007 L2/3 IT CTX Glut,True,Slc17a6,1.845,0.521,30.6,9.6,1.324
AId,006 L4/5 IT CTX Glut,022 L5 ET CTX Glut,False,Slc30a3,7.043,0.621,94.3,12.3,6.422
AId,006 L4/5 IT CTX Glut,022 L5 ET CTX Glut,False,Cux2,4.188,0.369,61.2,7.5,3.82
AId,006 L4/5 IT CTX Glut,022 L5 ET CTX Glut,False,Gpr88,2.999,0.124,46.7,2.6,2.875
AId,006 L4/5 IT CTX Glut,022 L5 ET CTX Glut,False,Cyp26b1,2.964,0.211,45.4,4.2,2.753
AId,006 L4/5 IT CTX Glut,022 L5 ET CTX Glut,False,Whrn,2.368,0.174,38.6,3.5,2.193
AId,006 L4/5 IT CTX Glut,022 L5 ET CTX Glut,False,Slc17a6,1.845,0.427,30.6,8.0,1.417
AId,006 L4/5 IT CTX Glut,029 L6b CTX Glut,False,Rorb,8.634,0.476,96.6,8.2,8.158
AId,006 L4/5 IT CTX Glut,029 L6b CTX Glut,False,Slc30a3,7.043,0.241,94.3,4.6,6.802
AId,006 L4/5 IT CTX Glut,029 L6b CTX Glut,False,Lamp5,4.951,0.345,72.0,6.4,4.606
AId,006 L4/5 IT CTX Glut,029 L6b CTX Glut,False,Cux2,4.188,0.297,61.2,5.7,3.891
AId,006 L4/5 IT CTX Glut,029 L6b CTX Glut,False,Adcyap1,4.029,0.263,62.2,4.8,3.766
AId,006 L4/5 IT CTX Glut,029 L6b CTX Glut,False,Tshz1,4.11,0.757,65.6,13.9,3.353
AId,006 L4/5 IT CTX Glut,029 L6b CTX Glut,False,Calb1,3.442,0.529,51.2,9.6,2.914
AId,006 L4/5 IT CTX Glut,029 L6b CTX Glut,False,Vat1l,3.612,0.752,60.2,13.9,2.861
AId,006 L4/5 IT CTX Glut,029 L6b CTX Glut,False,Cyp26b1,2.964,0.152,45.4,2.7,2.812
AId,006 L4/5 IT CTX Glut,029 L6b CTX Glut,False,Coch,2.564,0.457,44.2,8.9,2.107
AId,006 L4/5 IT CTX Glut,029 L6b CTX Glut,False,Whrn,2.368,0.524,38.6,9.6,1.844
AId,006 L4/5 IT CTX Glut,029 L6b CTX Glut,False,Slc17a6,1.845,0.427,30.6,7.7,1.418
AId,006 L4/5 IT CTX Glut,030 L6 CT CTX Glut,False,Slc30a3,7.043,0.346,94.3,6.0,6.697
AId,006 L4/5 IT CTX Glut,030 L6 CT CTX Glut,False,Adcyap1,4.029,0.099,62.2,1.7,3.931
AId,006 L4/5 IT CTX Glut,030 L6 CT CTX Glut,False,Cux2,4.188,0.281,61.2,5.0,3.908
AId,006 L4/5 IT CTX Glut,030 L6 CT CTX Glut,False,Tshz1,4.11,0.703,65.6,12.8,3.406
AId,006 L4/5 IT CTX Glut,030 L6 CT CTX Glut,False,Vat1l,3.612,0.414,60.2,7.4,3.198
AId,006 L4/5 IT CTX Glut,030 L6 CT CTX Glut,False,Calb1,3.442,0.5,51.2,9.0,2.942
AId,006 L4/5 IT CTX Glut,030 L6 CT CTX Glut,False,Gpr88,2.999,0.152,46.7,2.8,2.846
AId,006 L4/5 IT CTX Glut,030 L6 CT CTX Glut,False,Coch,2.564,0.16,44.2,3.0,2.405
AId,006 L4/5 IT CTX Glut,030 L6 CT CTX Glut,False,Whrn,2.368,0.72,38.6,12.8,1.648
AId,006 L4/5 IT CTX Glut,030 L6 CT CTX Glut,False,Slc17a6,1.845,0.311,30.6,5.6,1.534
AId,006 L4/5 IT CTX Glut,032 L5 NP CTX Glut,False,Slc30a3,7.043,0.318,94.3,5.0,6.725
AId,006 L4/5 IT CTX Glut,032 L5 NP CTX Glut,False,Zfp804b,5.457,0.375,66.2,6.0,5.082
AId,006 L4/5 IT CTX Glut,032 L5 NP CTX Glut,False,Lamp5,4.951,0.362,72.0,5.8,4.589
AId,006 L4/5 IT CTX Glut,032 L5 NP CTX Glut,False,Adcyap1,4.029,0.068,62.2,1.1,3.961
AId,006 L4/5 IT CTX Glut,032 L5 NP CTX Glut,False,Tshz1,4.11,0.252,65.6,4.2,3.857
AId,006 L4/5 IT CTX Glut,032 L5 NP CTX Glut,False,Cux2,4.188,0.451,61.2,7.2,3.737
AId,006 L4/5 IT CTX Glut,032 L5 NP CTX Glut,False,Vat1l,3.612,0.631,60.2,10.2,2.981
AId,006 L4/5 IT CTX Glut,032 L5 NP CTX Glut,False,Calb1,3.442,0.49,51.2,7.9,2.952
AId,006 L4/5 IT CTX Glut,032 L5 NP CTX Glut,False,Cyp26b1,2.964,0.141,45.4,2.3,2.823
AId,006 L4/5 IT CTX Glut,032 L5 NP CTX Glut,False,Deptor,3.488,0.86,55.4,14.1,2.628
AId,006 L4/5 IT CTX Glut,032 L5 NP CTX Glut,False,Gpr88,2.999,0.572,46.7,9.4,2.427
AId,006 L4/5 IT CTX Glut,032 L5 NP CTX Glut,False,Coch,2.564,0.173,44.2,2.9,2.391
AId,006 L4/5 IT CTX Glut,046 Vip Gaba,False,Rorb,8.634,0.641,96.6,9.5,7.993
AId,006 L4/5 IT CTX Glut,046 Vip Gaba,False,Satb2,7.23,0.285,95.5,4.6,6.945
AId,006 L4/5 IT CTX Glut,046 Vip Gaba,False,Slc30a3,7.043,0.64,94.3,9.8,6.403
AId,006 L4/5 IT CTX Glut,046 Vip Gaba,False,Mpped1,7.149,0.831,94.2,12.7,6.318
AId,006 L4/5 IT CTX Glut,046 Vip Gaba,False,Tbr1,5.228,0.376,79.8,5.8,4.851
AId,006 L4/5 IT CTX Glut,046 Vip Gaba,False,Crym,4.92,0.138,75.9,2.2,4.782
AId,006 L4/5 IT CTX Glut,046 Vip Gaba,False,Lamp5,4.951,0.264,72.0,4.0,4.687
AId,006 L4/5 IT CTX Glut,046 Vip Gaba,False,Meis2,4.937,0.488,67.2,7.5,4.449
AId,006 L4/5 IT CTX Glut,046 Vip Gaba,False,Adcyap1,4.029,0.036,62.2,0.5,3.994
AId,006 L4/5 IT CTX Glut,046 Vip Gaba,False,Etv1,4.082,1.012,58.8,14.7,3.069
AId,006 L4/5 IT CTX Glut,046 Vip Gaba,False,Calb1,3.442,0.489,51.2,7.6,2.953
AId,006 L4/5 IT CTX Glut,046 Vip Gaba,False,Cyp26b1,2.964,0.071,45.4,1.1,2.893
AId,006 L4/5 IT CTX Glut,049 Lamp5 Gaba,False,Rorb,8.634,0.209,96.6,3.5,8.425
AId,006 L4/5 IT CTX Glut,049 Lamp5 Gaba,False,Satb2,7.23,0.346,95.5,5.8,6.884
AId,006 L4/5 IT CTX Glut,049 Lamp5 Gaba,False,Slc30a3,7.043,0.851,94.3,14.1,6.192
AId,006 L4/5 IT CTX Glut,049 Lamp5 Gaba,False,Tbr1,5.228,0.432,79.8,7.2,4.795
AId,006 L4/5 IT CTX Glut,049 Lamp5 Gaba,False,Crym,4.92,0.152,75.9,2.6,4.768
AId,006 L4/5 IT CTX Glut,049 Lamp5 Gaba,False,Meis2,4.937,0.574,67.2,9.5,4.363
AId,006 L4/5 IT CTX Glut,049 Lamp5 Gaba,False,Adcyap1,4.029,0.217,62.2,3.5,3.812
AId,006 L4/5 IT CTX Glut,049 Lamp5 Gaba,False,Etv1,4.082,0.548,58.8,9.4,3.533
AId,006 L4/5 IT CTX Glut,049 Lamp5 Gaba,False,Gpr88,2.999,0.112,46.7,1.9,2.887
AId,006 L4/5 IT CTX Glut,049 Lamp5 Gaba,False,Cyp26b1,2.964,0.116,45.4,1.9,2.848
AId,006 L4/5 IT CTX Glut,049 Lamp5 Gaba,False,Calb1,3.442,0.614,51.2,9.9,2.829
AId,006 L4/5 IT CTX Glut,049 Lamp5 Gaba,False,Wfs1,2.716,0.377,46.9,6.5,2.34
AId,006 L4/5 IT CTX Glut,052 Pvalb Gaba,False,Rorb,8.634,0.481,96.6,8.1,8.153
AId,006 L4/5 IT CTX Glut,052 Pvalb Gaba,False,Satb2,7.23,0.345,95.5,5.8,6.885
AId,006 L4/5 IT CTX Glut,052 Pvalb Gaba,False,Tbr1,5.228,0.445,79.8,7.5,4.783
AId,006 L4/5 IT CTX Glut,052 Pvalb Gaba,False,Crym,4.92,0.187,75.9,3.3,4.733
AId,006 L4/5 IT CTX Glut,052 Pvalb Gaba,False,Lamp5,4.951,0.297,72.0,5.0,4.654
AId,006 L4/5 IT CTX Glut,052 Pvalb Gaba,False,Meis2,4.937,0.45,67.2,7.8,4.487
AId,006 L4/5 IT CTX Glut,052 Pvalb Gaba,False,Adcyap1,4.029,0.056,62.2,0.9,3.973
AId,006 L4/5 IT CTX Glut,052 Pvalb Gaba,False,Gpr88,2.999,0.127,46.7,2.2,2.872
AId,006 L4/5 IT CTX Glut,052 Pvalb Gaba,False,Cyp26b1,2.964,0.214,45.4,3.6,2.75
AId,006 L4/5 IT CTX Glut,052 Pvalb Gaba,False,Coch,2.564,0.144,44.2,2.6,2.42
AId,006 L4/5 IT CTX Glut,052 Pvalb Gaba,False,Wfs1,2.716,0.689,46.9,12.3,2.027
AId,006 L4/5 IT CTX Glut,052 Pvalb Gaba,False,Fezf2,2.025,0.063,35.2,1.1,1.963
AId,006 L4/5 IT CTX Glut,053 Sst Gaba,False,Rorb,8.634,0.331,96.6,5.7,8.303
AId,006 L4/5 IT CTX Glut,053 Sst Gaba,False,Satb2,7.23,0.405,95.5,7.0,6.825
AId,006 L4/5 IT CTX Glut,053 Sst Gaba,False,Nfib,7.496,0.714,93.5,12.2,6.781
AId,006 L4/5 IT CTX Glut,053 Sst Gaba,False,Tbr1,5.228,0.488,79.8,8.5,4.739
AId,006 L4/5 IT CTX Glut,053 Sst Gaba,False,Crym,4.92,0.201,75.9,3.5,4.72
AId,006 L4/5 IT CTX Glut,053 Sst Gaba,False,Lamp5,4.951,0.299,72.0,5.1,4.652
AId,006 L4/5 IT CTX Glut,053 Sst Gaba,False,Meis2,4.937,0.452,67.2,7.8,4.485
AId,006 L4/5 IT CTX Glut,053 Sst Gaba,False,Adcyap1,4.029,0.052,62.2,0.9,3.977
AId,006 L4/5 IT CTX Glut,053 Sst Gaba,False,Cyp26b1,2.964,0.173,45.4,3.0,2.791
AId,006 L4/5 IT CTX Glut,053 Sst Gaba,False,Gpr88,2.999,0.243,46.7,4.1,2.756
AId,006 L4/5 IT CTX Glut,053 Sst Gaba,False,Wfs1,2.716,0.484,46.9,8.6,2.232
AId,006 L4/5 IT CTX Glut,053 Sst Gaba,False,Coch,2.564,0.45,44.2,8.1,2.114
AId,007 L2/3 IT CTX Glut,006 L4/5 IT CTX Glut,True,Bcl11b,4.466,0.703,68.3,13.2,3.763
AId,007 L2/3 IT CTX Glut,006 L4/5 IT CTX Glut,True,Otof,3.675,0.157,60.0,2.9,3.518
AId,007 L2/3 IT CTX Glut,006 L4/5 IT CTX Glut,True,Pcdh8,3.167,0.29,54.0,5.6,2.876
AId,007 L2/3 IT CTX Glut,006 L4/5 IT CTX Glut,True,Pdyn,2.451,0.146,39.0,2.8,2.304
AId,007 L2/3 IT CTX Glut,006 L4/5 IT CTX Glut,True,Dock10,2.602,0.748,43.0,13.6,1.855
AId,007 L2/3 IT CTX Glut,006 L4/5 IT CTX Glut,True,Sulf1,1.508,0.235,27.0,4.4,1.273
AId,007 L2/3 IT CTX Glut,006 L4/5 IT CTX Glut,True,Reln,1.807,0.558,30.8,10.1,1.248
AId,007 L2/3 IT CTX Glut,006 L4/5 IT CTX Glut,True,Ptpru,1.659,0.532,29.5,10.3,1.127
AId,007 L2/3 IT CTX Glut,022 L5 ET CTX Glut,False,Cux2,7.051,0.369,93.2,7.5,6.682
AId,007 L2/3 IT CTX Glut,022 L5 ET CTX Glut,False,Slc30a3,6.492,0.621,88.9,12.3,5.871
AId,007 L2/3 IT CTX Glut,022 L5 ET CTX Glut,False,Gpr88,4.769,0.124,73.9,2.6,4.646
AId,007 L2/3 IT CTX Glut,022 L5 ET CTX Glut,False,Nos1,4.58,0.785,67.0,14.7,3.794
AId,007 L2/3 IT CTX Glut,022 L5 ET CTX Glut,False,Otof,3.675,0.296,60.0,6.2,3.379
AId,007 L2/3 IT CTX Glut,022 L5 ET CTX Glut,False,Pdyn,2.451,0.626,39.0,12.5,1.825
AId,007 L2/3 IT CTX Glut,022 L5 ET CTX Glut,False,Ptpru,1.659,0.466,29.5,9.8,1.193
AId,007 L2/3 IT CTX Glut,022 L5 ET CTX Glut,False,Sulf1,1.508,0.352,27.0,7.4,1.156
AId,007 L2/3 IT CTX Glut,029 L6b CTX Glut,False,Calb1,7.56,0.529,96.5,9.6,7.031
AId,007 L2/3 IT CTX Glut,029 L6b CTX Glut,False,Cux2,7.051,0.297,93.2,5.7,6.754
AId,007 L2/3 IT CTX Glut,029 L6b CTX Glut,False,Slc30a3,6.492,0.241,88.9,4.6,6.251
AId,007 L2/3 IT CTX Glut,029 L6b CTX Glut,False,Lamp5,6.56,0.345,88.4,6.4,6.215
AId,007 L2/3 IT CTX Glut,029 L6b CTX Glut,False,Nos1,4.58,0.485,67.0,9.1,4.094
AId,007 L2/3 IT CTX Glut,029 L6b CTX Glut,False,Matn2,4.224,0.369,65.6,7.3,3.855
AId,007 L2/3 IT CTX Glut,029 L6b CTX Glut,False,Vat1l,4.431,0.752,70.2,13.9,3.679
AId,007 L2/3 IT CTX Glut,029 L6b CTX Glut,False,Otof,3.675,0.08,60.0,1.4,3.595
AId,007 L2/3 IT CTX Glut,029 L6b CTX Glut,False,Pcdh8,3.167,0.221,54.0,4.6,2.945
AId,007 L2/3 IT CTX Glut,029 L6b CTX Glut,False,Pou3f1,2.666,0.063,43.9,1.1,2.604
AId,007 L2/3 IT CTX Glut,029 L6b CTX Glut,False,Pdyn,2.451,0.212,39.0,3.9,2.238
AId,007 L2/3 IT CTX Glut,029 L6b CTX Glut,False,Dock10,2.602,0.687,43.0,12.3,1.916
AId,007 L2/3 IT CTX Glut,030 L6 CT CTX Glut,False,Calb1,7.56,0.5,96.5,9.0,7.06
AId,007 L2/3 IT CTX Glut,030 L6 CT CTX Glut,False,Cux2,7.051,0.281,93.2,5.0,6.77
AId,007 L2/3 IT CTX Glut,030 L6 CT CTX Glut,False,Slc30a3,6.492,0.346,88.9,6.0,6.146
AId,007 L2/3 IT CTX Glut,030 L6 CT CTX Glut,False,Gpr88,4.769,0.152,73.9,2.8,4.617
AId,007 L2/3 IT CTX Glut,030 L6 CT CTX Glut,False,Vat1l,4.431,0.414,70.2,7.4,4.017
AId,007 L2/3 IT CTX Glut,030 L6 CT CTX Glut,False,Nos1,4.58,0.764,67.0,13.0,3.816
AId,007 L2/3 IT CTX Glut,030 L6 CT CTX Glut,False,Otof,3.675,0.101,60.0,1.9,3.574
AId,007 L2/3 IT CTX Glut,030 L6 CT CTX Glut,False,Matn2,4.224,0.697,65.6,12.6,3.528
AId,007 L2/3 IT CTX Glut,030 L6 CT CTX Glut,False,Pcdh8,3.167,0.171,54.0,3.1,2.995
AId,007 L2/3 IT CTX Glut,030 L6 CT CTX Glut,False,Pou3f1,2.666,0.058,43.9,1.1,2.609
AId,007 L2/3 IT CTX Glut,030 L6 CT CTX Glut,False,Pdyn,2.451,0.101,39.0,1.8,2.35
AId,007 L2/3 IT CTX Glut,030 L6 CT CTX Glut,False,Reln,1.807,0.346,30.8,6.1,1.46
AId,007 L2/3 IT CTX Glut,032 L5 NP CTX Glut,False,Calb1,7.56,0.49,96.5,7.9,7.07
AId,007 L2/3 IT CTX Glut,032 L5 NP CTX Glut,False,Cux2,7.051,0.451,93.2,7.2,6.6
AId,007 L2/3 IT CTX Glut,032 L5 NP CTX Glut,False,Lamp5,6.56,0.362,88.4,5.8,6.198
AId,007 L2/3 IT CTX Glut,032 L5 NP CTX Glut,False,Slc30a3,6.492,0.318,88.9,5.0,6.174
AId,007 L2/3 IT CTX Glut,032 L5 NP CTX Glut,False,Wfs1,6.57,0.493,88.4,8.1,6.077
AId,007 L2/3 IT CTX Glut,032 L5 NP CTX Glut,False,Nos1,4.58,0.16,67.0,2.6,4.42
AId,007 L2/3 IT CTX Glut,032 L5 NP CTX Glut,False,Gpr88,4.769,0.572,73.9,9.4,4.198
AId,007 L2/3 IT CTX Glut,032 L5 NP CTX Glut,False,Vat1l,4.431,0.631,70.2,10.2,3.8
AId,007 L2/3 IT CTX Glut,032 L5 NP CTX Glut,False,Otof,3.675,0.042,60.0,0.7,3.633
AId,007 L2/3 IT CTX Glut,032 L5 NP CTX Glut,False,Ppp1r1b,4.149,0.854,66.2,13.7,3.296
AId,007 L2/3 IT CTX Glut,032 L5 NP CTX Glut,False,Pcdh8,3.167,0.231,54.0,3.8,2.936
AId,007 L2/3 IT CTX Glut,032 L5 NP CTX Glut,False,Rgs14,3.076,0.375,54.0,6.4,2.7
AId,007 L2/3 IT CTX Glut,046 Vip Gaba,False,Meis2,8.763,0.488,97.8,7.5,8.275
AId,007 L2/3 IT CTX Glut,046 Vip Gaba,False,Calb1,7.56,0.489,96.5,7.6,7.071
AId,007 L2/3 IT CTX Glut,046 Vip Gaba,False,Satb2,6.989,0.285,94.4,4.6,6.704
AId,007 L2/3 IT CTX Glut,046 Vip Gaba,False,Mpped1,7.245,0.831,94.3,12.7,6.414
AId,007 L2/3 IT CTX Glut,046 Vip Gaba,False,Wfs1,6.57,0.213,88.4,3.5,6.357
AId,007 L2/3 IT CTX Glut,046 Vip Gaba,False,Lamp5,6.56,0.264,88.4,4.0,6.296
AId,007 L2/3 IT CTX Glut,046 Vip Gaba,False,Slc30a3,6.492,0.64,88.9,9.8,5.852
AId,007 L2/3 IT CTX Glut,046 Vip Gaba,False,Gpr88,4.769,0.125,73.9,1.9,4.644
AId,007 L2/3 IT CTX Glut,046 Vip Gaba,False,Tbr1,4.425,0.376,72.0,5.8,4.049
AId,007 L2/3 IT CTX Glut,046 Vip Gaba,False,Ppp1r1b,4.149,0.165,66.2,2.6,3.985
AId,007 L2/3 IT CTX Glut,046 Vip Gaba,False,Matn2,4.224,0.327,65.6,5.2,3.897
AId,007 L2/3 IT CTX Glut,046 Vip Gaba,False,Otof,3.675,0.073,60.0,1.2,3.602
AId,007 L2/3 IT CTX Glut,049 Lamp5 Gaba,False,Meis2,8.763,0.574,97.8,9.5,8.189
AId,007 L2/3 IT CTX Glut,049 Lamp5 Gaba,False,Calb1,7.56,0.614,96.5,9.9,6.946
AId,007 L2/3 IT CTX Glut,049 Lamp5 Gaba,False,Satb2,6.989,0.346,94.4,5.8,6.643
AId,007 L2/3 IT CTX Glut,049 Lamp5 Gaba,False,Wfs1,6.57,0.377,88.4,6.5,6.193
AId,007 L2/3 IT CTX Glut,049 Lamp5 Gaba,False,Slc30a3,6.492,0.851,88.9,14.1,5.641
AId,007 L2/3 IT CTX Glut,049 Lamp5 Gaba,False,Gpr88,4.769,0.112,73.9,1.9,4.658
AId,007 L2/3 IT CTX Glut,049 Lamp5 Gaba,False,Matn2,4.224,0.214,65.6,3.9,4.011
AId,007 L2/3 IT CTX Glut,049 Lamp5 Gaba,False,Tbr1,4.425,0.432,72.0,7.2,3.993
AId,007 L2/3 IT CTX Glut,049 Lamp5 Gaba,False,Ppp1r1b,4.149,0.461,66.2,7.8,3.688
AId,007 L2/3 IT CTX Glut,049 Lamp5 Gaba,False,Otof,3.675,0.111,60.0,1.9,3.565
AId,007 L2/3 IT CTX Glut,049 Lamp5 Gaba,False,Rgs14,3.076,0.061,54.0,1.0,3.015
AId,007 L2/3 IT CTX Glut,049 Lamp5 Gaba,False,Pou3f1,2.666,0.063,43.9,1.1,2.603
AId,007 L2/3 IT CTX Glut,052 Pvalb Gaba,False,Meis2,8.763,0.45,97.8,7.8,8.313
AId,007 L2/3 IT CTX Glut,052 Pvalb Gaba,False,Satb2,6.989,0.345,94.4,5.8,6.644
AId,007 L2/3 IT CTX Glut,052 Pvalb Gaba,False,Lamp5,6.56,0.297,88.4,5.0,6.263
AId,007 L2/3 IT CTX Glut,052 Pvalb Gaba,False,Wfs1,6.57,0.689,88.4,12.3,5.881
AId,007 L2/3 IT CTX Glut,052 Pvalb Gaba,False,Gpr88,4.769,0.127,73.9,2.2,4.643
AId,007 L2/3 IT CTX Glut,052 Pvalb Gaba,False,Tbr1,4.425,0.445,72.0,7.5,3.98
AId,007 L2/3 IT CTX Glut,052 Pvalb Gaba,False,Ppp1r1b,4.149,0.218,66.2,3.6,3.932
AId,007 L2/3 IT CTX Glut,052 Pvalb Gaba,False,Otof,3.675,0.109,60.0,1.9,3.566
AId,007 L2/3 IT CTX Glut,052 Pvalb Gaba,False,Matn2,4.224,0.783,65.6,13.6,3.442
AId,007 L2/3 IT CTX Glut,052 Pvalb Gaba,False,Rgs14,3.076,0.046,54.0,0.9,3.029
AId,007 L2/3 IT CTX Glut,052 Pvalb Gaba,False,Pou3f1,2.666,0.07,43.9,1.2,2.596
AId,007 L2/3 IT CTX Glut,052 Pvalb Gaba,False,Crym,2.589,0.187,44.5,3.3,2.402
AId,007 L2/3 IT CTX Glut,053 Sst Gaba,False,Meis2,8.763,0.452,97.8,7.8,8.311
AId,007 L2/3 IT CTX Glut,053 Sst Gaba,False,Nfib,8.251,0.714,97.9,12.2,7.536
AId,007 L2/3 IT CTX Glut,053 Sst Gaba,False,Satb2,6.989,0.405,94.4,7.0,6.584
AId,007 L2/3 IT CTX Glut,053 Sst Gaba,False,Lamp5,6.56,0.299,88.4,5.1,6.261
AId,007 L2/3 IT CTX Glut,053 Sst Gaba,False,Wfs1,6.57,0.484,88.4,8.6,6.086
AId,007 L2/3 IT CTX Glut,053 Sst Gaba,False,Gpr88,4.769,0.243,73.9,4.1,4.527
AId,007 L2/3 IT CTX Glut,053 Sst Gaba,False,Ppp1r1b,4.149,0.142,66.2,2.4,4.007
AId,007 L2/3 IT CTX Glut,053 Sst Gaba,False,Tbr1,4.425,0.488,72.0,8.5,3.937
AId,007 L2/3 IT CTX Glut,053 Sst Gaba,False,Otof,3.675,0.095,60.0,1.7,3.58
AId,007 L2/3 IT CTX Glut,053 Sst Gaba,False,Rgs14,3.076,0.107,54.0,2.0,2.969
AId,007 L2/3 IT CTX Glut,053 Sst Gaba,False,Pou3f1,2.666,0.167,43.9,3.0,2.499
AId,007 L2/3 IT CTX Glut,053 Sst Gaba,False,Crym,2.589,0.201,44.5,3.5,2.389
AId,022 L5 ET CTX Glut,006 L4/5 IT CTX Glut,False,Bcl11b,8.918,0.703,99.7,13.2,8.215
AId,022 L5 ET CTX Glut,006 L4/5 IT CTX Glut,False,Reln,4.96,0.558,77.2,10.1,4.402
AId,022 L5 ET CTX Glut,006 L4/5 IT CTX Glut,False,Lratd2,3.244,0.057,59.0,1.1,3.187
AId,022 L5 ET CTX Glut,006 L4/5 IT CTX Glut,False,Pcdh8,3.134,0.29,57.3,5.6,2.844
AId,022 L5 ET CTX Glut,006 L4/5 IT CTX Glut,False,Npnt,2.438,0.496,40.2,8.3,1.941
AId,022 L5 ET CTX Glut,006 L4/5 IT CTX Glut,False,Ndnf,1.764,0.043,26.7,0.8,1.721
AId,022 L5 ET CTX Glut,006 L4/5 IT CTX Glut,False,Dock10,2.318,0.748,41.3,13.6,1.571
AId,022 L5 ET CTX Glut,007 L2/3 IT CTX Glut,False,Fezf2,7.458,0.081,97.2,1.6,7.378
AId,022 L5 ET CTX Glut,007 L2/3 IT CTX Glut,False,Lratd2,3.244,0.09,59.0,1.8,3.154
AId,022 L5 ET CTX Glut,007 L2/3 IT CTX Glut,False,Ndnf,1.764,0.07,26.7,1.4,1.694
AId,022 L5 ET CTX Glut,007 L2/3 IT CTX Glut,False,Tshz2,1.717,0.363,25.8,6.7,1.353
AId,022 L5 ET CTX Glut,029 L6b CTX Glut,True,Pou3f1,7.601,0.063,97.7,1.1,7.538
AId,022 L5 ET CTX Glut,029 L6b CTX Glut,True,Lamp5,6.371,0.345,91.6,6.4,6.026
AId,022 L5 ET CTX Glut,029 L6b CTX Glut,True,Vat1l,6.149,0.752,90.1,13.9,5.397
AId,022 L5 ET CTX Glut,029 L6b CTX Glut,True,Adcyap1,4.521,0.263,71.5,4.8,4.258
AId,022 L5 ET CTX Glut,029 L6b CTX Glut,True,Lratd2,3.244,0.098,59.0,1.8,3.145
AId,022 L5 ET CTX Glut,029 L6b CTX Glut,True,Pcdh8,3.134,0.221,57.3,4.6,2.913
AId,022 L5 ET CTX Glut,029 L6b CTX Glut,True,Rorb,2.979,0.476,52.0,8.2,2.503
AId,022 L5 ET CTX Glut,029 L6b CTX Glut,True,Npnt,2.438,0.108,40.2,2.0,2.329
AId,022 L5 ET CTX Glut,029 L6b CTX Glut,True,Matn2,2.512,0.369,46.9,7.3,2.143
AId,022 L5 ET CTX Glut,029 L6b CTX Glut,True,Ndnf,1.764,0.063,26.7,1.1,1.702
AId,022 L5 ET CTX Glut,029 L6b CTX Glut,True,Dock10,2.318,0.687,41.3,12.3,1.631
AId,022 L5 ET CTX Glut,030 L6 CT CTX Glut,True,Pou3f1,7.601,0.058,97.7,1.1,7.543
AId,022 L5 ET CTX Glut,030 L6 CT CTX Glut,True,Vat1l,6.149,0.414,90.1,7.4,5.735
AId,022 L5 ET CTX Glut,030 L6 CT CTX Glut,True,Reln,4.96,0.346,77.2,6.1,4.614
AId,022 L5 ET CTX Glut,030 L6 CT CTX Glut,True,Adcyap1,4.521,0.099,71.5,1.7,4.422
AId,022 L5 ET CTX Glut,030 L6 CT CTX Glut,True,Lratd2,3.244,0.062,59.0,1.2,3.182
AId,022 L5 ET CTX Glut,030 L6 CT CTX Glut,True,Pcdh8,3.134,0.171,57.3,3.1,2.963
AId,022 L5 ET CTX Glut,030 L6 CT CTX Glut,True,Matn2,2.512,0.697,46.9,12.6,1.815
AId,022 L5 ET CTX Glut,030 L6 CT CTX Glut,True,Npnt,2.438,0.643,40.2,11.4,1.795
AId,022 L5 ET CTX Glut,030 L6 CT CTX Glut,True,Ndnf,1.764,0.052,26.7,0.9,1.712
AId,022 L5 ET CTX Glut,030 L6 CT CTX Glut,True,Tshz2,1.717,0.464,25.8,7.7,1.253
AId,022 L5 ET CTX Glut,032 L5 NP CTX Glut,True,Pou3f1,7.601,0.065,97.7,1.1,7.535
AId,022 L5 ET CTX Glut,032 L5 NP CTX Glut,True,Lamp5,6.371,0.362,91.6,5.8,6.009
AId,022 L5 ET CTX Glut,032 L5 NP CTX Glut,True,Vat1l,6.149,0.631,90.1,10.2,5.518
AId,022 L5 ET CTX Glut,032 L5 NP CTX Glut,True,Reln,4.96,0.272,77.2,4.3,4.688
AId,022 L5 ET CTX Glut,032 L5 NP CTX Glut,True,Adcyap1,4.521,0.068,71.5,1.1,4.452
AId,022 L5 ET CTX Glut,032 L5 NP CTX Glut,True,Zfp804b,4.643,0.375,65.8,6.0,4.268
AId,022 L5 ET CTX Glut,032 L5 NP CTX Glut,True,Lratd2,3.244,0.017,59.0,0.3,3.226
AId,022 L5 ET CTX Glut,032 L5 NP CTX Glut,True,Wfs1,3.519,0.493,63.4,8.1,3.026
AId,022 L5 ET CTX Glut,032 L5 NP CTX Glut,True,Ppp1r1b,3.854,0.854,66.5,13.7,3.001
AId,022 L5 ET CTX Glut,032 L5 NP CTX Glut,True,Pcdh8,3.134,0.231,57.3,3.8,2.903
AId,022 L5 ET CTX Glut,032 L5 NP CTX Glut,True,Rgs14,2.799,0.375,54.4,6.4,2.424
AId,022 L5 ET CTX Glut,032 L5 NP CTX Glut,True,Npnt,2.438,0.102,40.2,1.6,2.336
AId,022 L5 ET CTX Glut,046 Vip Gaba,False,Meis2,8.524,0.488,99.7,7.5,8.036
AId,022 L5 ET CTX Glut,046 Vip Gaba,False,Pou3f1,7.601,0.034,97.7,0.5,7.567
AId,022 L5 ET CTX Glut,046 Vip Gaba,False,Mpped1,8.378,0.831,99.0,12.7,7.548
AId,022 L5 ET CTX Glut,046 Vip Gaba,False,Fezf2,7.458,0.053,97.2,0.8,7.406
AId,022 L5 ET CTX Glut,046 Vip Gaba,False,Spon1,7.266,0.27,95.8,4.2,6.996
AId,022 L5 ET CTX Glut,046 Vip Gaba,False,Lamp5,6.371,0.264,91.6,4.0,6.107
AId,022 L5 ET CTX Glut,046 Vip Gaba,False,Satb2,6.388,0.285,93.5,4.6,6.102
AId,022 L5 ET CTX Glut,046 Vip Gaba,False,Crym,6.127,0.138,90.0,2.2,5.989
AId,022 L5 ET CTX Glut,046 Vip Gaba,False,Etv1,6.796,1.012,91.5,14.7,5.784
AId,022 L5 ET CTX Glut,046 Vip Gaba,False,Adcyap1,4.521,0.036,71.5,0.5,4.485
AId,022 L5 ET CTX Glut,046 Vip Gaba,False,Tbr1,4.709,0.376,79.9,5.8,4.333
AId,022 L5 ET CTX Glut,046 Vip Gaba,False,Ppp1r1b,3.854,0.165,66.5,2.6,3.689
AId,022 L5 ET CTX Glut,049 Lamp5 Gaba,False,Meis2,8.524,0.574,99.7,9.5,7.95
AId,022 L5 ET CTX Glut,049 Lamp5 Gaba,False,Pou3f1,7.601,0.063,97.7,1.1,7.537
AId,022 L5 ET CTX Glut,049 Lamp5 Gaba,False,Fezf2,7.458,0.104,97.2,1.8,7.354
AId,022 L5 ET CTX Glut,049 Lamp5 Gaba,False,Spon1,7.266,0.324,95.8,5.6,6.942
AId,022 L5 ET CTX Glut,049 Lamp5 Gaba,False,Etv1,6.796,0.548,91.5,9.4,6.247
AId,022 L5 ET CTX Glut,049 Lamp5 Gaba,False,Satb2,6.388,0.346,93.5,5.8,6.041
AId,022 L5 ET CTX Glut,049 Lamp5 Gaba,False,Crym,6.127,0.152,90.0,2.6,5.975
AId,022 L5 ET CTX Glut,049 Lamp5 Gaba,False,Adcyap1,4.521,0.217,71.5,3.5,4.303
AId,022 L5 ET CTX Glut,049 Lamp5 Gaba,False,Tbr1,4.709,0.432,79.9,7.2,4.277
AId,022 L5 ET CTX Glut,049 Lamp5 Gaba,False,Ppp1r1b,3.854,0.461,66.5,7.8,3.393
AId,022 L5 ET CTX Glut,049 Lamp5 Gaba,False,Lratd2,3.244,0.056,59.0,1.0,3.188
AId,022 L5 ET CTX Glut,049 Lamp5 Gaba,False,Wfs1,3.519,0.377,63.4,6.5,3.142
AId,022 L5 ET CTX Glut,052 Pvalb Gaba,False,Meis2,8.524,0.45,99.7,7.8,8.074
AId,022 L5 ET CTX Glut,052 Pvalb Gaba,False,Pou3f1,7.601,0.07,97.7,1.2,7.53
AId,022 L5 ET CTX Glut,052 Pvalb Gaba,False,Fezf2,7.458,0.063,97.2,1.1,7.396
AId,022 L5 ET CTX Glut,052 Pvalb Gaba,False,Spon1,7.266,1.046,95.8,14.8,6.219
AId,022 L5 ET CTX Glut,052 Pvalb Gaba,False,Lamp5,6.371,0.297,91.6,5.0,6.074
AId,022 L5 ET CTX Glut,052 Pvalb Gaba,False,Satb2,6.388,0.345,93.5,5.8,6.042
AId,022 L5 ET CTX Glut,052 Pvalb Gaba,False,Crym,6.127,0.187,90.0,3.3,5.94
AId,022 L5 ET CTX Glut,052 Pvalb Gaba,False,Adcyap1,4.521,0.056,71.5,0.9,4.464
AId,022 L5 ET CTX Glut,052 Pvalb Gaba,False,Tbr1,4.709,0.445,79.9,7.5,4.264
AId,022 L5 ET CTX Glut,052 Pvalb Gaba,False,Ppp1r1b,3.854,0.218,66.5,3.6,3.636
AId,022 L5 ET CTX Glut,052 Pvalb Gaba,False,Lratd2,3.244,0.318,59.0,5.6,2.925
AId,022 L5 ET CTX Glut,052 Pvalb Gaba,False,Wfs1,3.519,0.689,63.4,12.3,2.83
AId,022 L5 ET CTX Glut,053 Sst Gaba,False,Nfib,9.5,0.714,100.0,12.2,8.785
AId,022 L5 ET CTX Glut,053 Sst Gaba,False,Meis2,8.524,0.452,99.7,7.8,8.072
AId,022 L5 ET CTX Glut,053 Sst Gaba,False,Pou3f1,7.601,0.167,97.7,3.0,7.433
AId,022 L5 ET CTX Glut,053 Sst Gaba,False,Fezf2,7.458,0.072,97.2,1.3,7.386
AId,022 L5 ET CTX Glut,053 Sst Gaba,False,Lamp5,6.371,0.299,91.6,5.1,6.072
AId,022 L5 ET CTX Glut,053 Sst Gaba,False,Satb2,6.388,0.405,93.5,7.0,5.982
AId,022 L5 ET CTX Glut,053 Sst Gaba,False,Crym,6.127,0.201,90.0,3.5,5.926
AId,022 L5 ET CTX Glut,053 Sst Gaba,False,Adcyap1,4.521,0.052,71.5,0.9,4.468
AId,022 L5 ET CTX Glut,053 Sst Gaba,False,Tbr1,4.709,0.488,79.9,8.5,4.221
AId,022 L5 ET CTX Glut,053 Sst Gaba,False,Ppp1r1b,3.854,0.142,66.5,2.4,3.712
AId,022 L5 ET CTX Glut,053 Sst Gaba,False,Wfs1,3.519,0.484,63.4,8.6,3.035
AId,022 L5 ET CTX Glut,053 Sst Gaba,False,Lratd2,3.244,0.259,59.0,4.5,2.985
AId,029 L6b CTX Glut,006 L4/5 IT CTX Glut,False,Sema5a,7.233,0.835,92.3,14.8,6.398
AId,029 L6b CTX Glut,006 L4/5 IT CTX Glut,False,Bcl11b,6.833,0.703,91.1,13.2,6.13
AId,029 L6b CTX Glut,006 L4/5 IT CTX Glut,False,Ccn2,5.978,0.031,72.4,0.7,5.947
AId,029 L6b CTX Glut,006 L4/5 IT CTX Glut,False,Cplx3,5.973,0.138,67.7,2.5,5.835
AId,029 L6b CTX Glut,006 L4/5 IT CTX Glut,False,Sulf1,6.053,0.235,82.9,4.4,5.819
AId,029 L6b CTX Glut,006 L4/5 IT CTX Glut,False,Rai14,6.077,0.661,83.6,12.0,5.417
AId,029 L6b CTX Glut,006 L4/5 IT CTX Glut,False,Nxph4,5.12,0.052,68.3,1.1,5.068
AId,029 L6b CTX Glut,006 L4/5 IT CTX Glut,False,Sema5b,5.482,0.66,76.5,11.7,4.823
AId,029 L6b CTX Glut,006 L4/5 IT CTX Glut,False,Drd1,4.696,0.207,73.8,3.8,4.488
AId,029 L6b CTX Glut,006 L4/5 IT CTX Glut,False,Foxp2,4.556,0.357,62.4,6.8,4.199
AId,029 L6b CTX Glut,006 L4/5 IT CTX Glut,False,Syt6,2.976,0.09,45.6,1.7,2.886
AId,029 L6b CTX Glut,006 L4/5 IT CTX Glut,False,Sla,2.457,0.072,39.9,1.4,2.385
AId,029 L6b CTX Glut,007 L2/3 IT CTX Glut,False,Sema5a,7.233,0.424,92.3,7.8,6.808
AId,029 L6b CTX Glut,007 L2/3 IT CTX Glut,False,Ccn2,5.978,0.047,72.4,0.9,5.931
AId,029 L6b CTX Glut,007 L2/3 IT CTX Glut,False,Rai14,6.077,0.152,83.6,3.0,5.925
AId,029 L6b CTX Glut,007 L2/3 IT CTX Glut,False,Cplx3,5.973,0.187,67.7,3.7,5.787
AId,029 L6b CTX Glut,007 L2/3 IT CTX Glut,False,Thsd7b,5.892,0.533,70.8,9.8,5.36
AId,029 L6b CTX Glut,007 L2/3 IT CTX Glut,False,Nxph4,5.12,0.068,68.3,1.4,5.053
AId,029 L6b CTX Glut,007 L2/3 IT CTX Glut,False,Drd1,4.696,0.277,73.8,5.4,4.418
AId,029 L6b CTX Glut,007 L2/3 IT CTX Glut,False,Foxp2,4.556,0.167,62.4,3.2,4.389
AId,029 L6b CTX Glut,007 L2/3 IT CTX Glut,False,Fezf2,4.12,0.081,65.8,1.6,4.039
AId,029 L6b CTX Glut,007 L2/3 IT CTX Glut,False,Syt6,2.976,0.082,45.6,1.5,2.894
AId,029 L6b CTX Glut,007 L2/3 IT CTX Glut,False,Cacng5,2.372,0.21,39.9,4.0,2.162
AId,029 L6b CTX Glut,007 L2/3 IT CTX Glut,False,Deptor,2.632,0.706,43.3,13.7,1.926
AId,029 L6b CTX Glut,022 L5 ET CTX Glut,True,Sema5a,7.233,0.34,92.3,6.8,6.893
AId,029 L6b CTX Glut,022 L5 ET CTX Glut,True,Rai14,6.077,0.162,83.6,3.4,5.915
AId,029 L6b CTX Glut,022 L5 ET CTX Glut,True,Cplx3,5.973,0.085,67.7,1.9,5.889
AId,029 L6b CTX Glut,022 L5 ET CTX Glut,True,Ccn2,5.978,0.107,72.4,2.3,5.871
AId,029 L6b CTX Glut,022 L5 ET CTX Glut,True,Sulf1,6.053,0.352,82.9,7.4,5.701
AId,029 L6b CTX Glut,022 L5 ET CTX Glut,True,Thsd7b,5.892,0.449,70.8,9.2,5.443
AId,029 L6b CTX Glut,022 L5 ET CTX Glut,True,Sema5b,5.482,0.255,76.5,5.3,5.228
AId,029 L6b CTX Glut,022 L5 ET CTX Glut,True,Nxph4,5.12,0.026,68.3,0.5,5.094
AId,029 L6b CTX Glut,022 L5 ET CTX Glut,True,Drd1,4.696,0.06,73.8,1.1,4.635
AId,029 L6b CTX Glut,022 L5 ET CTX Glut,True,Gfra1,3.963,0.434,60.8,9.1,3.528
AId,029 L6b CTX Glut,022 L5 ET CTX Glut,True,Syt6,2.976,0.264,45.6,5.1,2.712
AId,029 L6b CTX Glut,022 L5 ET CTX Glut,True,Cacng5,2.372,0.043,39.9,0.9,2.329
AId,029 L6b CTX Glut,030 L6 CT CTX Glut,True,Cplx3,5.973,0.231,67.7,3.8,5.742
AId,029 L6b CTX Glut,030 L6 CT CTX Glut,True,Ccn2,5.978,0.347,72.4,5.9,5.631
AId,029 L6b CTX Glut,030 L6 CT CTX Glut,True,Nxph4,5.12,0.212,68.3,3.7,4.908
AId,029 L6b CTX Glut,030 L6 CT CTX Glut,True,Cacng5,2.372,0.565,39.9,9.8,1.807
AId,029 L6b CTX Glut,030 L6 CT CTX Glut,True,Moxd1,1.823,0.059,28.7,1.1,1.764
AId,029 L6b CTX Glut,032 L5 NP CTX Glut,True,Sulf1,6.053,0.276,82.9,4.4,5.777
AId,029 L6b CTX Glut,032 L5 NP CTX Glut,True,Cplx3,5.973,0.273,67.7,4.1,5.7
AId,029 L6b CTX Glut,032 L5 NP CTX Glut,True,Thsd7b,5.892,0.382,70.8,6.0,5.511
AId,029 L6b CTX Glut,032 L5 NP CTX Glut,True,Nxph4,5.12,0.04,68.3,0.7,5.08
AId,029 L6b CTX Glut,032 L5 NP CTX Glut,True,Nr4a2,4.593,0.331,63.3,5.3,4.263
AId,029 L6b CTX Glut,032 L5 NP CTX Glut,True,Gfra1,3.963,0.167,60.8,2.8,3.796
AId,029 L6b CTX Glut,032 L5 NP CTX Glut,True,Ppp1r1b,4.408,0.854,65.2,13.7,3.555
AId,029 L6b CTX Glut,032 L5 NP CTX Glut,True,Syt6,2.976,0.255,45.6,4.0,2.721
AId,029 L6b CTX Glut,032 L5 NP CTX Glut,True,Sla,2.457,0.096,39.9,1.6,2.361
AId,029 L6b CTX Glut,032 L5 NP CTX Glut,True,Ntsr1,1.873,0.041,33.9,0.7,1.832
AId,029 L6b CTX Glut,032 L5 NP CTX Glut,True,Moxd1,1.823,0.046,28.7,0.7,1.777
AId,029 L6b CTX Glut,032 L5 NP CTX Glut,True,Deptor,2.632,0.86,43.3,14.1,1.772
AId,029 L6b CTX Glut,046 Vip Gaba,False,Satb2,8.331,0.285,99.1,4.6,8.046
AId,029 L6b CTX Glut,046 Vip Gaba,False,Mpped1,8.76,0.831,98.6,12.7,7.929
AId,029 L6b CTX Glut,046 Vip Gaba,False,Tbr1,7.518,0.376,97.5,5.8,7.142
AId,029 L6b CTX Glut,046 Vip Gaba,False,Sulf1,6.053,0.097,82.9,1.5,5.957
AId,029 L6b CTX Glut,046 Vip Gaba,False,Ccn2,5.978,0.146,72.4,2.4,5.832
AId,029 L6b CTX Glut,046 Vip Gaba,False,Rai14,6.077,0.249,83.6,3.8,5.828
AId,029 L6b CTX Glut,046 Vip Gaba,False,Spon1,5.648,0.27,69.7,4.2,5.378
AId,029 L6b CTX Glut,046 Vip Gaba,False,Cplx3,5.973,0.675,67.7,10.2,5.299
AId,029 L6b CTX Glut,046 Vip Gaba,False,Nxph4,5.12,0.064,68.3,1.0,5.056
AId,029 L6b CTX Glut,046 Vip Gaba,False,Foxp2,4.556,0.209,62.4,3.2,4.346
AId,029 L6b CTX Glut,046 Vip Gaba,False,Drd1,4.696,0.373,73.8,5.8,4.322
AId,029 L6b CTX Glut,046 Vip Gaba,False,Ppp1r1b,4.408,0.165,65.2,2.6,4.244
AId,029 L6b CTX Glut,049 Lamp5 Gaba,False,Satb2,8.331,0.346,99.1,5.8,7.985
AId,029 L6b CTX Glut,049 Lamp5 Gaba,False,Tbr1,7.518,0.432,97.5,7.2,7.085
AId,029 L6b CTX Glut,049 Lamp5 Gaba,False,Rai14,6.077,0.124,83.6,2.1,5.954
AId,029 L6b CTX Glut,049 Lamp5 Gaba,False,Sulf1,6.053,0.145,82.9,2.5,5.908
AId,029 L6b CTX Glut,049 Lamp5 Gaba,False,Ccn2,5.978,0.083,72.4,1.5,5.895
AId,029 L6b CTX Glut,049 Lamp5 Gaba,False,Spon1,5.648,0.324,69.7,5.6,5.324
AId,029 L6b CTX Glut,049 Lamp5 Gaba,False,Sema5b,5.482,0.235,76.5,4.1,5.248
AId,029 L6b CTX Glut,049 Lamp5 Gaba,False,Nxph4,5.12,0.043,68.3,0.8,5.078
AId,029 L6b CTX Glut,049 Lamp5 Gaba,False,Foxp2,4.556,0.158,62.4,2.7,4.398
AId,029 L6b CTX Glut,049 Lamp5 Gaba,False,Drd1,4.696,0.514,73.8,8.8,4.182
AId,029 L6b CTX Glut,049 Lamp5 Gaba,False,Fezf2,4.12,0.104,65.8,1.8,4.016
AId,029 L6b CTX Glut,049 Lamp5 Gaba,False,Ppp1r1b,4.408,0.461,65.2,7.8,3.947
AId,029 L6b CTX Glut,052 Pvalb Gaba,False,Satb2,8.331,0.345,99.1,5.8,7.986
AId,029 L6b CTX Glut,052 Pvalb Gaba,False,Tbr1,7.518,0.445,97.5,7.5,7.073
AId,029 L6b CTX Glut,052 Pvalb Gaba,False,Rai14,6.077,0.11,83.6,1.9,5.967
AId,029 L6b CTX Glut,052 Pvalb Gaba,False,Cplx3,5.973,0.061,67.7,1.1,5.913
AId,029 L6b CTX Glut,052 Pvalb Gaba,False,Sulf1,6.053,0.144,82.9,2.5,5.91
AId,029 L6b CTX Glut,052 Pvalb Gaba,False,Ccn2,5.978,0.127,72.4,2.4,5.851
AId,029 L6b CTX Glut,052 Pvalb Gaba,False,Thsd7b,5.892,0.46,70.8,7.5,5.432
AId,029 L6b CTX Glut,052 Pvalb Gaba,False,Nxph4,5.12,0.028,68.3,0.5,5.092
AId,029 L6b CTX Glut,052 Pvalb Gaba,False,Sema5b,5.482,0.523,76.5,8.9,4.959
AId,029 L6b CTX Glut,052 Pvalb Gaba,False,Spon1,5.648,1.046,69.7,14.8,4.602
AId,029 L6b CTX Glut,052 Pvalb Gaba,False,Ppp1r1b,4.408,0.218,65.2,3.6,4.191
AId,029 L6b CTX Glut,052 Pvalb Gaba,False,Foxp2,4.556,0.375,62.4,5.9,4.181
AId,029 L6b CTX Glut,053 Sst Gaba,False,Nfib,9.082,0.714,99.5,12.2,8.368
AId,029 L6b CTX Glut,053 Sst Gaba,False,Satb2,8.331,0.405,99.1,7.0,7.926
AId,029 L6b CTX Glut,053 Sst Gaba,False,Tbr1,7.518,0.488,97.5,8.5,7.029
AId,029 L6b CTX Glut,053 Sst Gaba,False,Sema5a,7.233,0.803,92.3,13.0,6.429
AId,029 L6b CTX Glut,053 Sst Gaba,False,Rai14,6.077,0.111,83.6,2.0,5.966
AId,029 L6b CTX Glut,053 Sst Gaba,False,Sulf1,6.053,0.149,82.9,2.6,5.904
AId,029 L6b CTX Glut,053 Sst Gaba,False,Cplx3,5.973,0.092,67.7,1.6,5.881
AId,029 L6b CTX Glut,053 Sst Gaba,False,Ccn2,5.978,0.138,72.4,2.6,5.84
AId,029 L6b CTX Glut,053 Sst Gaba,False,Sema5b,5.482,0.222,76.5,3.8,5.26
AId,029 L6b CTX Glut,053 Sst Gaba,False,Nxph4,5.12,0.247,68.3,4.0,4.874
AId,029 L6b CTX Glut,053 Sst Gaba,False,Foxp2,4.556,0.139,62.4,2.4,4.416
AId,029 L6b CTX Glut,053 Sst Gaba,False,Ppp1r1b,4.408,0.142,65.2,2.4,4.266
AId,030 L6 CT CTX Glut,006 L4/5 IT CTX Glut,False,Foxp2,8.624,0.357,98.7,6.8,8.268
AId,030 L6 CT CTX Glut,006 L4/5 IT CTX Glut,False,Bcl11b,8.098,0.703,97.8,13.2,7.395
AId,030 L6 CT CTX Glut,006 L4/5 IT CTX Glut,False,Syt6,6.201,0.09,86.3,1.7,6.111
AId,030 L6 CT CTX Glut,006 L4/5 IT CTX Glut,False,Sema5a,6.166,0.835,82.1,14.8,5.331
AId,030 L6 CT CTX Glut,006 L4/5 IT CTX Glut,False,Sulf1,5.098,0.235,70.9,4.4,4.863
AId,030 L6 CT CTX Glut,006 L4/5 IT CTX Glut,False,Sla,4.633,0.072,69.8,1.4,4.561
AId,030 L6 CT CTX Glut,006 L4/5 IT CTX Glut,False,Rai14,4.329,0.661,66.1,12.0,3.668
AId,030 L6 CT CTX Glut,006 L4/5 IT CTX Glut,False,Ptpru,3.631,0.532,57.5,10.3,3.098
AId,030 L6 CT CTX Glut,006 L4/5 IT CTX Glut,False,Sema5b,3.733,0.66,55.8,11.7,3.074
AId,030 L6 CT CTX Glut,006 L4/5 IT CTX Glut,False,Zfhx3,2.286,0.554,37.3,10.7,1.732
AId,030 L6 CT CTX Glut,006 L4/5 IT CTX Glut,False,Drd1,1.76,0.207,30.3,3.8,1.553
AId,030 L6 CT CTX Glut,007 L2/3 IT CTX Glut,False,Foxp2,8.624,0.167,98.7,3.2,8.458
AId,030 L6 CT CTX Glut,007 L2/3 IT CTX Glut,False,Thsd7b,7.862,0.533,95.0,9.8,7.33
AId,030 L6 CT CTX Glut,007 L2/3 IT CTX Glut,False,Syt6,6.201,0.082,86.3,1.5,6.119
AId,030 L6 CT CTX Glut,007 L2/3 IT CTX Glut,False,Sema5a,6.166,0.424,82.1,7.8,5.742
AId,030 L6 CT CTX Glut,007 L2/3 IT CTX Glut,False,Rai14,4.329,0.152,66.1,3.0,4.176
AId,030 L6 CT CTX Glut,007 L2/3 IT CTX Glut,False,Fezf2,4.047,0.081,63.4,1.6,3.966
AId,030 L6 CT CTX Glut,007 L2/3 IT CTX Glut,False,Sla,4.633,0.766,69.8,13.6,3.868
AId,030 L6 CT CTX Glut,007 L2/3 IT CTX Glut,False,Cyp26b1,2.546,0.172,38.1,3.3,2.373
AId,030 L6 CT CTX Glut,007 L2/3 IT CTX Glut,False,Deptor,2.765,0.706,43.4,13.7,2.058
AId,030 L6 CT CTX Glut,007 L2/3 IT CTX Glut,False,Zfhx3,2.286,0.576,37.3,11.2,1.71
AId,030 L6 CT CTX Glut,007 L2/3 IT CTX Glut,False,Drd1,1.76,0.277,30.3,5.4,1.483
AId,030 L6 CT CTX Glut,022 L5 ET CTX Glut,True,Thsd7b,7.862,0.449,95.0,9.2,7.414
AId,030 L6 CT CTX Glut,022 L5 ET CTX Glut,True,Syt6,6.201,0.264,86.3,5.1,5.937
AId,030 L6 CT CTX Glut,022 L5 ET CTX Glut,True,Sema5a,6.166,0.34,82.1,6.8,5.827
AId,030 L6 CT CTX Glut,022 L5 ET CTX Glut,True,Sulf1,5.098,0.352,70.9,7.4,4.745
AId,030 L6 CT CTX Glut,022 L5 ET CTX Glut,True,Sla,4.633,0.332,69.8,6.8,4.301
AId,030 L6 CT CTX Glut,022 L5 ET CTX Glut,True,Rai14,4.329,0.162,66.1,3.4,4.167
AId,030 L6 CT CTX Glut,022 L5 ET CTX Glut,True,Sema5b,3.733,0.255,55.8,5.3,3.479
AId,030 L6 CT CTX Glut,022 L5 ET CTX Glut,True,Ptpru,3.631,0.466,57.5,9.8,3.165
AId,030 L6 CT CTX Glut,022 L5 ET CTX Glut,True,Cyp26b1,2.546,0.211,38.1,4.2,2.335
AId,030 L6 CT CTX Glut,022 L5 ET CTX Glut,True,Drd1,1.76,0.06,30.3,1.1,1.7
AId,030 L6 CT CTX Glut,029 L6b CTX Glut,True,Cyp26b1,2.546,0.152,38.1,2.7,2.394
AId,030 L6 CT CTX Glut,032 L5 NP CTX Glut,True,Thsd7b,7.862,0.382,95.0,6.0,7.481
AId,030 L6 CT CTX Glut,032 L5 NP CTX Glut,True,Syt6,6.201,0.255,86.3,4.0,5.946
AId,030 L6 CT CTX Glut,032 L5 NP CTX Glut,True,Sulf1,5.098,0.276,70.9,4.4,4.822
AId,030 L6 CT CTX Glut,032 L5 NP CTX Glut,True,Sla,4.633,0.096,69.8,1.6,4.538
AId,030 L6 CT CTX Glut,032 L5 NP CTX Glut,True,Ppp1r1b,5.38,0.854,77.8,13.7,4.527
AId,030 L6 CT CTX Glut,032 L5 NP CTX Glut,True,Adarb2,4.21,0.959,60.9,14.8,3.251
AId,030 L6 CT CTX Glut,032 L5 NP CTX Glut,True,Cyp26b1,2.546,0.141,38.1,2.3,2.404
AId,030 L6 CT CTX Glut,032 L5 NP CTX Glut,True,Zfhx3,2.286,0.362,37.3,5.9,1.924
AId,030 L6 CT CTX Glut,032 L5 NP CTX Glut,True,Deptor,2.765,0.86,43.4,14.1,1.904
AId,030 L6 CT CTX Glut,032 L5 NP CTX Glut,True,Nr4a2,1.746,0.331,28.5,5.3,1.416
AId,030 L6 CT CTX Glut,032 L5 NP CTX Glut,True,Rgs14,1.452,0.375,26.0,6.4,1.076
AId,030 L6 CT CTX Glut,046 Vip Gaba,False,Meis2,8.932,0.488,97.8,7.5,8.444
AId,030 L6 CT CTX Glut,046 Vip Gaba,False,Foxp2,8.624,0.209,98.7,3.2,8.415
AId,030 L6 CT CTX Glut,046 Vip Gaba,False,Tbr1,7.632,0.376,96.9,5.8,7.256
AId,030 L6 CT CTX Glut,046 Vip Gaba,False,Mpped1,7.807,0.831,96.9,12.7,6.977
AId,030 L6 CT CTX Glut,046 Vip Gaba,False,Satb2,6.281,0.285,85.7,4.6,5.996
AId,030 L6 CT CTX Glut,046 Vip Gaba,False,Crym,5.658,0.138,81.7,2.2,5.52
AId,030 L6 CT CTX Glut,046 Vip Gaba,False,Ppp1r1b,5.38,0.165,77.8,2.6,5.216
AId,030 L6 CT CTX Glut,046 Vip Gaba,False,Spon1,5.367,0.27,70.5,4.2,5.097
AId,030 L6 CT CTX Glut,046 Vip Gaba,False,Sulf1,5.098,0.097,70.9,1.5,5.001
AId,030 L6 CT CTX Glut,046 Vip Gaba,False,Sla,4.633,0.066,69.8,1.0,4.568
AId,030 L6 CT CTX Glut,046 Vip Gaba,False,Rai14,4.329,0.249,66.1,3.8,4.08
AId,030 L6 CT CTX Glut,046 Vip Gaba,False,Fezf2,4.047,0.053,63.4,0.8,3.994
AId,030 L6 CT CTX Glut,049 Lamp5 Gaba,False,Foxp2,8.624,0.158,98.7,2.7,8.467
AId,030 L6 CT CTX Glut,049 Lamp5 Gaba,False,Meis2,8.932,0.574,97.8,9.5,8.358
AId,030 L6 CT CTX Glut,049 Lamp5 Gaba,False,Rprm,7.824,0.308,94.8,5.1,7.516
AId,030 L6 CT CTX Glut,049 Lamp5 Gaba,False,Tbr1,7.632,0.432,96.9,7.2,7.199
AId,030 L6 CT CTX Glut,049 Lamp5 Gaba,False,Syt6,6.201,0.228,86.3,3.6,5.973
AId,030 L6 CT CTX Glut,049 Lamp5 Gaba,False,Satb2,6.281,0.346,85.7,5.8,5.935
AId,030 L6 CT CTX Glut,049 Lamp5 Gaba,False,Crym,5.658,0.152,81.7,2.6,5.506
AId,030 L6 CT CTX Glut,049 Lamp5 Gaba,False,Spon1,5.367,0.324,70.5,5.6,5.043
AId,030 L6 CT CTX Glut,049 Lamp5 Gaba,False,Sulf1,5.098,0.145,70.9,2.5,4.952
AId,030 L6 CT CTX Glut,049 Lamp5 Gaba,False,Ppp1r1b,5.38,0.461,77.8,7.8,4.919
AId,030 L6 CT CTX Glut,049 Lamp5 Gaba,False,Sla,4.633,0.272,69.8,4.5,4.361
AId,030 L6 CT CTX Glut,049 Lamp5 Gaba,False,Rai14,4.329,0.124,66.1,2.1,4.205
AId,030 L6 CT CTX Glut,052 Pvalb Gaba,False,Meis2,8.932,0.45,97.8,7.8,8.481
AId,030 L6 CT CTX Glut,052 Pvalb Gaba,False,Foxp2,8.624,0.375,98.7,5.9,8.249
AId,030 L6 CT CTX Glut,052 Pvalb Gaba,False,Rprm,7.824,0.277,94.8,4.5,7.547
AId,030 L6 CT CTX Glut,052 Pvalb Gaba,False,Thsd7b,7.862,0.46,95.0,7.5,7.402
AId,030 L6 CT CTX Glut,052 Pvalb Gaba,False,Tbr1,7.632,0.445,96.9,7.5,7.187
AId,030 L6 CT CTX Glut,052 Pvalb Gaba,False,Syt6,6.201,0.237,86.3,3.9,5.964
AId,030 L6 CT CTX Glut,052 Pvalb Gaba,False,Satb2,6.281,0.345,85.7,5.8,5.936
AId,030 L6 CT CTX Glut,052 Pvalb Gaba,False,Crym,5.658,0.187,81.7,3.3,5.471
AId,030 L6 CT CTX Glut,052 Pvalb Gaba,False,Ppp1r1b,5.38,0.218,77.8,3.6,5.163
AId,030 L6 CT CTX Glut,052 Pvalb Gaba,False,Sulf1,5.098,0.144,70.9,2.5,4.954
AId,030 L6 CT CTX Glut,052 Pvalb Gaba,False,Spon1,5.367,1.046,70.5,14.8,4.321
AId,030 L6 CT CTX Glut,052 Pvalb Gaba,False,Sla,4.633,0.386,69.8,6.4,4.247
AId,030 L6 CT CTX Glut,053 Sst Gaba,False,Nfib,9.33,0.714,99.8,12.2,8.616
AId,030 L6 CT CTX Glut,053 Sst Gaba,False,Foxp2,8.624,0.139,98.7,2.4,8.485
AId,030 L6 CT CTX Glut,053 Sst Gaba,False,Meis2,8.932,0.452,97.8,7.8,8.48
AId,030 L6 CT CTX Glut,053 Sst Gaba,False,Rprm,7.824,0.311,94.8,5.2,7.513
AId,030 L6 CT CTX Glut,053 Sst Gaba,False,Tbr1,7.632,0.488,96.9,8.5,7.143
AId,030 L6 CT CTX Glut,053 Sst Gaba,False,Satb2,6.281,0.405,85.7,7.0,5.876
AId,030 L6 CT CTX Glut,053 Sst Gaba,False,Syt6,6.201,0.338,86.3,5.7,5.863
AId,030 L6 CT CTX Glut,053 Sst Gaba,False,Crym,5.658,0.201,81.7,3.5,5.457
AId,030 L6 CT CTX Glut,053 Sst Gaba,False,Sema5a,6.166,0.803,82.1,13.0,5.363
AId,030 L6 CT CTX Glut,053 Sst Gaba,False,Ppp1r1b,5.38,0.142,77.8,2.4,5.238
AId,030 L6 CT CTX Glut,053 Sst Gaba,False,Sulf1,5.098,0.149,70.9,2.6,4.948
AId,030 L6 CT CTX Glut,053 Sst Gaba,False,Rai14,4.329,0.111,66.1,2.0,4.218
AId,032 L5 NP CTX Glut,006 L4/5 IT CTX Glut,False,Bcl11b,8.12,0.703,94.7,13.2,7.417
AId,032 L5 NP CTX Glut,006 L4/5 IT CTX Glut,False,Nxph1,7.965,0.66,88.5,11.8,7.305
AId,032 L5 NP CTX Glut,006 L4/5 IT CTX Glut,False,Trhr,5.84,0.044,76.6,0.8,5.796
AId,032 L5 NP CTX Glut,006 L4/5 IT CTX Glut,False,Foxp2,4.936,0.357,67.0,6.8,4.579
AId,032 L5 NP CTX Glut,006 L4/5 IT CTX Glut,False,Sema5b,4.958,0.66,63.0,11.7,4.298
AId,032 L5 NP CTX Glut,006 L4/5 IT CTX Glut,False,Cacng5,3.29,0.122,49.3,2.4,3.168
AId,032 L5 NP CTX Glut,006 L4/5 IT CTX Glut,False,Rai14,3.674,0.661,53.1,12.0,3.014
AId,032 L5 NP CTX Glut,006 L4/5 IT CTX Glut,False,Sema5a,3.595,0.835,50.5,14.8,2.76
AId,032 L5 NP CTX Glut,006 L4/5 IT CTX Glut,False,Ptpru,3.172,0.532,47.8,10.3,2.64
AId,032 L5 NP CTX Glut,006 L4/5 IT CTX Glut,False,Amigo2,2.389,0.265,36.3,5.2,2.124
AId,032 L5 NP CTX Glut,006 L4/5 IT CTX Glut,False,Ccn2,1.863,0.031,29.3,0.7,1.831
AId,032 L5 NP CTX Glut,006 L4/5 IT CTX Glut,False,Drd1,1.813,0.207,28.9,3.8,1.606
AId,032 L5 NP CTX Glut,007 L2/3 IT CTX Glut,False,Tshz2,11.868,0.363,99.9,6.7,11.505
AId,032 L5 NP CTX Glut,007 L2/3 IT CTX Glut,False,Nxph1,7.965,0.588,88.5,10.9,7.378
AId,032 L5 NP CTX Glut,007 L2/3 IT CTX Glut,False,Fezf2,6.511,0.081,84.9,1.6,6.43
AId,032 L5 NP CTX Glut,007 L2/3 IT CTX Glut,False,Trhr,5.84,0.805,76.6,13.7,5.035
AId,032 L5 NP CTX Glut,007 L2/3 IT CTX Glut,False,Foxp2,4.936,0.167,67.0,3.2,4.769
AId,032 L5 NP CTX Glut,007 L2/3 IT CTX Glut,False,Rai14,3.674,0.152,53.1,3.0,3.522
AId,032 L5 NP CTX Glut,007 L2/3 IT CTX Glut,False,Sema5a,3.595,0.424,50.5,7.8,3.171
AId,032 L5 NP CTX Glut,007 L2/3 IT CTX Glut,False,Cacng5,3.29,0.21,49.3,4.0,3.08
AId,032 L5 NP CTX Glut,007 L2/3 IT CTX Glut,False,Amigo2,2.389,0.472,36.3,9.2,1.917
AId,032 L5 NP CTX Glut,007 L2/3 IT CTX Glut,False,Ccn2,1.863,0.047,29.3,0.9,1.816
AId,032 L5 NP CTX Glut,007 L2/3 IT CTX Glut,False,Drd1,1.813,0.277,28.9,5.4,1.536
AId,032 L5 NP CTX Glut,022 L5 ET CTX Glut,True,Nxph1,7.965,0.424,88.5,8.2,7.541
AId,032 L5 NP CTX Glut,022 L5 ET CTX Glut,True,Trhr,5.84,0.063,76.6,1.2,5.777
AId,032 L5 NP CTX Glut,022 L5 ET CTX Glut,True,Sema5b,4.958,0.255,63.0,5.3,4.703
AId,032 L5 NP CTX Glut,022 L5 ET CTX Glut,True,Rai14,3.674,0.162,53.1,3.4,3.512
AId,032 L5 NP CTX Glut,022 L5 ET CTX Glut,True,Sema5a,3.595,0.34,50.5,6.8,3.256
AId,032 L5 NP CTX Glut,022 L5 ET CTX Glut,True,Cacng5,3.29,0.043,49.3,0.9,3.247
AId,032 L5 NP CTX Glut,022 L5 ET CTX Glut,True,Ptpru,3.172,0.466,47.8,9.8,2.706
AId,032 L5 NP CTX Glut,022 L5 ET CTX Glut,True,Amigo2,2.389,0.048,36.3,1.1,2.341
AId,032 L5 NP CTX Glut,022 L5 ET CTX Glut,True,Ccn2,1.863,0.107,29.3,2.3,1.756
AId,032 L5 NP CTX Glut,022 L5 ET CTX Glut,True,Drd1,1.813,0.06,28.9,1.1,1.753
AId,032 L5 NP CTX Glut,029 L6b CTX Glut,True,Tshz2,11.868,0.824,99.9,12.3,11.044
AId,032 L5 NP CTX Glut,029 L6b CTX Glut,True,Nxph1,7.965,0.7,88.5,10.9,7.265
AId,032 L5 NP CTX Glut,029 L6b CTX Glut,True,Rorb,5.574,0.476,72.5,8.2,5.097
AId,032 L5 NP CTX Glut,029 L6b CTX Glut,True,Matn2,2.15,0.369,33.4,7.3,1.781
AId,032 L5 NP CTX Glut,029 L6b CTX Glut,True,Amigo2,2.389,0.713,36.3,13.2,1.675
AId,032 L5 NP CTX Glut,030 L6 CT CTX Glut,True,Tshz2,11.868,0.464,99.9,7.7,11.404
AId,032 L5 NP CTX Glut,030 L6 CT CTX Glut,True,Nxph1,7.965,0.431,88.5,7.6,7.534
AId,032 L5 NP CTX Glut,030 L6 CT CTX Glut,True,Trhr,5.84,0.308,76.6,4.9,5.532
AId,032 L5 NP CTX Glut,030 L6 CT CTX Glut,True,Cacng5,3.29,0.565,49.3,9.8,2.725
AId,032 L5 NP CTX Glut,030 L6 CT CTX Glut,True,Amigo2,2.389,0.316,36.3,5.8,2.073
AId,032 L5 NP CTX Glut,030 L6 CT CTX Glut,True,Ccn2,1.863,0.347,29.3,5.9,1.516
AId,032 L5 NP CTX Glut,030 L6 CT CTX Glut,True,Matn2,2.15,0.697,33.4,12.6,1.453
AId,032 L5 NP CTX Glut,046 Vip Gaba,False,Tshz2,11.868,0.572,99.9,8.3,11.296
AId,032 L5 NP CTX Glut,046 Vip Gaba,False,Meis2,9.157,0.488,98.5,7.5,8.669
AId,032 L5 NP CTX Glut,046 Vip Gaba,False,Etv1,9.628,1.012,99.5,14.7,8.616
AId,032 L5 NP CTX Glut,046 Vip Gaba,False,Spon1,8.556,0.27,97.2,4.2,8.286
AId,032 L5 NP CTX Glut,046 Vip Gaba,False,Fezf2,6.511,0.053,84.9,0.8,6.458
AId,032 L5 NP CTX Glut,046 Vip Gaba,False,Satb2,6.514,0.285,82.6,4.6,6.228
AId,032 L5 NP CTX Glut,046 Vip Gaba,False,Trhr,5.84,0.039,76.6,0.6,5.801
AId,032 L5 NP CTX Glut,046 Vip Gaba,False,Rorb,5.574,0.641,72.5,9.5,4.933
AId,032 L5 NP CTX Glut,046 Vip Gaba,False,Foxp2,4.936,0.209,67.0,3.2,4.726
AId,032 L5 NP CTX Glut,046 Vip Gaba,False,Tbr1,4.286,0.376,62.2,5.8,3.91
AId,032 L5 NP CTX Glut,046 Vip Gaba,False,Crym,3.934,0.138,57.6,2.2,3.796
AId,032 L5 NP CTX Glut,046 Vip Gaba,False,Rai14,3.674,0.249,53.1,3.8,3.425
AId,032 L5 NP CTX Glut,049 Lamp5 Gaba,False,Tshz2,11.868,0.251,99.9,4.2,11.617
AId,032 L5 NP CTX Glut,049 Lamp5 Gaba,False,Etv1,9.628,0.548,99.5,9.4,9.079
AId,032 L5 NP CTX Glut,049 Lamp5 Gaba,False,Meis2,9.157,0.574,98.5,9.5,8.583
AId,032 L5 NP CTX Glut,049 Lamp5 Gaba,False,Spon1,8.556,0.324,97.2,5.6,8.232
AId,032 L5 NP CTX Glut,049 Lamp5 Gaba,False,Fezf2,6.511,0.104,84.9,1.8,6.407
AId,032 L5 NP CTX Glut,049 Lamp5 Gaba,False,Satb2,6.514,0.346,82.6,5.8,6.168
AId,032 L5 NP CTX Glut,049 Lamp5 Gaba,False,Trhr,5.84,0.335,76.6,5.5,5.505
AId,032 L5 NP CTX Glut,049 Lamp5 Gaba,False,Rorb,5.574,0.209,72.5,3.5,5.365
AId,032 L5 NP CTX Glut,049 Lamp5 Gaba,False,Rprm,5.427,0.308,74.2,5.1,5.118
AId,032 L5 NP CTX Glut,049 Lamp5 Gaba,False,Foxp2,4.936,0.158,67.0,2.7,4.778
AId,032 L5 NP CTX Glut,049 Lamp5 Gaba,False,Sema5b,4.958,0.235,63.0,4.1,4.723
AId,032 L5 NP CTX Glut,049 Lamp5 Gaba,False,Tbr1,4.286,0.432,62.2,7.2,3.853
AId,032 L5 NP CTX Glut,052 Pvalb Gaba,False,Tshz2,11.868,0.475,99.9,7.9,11.393
AId,032 L5 NP CTX Glut,052 Pvalb Gaba,False,Meis2,9.157,0.45,98.5,7.8,8.706
AId,032 L5 NP CTX Glut,052 Pvalb Gaba,False,Spon1,8.556,1.046,97.2,14.8,7.509
AId,032 L5 NP CTX Glut,052 Pvalb Gaba,False,Fezf2,6.511,0.063,84.9,1.1,6.448
AId,032 L5 NP CTX Glut,052 Pvalb Gaba,False,Satb2,6.514,0.345,82.6,5.8,6.168
AId,032 L5 NP CTX Glut,052 Pvalb Gaba,False,Trhr,5.84,0.044,76.6,0.8,5.796
AId,032 L5 NP CTX Glut,052 Pvalb Gaba,False,Rprm,5.427,0.277,74.2,4.5,5.15
AId,032 L5 NP CTX Glut,052 Pvalb Gaba,False,Rorb,5.574,0.481,72.5,8.1,5.093
AId,032 L5 NP CTX Glut,052 Pvalb Gaba,False,Foxp2,4.936,0.375,67.0,5.9,4.561
AId,032 L5 NP CTX Glut,052 Pvalb Gaba,False,Sema5b,4.958,0.523,63.0,8.9,4.435
AId,032 L5 NP CTX Glut,052 Pvalb Gaba,False,Tbr1,4.286,0.445,62.2,7.5,3.841
AId,032 L5 NP CTX Glut,052 Pvalb Gaba,False,Crym,3.934,0.187,57.6,3.3,3.746
AId,032 L5 NP CTX Glut,053 Sst Gaba,False,Tshz2,11.868,0.695,99.9,11.2,11.173
AId,032 L5 NP CTX Glut,053 Sst Gaba,False,Meis2,9.157,0.452,98.5,7.8,8.705
AId,032 L5 NP CTX Glut,053 Sst Gaba,False,Nfib,7.64,0.714,92.7,12.2,6.926
AId,032 L5 NP CTX Glut,053 Sst Gaba,False,Fezf2,6.511,0.072,84.9,1.3,6.439
AId,032 L5 NP CTX Glut,053 Sst Gaba,False,Satb2,6.514,0.405,82.6,7.0,6.108
AId,032 L5 NP CTX Glut,053 Sst Gaba,False,Trhr,5.84,0.05,76.6,0.8,5.791
AId,032 L5 NP CTX Glut,053 Sst Gaba,False,Rorb,5.574,0.331,72.5,5.7,5.243
AId,032 L5 NP CTX Glut,053 Sst Gaba,False,Rprm,5.427,0.311,74.2,5.2,5.115
AId,032 L5 NP CTX Glut,053 Sst Gaba,False,Foxp2,4.936,0.139,67.0,2.4,4.796
AId,032 L5 NP CTX Glut,053 Sst Gaba,False,Sema5b,4.958,0.222,63.0,3.8,4.735
AId,032 L5 NP CTX Glut,053 Sst Gaba,False,Tbr1,4.286,0.488,62.2,8.5,3.798
AId,032 L5 NP CTX Glut,053 Sst Gaba,False,Crym,3.934,0.201,57.6,3.5,3.733
AId,046 Vip Gaba,006 L4/5 IT CTX Glut,False,Vip,10.714,0.713,91.7,13.0,10.001
AId,046 Vip Gaba,006 L4/5 IT CTX Glut,False,Gad2,8.985,0.708,95.3,13.3,8.276
AId,046 Vip Gaba,006 L4/5 IT CTX Glut,False,Prox1,7.335,0.057,85.7,1.1,7.278
AId,046 Vip Gaba,006 L4/5 IT CTX Glut,False,Dlx1,6.199,0.11,79.0,2.1,6.089
AId,046 Vip Gaba,006 L4/5 IT CTX Glut,False,Slc32a1,6.191,0.177,79.7,3.3,6.014
AId,046 Vip Gaba,006 L4/5 IT CTX Glut,False,Crh,5.537,0.112,61.0,2.1,5.425
AId,046 Vip Gaba,006 L4/5 IT CTX Glut,False,Penk,5.278,0.115,64.0,2.1,5.163
AId,046 Vip Gaba,006 L4/5 IT CTX Glut,False,Calb2,5.025,0.162,60.8,3.1,4.863
AId,046 Vip Gaba,006 L4/5 IT CTX Glut,False,Tac2,4.842,0.195,52.8,3.6,4.647
AId,046 Vip Gaba,006 L4/5 IT CTX Glut,False,Sema5b,4.665,0.66,60.3,11.7,4.005
AId,046 Vip Gaba,006 L4/5 IT CTX Glut,False,Sema5a,4.524,0.835,56.7,14.8,3.689
AId,046 Vip Gaba,006 L4/5 IT CTX Glut,False,Dock10,4.344,0.748,57.3,13.6,3.597
AId,046 Vip Gaba,007 L2/3 IT CTX Glut,False,Vip,10.714,0.657,91.7,12.2,10.057
AId,046 Vip Gaba,007 L2/3 IT CTX Glut,False,Gad2,8.985,0.722,95.3,13.8,8.263
AId,046 Vip Gaba,007 L2/3 IT CTX Glut,False,Prox1,7.335,0.052,85.7,1.0,7.283
AId,046 Vip Gaba,007 L2/3 IT CTX Glut,False,Dlx1,6.199,0.095,79.0,1.8,6.104
AId,046 Vip Gaba,007 L2/3 IT CTX Glut,False,Slc32a1,6.191,0.163,79.7,3.1,6.028
AId,046 Vip Gaba,007 L2/3 IT CTX Glut,False,Crh,5.537,0.135,61.0,2.5,5.403
AId,046 Vip Gaba,007 L2/3 IT CTX Glut,False,Calb2,5.025,0.145,60.8,2.9,4.88
AId,046 Vip Gaba,007 L2/3 IT CTX Glut,False,Tac2,4.842,0.084,52.8,1.6,4.758
AId,046 Vip Gaba,007 L2/3 IT CTX Glut,False,Sema5a,4.524,0.424,56.7,7.8,4.099
AId,046 Vip Gaba,007 L2/3 IT CTX Glut,False,Slc5a7,3.336,0.011,43.1,0.2,3.325
AId,046 Vip Gaba,007 L2/3 IT CTX Glut,False,Pnoc,3.327,0.055,44.3,1.1,3.272
AId,046 Vip Gaba,007 L2/3 IT CTX Glut,False,Thsd7b,3.708,0.533,45.0,9.8,3.175
AId,046 Vip Gaba,022 L5 ET CTX Glut,False,Vip,10.714,0.672,91.7,13.6,10.042
AId,046 Vip Gaba,022 L5 ET CTX Glut,False,Prox1,7.335,0.065,85.7,1.2,7.269
AId,046 Vip Gaba,022 L5 ET CTX Glut,False,Dlx1,6.199,0.08,79.0,1.6,6.119
AId,046 Vip Gaba,022 L5 ET CTX Glut,False,Maf,6.44,0.422,77.5,8.9,6.018
AId,046 Vip Gaba,022 L5 ET CTX Glut,False,Slc32a1,6.191,0.226,79.7,4.7,5.965
AId,046 Vip Gaba,022 L5 ET CTX Glut,False,Crh,5.537,0.099,61.0,2.1,5.438
AId,046 Vip Gaba,022 L5 ET CTX Glut,False,Penk,5.278,0.17,64.0,3.4,5.108
AId,046 Vip Gaba,022 L5 ET CTX Glut,False,Calb2,5.025,0.157,60.8,3.2,4.867
AId,046 Vip Gaba,022 L5 ET CTX Glut,False,Tac2,4.842,0.118,52.8,2.5,4.724
AId,046 Vip Gaba,022 L5 ET CTX Glut,False,Sema5b,4.665,0.255,60.3,5.3,4.41
AId,046 Vip Gaba,022 L5 ET CTX Glut,False,Sema5a,4.524,0.34,56.7,6.8,4.184
AId,046 Vip Gaba,022 L5 ET CTX Glut,False,Slc5a7,3.336,0.019,43.1,0.3,3.317
AId,046 Vip Gaba,029 L6b CTX Glut,False,Vip,10.714,0.629,91.7,11.4,10.085
AId,046 Vip Gaba,029 L6b CTX Glut,False,Gad2,8.985,0.685,95.3,12.5,8.299
AId,046 Vip Gaba,029 L6b CTX Glut,False,Slc6a1,8.514,0.616,95.8,11.4,7.897
AId,046 Vip Gaba,029 L6b CTX Glut,False,Prox1,7.335,0.055,85.7,1.1,7.28
AId,046 Vip Gaba,029 L6b CTX Glut,False,Maf,6.44,0.192,77.5,3.6,6.248
AId,046 Vip Gaba,029 L6b CTX Glut,False,Slc32a1,6.191,0.152,79.7,2.7,6.039
AId,046 Vip Gaba,029 L6b CTX Glut,False,Dlx1,6.199,0.175,79.0,3.2,6.024
AId,046 Vip Gaba,029 L6b CTX Glut,False,Crh,5.537,0.097,61.0,1.8,5.44
AId,046 Vip Gaba,029 L6b CTX Glut,False,Penk,5.278,0.133,64.0,2.5,5.145
AId,046 Vip Gaba,029 L6b CTX Glut,False,Calb2,5.025,0.057,60.8,1.1,4.968
AId,046 Vip Gaba,029 L6b CTX Glut,False,Tac2,4.842,0.148,52.8,2.7,4.694
AId,046 Vip Gaba,029 L6b CTX Glut,False,Dock10,4.344,0.687,57.3,12.3,3.658
AId,046 Vip Gaba,030 L6 CT CTX Glut,False,Vip,10.714,0.622,91.7,10.9,10.092
AId,046 Vip Gaba,030 L6 CT CTX Glut,False,Gad2,8.985,0.676,95.3,12.1,8.308
AId,046 Vip Gaba,030 L6 CT CTX Glut,False,Slc6a1,8.514,0.753,95.8,13.4,7.76
AId,046 Vip Gaba,030 L6 CT CTX Glut,False,Prox1,7.335,0.057,85.7,1.0,7.277
AId,046 Vip Gaba,030 L6 CT CTX Glut,False,Maf,6.44,0.293,77.5,5.2,6.147
AId,046 Vip Gaba,030 L6 CT CTX Glut,False,Dlx1,6.199,0.088,79.0,1.6,6.111
AId,046 Vip Gaba,030 L6 CT CTX Glut,False,Slc32a1,6.191,0.18,79.7,3.2,6.011
AId,046 Vip Gaba,030 L6 CT CTX Glut,False,Crh,5.537,0.094,61.0,1.7,5.444
AId,046 Vip Gaba,030 L6 CT CTX Glut,False,Penk,5.278,0.117,64.0,2.1,5.161
AId,046 Vip Gaba,030 L6 CT CTX Glut,False,Calb2,5.025,0.072,60.8,1.3,4.953
AId,046 Vip Gaba,030 L6 CT CTX Glut,False,Tac2,4.842,0.093,52.8,1.7,4.749
AId,046 Vip Gaba,030 L6 CT CTX Glut,False,Slc5a7,3.336,0.014,43.1,0.2,3.322
AId,046 Vip Gaba,032 L5 NP CTX Glut,False,Adarb2,12.458,0.959,100.0,14.8,11.499
AId,046 Vip Gaba,032 L5 NP CTX Glut,False,Vip,10.714,0.558,91.7,8.9,10.156
AId,046 Vip Gaba,032 L5 NP CTX Glut,False,Gad1,9.185,0.811,98.0,13.0,8.374
AId,046 Vip Gaba,032 L5 NP CTX Glut,False,Gad2,8.985,0.617,95.3,10.0,8.367
AId,046 Vip Gaba,032 L5 NP CTX Glut,False,Prox1,7.335,0.058,85.7,0.9,7.277
AId,046 Vip Gaba,032 L5 NP CTX Glut,False,Dlx1,6.199,0.098,79.0,1.6,6.101
AId,046 Vip Gaba,032 L5 NP CTX Glut,False,Slc32a1,6.191,0.146,79.7,2.4,6.045
AId,046 Vip Gaba,032 L5 NP CTX Glut,False,Maf,6.44,0.814,77.5,12.4,5.626
AId,046 Vip Gaba,032 L5 NP CTX Glut,False,Crh,5.537,0.07,61.0,1.2,5.467
AId,046 Vip Gaba,032 L5 NP CTX Glut,False,Penk,5.278,0.077,64.0,1.2,5.201
AId,046 Vip Gaba,032 L5 NP CTX Glut,False,Calb2,5.025,0.065,60.8,1.1,4.96
AId,046 Vip Gaba,032 L5 NP CTX Glut,False,Tac2,4.842,0.08,52.8,1.3,4.762
AId,046 Vip Gaba,049 Lamp5 Gaba,True,Vip,10.714,0.67,91.7,10.9,10.044
AId,046 Vip Gaba,049 Lamp5 Gaba,True,Crh,5.537,0.275,61.0,4.2,5.262
AId,046 Vip Gaba,049 Lamp5 Gaba,True,Penk,5.278,0.302,64.0,4.8,4.976
AId,046 Vip Gaba,049 Lamp5 Gaba,True,Calb2,5.025,0.157,60.8,2.4,4.868
AId,046 Vip Gaba,049 Lamp5 Gaba,True,Tac2,4.842,0.387,52.8,5.3,4.455
AId,046 Vip Gaba,049 Lamp5 Gaba,True,Sema5b,4.665,0.235,60.3,4.1,4.43
AId,046 Vip Gaba,049 Lamp5 Gaba,True,Slc5a7,3.336,0.022,43.1,0.3,3.314
AId,046 Vip Gaba,049 Lamp5 Gaba,True,Pde1c,3.476,0.596,45.2,10.1,2.88
AId,046 Vip Gaba,049 Lamp5 Gaba,True,Htr3a,3.094,0.681,41.1,10.3,2.413
AId,046 Vip Gaba,049 Lamp5 Gaba,True,Cacng5,2.833,0.896,39.6,15.0,1.937
AId,046 Vip Gaba,052 Pvalb Gaba,True,Adarb2,12.458,0.644,100.0,11.0,11.814
AId,046 Vip Gaba,052 Pvalb Gaba,True,Vip,10.714,0.584,91.7,9.8,10.13
AId,046 Vip Gaba,052 Pvalb Gaba,True,Prox1,7.335,0.05,85.7,0.8,7.285
AId,046 Vip Gaba,052 Pvalb Gaba,True,Crh,5.537,0.098,61.0,1.7,5.44
AId,046 Vip Gaba,052 Pvalb Gaba,True,Calb2,5.025,0.065,60.8,1.1,4.96
AId,046 Vip Gaba,052 Pvalb Gaba,True,Penk,5.278,0.446,64.0,6.9,4.832
AId,046 Vip Gaba,052 Pvalb Gaba,True,Tac2,4.842,0.091,52.8,1.6,4.751
AId,046 Vip Gaba,052 Pvalb Gaba,True,Sema5b,4.665,0.523,60.3,8.9,4.141
AId,046 Vip Gaba,052 Pvalb Gaba,True,Dock10,4.344,0.49,57.3,8.2,3.854
AId,046 Vip Gaba,052 Pvalb Gaba,True,Slc5a7,3.336,0.01,43.1,0.2,3.326
AId,046 Vip Gaba,052 Pvalb Gaba,True,Thsd7b,3.708,0.46,45.0,7.5,3.247
AId,046 Vip Gaba,052 Pvalb Gaba,True,Htr3a,3.094,0.019,41.1,0.3,3.075
AId,046 Vip Gaba,053 Sst Gaba,True,Adarb2,12.458,0.781,100.0,13.2,11.678
AId,046 Vip Gaba,053 Sst Gaba,True,Vip,10.714,0.698,91.7,11.7,10.016
AId,046 Vip Gaba,053 Sst Gaba,True,Nfib,8.059,0.714,91.5,12.2,7.345
AId,046 Vip Gaba,053 Sst Gaba,True,Prox1,7.335,0.068,85.7,1.1,7.267
AId,046 Vip Gaba,053 Sst Gaba,True,Penk,5.278,0.584,64.0,8.7,4.694
AId,046 Vip Gaba,053 Sst Gaba,True,Crh,5.537,0.942,61.0,13.0,4.595
AId,046 Vip Gaba,053 Sst Gaba,True,Tac2,4.842,0.356,52.8,5.1,4.486
AId,046 Vip Gaba,053 Sst Gaba,True,Sema5b,4.665,0.222,60.3,3.8,4.442
AId,046 Vip Gaba,053 Sst Gaba,True,Sema5a,4.524,0.803,56.7,13.0,3.72
AId,046 Vip Gaba,053 Sst Gaba,True,Slc5a7,3.336,0.013,43.1,0.2,3.323
AId,046 Vip Gaba,053 Sst Gaba,True,Htr3a,3.094,0.03,41.1,0.5,3.064
AId,046 Vip Gaba,053 Sst Gaba,True,Nr2e1,2.833,0.023,40.9,0.4,2.811
AId,049 Lamp5 Gaba,006 L4/5 IT CTX Glut,False,Gad2,11.275,0.708,100.0,13.3,10.567
AId,049 Lamp5 Gaba,006 L4/5 IT CTX Glut,False,Nxph1,9.42,0.66,91.3,11.8,8.759
AId,049 Lamp5 Gaba,006 L4/5 IT CTX Glut,False,Bcl11b,8.186,0.703,96.0,13.2,7.483
AId,049 Lamp5 Gaba,006 L4/5 IT CTX Glut,False,Slc32a1,7.471,0.177,92.9,3.3,7.294
AId,049 Lamp5 Gaba,006 L4/5 IT CTX Glut,False,Sema5a,7.93,0.835,87.6,14.8,7.095
AId,049 Lamp5 Gaba,006 L4/5 IT CTX Glut,False,Reln,7.574,0.558,75.8,10.1,7.016
AId,049 Lamp5 Gaba,006 L4/5 IT CTX Glut,False,Cplx3,6.734,0.138,86.0,2.5,6.596
AId,049 Lamp5 Gaba,006 L4/5 IT CTX Glut,False,Pnoc,6.65,0.076,84.5,1.4,6.573
AId,049 Lamp5 Gaba,006 L4/5 IT CTX Glut,False,Prox1,5.583,0.057,74.6,1.1,5.527
AId,049 Lamp5 Gaba,006 L4/5 IT CTX Glut,False,Ndnf,5.216,0.043,59.7,0.8,5.173
AId,049 Lamp5 Gaba,006 L4/5 IT CTX Glut,False,Dock10,5.04,0.748,68.2,13.6,4.292
AId,049 Lamp5 Gaba,006 L4/5 IT CTX Glut,False,Dlx1,3.847,0.11,57.9,2.1,3.738
AId,049 Lamp5 Gaba,007 L2/3 IT CTX Glut,False,Gad2,11.275,0.722,100.0,13.8,10.553
AId,049 Lamp5 Gaba,007 L2/3 IT CTX Glut,False,Nxph1,9.42,0.588,91.3,10.9,8.832
AId,049 Lamp5 Gaba,007 L2/3 IT CTX Glut,False,Sema5a,7.93,0.424,87.6,7.8,7.506
AId,049 Lamp5 Gaba,007 L2/3 IT CTX Glut,False,Slc32a1,7.471,0.163,92.9,3.1,7.308
AId,049 Lamp5 Gaba,007 L2/3 IT CTX Glut,False,Pnoc,6.65,0.055,84.5,1.1,6.595
AId,049 Lamp5 Gaba,007 L2/3 IT CTX Glut,False,Cplx3,6.734,0.187,86.0,3.7,6.548
AId,049 Lamp5 Gaba,007 L2/3 IT CTX Glut,False,Prox1,5.583,0.052,74.6,1.0,5.531
AId,049 Lamp5 Gaba,007 L2/3 IT CTX Glut,False,Ndnf,5.216,0.07,59.7,1.4,5.147
AId,049 Lamp5 Gaba,007 L2/3 IT CTX Glut,False,Dlx1,3.847,0.095,57.9,1.8,3.753
AId,049 Lamp5 Gaba,007 L2/3 IT CTX Glut,False,Sp9,3.035,0.027,46.2,0.6,3.008
AId,049 Lamp5 Gaba,007 L2/3 IT CTX Glut,False,Thsd7b,3.527,0.533,48.5,9.8,2.995
AId,049 Lamp5 Gaba,007 L2/3 IT CTX Glut,False,Sox1,2.81,0.03,43.7,0.6,2.78
AId,049 Lamp5 Gaba,022 L5 ET CTX Glut,False,Nxph1,9.42,0.424,91.3,8.2,8.995
AId,049 Lamp5 Gaba,022 L5 ET CTX Glut,False,Maf,8.016,0.422,93.6,8.9,7.594
AId,049 Lamp5 Gaba,022 L5 ET CTX Glut,False,Sema5a,7.93,0.34,87.6,6.8,7.591
AId,049 Lamp5 Gaba,022 L5 ET CTX Glut,False,Slc32a1,7.471,0.226,92.9,4.7,7.244
AId,049 Lamp5 Gaba,022 L5 ET CTX Glut,False,Cplx3,6.734,0.085,86.0,1.9,6.65
AId,049 Lamp5 Gaba,022 L5 ET CTX Glut,False,Pnoc,6.65,0.071,84.5,1.3,6.579
AId,049 Lamp5 Gaba,022 L5 ET CTX Glut,False,Prox1,5.583,0.065,74.6,1.2,5.518
AId,049 Lamp5 Gaba,022 L5 ET CTX Glut,False,Cux2,4.37,0.369,62.9,7.5,4.002
AId,049 Lamp5 Gaba,022 L5 ET CTX Glut,False,Dlx1,3.847,0.08,57.9,1.6,3.767
AId,049 Lamp5 Gaba,022 L5 ET CTX Glut,False,Nos1,4.069,0.785,58.4,14.7,3.284
AId,049 Lamp5 Gaba,022 L5 ET CTX Glut,False,Thsd7b,3.527,0.449,48.5,9.2,3.079
AId,049 Lamp5 Gaba,022 L5 ET CTX Glut,False,Sp9,3.035,0.044,46.2,0.9,2.991
AId,049 Lamp5 Gaba,029 L6b CTX Glut,False,Gad2,11.275,0.685,100.0,12.5,10.59
AId,049 Lamp5 Gaba,029 L6b CTX Glut,False,Slc6a1,10.639,0.616,99.9,11.4,10.023
AId,049 Lamp5 Gaba,029 L6b CTX Glut,False,Nxph1,9.42,0.7,91.3,10.9,8.72
AId,049 Lamp5 Gaba,029 L6b CTX Glut,False,Maf,8.016,0.192,93.6,3.6,7.824
AId,049 Lamp5 Gaba,029 L6b CTX Glut,False,Slc32a1,7.471,0.152,92.9,2.7,7.319
AId,049 Lamp5 Gaba,029 L6b CTX Glut,False,Lamp5,7.543,0.345,87.4,6.4,7.197
AId,049 Lamp5 Gaba,029 L6b CTX Glut,False,Pnoc,6.65,0.231,84.5,3.9,6.419
AId,049 Lamp5 Gaba,029 L6b CTX Glut,False,Prox1,5.583,0.055,74.6,1.1,5.528
AId,049 Lamp5 Gaba,029 L6b CTX Glut,False,Ndnf,5.216,0.063,59.7,1.1,5.154
AId,049 Lamp5 Gaba,029 L6b CTX Glut,False,Dock10,5.04,0.687,68.2,12.3,4.353
AId,049 Lamp5 Gaba,029 L6b CTX Glut,False,Cux2,4.37,0.297,62.9,5.7,4.073
AId,049 Lamp5 Gaba,029 L6b CTX Glut,False,Tshz1,4.488,0.757,64.9,13.9,3.731
AId,049 Lamp5 Gaba,030 L6 CT CTX Glut,False,Gad2,11.275,0.676,100.0,12.1,10.599
AId,049 Lamp5 Gaba,030 L6 CT CTX Glut,False,Slc6a1,10.639,0.753,99.9,13.4,9.886
AId,049 Lamp5 Gaba,030 L6 CT CTX Glut,False,Nxph1,9.42,0.431,91.3,7.6,8.989
AId,049 Lamp5 Gaba,030 L6 CT CTX Glut,False,Maf,8.016,0.293,93.6,5.2,7.723
AId,049 Lamp5 Gaba,030 L6 CT CTX Glut,False,Slc32a1,7.471,0.18,92.9,3.2,7.291
AId,049 Lamp5 Gaba,030 L6 CT CTX Glut,False,Reln,7.574,0.346,75.8,6.1,7.228
AId,049 Lamp5 Gaba,030 L6 CT CTX Glut,False,Pnoc,6.65,0.057,84.5,1.0,6.593
AId,049 Lamp5 Gaba,030 L6 CT CTX Glut,False,Cplx3,6.734,0.231,86.0,3.8,6.503
AId,049 Lamp5 Gaba,030 L6 CT CTX Glut,False,Prox1,5.583,0.057,74.6,1.0,5.526
AId,049 Lamp5 Gaba,030 L6 CT CTX Glut,False,Ndnf,5.216,0.052,59.7,0.9,5.165
AId,049 Lamp5 Gaba,030 L6 CT CTX Glut,False,Cux2,4.37,0.281,62.9,5.0,4.09
AId,049 Lamp5 Gaba,030 L6 CT CTX Glut,False,Vat1l,4.291,0.414,62.7,7.4,3.877
AId,049 Lamp5 Gaba,032 L5 NP CTX Glut,False,Gad2,11.275,0.617,100.0,10.0,10.658
AId,049 Lamp5 Gaba,032 L5 NP CTX Glut,False,Adarb2,11.501,0.959,100.0,14.8,10.542
AId,049 Lamp5 Gaba,032 L5 NP CTX Glut,False,Gad1,10.902,0.811,100.0,13.0,10.091
AId,049 Lamp5 Gaba,032 L5 NP CTX Glut,False,Slc32a1,7.471,0.146,92.9,2.4,7.324
AId,049 Lamp5 Gaba,032 L5 NP CTX Glut,False,Reln,7.574,0.272,75.8,4.3,7.302
AId,049 Lamp5 Gaba,032 L5 NP CTX Glut,False,Maf,8.016,0.814,93.6,12.4,7.202
AId,049 Lamp5 Gaba,032 L5 NP CTX Glut,False,Lamp5,7.543,0.362,87.4,5.8,7.181
AId,049 Lamp5 Gaba,032 L5 NP CTX Glut,False,Pnoc,6.65,0.098,84.5,1.6,6.552
AId,049 Lamp5 Gaba,032 L5 NP CTX Glut,False,Cplx3,6.734,0.273,86.0,4.1,6.461
AId,049 Lamp5 Gaba,032 L5 NP CTX Glut,False,Prox1,5.583,0.058,74.6,0.9,5.526
AId,049 Lamp5 Gaba,032 L5 NP CTX Glut,False,Ndnf,5.216,0.043,59.7,0.7,5.173
AId,049 Lamp5 Gaba,032 L5 NP CTX Glut,False,Dock10,5.04,0.204,68.2,3.3,4.835
AId,049 Lamp5 Gaba,046 Vip Gaba,True,Lamp5,7.543,0.264,87.4,4.0,7.279
AId,049 Lamp5 Gaba,046 Vip Gaba,True,Mpped1,8.103,0.831,90.1,12.7,7.273
AId,049 Lamp5 Gaba,046 Vip Gaba,True,Cplx3,6.734,0.675,86.0,10.2,6.06
AId,049 Lamp5 Gaba,046 Vip Gaba,True,Ndnf,5.216,0.137,59.7,1.9,5.079
AId,049 Lamp5 Gaba,046 Vip Gaba,True,Tnnt1,2.729,0.146,39.1,2.2,2.584
AId,049 Lamp5 Gaba,046 Vip Gaba,True,Sp9,3.035,0.632,46.2,9.5,2.403
AId,049 Lamp5 Gaba,052 Pvalb Gaba,True,Adarb2,11.501,0.644,100.0,11.0,10.857
AId,049 Lamp5 Gaba,052 Pvalb Gaba,True,Lamp5,7.543,0.297,87.4,5.0,7.245
AId,049 Lamp5 Gaba,052 Pvalb Gaba,True,Cplx3,6.734,0.061,86.0,1.1,6.674
AId,049 Lamp5 Gaba,052 Pvalb Gaba,True,Pnoc,6.65,0.696,84.5,10.5,5.954
AId,049 Lamp5 Gaba,052 Pvalb Gaba,True,Prox1,5.583,0.05,74.6,0.8,5.534
AId,049 Lamp5 Gaba,052 Pvalb Gaba,True,Ndnf,5.216,0.032,59.7,0.6,5.184
AId,049 Lamp5 Gaba,052 Pvalb Gaba,True,Dock10,5.04,0.49,68.2,8.2,4.549
AId,049 Lamp5 Gaba,052 Pvalb Gaba,True,Thsd7b,3.527,0.46,48.5,7.5,3.067
AId,049 Lamp5 Gaba,052 Pvalb Gaba,True,Tnnt1,2.729,0.035,39.1,0.6,2.694
AId,049 Lamp5 Gaba,053 Sst Gaba,True,Adarb2,11.501,0.781,100.0,13.2,10.72
AId,049 Lamp5 Gaba,053 Sst Gaba,True,Nfib,10.153,0.714,99.7,12.2,9.438
AId,049 Lamp5 Gaba,053 Sst Gaba,True,Lamp5,7.543,0.299,87.4,5.1,7.244
AId,049 Lamp5 Gaba,053 Sst Gaba,True,Sema5a,7.93,0.803,87.6,13.0,7.127
AId,049 Lamp5 Gaba,053 Sst Gaba,True,Cplx3,6.734,0.092,86.0,1.6,6.643
AId,049 Lamp5 Gaba,053 Sst Gaba,True,Pnoc,6.65,0.742,84.5,11.5,5.907
AId,049 Lamp5 Gaba,053 Sst Gaba,True,Prox1,5.583,0.068,74.6,1.1,5.515
AId,049 Lamp5 Gaba,053 Sst Gaba,True,Ndnf,5.216,0.38,59.7,6.0,4.837
AId,049 Lamp5 Gaba,053 Sst Gaba,True,Tnnt1,2.729,0.024,39.1,0.4,2.705
AId,049 Lamp5 Gaba,053 Sst Gaba,True,Sp9,3.035,0.623,46.2,10.7,2.412
AId,052 Pvalb Gaba,006 L4/5 IT CTX Glut,False,Nxph1,10.47,0.66,99.9,11.8,9.81
AId,052 Pvalb Gaba,006 L4/5 IT CTX Glut,False,Gad2,9.434,0.708,99.5,13.3,8.726
AId,052 Pvalb Gaba,006 L4/5 IT CTX Glut,False,Sox6,8.35,0.162,96.2,3.1,8.187
AId,052 Pvalb Gaba,006 L4/5 IT CTX Glut,False,Pvalb,7.878,0.148,86.0,2.7,7.73
AId,052 Pvalb Gaba,006 L4/5 IT CTX Glut,False,Slc32a1,7.857,0.177,95.5,3.3,7.68
AId,052 Pvalb Gaba,006 L4/5 IT CTX Glut,False,Tac1,6.325,0.137,75.2,2.7,6.188
AId,052 Pvalb Gaba,006 L4/5 IT CTX Glut,False,Lhx6,5.71,0.085,79.4,1.6,5.626
AId,052 Pvalb Gaba,006 L4/5 IT CTX Glut,False,Bcl11b,5.986,0.703,82.0,13.2,5.283
AId,052 Pvalb Gaba,006 L4/5 IT CTX Glut,False,Cartpt,4.472,0.64,60.7,10.1,3.832
AId,052 Pvalb Gaba,006 L4/5 IT CTX Glut,False,Moxd1,3.886,0.13,50.4,2.4,3.756
AId,052 Pvalb Gaba,006 L4/5 IT CTX Glut,False,Sema5a,4.487,0.835,62.3,14.8,3.652
AId,052 Pvalb Gaba,006 L4/5 IT CTX Glut,False,Sp9,2.857,0.029,45.6,0.6,2.827
AId,052 Pvalb Gaba,007 L2/3 IT CTX Glut,False,Nxph1,10.47,0.588,99.9,10.9,9.883
AId,052 Pvalb Gaba,007 L2/3 IT CTX Glut,False,Gad2,9.434,0.722,99.5,13.8,8.712
AId,052 Pvalb Gaba,007 L2/3 IT CTX Glut,False,Sox6,8.35,0.198,96.2,3.9,8.152
AId,052 Pvalb Gaba,007 L2/3 IT CTX Glut,False,Pvalb,7.878,0.135,86.0,2.4,7.743
AId,052 Pvalb Gaba,007 L2/3 IT CTX Glut,False,Slc32a1,7.857,0.163,95.5,3.1,7.694
AId,052 Pvalb Gaba,007 L2/3 IT CTX Glut,False,Tac1,6.325,0.136,75.2,2.6,6.189
AId,052 Pvalb Gaba,007 L2/3 IT CTX Glut,False,Lhx6,5.71,0.091,79.4,1.7,5.62
AId,052 Pvalb Gaba,007 L2/3 IT CTX Glut,False,Cartpt,4.472,0.092,60.7,1.6,4.38
AId,052 Pvalb Gaba,007 L2/3 IT CTX Glut,False,Sema5a,4.487,0.424,62.3,7.8,4.063
AId,052 Pvalb Gaba,007 L2/3 IT CTX Glut,False,Moxd1,3.886,0.141,50.4,2.7,3.745
AId,052 Pvalb Gaba,007 L2/3 IT CTX Glut,False,Sp9,2.857,0.027,45.6,0.6,2.829
AId,052 Pvalb Gaba,007 L2/3 IT CTX Glut,False,Dlx1,2.707,0.095,44.0,1.8,2.612
AId,052 Pvalb Gaba,022 L5 ET CTX Glut,False,Nxph1,10.47,0.424,99.9,8.2,10.046
AId,052 Pvalb Gaba,022 L5 ET CTX Glut,False,Sox6,8.35,0.199,96.2,4.1,8.15
AId,052 Pvalb Gaba,022 L5 ET CTX Glut,False,Pvalb,7.878,0.146,86.0,3.0,7.732
AId,052 Pvalb Gaba,022 L5 ET CTX Glut,False,Slc32a1,7.857,0.226,95.5,4.7,7.631
AId,052 Pvalb Gaba,022 L5 ET CTX Glut,False,Maf,7.041,0.422,89.0,8.9,6.619
AId,052 Pvalb Gaba,022 L5 ET CTX Glut,False,Tac1,6.325,0.169,75.2,3.4,6.156
AId,052 Pvalb Gaba,022 L5 ET CTX Glut,False,Lhx6,5.71,0.096,79.4,1.9,5.614
AId,052 Pvalb Gaba,022 L5 ET CTX Glut,False,Cux2,5.246,0.369,72.9,7.5,4.877
AId,052 Pvalb Gaba,022 L5 ET CTX Glut,False,Sema5a,4.487,0.34,62.3,6.8,4.147
AId,052 Pvalb Gaba,022 L5 ET CTX Glut,False,Cartpt,4.472,0.53,60.7,10.1,3.942
AId,052 Pvalb Gaba,022 L5 ET CTX Glut,False,Moxd1,3.886,0.059,50.4,1.2,3.827
AId,052 Pvalb Gaba,022 L5 ET CTX Glut,False,Sp9,2.857,0.044,45.6,0.9,2.812
AId,052 Pvalb Gaba,029 L6b CTX Glut,False,Nxph1,10.47,0.7,99.9,10.9,9.77
AId,052 Pvalb Gaba,029 L6b CTX Glut,False,Slc6a1,10.372,0.616,99.9,11.4,9.756
AId,052 Pvalb Gaba,029 L6b CTX Glut,False,Gad2,9.434,0.685,99.5,12.5,8.748
AId,052 Pvalb Gaba,029 L6b CTX Glut,False,Sox6,8.35,0.132,96.2,2.5,8.218
AId,052 Pvalb Gaba,029 L6b CTX Glut,False,Slc32a1,7.857,0.152,95.5,2.7,7.705
AId,052 Pvalb Gaba,029 L6b CTX Glut,False,Maf,7.041,0.192,89.0,3.6,6.849
AId,052 Pvalb Gaba,029 L6b CTX Glut,False,Tac1,6.325,0.1,75.2,1.8,6.226
AId,052 Pvalb Gaba,029 L6b CTX Glut,False,Lhx6,5.71,0.102,79.4,2.0,5.609
AId,052 Pvalb Gaba,029 L6b CTX Glut,False,Cux2,5.246,0.297,72.9,5.7,4.949
AId,052 Pvalb Gaba,029 L6b CTX Glut,False,Cartpt,4.472,0.091,60.7,1.6,4.381
AId,052 Pvalb Gaba,029 L6b CTX Glut,False,Calb1,4.104,0.529,48.4,9.6,3.576
AId,052 Pvalb Gaba,029 L6b CTX Glut,False,Sp9,2.857,0.033,45.6,0.7,2.823
AId,052 Pvalb Gaba,030 L6 CT CTX Glut,False,Nxph1,10.47,0.431,99.9,7.6,10.039
AId,052 Pvalb Gaba,030 L6 CT CTX Glut,False,Slc6a1,10.372,0.753,99.9,13.4,9.619
AId,052 Pvalb Gaba,030 L6 CT CTX Glut,False,Gad2,9.434,0.676,99.5,12.1,8.758
AId,052 Pvalb Gaba,030 L6 CT CTX Glut,False,Sox6,8.35,0.149,96.2,2.8,8.2
AId,052 Pvalb Gaba,030 L6 CT CTX Glut,False,Pvalb,7.878,0.123,86.0,2.1,7.755
AId,052 Pvalb Gaba,030 L6 CT CTX Glut,False,Slc32a1,7.857,0.18,95.5,3.2,7.678
AId,052 Pvalb Gaba,030 L6 CT CTX Glut,False,Maf,7.041,0.293,89.0,5.2,6.748
AId,052 Pvalb Gaba,030 L6 CT CTX Glut,False,Tac1,6.325,0.118,75.2,2.2,6.207
AId,052 Pvalb Gaba,030 L6 CT CTX Glut,False,Lhx6,5.71,0.092,79.4,1.6,5.618
AId,052 Pvalb Gaba,030 L6 CT CTX Glut,False,Cux2,5.246,0.281,72.9,5.0,4.965
AId,052 Pvalb Gaba,030 L6 CT CTX Glut,False,Cartpt,4.472,0.062,60.7,1.1,4.41
AId,052 Pvalb Gaba,030 L6 CT CTX Glut,False,Moxd1,3.886,0.059,50.4,1.1,3.827
AId,052 Pvalb Gaba,032 L5 NP CTX Glut,False,Gad1,9.639,0.811,99.7,13.0,8.828
AId,052 Pvalb Gaba,032 L5 NP CTX Glut,False,Gad2,9.434,0.617,99.5,10.0,8.817
AId,052 Pvalb Gaba,032 L5 NP CTX Glut,False,Sox6,8.35,0.162,96.2,2.6,8.188
AId,052 Pvalb Gaba,032 L5 NP CTX Glut,False,Pvalb,7.878,0.131,86.0,2.0,7.747
AId,052 Pvalb Gaba,032 L5 NP CTX Glut,False,Slc32a1,7.857,0.146,95.5,2.4,7.711
AId,052 Pvalb Gaba,032 L5 NP CTX Glut,False,Zfp804b,7.5,0.375,86.2,6.0,7.125
AId,052 Pvalb Gaba,032 L5 NP CTX Glut,False,Maf,7.041,0.814,89.0,12.4,6.227
AId,052 Pvalb Gaba,032 L5 NP CTX Glut,False,Tac1,6.325,0.116,75.2,1.9,6.209
AId,052 Pvalb Gaba,032 L5 NP CTX Glut,False,Lhx6,5.71,0.059,79.4,1.0,5.651
AId,052 Pvalb Gaba,032 L5 NP CTX Glut,False,Cux2,5.246,0.451,72.9,7.2,4.795
AId,052 Pvalb Gaba,032 L5 NP CTX Glut,False,Cartpt,4.472,0.098,60.7,1.5,4.374
AId,052 Pvalb Gaba,032 L5 NP CTX Glut,False,Moxd1,3.886,0.046,50.4,0.7,3.841
AId,052 Pvalb Gaba,046 Vip Gaba,True,Sox6,8.35,0.165,96.2,2.7,8.185
AId,052 Pvalb Gaba,046 Vip Gaba,True,Pvalb,7.878,0.243,86.0,3.7,7.635
AId,052 Pvalb Gaba,046 Vip Gaba,True,Mpped1,7.614,0.831,93.9,12.7,6.783
AId,052 Pvalb Gaba,046 Vip Gaba,True,Tac1,6.325,0.136,75.2,2.2,6.189
AId,052 Pvalb Gaba,046 Vip Gaba,True,Lhx6,5.71,0.066,79.4,1.1,5.644
AId,052 Pvalb Gaba,046 Vip Gaba,True,Cartpt,4.472,0.098,60.7,1.5,4.374
AId,052 Pvalb Gaba,046 Vip Gaba,True,Moxd1,3.886,0.052,50.4,0.8,3.834
AId,052 Pvalb Gaba,046 Vip Gaba,True,Calb1,4.104,0.489,48.4,7.6,3.615
AId,052 Pvalb Gaba,046 Vip Gaba,True,Npnt,2.26,0.022,34.8,0.3,2.238
AId,052 Pvalb Gaba,046 Vip Gaba,True,Sp9,2.857,0.632,45.6,9.5,2.225
AId,052 Pvalb Gaba,046 Vip Gaba,True,Slc30a3,2.805,0.64,43.9,9.8,2.166
AId,052 Pvalb Gaba,046 Vip Gaba,True,Whrn,2.382,0.309,37.5,4.9,2.072
AId,052 Pvalb Gaba,049 Lamp5 Gaba,True,Sox6,8.35,0.182,96.2,3.1,8.167
AId,052 Pvalb Gaba,049 Lamp5 Gaba,True,Pvalb,7.878,0.123,86.0,2.0,7.755
AId,052 Pvalb Gaba,049 Lamp5 Gaba,True,Tac1,6.325,0.126,75.2,2.2,6.199
AId,052 Pvalb Gaba,049 Lamp5 Gaba,True,Lhx6,5.71,0.073,79.4,1.3,5.637
AId,052 Pvalb Gaba,049 Lamp5 Gaba,True,Cartpt,4.472,0.037,60.7,0.6,4.435
AId,052 Pvalb Gaba,049 Lamp5 Gaba,True,Moxd1,3.886,0.072,50.4,1.2,3.814
AId,052 Pvalb Gaba,049 Lamp5 Gaba,True,Calb1,4.104,0.614,48.4,9.9,3.491
AId,052 Pvalb Gaba,049 Lamp5 Gaba,True,Whrn,2.382,0.124,37.5,2.2,2.257
AId,052 Pvalb Gaba,049 Lamp5 Gaba,True,Npnt,2.26,0.048,34.8,0.8,2.212
AId,052 Pvalb Gaba,049 Lamp5 Gaba,True,Etv1,2.748,0.548,40.0,9.4,2.2
AId,052 Pvalb Gaba,049 Lamp5 Gaba,True,Slc30a3,2.805,0.851,43.9,14.1,1.955
AId,052 Pvalb Gaba,053 Sst Gaba,True,Pvalb,7.878,0.588,86.0,9.3,7.29
AId,052 Pvalb Gaba,053 Sst Gaba,True,Tac1,6.325,0.332,75.2,5.1,5.994
AId,052 Pvalb Gaba,053 Sst Gaba,True,Sema5a,4.487,0.803,62.3,13.0,3.684
AId,052 Pvalb Gaba,053 Sst Gaba,True,Sp9,2.857,0.623,45.6,10.7,2.233
AId,052 Pvalb Gaba,053 Sst Gaba,True,Npnt,2.26,0.462,34.8,7.6,1.798
AId,052 Pvalb Gaba,053 Sst Gaba,True,Nfib,1.88,0.714,27.9,12.2,1.166
AId,053 Sst Gaba,006 L4/5 IT CTX Glut,False,Nxph1,10.388,0.66,99.9,11.8,9.728
AId,053 Sst Gaba,006 L4/5 IT CTX Glut,False,Gad2,9.823,0.708,99.8,13.3,9.115
AId,053 Sst Gaba,006 L4/5 IT CTX Glut,False,Sox6,7.899,0.162,92.0,3.1,7.736
AId,053 Sst Gaba,006 L4/5 IT CTX Glut,False,Slc32a1,7.684,0.177,94.8,3.3,7.507
AId,053 Sst Gaba,006 L4/5 IT CTX Glut,False,Reln,7.541,0.558,81.9,10.1,6.983
AId,053 Sst Gaba,006 L4/5 IT CTX Glut,False,Lhx6,6.369,0.085,86.0,1.6,6.284
AId,053 Sst Gaba,006 L4/5 IT CTX Glut,False,Bcl11b,5.623,0.703,78.8,13.2,4.92
AId,053 Sst Gaba,006 L4/5 IT CTX Glut,False,Dlx1,4.596,0.11,67.8,2.1,4.487
AId,053 Sst Gaba,006 L4/5 IT CTX Glut,False,Moxd1,4.162,0.13,53.6,2.4,4.032
AId,053 Sst Gaba,006 L4/5 IT CTX Glut,False,Pcdh8,2.877,0.29,41.7,5.6,2.586
AId,053 Sst Gaba,006 L4/5 IT CTX Glut,False,Baiap3,2.535,0.088,37.4,1.8,2.447
AId,053 Sst Gaba,006 L4/5 IT CTX Glut,False,Ptpru,2.939,0.532,44.3,10.3,2.406
AId,053 Sst Gaba,007 L2/3 IT CTX Glut,False,Nxph1,10.388,0.588,99.9,10.9,9.801
AId,053 Sst Gaba,007 L2/3 IT CTX Glut,False,Gad2,9.823,0.722,99.8,13.8,9.101
AId,053 Sst Gaba,007 L2/3 IT CTX Glut,False,Sox6,7.899,0.198,92.0,3.9,7.701
AId,053 Sst Gaba,007 L2/3 IT CTX Glut,False,Slc32a1,7.684,0.163,94.8,3.1,7.521
AId,053 Sst Gaba,007 L2/3 IT CTX Glut,False,Lhx6,6.369,0.091,86.0,1.7,6.278
AId,053 Sst Gaba,007 L2/3 IT CTX Glut,False,Dlx1,4.596,0.095,67.8,1.8,4.502
AId,053 Sst Gaba,007 L2/3 IT CTX Glut,False,Moxd1,4.162,0.141,53.6,2.7,4.021
AId,053 Sst Gaba,007 L2/3 IT CTX Glut,False,Pde1c,3.845,0.683,52.2,13.4,3.162
AId,053 Sst Gaba,007 L2/3 IT CTX Glut,False,Thsd7b,3.155,0.533,45.4,9.8,2.623
AId,053 Sst Gaba,007 L2/3 IT CTX Glut,False,Baiap3,2.535,0.105,37.4,2.2,2.43
AId,053 Sst Gaba,007 L2/3 IT CTX Glut,False,Whrn,2.522,0.135,38.0,2.7,2.386
AId,053 Sst Gaba,007 L2/3 IT CTX Glut,False,Dlx2,2.045,0.017,34.7,0.3,2.027
AId,053 Sst Gaba,022 L5 ET CTX Glut,False,Nxph1,10.388,0.424,99.9,8.2,9.964
AId,053 Sst Gaba,022 L5 ET CTX Glut,False,Sox6,7.899,0.199,92.0,4.1,7.7
AId,053 Sst Gaba,022 L5 ET CTX Glut,False,Slc32a1,7.684,0.226,94.8,4.7,7.458
AId,053 Sst Gaba,022 L5 ET CTX Glut,False,Lhx6,6.369,0.096,86.0,1.9,6.273
AId,053 Sst Gaba,022 L5 ET CTX Glut,False,Maf,5.561,0.422,72.3,8.9,5.139
AId,053 Sst Gaba,022 L5 ET CTX Glut,False,Dlx1,4.596,0.08,67.8,1.6,4.516
AId,053 Sst Gaba,022 L5 ET CTX Glut,False,Cux2,4.873,0.369,69.9,7.5,4.505
AId,053 Sst Gaba,022 L5 ET CTX Glut,False,Moxd1,4.162,0.059,53.6,1.2,4.103
AId,053 Sst Gaba,022 L5 ET CTX Glut,False,Slc30a3,4.26,0.621,63.8,12.3,3.639
AId,053 Sst Gaba,022 L5 ET CTX Glut,False,Pde1c,3.845,0.639,52.2,14.0,3.206
AId,053 Sst Gaba,022 L5 ET CTX Glut,False,Thsd7b,3.155,0.449,45.4,9.2,2.706
AId,053 Sst Gaba,022 L5 ET CTX Glut,False,Ptpru,2.939,0.466,44.3,9.8,2.473
AId,053 Sst Gaba,029 L6b CTX Glut,False,Nxph1,10.388,0.7,99.9,10.9,9.688
AId,053 Sst Gaba,029 L6b CTX Glut,False,Gad2,9.823,0.685,99.8,12.5,9.138
AId,053 Sst Gaba,029 L6b CTX Glut,False,Slc6a1,9.239,0.616,99.1,11.4,8.623
AId,053 Sst Gaba,029 L6b CTX Glut,False,Sox6,7.899,0.132,92.0,2.5,7.767
AId,053 Sst Gaba,029 L6b CTX Glut,False,Slc32a1,7.684,0.152,94.8,2.7,7.532
AId,053 Sst Gaba,029 L6b CTX Glut,False,Calb1,7.97,0.529,86.9,9.6,7.441
AId,053 Sst Gaba,029 L6b CTX Glut,False,Lhx6,6.369,0.102,86.0,2.0,6.267
AId,053 Sst Gaba,029 L6b CTX Glut,False,Maf,5.561,0.192,72.3,3.6,5.369
AId,053 Sst Gaba,029 L6b CTX Glut,False,Cux2,4.873,0.297,69.9,5.7,4.576
AId,053 Sst Gaba,029 L6b CTX Glut,False,Dlx1,4.596,0.175,67.8,3.2,4.421
AId,053 Sst Gaba,029 L6b CTX Glut,False,Vat1l,5.038,0.752,71.7,13.9,4.287
AId,053 Sst Gaba,029 L6b CTX Glut,False,Slc30a3,4.26,0.241,63.8,4.6,4.018
AId,053 Sst Gaba,030 L6 CT CTX Glut,False,Nxph1,10.388,0.431,99.9,7.6,9.957
AId,053 Sst Gaba,030 L6 CT CTX Glut,False,Gad2,9.823,0.676,99.8,12.1,9.147
AId,053 Sst Gaba,030 L6 CT CTX Glut,False,Slc6a1,9.239,0.753,99.1,13.4,8.486
AId,053 Sst Gaba,030 L6 CT CTX Glut,False,Sox6,7.899,0.149,92.0,2.8,7.749
AId,053 Sst Gaba,030 L6 CT CTX Glut,False,Slc32a1,7.684,0.18,94.8,3.2,7.505
AId,053 Sst Gaba,030 L6 CT CTX Glut,False,Calb1,7.97,0.5,86.9,9.0,7.47
AId,053 Sst Gaba,030 L6 CT CTX Glut,False,Reln,7.541,0.346,81.9,6.1,7.195
AId,053 Sst Gaba,030 L6 CT CTX Glut,False,Lhx6,6.369,0.092,86.0,1.6,6.277
AId,053 Sst Gaba,030 L6 CT CTX Glut,False,Maf,5.561,0.293,72.3,5.2,5.268
AId,053 Sst Gaba,030 L6 CT CTX Glut,False,Vat1l,5.038,0.414,71.7,7.4,4.624
AId,053 Sst Gaba,030 L6 CT CTX Glut,False,Cux2,4.873,0.281,69.9,5.0,4.593
AId,053 Sst Gaba,030 L6 CT CTX Glut,False,Dlx1,4.596,0.088,67.8,1.6,4.508
AId,053 Sst Gaba,032 L5 NP CTX Glut,False,Gad2,9.823,0.617,99.8,10.0,9.206
AId,053 Sst Gaba,032 L5 NP CTX Glut,False,Sox6,7.899,0.162,92.0,2.6,7.737
AId,053 Sst Gaba,032 L5 NP CTX Glut,False,Gad1,8.368,0.811,97.4,13.0,7.557
AId,053 Sst Gaba,032 L5 NP CTX Glut,False,Slc32a1,7.684,0.146,94.8,2.4,7.538
AId,053 Sst Gaba,032 L5 NP CTX Glut,False,Calb1,7.97,0.49,86.9,7.9,7.48
AId,053 Sst Gaba,032 L5 NP CTX Glut,False,Reln,7.541,0.272,81.9,4.3,7.268
AId,053 Sst Gaba,032 L5 NP CTX Glut,False,Lhx6,6.369,0.059,86.0,1.0,6.309
AId,053 Sst Gaba,032 L5 NP CTX Glut,False,Maf,5.561,0.814,72.3,12.4,4.747
AId,053 Sst Gaba,032 L5 NP CTX Glut,False,Dlx1,4.596,0.098,67.8,1.6,4.498
AId,053 Sst Gaba,032 L5 NP CTX Glut,False,Cux2,4.873,0.451,69.9,7.2,4.422
AId,053 Sst Gaba,032 L5 NP CTX Glut,False,Vat1l,5.038,0.631,71.7,10.2,4.407
AId,053 Sst Gaba,032 L5 NP CTX Glut,False,Moxd1,4.162,0.046,53.6,0.7,4.117
AId,053 Sst Gaba,046 Vip Gaba,True,Sox6,7.899,0.165,92.0,2.7,7.734
AId,053 Sst Gaba,046 Vip Gaba,True,Calb1,7.97,0.489,86.9,7.6,7.481
AId,053 Sst Gaba,046 Vip Gaba,True,Mpped1,8.162,0.831,95.6,12.7,7.331
AId,053 Sst Gaba,046 Vip Gaba,True,Lhx6,6.369,0.066,86.0,1.1,6.303
AId,053 Sst Gaba,046 Vip Gaba,True,Spon1,5.569,0.27,66.1,4.2,5.299
AId,053 Sst Gaba,046 Vip Gaba,True,Moxd1,4.162,0.052,53.6,0.8,4.11
AId,053 Sst Gaba,046 Vip Gaba,True,Slc30a3,4.26,0.64,63.8,9.8,3.62
AId,053 Sst Gaba,046 Vip Gaba,True,Pdyn,2.337,0.095,28.6,1.4,2.242
AId,053 Sst Gaba,046 Vip Gaba,True,Whrn,2.522,0.309,38.0,4.9,2.212
AId,053 Sst Gaba,046 Vip Gaba,True,Ptpru,2.939,0.948,44.3,14.7,1.991
AId,053 Sst Gaba,046 Vip Gaba,True,Baiap3,2.535,0.604,37.4,9.3,1.931
AId,053 Sst Gaba,046 Vip Gaba,True,Fibcd1,2.248,0.535,34.3,8.0,1.713
AId,053 Sst Gaba,049 Lamp5 Gaba,True,Sox6,7.899,0.182,92.0,3.1,7.716
AId,053 Sst Gaba,049 Lamp5 Gaba,True,Calb1,7.97,0.614,86.9,9.9,7.356
AId,053 Sst Gaba,049 Lamp5 Gaba,True,Lhx6,6.369,0.073,86.0,1.3,6.295
AId,053 Sst Gaba,049 Lamp5 Gaba,True,Spon1,5.569,0.324,66.1,5.6,5.245
AId,053 Sst Gaba,049 Lamp5 Gaba,True,Moxd1,4.162,0.072,53.6,1.2,4.091
AId,053 Sst Gaba,049 Lamp5 Gaba,True,Slc30a3,4.26,0.851,63.8,14.1,3.409
AId,053 Sst Gaba,049 Lamp5 Gaba,True,Pde1c,3.845,0.596,52.2,10.1,3.249
AId,053 Sst Gaba,049 Lamp5 Gaba,True,Whrn,2.522,0.124,38.0,2.2,2.397
AId,053 Sst Gaba,049 Lamp5 Gaba,True,Baiap3,2.535,0.198,37.4,3.5,2.337
AId,053 Sst Gaba,049 Lamp5 Gaba,True,Ptpru,2.939,0.605,44.3,9.8,2.334
AId,053 Sst Gaba,049 Lamp5 Gaba,True,Pdyn,2.337,0.087,28.6,1.5,2.25
AId,053 Sst Gaba,049 Lamp5 Gaba,True,Fibcd1,2.248,0.069,34.3,1.2,2.179
AId,053 Sst Gaba,052 Pvalb Gaba,True,Spon1,5.569,1.046,66.1,14.8,4.522
AId,053 Sst Gaba,052 Pvalb Gaba,True,Pde1c,3.845,0.705,52.2,11.9,3.141
AId,053 Sst Gaba,052 Pvalb Gaba,True,Thsd7b,3.155,0.46,45.4,7.5,2.695
AId,053 Sst Gaba,052 Pvalb Gaba,True,Ptpru,2.939,0.249,44.3,4.4,2.69
AId,053 Sst Gaba,052 Pvalb Gaba,True,Pdyn,2.337,0.083,28.6,1.4,2.254
AId,053 Sst Gaba,052 Pvalb Gaba,True,Fibcd1,2.248,0.238,34.3,4.1,2.01
AId,053 Sst Gaba,052 Pvalb Gaba,True,Baiap3,2.535,0.54,37.4,8.7,1.994
AId,053 Sst Gaba,052 Pvalb Gaba,True,Cacng5,1.572,0.056,25.3,0.9,1.516
BMAp,012 MEA Slc17a7 Glut,073 MEA-BST Sox6 Gaba,False,Slc17a7,8.206,0.174,93.5,3.3,8.032
BMAp,012 MEA Slc17a7 Glut,073 MEA-BST Sox6 Gaba,False,Chst9,6.794,0.457,82.0,7.6,6.337
BMAp,012 MEA Slc17a7 Glut,073 MEA-BST Sox6 Gaba,False,Crym,5.657,0.427,81.8,7.8,5.231
BMAp,012 MEA Slc17a7 Glut,073 MEA-BST Sox6 Gaba,False,Slc30a3,5.307,0.236,77.4,4.3,5.072
BMAp,012 MEA Slc17a7 Glut,073 MEA-BST Sox6 Gaba,False,Rorb,4.219,0.742,55.6,12.2,3.476
BMAp,012 MEA Slc17a7 Glut,073 MEA-BST Sox6 Gaba,False,Tacr1,3.94,0.667,61.6,11.4,3.273
BMAp,012 MEA Slc17a7 Glut,073 MEA-BST Sox6 Gaba,False,Zic2,3.169,0.054,57.3,1.0,3.115
BMAp,012 MEA Slc17a7 Glut,073 MEA-BST Sox6 Gaba,False,Slc17a6,2.568,0.26,39.7,4.8,2.308
BMAp,012 MEA Slc17a7 Glut,073 MEA-BST Sox6 Gaba,False,Tbr1,2.15,0.076,40.5,1.5,2.074
BMAp,012 MEA Slc17a7 Glut,073 MEA-BST Sox6 Gaba,False,Fezf2,1.976,0.005,36.7,0.1,1.971
BMAp,012 MEA Slc17a7 Glut,073 MEA-BST Sox6 Gaba,False,Trh,1.65,0.04,28.0,0.8,1.61
BMAp,012 MEA Slc17a7 Glut,073 MEA-BST Sox6 Gaba,False,Coch,1.86,0.785,35.0,14.9,1.075
BMAp,012 MEA Slc17a7 Glut,074 MEA-BST Lhx6 Sp9 Gaba,False,Nfib,9.157,0.534,92.9,9.4,8.623
BMAp,012 MEA Slc17a7 Glut,074 MEA-BST Lhx6 Sp9 Gaba,False,Slc17a7,8.206,0.161,93.5,3.1,8.044
BMAp,012 MEA Slc17a7 Glut,074 MEA-BST Lhx6 Sp9 Gaba,False,Chst9,6.794,0.185,82.0,3.3,6.609
BMAp,012 MEA Slc17a7 Glut,074 MEA-BST Lhx6 Sp9 Gaba,False,Crym,5.657,0.196,81.8,3.7,5.461
BMAp,012 MEA Slc17a7 Glut,074 MEA-BST Lhx6 Sp9 Gaba,False,Slc30a3,5.307,0.242,77.4,4.3,5.065
BMAp,012 MEA Slc17a7 Glut,074 MEA-BST Lhx6 Sp9 Gaba,False,Rorb,4.219,0.838,55.6,13.6,3.381
BMAp,012 MEA Slc17a7 Glut,074 MEA-BST Lhx6 Sp9 Gaba,False,Zic2,3.169,0.014,57.3,0.3,3.155
BMAp,012 MEA Slc17a7 Glut,074 MEA-BST Lhx6 Sp9 Gaba,False,Slc17a6,2.568,0.28,39.7,5.4,2.288
BMAp,012 MEA Slc17a7 Glut,074 MEA-BST Lhx6 Sp9 Gaba,False,Tbr1,2.15,0.094,40.5,1.8,2.056
BMAp,012 MEA Slc17a7 Glut,074 MEA-BST Lhx6 Sp9 Gaba,False,Fezf2,1.976,0.005,36.7,0.1,1.97
BMAp,012 MEA Slc17a7 Glut,074 MEA-BST Lhx6 Sp9 Gaba,False,Cacng5,1.938,0.295,35.7,5.5,1.644
BMAp,012 MEA Slc17a7 Glut,074 MEA-BST Lhx6 Sp9 Gaba,False,Trh,1.65,0.047,28.0,0.9,1.603
BMAp,012 MEA Slc17a7 Glut,082 CEA-BST Ebf1 Pdyn Gaba,False,Nfib,9.157,0.453,92.9,8.7,8.704
BMAp,012 MEA Slc17a7 Glut,082 CEA-BST Ebf1 Pdyn Gaba,False,Slc17a7,8.206,0.13,93.5,2.6,8.076
BMAp,012 MEA Slc17a7 Glut,082 CEA-BST Ebf1 Pdyn Gaba,False,Chst9,6.794,0.337,82.0,5.9,6.458
BMAp,012 MEA Slc17a7 Glut,082 CEA-BST Ebf1 Pdyn Gaba,False,Slc30a3,5.307,0.238,77.4,4.3,5.069
BMAp,012 MEA Slc17a7 Glut,082 CEA-BST Ebf1 Pdyn Gaba,False,Cck,5.781,0.72,79.0,13.8,5.061
BMAp,012 MEA Slc17a7 Glut,082 CEA-BST Ebf1 Pdyn Gaba,False,Rorb,4.219,0.693,55.6,12.0,3.526
BMAp,012 MEA Slc17a7 Glut,082 CEA-BST Ebf1 Pdyn Gaba,False,Zic2,3.169,0.008,57.3,0.2,3.16
BMAp,012 MEA Slc17a7 Glut,082 CEA-BST Ebf1 Pdyn Gaba,False,Slc17a6,2.568,0.289,39.7,5.6,2.279
BMAp,012 MEA Slc17a7 Glut,082 CEA-BST Ebf1 Pdyn Gaba,False,Moxd1,2.244,0.113,36.6,2.2,2.131
BMAp,012 MEA Slc17a7 Glut,082 CEA-BST Ebf1 Pdyn Gaba,False,Tbr1,2.15,0.092,40.5,1.8,2.058
BMAp,012 MEA Slc17a7 Glut,082 CEA-BST Ebf1 Pdyn Gaba,False,Fezf2,1.976,0.003,36.7,0.1,1.973
BMAp,012 MEA Slc17a7 Glut,082 CEA-BST Ebf1 Pdyn Gaba,False,Trh,1.65,0.044,28.0,0.9,1.606
BMAp,012 MEA Slc17a7 Glut,113 MEA-COA-BMA Ccdc42 Glut,True,Nfib,9.157,0.505,92.9,9.0,8.652
BMAp,012 MEA Slc17a7 Glut,113 MEA-COA-BMA Ccdc42 Glut,True,Slc17a7,8.206,0.604,93.5,10.4,7.601
BMAp,012 MEA Slc17a7 Glut,113 MEA-COA-BMA Ccdc42 Glut,True,Chst9,6.794,0.361,82.0,6.2,6.433
BMAp,012 MEA Slc17a7 Glut,113 MEA-COA-BMA Ccdc42 Glut,True,Slc30a3,5.307,0.076,77.4,1.4,5.231
BMAp,012 MEA Slc17a7 Glut,113 MEA-COA-BMA Ccdc42 Glut,True,Reln,4.409,0.434,60.8,7.8,3.974
BMAp,012 MEA Slc17a7 Glut,113 MEA-COA-BMA Ccdc42 Glut,True,Tacr1,3.94,0.194,61.6,3.5,3.746
BMAp,012 MEA Slc17a7 Glut,113 MEA-COA-BMA Ccdc42 Glut,True,Etv1,3.932,0.444,61.6,8.2,3.489
BMAp,012 MEA Slc17a7 Glut,113 MEA-COA-BMA Ccdc42 Glut,True,Cnr1,3.943,0.568,65.4,10.3,3.375
BMAp,012 MEA Slc17a7 Glut,113 MEA-COA-BMA Ccdc42 Glut,True,Rorb,4.219,0.907,55.6,13.7,3.312
BMAp,012 MEA Slc17a7 Glut,113 MEA-COA-BMA Ccdc42 Glut,True,Zic2,3.169,0.034,57.3,0.6,3.135
BMAp,012 MEA Slc17a7 Glut,113 MEA-COA-BMA Ccdc42 Glut,True,Moxd1,2.244,0.107,36.6,2.0,2.137
BMAp,012 MEA Slc17a7 Glut,113 MEA-COA-BMA Ccdc42 Glut,True,Fezf2,1.976,0.019,36.7,0.3,1.957
BMAp,012 MEA Slc17a7 Glut,119 SI-MA-LPO-LHA Skor1 Glut,False,Slc17a7,8.206,0.573,93.5,9.9,7.633
BMAp,012 MEA Slc17a7 Glut,119 SI-MA-LPO-LHA Skor1 Glut,False,Chst9,6.794,0.176,82.0,3.1,6.619
BMAp,012 MEA Slc17a7 Glut,119 SI-MA-LPO-LHA Skor1 Glut,False,Trhr,6.584,0.56,87.3,9.6,6.024
BMAp,012 MEA Slc17a7 Glut,119 SI-MA-LPO-LHA Skor1 Glut,False,Crym,5.657,0.171,81.8,3.3,5.486
BMAp,012 MEA Slc17a7 Glut,119 SI-MA-LPO-LHA Skor1 Glut,False,Slc30a3,5.307,0.49,77.4,8.8,4.817
BMAp,012 MEA Slc17a7 Glut,119 SI-MA-LPO-LHA Skor1 Glut,False,Rorb,4.219,0.342,55.6,5.8,3.877
BMAp,012 MEA Slc17a7 Glut,119 SI-MA-LPO-LHA Skor1 Glut,False,Otof,3.764,0.476,63.3,8.9,3.288
BMAp,012 MEA Slc17a7 Glut,119 SI-MA-LPO-LHA Skor1 Glut,False,Rgs14,2.567,0.17,48.0,3.3,2.398
BMAp,012 MEA Slc17a7 Glut,119 SI-MA-LPO-LHA Skor1 Glut,False,Moxd1,2.244,0.089,36.6,1.6,2.155
BMAp,012 MEA Slc17a7 Glut,119 SI-MA-LPO-LHA Skor1 Glut,False,Trh,1.65,0.044,28.0,0.8,1.606
BMAp,012 MEA Slc17a7 Glut,119 SI-MA-LPO-LHA Skor1 Glut,False,Wfs1,2.277,0.766,42.8,14.6,1.512
BMAp,012 MEA Slc17a7 Glut,119 SI-MA-LPO-LHA Skor1 Glut,False,Gfra1,2.036,0.613,33.0,10.6,1.423
BMAp,012 MEA Slc17a7 Glut,120 MEA Otp Foxp2 Glut,False,Nfib,9.157,0.426,92.9,8.1,8.731
BMAp,012 MEA Slc17a7 Glut,120 MEA Otp Foxp2 Glut,False,Slc17a7,8.206,0.171,93.5,3.4,8.034
BMAp,012 MEA Slc17a7 Glut,120 MEA Otp Foxp2 Glut,False,Slc30a3,5.307,0.055,77.4,1.1,5.252
BMAp,012 MEA Slc17a7 Glut,120 MEA Otp Foxp2 Glut,False,Reln,4.409,0.504,60.8,9.1,3.904
BMAp,012 MEA Slc17a7 Glut,120 MEA Otp Foxp2 Glut,False,Etv1,3.932,0.241,61.6,4.6,3.691
BMAp,012 MEA Slc17a7 Glut,120 MEA Otp Foxp2 Glut,False,Cnr1,3.943,0.442,65.4,8.4,3.5
BMAp,012 MEA Slc17a7 Glut,120 MEA Otp Foxp2 Glut,False,Rorb,4.219,0.838,55.6,14.4,3.381
BMAp,012 MEA Slc17a7 Glut,120 MEA Otp Foxp2 Glut,False,Zic2,3.169,0.134,57.3,2.7,3.035
BMAp,012 MEA Slc17a7 Glut,120 MEA Otp Foxp2 Glut,False,Moxd1,2.244,0.117,36.6,2.1,2.127
BMAp,012 MEA Slc17a7 Glut,120 MEA Otp Foxp2 Glut,False,Tbr1,2.15,0.114,40.5,2.3,2.036
BMAp,012 MEA Slc17a7 Glut,120 MEA Otp Foxp2 Glut,False,Fezf2,1.976,0.003,36.7,0.1,1.973
BMAp,012 MEA Slc17a7 Glut,120 MEA Otp Foxp2 Glut,False,Ntsr1,1.865,0.117,35.0,2.3,1.748
BMAp,012 MEA Slc17a7 Glut,121 MEA-BST Otp Zic2 Glut,False,Cck,5.781,0.603,79.0,11.2,5.178
BMAp,012 MEA Slc17a7 Glut,121 MEA-BST Otp Zic2 Glut,False,Slc30a3,5.307,0.133,77.4,2.5,5.174
BMAp,012 MEA Slc17a7 Glut,121 MEA-BST Otp Zic2 Glut,False,Crym,5.657,0.723,81.8,12.8,4.934
BMAp,012 MEA Slc17a7 Glut,121 MEA-BST Otp Zic2 Glut,False,Rorb,4.219,0.659,55.6,11.0,3.56
BMAp,012 MEA Slc17a7 Glut,121 MEA-BST Otp Zic2 Glut,False,Etv1,3.932,0.76,61.6,11.4,3.172
BMAp,012 MEA Slc17a7 Glut,121 MEA-BST Otp Zic2 Glut,False,Moxd1,2.244,0.075,36.6,1.4,2.169
BMAp,012 MEA Slc17a7 Glut,121 MEA-BST Otp Zic2 Glut,False,Tbr1,2.15,0.1,40.5,1.8,2.05
BMAp,012 MEA Slc17a7 Glut,121 MEA-BST Otp Zic2 Glut,False,Fezf2,1.976,0.011,36.7,0.2,1.965
BMAp,012 MEA Slc17a7 Glut,121 MEA-BST Otp Zic2 Glut,False,Ntsr1,1.865,0.158,35.0,2.9,1.707
BMAp,073 MEA-BST Sox6 Gaba,012 MEA Slc17a7 Glut,False,Slc32a1,7.734,0.335,98.1,6.7,7.399
BMAp,073 MEA-BST Sox6 Gaba,012 MEA Slc17a7 Glut,False,Dlx1,4.986,0.122,76.2,2.5,4.864
BMAp,073 MEA-BST Sox6 Gaba,012 MEA Slc17a7 Glut,False,Sox6,5.018,0.315,58.2,6.2,4.704
BMAp,073 MEA-BST Sox6 Gaba,012 MEA Slc17a7 Glut,False,Dlx2,2.485,0.028,44.5,0.6,2.457
BMAp,073 MEA-BST Sox6 Gaba,012 MEA Slc17a7 Glut,False,Foxp2,2.629,0.383,32.4,7.5,2.247
BMAp,073 MEA-BST Sox6 Gaba,012 MEA Slc17a7 Glut,False,Sox1,1.993,0.07,33.6,1.4,1.923
BMAp,073 MEA-BST Sox6 Gaba,012 MEA Slc17a7 Glut,False,Oprk1,2.068,0.148,32.1,2.7,1.92
BMAp,073 MEA-BST Sox6 Gaba,012 MEA Slc17a7 Glut,False,Pnoc,2.193,0.333,35.0,5.7,1.86
BMAp,073 MEA-BST Sox6 Gaba,012 MEA Slc17a7 Glut,False,Penk,2.346,0.608,37.3,10.6,1.738
BMAp,073 MEA-BST Sox6 Gaba,012 MEA Slc17a7 Glut,False,Mpped1,1.877,0.677,30.9,12.2,1.2
BMAp,073 MEA-BST Sox6 Gaba,074 MEA-BST Lhx6 Sp9 Gaba,True,Prox1,4.302,0.441,57.0,7.1,3.861
BMAp,073 MEA-BST Sox6 Gaba,074 MEA-BST Lhx6 Sp9 Gaba,True,Nfib,3.307,0.534,39.0,9.4,2.772
BMAp,073 MEA-BST Sox6 Gaba,074 MEA-BST Lhx6 Sp9 Gaba,True,Cacng5,1.549,0.295,26.5,5.5,1.255
BMAp,073 MEA-BST Sox6 Gaba,082 CEA-BST Ebf1 Pdyn Gaba,True,Dlx1,4.986,0.265,76.2,5.0,4.721
BMAp,073 MEA-BST Sox6 Gaba,082 CEA-BST Ebf1 Pdyn Gaba,True,Sox6,5.018,0.316,58.2,6.1,4.702
BMAp,073 MEA-BST Sox6 Gaba,082 CEA-BST Ebf1 Pdyn Gaba,True,Prox1,4.302,0.128,57.0,2.5,4.174
BMAp,073 MEA-BST Sox6 Gaba,082 CEA-BST Ebf1 Pdyn Gaba,True,Nfib,3.307,0.453,39.0,8.7,2.854
BMAp,073 MEA-BST Sox6 Gaba,082 CEA-BST Ebf1 Pdyn Gaba,True,Dlx2,2.485,0.223,44.5,4.4,2.262
BMAp,073 MEA-BST Sox6 Gaba,082 CEA-BST Ebf1 Pdyn Gaba,True,Sox1,1.993,0.451,33.6,8.5,1.542
BMAp,073 MEA-BST Sox6 Gaba,113 MEA-COA-BMA Ccdc42 Glut,False,Slc32a1,7.734,0.394,98.1,7.4,7.34
BMAp,073 MEA-BST Sox6 Gaba,113 MEA-COA-BMA Ccdc42 Glut,False,Dlx1,4.986,0.153,76.2,2.9,4.833
BMAp,073 MEA-BST Sox6 Gaba,113 MEA-COA-BMA Ccdc42 Glut,False,Sox6,5.018,0.4,58.2,7.6,4.618
BMAp,073 MEA-BST Sox6 Gaba,113 MEA-COA-BMA Ccdc42 Glut,False,Prox1,4.302,0.403,57.0,7.5,3.898
BMAp,073 MEA-BST Sox6 Gaba,113 MEA-COA-BMA Ccdc42 Glut,False,Nfib,3.307,0.505,39.0,9.0,2.801
BMAp,073 MEA-BST Sox6 Gaba,113 MEA-COA-BMA Ccdc42 Glut,False,Reln,3.1,0.434,40.5,7.8,2.666
BMAp,073 MEA-BST Sox6 Gaba,113 MEA-COA-BMA Ccdc42 Glut,False,Dlx2,2.485,0.029,44.5,0.6,2.456
BMAp,073 MEA-BST Sox6 Gaba,113 MEA-COA-BMA Ccdc42 Glut,False,Cnr1,2.901,0.568,45.2,10.3,2.333
BMAp,073 MEA-BST Sox6 Gaba,113 MEA-COA-BMA Ccdc42 Glut,False,Sox1,1.993,0.056,33.6,1.1,1.937
BMAp,073 MEA-BST Sox6 Gaba,113 MEA-COA-BMA Ccdc42 Glut,False,Pnoc,2.193,0.353,35.0,6.8,1.84
BMAp,073 MEA-BST Sox6 Gaba,119 SI-MA-LPO-LHA Skor1 Glut,False,Slc32a1,7.734,0.705,98.1,11.6,7.029
BMAp,073 MEA-BST Sox6 Gaba,119 SI-MA-LPO-LHA Skor1 Glut,False,Dlx1,4.986,0.107,76.2,2.1,4.879
BMAp,073 MEA-BST Sox6 Gaba,119 SI-MA-LPO-LHA Skor1 Glut,False,Sox6,5.018,0.346,58.2,6.4,4.672
BMAp,073 MEA-BST Sox6 Gaba,119 SI-MA-LPO-LHA Skor1 Glut,False,Prox1,4.302,0.157,57.0,2.8,4.145
BMAp,073 MEA-BST Sox6 Gaba,119 SI-MA-LPO-LHA Skor1 Glut,False,Wfs1,4.148,0.766,64.8,14.6,3.382
BMAp,073 MEA-BST Sox6 Gaba,119 SI-MA-LPO-LHA Skor1 Glut,False,Dlx2,2.485,0.041,44.5,0.8,2.444
BMAp,073 MEA-BST Sox6 Gaba,119 SI-MA-LPO-LHA Skor1 Glut,False,Foxp2,2.629,0.426,32.4,7.8,2.203
BMAp,073 MEA-BST Sox6 Gaba,119 SI-MA-LPO-LHA Skor1 Glut,False,Sox1,1.993,0.051,33.6,1.0,1.942
BMAp,073 MEA-BST Sox6 Gaba,119 SI-MA-LPO-LHA Skor1 Glut,False,Pnoc,2.193,0.272,35.0,4.9,1.921
BMAp,073 MEA-BST Sox6 Gaba,119 SI-MA-LPO-LHA Skor1 Glut,False,Penk,2.346,0.475,37.3,9.0,1.871
BMAp,073 MEA-BST Sox6 Gaba,119 SI-MA-LPO-LHA Skor1 Glut,False,Otof,2.191,0.476,36.1,8.9,1.715
BMAp,073 MEA-BST Sox6 Gaba,119 SI-MA-LPO-LHA Skor1 Glut,False,Trhr,1.7,0.56,26.6,9.6,1.14
BMAp,073 MEA-BST Sox6 Gaba,120 MEA Otp Foxp2 Glut,False,Slc32a1,7.734,0.389,98.1,7.5,7.345
BMAp,073 MEA-BST Sox6 Gaba,120 MEA Otp Foxp2 Glut,False,Dlx1,4.986,0.15,76.2,2.9,4.836
BMAp,073 MEA-BST Sox6 Gaba,120 MEA Otp Foxp2 Glut,False,Sox6,5.018,0.55,58.2,9.7,4.468
BMAp,073 MEA-BST Sox6 Gaba,120 MEA Otp Foxp2 Glut,False,Prox1,4.302,0.059,57.0,1.2,4.243
BMAp,073 MEA-BST Sox6 Gaba,120 MEA Otp Foxp2 Glut,False,Nfib,3.307,0.426,39.0,8.1,2.88
BMAp,073 MEA-BST Sox6 Gaba,120 MEA Otp Foxp2 Glut,False,Reln,3.1,0.504,40.5,9.1,2.596
BMAp,073 MEA-BST Sox6 Gaba,120 MEA Otp Foxp2 Glut,False,Cnr1,2.901,0.442,45.2,8.4,2.459
BMAp,073 MEA-BST Sox6 Gaba,120 MEA Otp Foxp2 Glut,False,Dlx2,2.485,0.04,44.5,0.8,2.445
BMAp,073 MEA-BST Sox6 Gaba,120 MEA Otp Foxp2 Glut,False,Sox1,1.993,0.07,33.6,1.3,1.924
BMAp,073 MEA-BST Sox6 Gaba,120 MEA Otp Foxp2 Glut,False,Pnoc,2.193,0.7,35.0,12.8,1.493
BMAp,073 MEA-BST Sox6 Gaba,120 MEA Otp Foxp2 Glut,False,Oprk1,2.068,0.728,32.1,13.1,1.34
BMAp,073 MEA-BST Sox6 Gaba,120 MEA Otp Foxp2 Glut,False,Cacng5,1.549,0.365,26.5,7.0,1.185
BMAp,073 MEA-BST Sox6 Gaba,121 MEA-BST Otp Zic2 Glut,False,Slc32a1,7.734,0.654,98.1,11.5,7.08
BMAp,073 MEA-BST Sox6 Gaba,121 MEA-BST Otp Zic2 Glut,False,Dlx1,4.986,0.193,76.2,3.7,4.793
BMAp,073 MEA-BST Sox6 Gaba,121 MEA-BST Otp Zic2 Glut,False,Sox6,5.018,0.349,58.2,6.5,4.669
BMAp,073 MEA-BST Sox6 Gaba,121 MEA-BST Otp Zic2 Glut,False,Prox1,4.302,0.219,57.0,4.0,4.083
BMAp,073 MEA-BST Sox6 Gaba,121 MEA-BST Otp Zic2 Glut,False,Dlx2,2.485,0.038,44.5,0.7,2.447
BMAp,073 MEA-BST Sox6 Gaba,121 MEA-BST Otp Zic2 Glut,False,Sox1,1.993,0.05,33.6,1.0,1.943
BMAp,073 MEA-BST Sox6 Gaba,121 MEA-BST Otp Zic2 Glut,False,Oprk1,2.068,0.684,32.1,12.1,1.384
BMAp,074 MEA-BST Lhx6 Sp9 Gaba,012 MEA Slc17a7 Glut,False,Slc32a1,7.868,0.335,98.7,6.7,7.533
BMAp,074 MEA-BST Lhx6 Sp9 Gaba,012 MEA Slc17a7 Glut,False,Lhx6,6.194,0.119,88.7,2.4,6.075
BMAp,074 MEA-BST Lhx6 Sp9 Gaba,012 MEA Slc17a7 Glut,False,Foxp2,5.772,0.383,66.5,7.5,5.389
BMAp,074 MEA-BST Lhx6 Sp9 Gaba,012 MEA Slc17a7 Glut,False,Sp9,5.198,0.092,79.0,1.9,5.106
BMAp,074 MEA-BST Lhx6 Sp9 Gaba,012 MEA Slc17a7 Glut,False,Sox6,3.803,0.315,48.7,6.2,3.489
BMAp,074 MEA-BST Lhx6 Sp9 Gaba,012 MEA Slc17a7 Glut,False,Nr2e1,3.499,0.046,58.6,0.9,3.454
BMAp,074 MEA-BST Lhx6 Sp9 Gaba,012 MEA Slc17a7 Glut,False,Tac1,3.844,0.852,50.4,14.1,2.992
BMAp,074 MEA-BST Lhx6 Sp9 Gaba,012 MEA Slc17a7 Glut,False,Pnoc,2.97,0.333,44.1,5.7,2.637
BMAp,074 MEA-BST Lhx6 Sp9 Gaba,012 MEA Slc17a7 Glut,False,Dlx1,2.748,0.122,45.2,2.5,2.626
BMAp,074 MEA-BST Lhx6 Sp9 Gaba,012 MEA Slc17a7 Glut,False,Cartpt,2.454,0.297,35.7,5.9,2.157
BMAp,074 MEA-BST Lhx6 Sp9 Gaba,012 MEA Slc17a7 Glut,False,Dlx2,1.575,0.028,29.1,0.6,1.547
BMAp,074 MEA-BST Lhx6 Sp9 Gaba,012 MEA Slc17a7 Glut,False,Oprk1,1.664,0.148,27.7,2.7,1.516
BMAp,074 MEA-BST Lhx6 Sp9 Gaba,073 MEA-BST Sox6 Gaba,True,Lhx6,6.194,0.295,88.7,5.3,5.898
BMAp,074 MEA-BST Lhx6 Sp9 Gaba,073 MEA-BST Sox6 Gaba,True,Sp9,5.198,0.778,79.0,13.2,4.42
BMAp,074 MEA-BST Lhx6 Sp9 Gaba,082 CEA-BST Ebf1 Pdyn Gaba,True,Lhx6,6.194,0.198,88.7,3.9,5.995
BMAp,074 MEA-BST Lhx6 Sp9 Gaba,082 CEA-BST Ebf1 Pdyn Gaba,True,Sp9,5.198,0.145,79.0,2.8,5.053
BMAp,074 MEA-BST Lhx6 Sp9 Gaba,082 CEA-BST Ebf1 Pdyn Gaba,True,Sox6,3.803,0.316,48.7,6.1,3.487
BMAp,074 MEA-BST Lhx6 Sp9 Gaba,082 CEA-BST Ebf1 Pdyn Gaba,True,Nr2e1,3.499,0.034,58.6,0.7,3.466
BMAp,074 MEA-BST Lhx6 Sp9 Gaba,082 CEA-BST Ebf1 Pdyn Gaba,True,Dlx1,2.748,0.265,45.2,5.0,2.484
BMAp,074 MEA-BST Lhx6 Sp9 Gaba,082 CEA-BST Ebf1 Pdyn Gaba,True,Cartpt,2.454,0.722,35.7,13.1,1.732
BMAp,074 MEA-BST Lhx6 Sp9 Gaba,082 CEA-BST Ebf1 Pdyn Gaba,True,Dlx2,1.575,0.223,29.1,4.4,1.351
BMAp,074 MEA-BST Lhx6 Sp9 Gaba,082 CEA-BST Ebf1 Pdyn Gaba,True,Cck,1.972,0.72,30.2,13.8,1.252
BMAp,074 MEA-BST Lhx6 Sp9 Gaba,113 MEA-COA-BMA Ccdc42 Glut,False,Slc32a1,7.868,0.394,98.7,7.4,7.474
BMAp,074 MEA-BST Lhx6 Sp9 Gaba,113 MEA-COA-BMA Ccdc42 Glut,False,Lhx6,6.194,0.143,88.7,2.7,6.051
BMAp,074 MEA-BST Lhx6 Sp9 Gaba,113 MEA-COA-BMA Ccdc42 Glut,False,Sp9,5.198,0.11,79.0,2.1,5.088
BMAp,074 MEA-BST Lhx6 Sp9 Gaba,113 MEA-COA-BMA Ccdc42 Glut,False,Nr2e1,3.499,0.032,58.6,0.6,3.467
BMAp,074 MEA-BST Lhx6 Sp9 Gaba,113 MEA-COA-BMA Ccdc42 Glut,False,Sox6,3.803,0.4,48.7,7.6,3.403
BMAp,074 MEA-BST Lhx6 Sp9 Gaba,113 MEA-COA-BMA Ccdc42 Glut,False,Pnoc,2.97,0.353,44.1,6.8,2.617
BMAp,074 MEA-BST Lhx6 Sp9 Gaba,113 MEA-COA-BMA Ccdc42 Glut,False,Dlx1,2.748,0.153,45.2,2.9,2.596
BMAp,074 MEA-BST Lhx6 Sp9 Gaba,113 MEA-COA-BMA Ccdc42 Glut,False,Dlx2,1.575,0.029,29.1,0.6,1.546
BMAp,074 MEA-BST Lhx6 Sp9 Gaba,119 SI-MA-LPO-LHA Skor1 Glut,False,Slc32a1,7.868,0.705,98.7,11.6,7.163
BMAp,074 MEA-BST Lhx6 Sp9 Gaba,119 SI-MA-LPO-LHA Skor1 Glut,False,Lhx6,6.194,0.189,88.7,3.5,6.005
BMAp,074 MEA-BST Lhx6 Sp9 Gaba,119 SI-MA-LPO-LHA Skor1 Glut,False,Foxp2,5.772,0.426,66.5,7.8,5.346
BMAp,074 MEA-BST Lhx6 Sp9 Gaba,119 SI-MA-LPO-LHA Skor1 Glut,False,Sp9,5.198,0.112,79.0,2.1,5.086
BMAp,074 MEA-BST Lhx6 Sp9 Gaba,119 SI-MA-LPO-LHA Skor1 Glut,False,Nr2e1,3.499,0.026,58.6,0.5,3.473
BMAp,074 MEA-BST Lhx6 Sp9 Gaba,119 SI-MA-LPO-LHA Skor1 Glut,False,Sox6,3.803,0.346,48.7,6.4,3.458
BMAp,074 MEA-BST Lhx6 Sp9 Gaba,119 SI-MA-LPO-LHA Skor1 Glut,False,Tac1,3.844,0.68,50.4,12.2,3.164
BMAp,074 MEA-BST Lhx6 Sp9 Gaba,119 SI-MA-LPO-LHA Skor1 Glut,False,Wfs1,3.616,0.766,60.7,14.6,2.851
BMAp,074 MEA-BST Lhx6 Sp9 Gaba,119 SI-MA-LPO-LHA Skor1 Glut,False,Pnoc,2.97,0.272,44.1,4.9,2.698
BMAp,074 MEA-BST Lhx6 Sp9 Gaba,119 SI-MA-LPO-LHA Skor1 Glut,False,Dlx1,2.748,0.107,45.2,2.1,2.642
BMAp,074 MEA-BST Lhx6 Sp9 Gaba,119 SI-MA-LPO-LHA Skor1 Glut,False,Cartpt,2.454,0.252,35.7,4.8,2.203
BMAp,074 MEA-BST Lhx6 Sp9 Gaba,119 SI-MA-LPO-LHA Skor1 Glut,False,Trhr,2.143,0.56,31.7,9.6,1.582
BMAp,074 MEA-BST Lhx6 Sp9 Gaba,120 MEA Otp Foxp2 Glut,False,Slc32a1,7.868,0.389,98.7,7.5,7.479
BMAp,074 MEA-BST Lhx6 Sp9 Gaba,120 MEA Otp Foxp2 Glut,False,Lhx6,6.194,0.125,88.7,2.4,6.068
BMAp,074 MEA-BST Lhx6 Sp9 Gaba,120 MEA Otp Foxp2 Glut,False,Sp9,5.198,0.094,79.0,1.9,5.104
BMAp,074 MEA-BST Lhx6 Sp9 Gaba,120 MEA Otp Foxp2 Glut,False,Nr2e1,3.499,0.033,58.6,0.7,3.467
BMAp,074 MEA-BST Lhx6 Sp9 Gaba,120 MEA Otp Foxp2 Glut,False,Sox6,3.803,0.55,48.7,9.7,3.253
BMAp,074 MEA-BST Lhx6 Sp9 Gaba,120 MEA Otp Foxp2 Glut,False,Dlx1,2.748,0.15,45.2,2.9,2.598
BMAp,074 MEA-BST Lhx6 Sp9 Gaba,120 MEA Otp Foxp2 Glut,False,Pnoc,2.97,0.7,44.1,12.8,2.27
BMAp,074 MEA-BST Lhx6 Sp9 Gaba,120 MEA Otp Foxp2 Glut,False,Dlx2,1.575,0.04,29.1,0.8,1.534
BMAp,074 MEA-BST Lhx6 Sp9 Gaba,120 MEA Otp Foxp2 Glut,False,Cnr1,1.556,0.442,26.5,8.4,1.114
BMAp,074 MEA-BST Lhx6 Sp9 Gaba,121 MEA-BST Otp Zic2 Glut,False,Slc32a1,7.868,0.654,98.7,11.5,7.214
BMAp,074 MEA-BST Lhx6 Sp9 Gaba,121 MEA-BST Otp Zic2 Glut,False,Lhx6,6.194,0.19,88.7,3.6,6.004
BMAp,074 MEA-BST Lhx6 Sp9 Gaba,121 MEA-BST Otp Zic2 Glut,False,Sp9,5.198,0.134,79.0,2.5,5.064
BMAp,074 MEA-BST Lhx6 Sp9 Gaba,121 MEA-BST Otp Zic2 Glut,False,Nr2e1,3.499,0.026,58.6,0.6,3.474
BMAp,074 MEA-BST Lhx6 Sp9 Gaba,121 MEA-BST Otp Zic2 Glut,False,Sox6,3.803,0.349,48.7,6.5,3.454
BMAp,074 MEA-BST Lhx6 Sp9 Gaba,121 MEA-BST Otp Zic2 Glut,False,Dlx1,2.748,0.193,45.2,3.7,2.555
BMAp,074 MEA-BST Lhx6 Sp9 Gaba,121 MEA-BST Otp Zic2 Glut,False,Cartpt,2.454,0.404,35.7,7.3,2.05
BMAp,074 MEA-BST Lhx6 Sp9 Gaba,121 MEA-BST Otp Zic2 Glut,False,Dlx2,1.575,0.038,29.1,0.7,1.537
BMAp,074 MEA-BST Lhx6 Sp9 Gaba,121 MEA-BST Otp Zic2 Glut,False,Cck,1.972,0.603,30.2,11.2,1.368
BMAp,082 CEA-BST Ebf1 Pdyn Gaba,012 MEA Slc17a7 Glut,False,Slc32a1,7.669,0.335,97.8,6.7,7.334
BMAp,082 CEA-BST Ebf1 Pdyn Gaba,012 MEA Slc17a7 Glut,False,Mpped1,7.085,0.677,93.4,12.2,6.408
BMAp,082 CEA-BST Ebf1 Pdyn Gaba,012 MEA Slc17a7 Glut,False,Ebf1,6.307,0.223,73.3,4.5,6.084
BMAp,082 CEA-BST Ebf1 Pdyn Gaba,012 MEA Slc17a7 Glut,False,Pdyn,4.606,0.259,63.0,5.0,4.347
BMAp,082 CEA-BST Ebf1 Pdyn Gaba,012 MEA Slc17a7 Glut,False,Isl1,3.665,0.025,54.8,0.5,3.64
BMAp,082 CEA-BST Ebf1 Pdyn Gaba,012 MEA Slc17a7 Glut,False,Penk,2.897,0.608,44.2,10.6,2.289
BMAp,082 CEA-BST Ebf1 Pdyn Gaba,012 MEA Slc17a7 Glut,False,Pnoc,2.544,0.333,38.6,5.7,2.211
BMAp,082 CEA-BST Ebf1 Pdyn Gaba,012 MEA Slc17a7 Glut,False,Drd1,2.292,0.14,38.9,2.7,2.151
BMAp,082 CEA-BST Ebf1 Pdyn Gaba,012 MEA Slc17a7 Glut,False,Nts,2.253,0.22,31.2,4.3,2.034
BMAp,082 CEA-BST Ebf1 Pdyn Gaba,012 MEA Slc17a7 Glut,False,Tac1,2.841,0.852,36.9,14.1,1.989
BMAp,082 CEA-BST Ebf1 Pdyn Gaba,012 MEA Slc17a7 Glut,False,Syt6,2.114,0.203,37.1,3.7,1.912
BMAp,082 CEA-BST Ebf1 Pdyn Gaba,073 MEA-BST Sox6 Gaba,True,Ebf1,6.307,0.152,73.3,2.9,6.154
BMAp,082 CEA-BST Ebf1 Pdyn Gaba,073 MEA-BST Sox6 Gaba,True,Isl1,3.665,0.067,54.8,1.1,3.598
BMAp,082 CEA-BST Ebf1 Pdyn Gaba,073 MEA-BST Sox6 Gaba,True,Nts,2.253,0.223,31.2,4.0,2.031
BMAp,082 CEA-BST Ebf1 Pdyn Gaba,073 MEA-BST Sox6 Gaba,True,Ppp1r1b,2.302,0.461,35.5,8.8,1.841
BMAp,082 CEA-BST Ebf1 Pdyn Gaba,073 MEA-BST Sox6 Gaba,True,Syt6,2.114,0.757,37.1,12.1,1.358
BMAp,082 CEA-BST Ebf1 Pdyn Gaba,074 MEA-BST Lhx6 Sp9 Gaba,True,Ebf1,6.307,0.151,73.3,2.9,6.155
BMAp,082 CEA-BST Ebf1 Pdyn Gaba,074 MEA-BST Lhx6 Sp9 Gaba,True,Pdyn,4.606,0.807,63.0,13.7,3.799
BMAp,082 CEA-BST Ebf1 Pdyn Gaba,074 MEA-BST Lhx6 Sp9 Gaba,True,Isl1,3.665,0.061,54.8,1.0,3.604
BMAp,082 CEA-BST Ebf1 Pdyn Gaba,074 MEA-BST Lhx6 Sp9 Gaba,True,Cacng5,2.345,0.295,41.3,5.5,2.05
BMAp,082 CEA-BST Ebf1 Pdyn Gaba,074 MEA-BST Lhx6 Sp9 Gaba,True,Ppp1r1b,2.302,0.267,35.5,5.1,2.035
BMAp,082 CEA-BST Ebf1 Pdyn Gaba,074 MEA-BST Lhx6 Sp9 Gaba,True,Drd1,2.292,0.269,38.9,5.1,2.022
BMAp,082 CEA-BST Ebf1 Pdyn Gaba,074 MEA-BST Lhx6 Sp9 Gaba,True,Matn2,2.048,0.784,35.9,14.9,1.264
BMAp,082 CEA-BST Ebf1 Pdyn Gaba,113 MEA-COA-BMA Ccdc42 Glut,False,Slc32a1,7.669,0.394,97.8,7.4,7.275
BMAp,082 CEA-BST Ebf1 Pdyn Gaba,113 MEA-COA-BMA Ccdc42 Glut,False,Cnr1,5.598,0.568,83.2,10.3,5.03
BMAp,082 CEA-BST Ebf1 Pdyn Gaba,113 MEA-COA-BMA Ccdc42 Glut,False,Isl1,3.665,0.029,54.8,0.6,3.636
BMAp,082 CEA-BST Ebf1 Pdyn Gaba,113 MEA-COA-BMA Ccdc42 Glut,False,Pnoc,2.544,0.353,38.6,6.8,2.191
BMAp,082 CEA-BST Ebf1 Pdyn Gaba,113 MEA-COA-BMA Ccdc42 Glut,False,Syt6,2.114,0.22,37.1,4.0,1.895
BMAp,082 CEA-BST Ebf1 Pdyn Gaba,113 MEA-COA-BMA Ccdc42 Glut,False,Reln,2.282,0.434,34.5,7.8,1.848
BMAp,082 CEA-BST Ebf1 Pdyn Gaba,113 MEA-COA-BMA Ccdc42 Glut,False,Nts,2.253,0.406,31.2,7.2,1.847
BMAp,082 CEA-BST Ebf1 Pdyn Gaba,113 MEA-COA-BMA Ccdc42 Glut,False,Tacr1,1.556,0.194,25.2,3.5,1.362
BMAp,082 CEA-BST Ebf1 Pdyn Gaba,119 SI-MA-LPO-LHA Skor1 Glut,False,Slc32a1,7.669,0.705,97.8,11.6,6.964
BMAp,082 CEA-BST Ebf1 Pdyn Gaba,119 SI-MA-LPO-LHA Skor1 Glut,False,Ebf1,6.307,0.346,73.3,5.9,5.96
BMAp,082 CEA-BST Ebf1 Pdyn Gaba,119 SI-MA-LPO-LHA Skor1 Glut,False,Wfs1,5.82,0.766,83.6,14.6,5.054
BMAp,082 CEA-BST Ebf1 Pdyn Gaba,119 SI-MA-LPO-LHA Skor1 Glut,False,Pdyn,4.606,0.235,63.0,4.3,4.371
BMAp,082 CEA-BST Ebf1 Pdyn Gaba,119 SI-MA-LPO-LHA Skor1 Glut,False,Isl1,3.665,0.015,54.8,0.3,3.65
BMAp,082 CEA-BST Ebf1 Pdyn Gaba,119 SI-MA-LPO-LHA Skor1 Glut,False,Penk,2.897,0.475,44.2,9.0,2.422
BMAp,082 CEA-BST Ebf1 Pdyn Gaba,119 SI-MA-LPO-LHA Skor1 Glut,False,Otof,2.807,0.476,46.1,8.9,2.331
BMAp,082 CEA-BST Ebf1 Pdyn Gaba,119 SI-MA-LPO-LHA Skor1 Glut,False,Pnoc,2.544,0.272,38.6,4.9,2.272
BMAp,082 CEA-BST Ebf1 Pdyn Gaba,119 SI-MA-LPO-LHA Skor1 Glut,False,Tac1,2.841,0.68,36.9,12.2,2.161
BMAp,082 CEA-BST Ebf1 Pdyn Gaba,119 SI-MA-LPO-LHA Skor1 Glut,False,Ppp1r1b,2.302,0.302,35.5,5.8,2.0
BMAp,082 CEA-BST Ebf1 Pdyn Gaba,119 SI-MA-LPO-LHA Skor1 Glut,False,Rgs14,1.918,0.17,35.6,3.3,1.748
BMAp,082 CEA-BST Ebf1 Pdyn Gaba,119 SI-MA-LPO-LHA Skor1 Glut,False,Gfra1,1.947,0.613,30.5,10.6,1.334
BMAp,082 CEA-BST Ebf1 Pdyn Gaba,120 MEA Otp Foxp2 Glut,False,Slc32a1,7.669,0.389,97.8,7.5,7.28
BMAp,082 CEA-BST Ebf1 Pdyn Gaba,120 MEA Otp Foxp2 Glut,False,Ebf1,6.307,0.178,73.3,3.5,6.129
BMAp,082 CEA-BST Ebf1 Pdyn Gaba,120 MEA Otp Foxp2 Glut,False,Cnr1,5.598,0.442,83.2,8.4,5.155
BMAp,082 CEA-BST Ebf1 Pdyn Gaba,120 MEA Otp Foxp2 Glut,False,Pdyn,4.606,0.804,63.0,13.8,3.802
BMAp,082 CEA-BST Ebf1 Pdyn Gaba,120 MEA Otp Foxp2 Glut,False,Isl1,3.665,0.028,54.8,0.5,3.637
BMAp,082 CEA-BST Ebf1 Pdyn Gaba,120 MEA Otp Foxp2 Glut,False,Cacng5,2.345,0.365,41.3,7.0,1.98
BMAp,082 CEA-BST Ebf1 Pdyn Gaba,120 MEA Otp Foxp2 Glut,False,Syt6,2.114,0.27,37.1,4.9,1.844
BMAp,082 CEA-BST Ebf1 Pdyn Gaba,120 MEA Otp Foxp2 Glut,False,Pnoc,2.544,0.7,38.6,12.8,1.844
BMAp,082 CEA-BST Ebf1 Pdyn Gaba,120 MEA Otp Foxp2 Glut,False,Reln,2.282,0.504,34.5,9.1,1.778
BMAp,082 CEA-BST Ebf1 Pdyn Gaba,121 MEA-BST Otp Zic2 Glut,False,Slc32a1,7.669,0.654,97.8,11.5,7.015
BMAp,082 CEA-BST Ebf1 Pdyn Gaba,121 MEA-BST Otp Zic2 Glut,False,Pdyn,4.606,0.159,63.0,3.0,4.447
BMAp,082 CEA-BST Ebf1 Pdyn Gaba,121 MEA-BST Otp Zic2 Glut,False,Isl1,3.665,0.029,54.8,0.6,3.636
BMAp,082 CEA-BST Ebf1 Pdyn Gaba,121 MEA-BST Otp Zic2 Glut,False,Drd1,2.292,0.173,38.9,3.3,2.119
BMAp,082 CEA-BST Ebf1 Pdyn Gaba,121 MEA-BST Otp Zic2 Glut,False,Ppp1r1b,2.302,0.503,35.5,9.4,1.799
BMAp,082 CEA-BST Ebf1 Pdyn Gaba,121 MEA-BST Otp Zic2 Glut,False,Syt6,2.114,0.485,37.1,7.6,1.63
BMAp,082 CEA-BST Ebf1 Pdyn Gaba,121 MEA-BST Otp Zic2 Glut,False,Nts,2.253,0.802,31.2,13.9,1.451
BMAp,113 MEA-COA-BMA Ccdc42 Glut,012 MEA Slc17a7 Glut,True,Adcyap1,6.222,0.729,84.5,13.2,5.493
BMAp,113 MEA-COA-BMA Ccdc42 Glut,012 MEA Slc17a7 Glut,True,Penk,5.203,0.608,75.7,10.6,4.595
BMAp,113 MEA-COA-BMA Ccdc42 Glut,012 MEA Slc17a7 Glut,True,Fezf1,3.18,0.032,53.4,0.7,3.148
BMAp,113 MEA-COA-BMA Ccdc42 Glut,012 MEA Slc17a7 Glut,True,Drd1,2.971,0.14,51.5,2.7,2.831
BMAp,113 MEA-COA-BMA Ccdc42 Glut,012 MEA Slc17a7 Glut,True,Ccdc42,2.728,0.143,48.0,2.7,2.585
BMAp,113 MEA-COA-BMA Ccdc42 Glut,012 MEA Slc17a7 Glut,True,Tac1,3.393,0.852,46.9,14.1,2.542
BMAp,113 MEA-COA-BMA Ccdc42 Glut,012 MEA Slc17a7 Glut,True,Krt9,3.135,0.625,52.7,12.3,2.51
BMAp,113 MEA-COA-BMA Ccdc42 Glut,012 MEA Slc17a7 Glut,True,Pdyn,2.487,0.259,39.9,5.0,2.228
BMAp,113 MEA-COA-BMA Ccdc42 Glut,012 MEA Slc17a7 Glut,True,Otp,2.098,0.068,30.9,1.4,2.03
BMAp,113 MEA-COA-BMA Ccdc42 Glut,012 MEA Slc17a7 Glut,True,St8sia2,2.136,0.307,37.8,6.0,1.83
BMAp,113 MEA-COA-BMA Ccdc42 Glut,012 MEA Slc17a7 Glut,True,Cd36,1.63,0.045,27.6,0.9,1.586
BMAp,113 MEA-COA-BMA Ccdc42 Glut,012 MEA Slc17a7 Glut,True,Foxp2,1.753,0.383,25.4,7.5,1.37
BMAp,113 MEA-COA-BMA Ccdc42 Glut,073 MEA-BST Sox6 Gaba,False,Slc17a6,8.062,0.26,98.8,4.8,7.802
BMAp,113 MEA-COA-BMA Ccdc42 Glut,073 MEA-BST Sox6 Gaba,False,Adcyap1,6.222,0.169,84.5,3.0,6.053
BMAp,113 MEA-COA-BMA Ccdc42 Glut,073 MEA-BST Sox6 Gaba,False,Fezf1,3.18,0.032,53.4,0.6,3.148
BMAp,113 MEA-COA-BMA Ccdc42 Glut,073 MEA-BST Sox6 Gaba,False,Krt9,3.135,0.429,52.7,8.0,2.706
BMAp,113 MEA-COA-BMA Ccdc42 Glut,073 MEA-BST Sox6 Gaba,False,Ccdc42,2.728,0.598,48.0,11.4,2.13
BMAp,113 MEA-COA-BMA Ccdc42 Glut,073 MEA-BST Sox6 Gaba,False,Crym,2.48,0.427,42.0,7.8,2.053
BMAp,113 MEA-COA-BMA Ccdc42 Glut,073 MEA-BST Sox6 Gaba,False,Otp,2.098,0.08,30.9,1.5,2.017
BMAp,113 MEA-COA-BMA Ccdc42 Glut,073 MEA-BST Sox6 Gaba,False,Cd36,1.63,0.098,27.6,1.8,1.532
BMAp,113 MEA-COA-BMA Ccdc42 Glut,073 MEA-BST Sox6 Gaba,False,Amigo2,2.124,0.705,38.1,13.1,1.419
BMAp,113 MEA-COA-BMA Ccdc42 Glut,074 MEA-BST Lhx6 Sp9 Gaba,False,Slc17a6,8.062,0.28,98.8,5.4,7.782
BMAp,113 MEA-COA-BMA Ccdc42 Glut,074 MEA-BST Lhx6 Sp9 Gaba,False,Adcyap1,6.222,0.168,84.5,3.1,6.054
BMAp,113 MEA-COA-BMA Ccdc42 Glut,074 MEA-BST Lhx6 Sp9 Gaba,False,Fezf1,3.18,0.029,53.4,0.6,3.151
BMAp,113 MEA-COA-BMA Ccdc42 Glut,074 MEA-BST Lhx6 Sp9 Gaba,False,Krt9,3.135,0.091,52.7,1.8,3.044
BMAp,113 MEA-COA-BMA Ccdc42 Glut,074 MEA-BST Lhx6 Sp9 Gaba,False,Matn2,3.636,0.784,60.0,14.9,2.852
BMAp,113 MEA-COA-BMA Ccdc42 Glut,074 MEA-BST Lhx6 Sp9 Gaba,False,Drd1,2.971,0.269,51.5,5.1,2.702
BMAp,113 MEA-COA-BMA Ccdc42 Glut,074 MEA-BST Lhx6 Sp9 Gaba,False,Ccdc42,2.728,0.381,48.0,7.4,2.348
BMAp,113 MEA-COA-BMA Ccdc42 Glut,074 MEA-BST Lhx6 Sp9 Gaba,False,Crym,2.48,0.196,42.0,3.7,2.284
BMAp,113 MEA-COA-BMA Ccdc42 Glut,074 MEA-BST Lhx6 Sp9 Gaba,False,Otp,2.098,0.08,30.9,1.5,2.018
BMAp,113 MEA-COA-BMA Ccdc42 Glut,074 MEA-BST Lhx6 Sp9 Gaba,False,Pdyn,2.487,0.807,39.9,13.7,1.68
BMAp,113 MEA-COA-BMA Ccdc42 Glut,074 MEA-BST Lhx6 Sp9 Gaba,False,Amigo2,2.124,0.472,38.1,8.9,1.652
BMAp,113 MEA-COA-BMA Ccdc42 Glut,074 MEA-BST Lhx6 Sp9 Gaba,False,Cd36,1.63,0.104,27.6,1.9,1.527
BMAp,113 MEA-COA-BMA Ccdc42 Glut,082 CEA-BST Ebf1 Pdyn Gaba,False,Slc17a6,8.062,0.289,98.8,5.6,7.773
BMAp,113 MEA-COA-BMA Ccdc42 Glut,082 CEA-BST Ebf1 Pdyn Gaba,False,Adcyap1,6.222,0.109,84.5,2.1,6.113
BMAp,113 MEA-COA-BMA Ccdc42 Glut,082 CEA-BST Ebf1 Pdyn Gaba,False,Fezf1,3.18,0.029,53.4,0.6,3.151
BMAp,113 MEA-COA-BMA Ccdc42 Glut,082 CEA-BST Ebf1 Pdyn Gaba,False,Krt9,3.135,0.195,52.7,3.9,2.94
BMAp,113 MEA-COA-BMA Ccdc42 Glut,082 CEA-BST Ebf1 Pdyn Gaba,False,Ccdc42,2.728,0.147,48.0,3.0,2.582
BMAp,113 MEA-COA-BMA Ccdc42 Glut,082 CEA-BST Ebf1 Pdyn Gaba,False,Otp,2.098,0.103,30.9,2.0,1.994
BMAp,113 MEA-COA-BMA Ccdc42 Glut,082 CEA-BST Ebf1 Pdyn Gaba,False,Cck,2.519,0.72,36.5,13.8,1.8
BMAp,113 MEA-COA-BMA Ccdc42 Glut,082 CEA-BST Ebf1 Pdyn Gaba,False,St8sia2,2.136,0.451,37.8,8.2,1.685
BMAp,113 MEA-COA-BMA Ccdc42 Glut,082 CEA-BST Ebf1 Pdyn Gaba,False,Amigo2,2.124,0.513,38.1,9.7,1.611
BMAp,113 MEA-COA-BMA Ccdc42 Glut,082 CEA-BST Ebf1 Pdyn Gaba,False,Cd36,1.63,0.288,27.6,5.1,1.342
BMAp,113 MEA-COA-BMA Ccdc42 Glut,119 SI-MA-LPO-LHA Skor1 Glut,False,Adcyap1,6.222,0.346,84.5,6.2,5.876
BMAp,113 MEA-COA-BMA Ccdc42 Glut,119 SI-MA-LPO-LHA Skor1 Glut,False,Trhr,5.296,0.56,72.9,9.6,4.736
BMAp,113 MEA-COA-BMA Ccdc42 Glut,119 SI-MA-LPO-LHA Skor1 Glut,False,Penk,5.203,0.475,75.7,9.0,4.728
BMAp,113 MEA-COA-BMA Ccdc42 Glut,119 SI-MA-LPO-LHA Skor1 Glut,False,Wfs1,4.754,0.766,75.1,14.6,3.989
BMAp,113 MEA-COA-BMA Ccdc42 Glut,119 SI-MA-LPO-LHA Skor1 Glut,False,Otof,4.437,0.476,70.0,8.9,3.962
BMAp,113 MEA-COA-BMA Ccdc42 Glut,119 SI-MA-LPO-LHA Skor1 Glut,False,Krt9,3.135,0.03,52.7,0.6,3.105
BMAp,113 MEA-COA-BMA Ccdc42 Glut,119 SI-MA-LPO-LHA Skor1 Glut,False,Matn2,3.636,0.758,60.0,14.3,2.877
BMAp,113 MEA-COA-BMA Ccdc42 Glut,119 SI-MA-LPO-LHA Skor1 Glut,False,Tac1,3.393,0.68,46.9,12.2,2.713
BMAp,113 MEA-COA-BMA Ccdc42 Glut,119 SI-MA-LPO-LHA Skor1 Glut,False,Ccdc42,2.728,0.068,48.0,1.3,2.66
BMAp,113 MEA-COA-BMA Ccdc42 Glut,119 SI-MA-LPO-LHA Skor1 Glut,False,Crym,2.48,0.171,42.0,3.3,2.308
BMAp,113 MEA-COA-BMA Ccdc42 Glut,119 SI-MA-LPO-LHA Skor1 Glut,False,Pdyn,2.487,0.235,39.9,4.3,2.252
BMAp,113 MEA-COA-BMA Ccdc42 Glut,119 SI-MA-LPO-LHA Skor1 Glut,False,Otp,2.098,0.091,30.9,1.7,2.006
BMAp,113 MEA-COA-BMA Ccdc42 Glut,120 MEA Otp Foxp2 Glut,False,Pdyn,2.487,0.804,39.9,13.8,1.683
BMAp,113 MEA-COA-BMA Ccdc42 Glut,120 MEA Otp Foxp2 Glut,False,Amigo2,2.124,0.718,38.1,14.3,1.406
BMAp,113 MEA-COA-BMA Ccdc42 Glut,121 MEA-BST Otp Zic2 Glut,False,Drd1,2.971,0.173,51.5,3.3,2.799
BMAp,113 MEA-COA-BMA Ccdc42 Glut,121 MEA-BST Otp Zic2 Glut,False,Krt9,3.135,0.353,52.7,6.4,2.782
BMAp,113 MEA-COA-BMA Ccdc42 Glut,121 MEA-BST Otp Zic2 Glut,False,Ccdc42,2.728,0.225,48.0,4.1,2.503
BMAp,113 MEA-COA-BMA Ccdc42 Glut,121 MEA-BST Otp Zic2 Glut,False,Pdyn,2.487,0.159,39.9,3.0,2.328
BMAp,113 MEA-COA-BMA Ccdc42 Glut,121 MEA-BST Otp Zic2 Glut,False,Cck,2.519,0.603,36.5,11.2,1.916
BMAp,113 MEA-COA-BMA Ccdc42 Glut,121 MEA-BST Otp Zic2 Glut,False,Crym,2.48,0.723,42.0,12.8,1.756
BMAp,119 SI-MA-LPO-LHA Skor1 Glut,012 MEA Slc17a7 Glut,False,Lhx5,4.544,0.016,73.7,0.3,4.528
BMAp,119 SI-MA-LPO-LHA Skor1 Glut,012 MEA Slc17a7 Glut,False,Tcf7l2,4.567,0.061,44.8,1.3,4.505
BMAp,119 SI-MA-LPO-LHA Skor1 Glut,012 MEA Slc17a7 Glut,False,Nxph4,4.478,0.088,65.0,1.7,4.39
BMAp,119 SI-MA-LPO-LHA Skor1 Glut,012 MEA Slc17a7 Glut,False,Nhlh2,3.936,0.305,62.8,5.6,3.631
BMAp,119 SI-MA-LPO-LHA Skor1 Glut,012 MEA Slc17a7 Glut,False,Mpped1,4.086,0.677,63.2,12.2,3.409
BMAp,119 SI-MA-LPO-LHA Skor1 Glut,012 MEA Slc17a7 Glut,False,Dmrta2,3.577,0.174,54.7,3.4,3.403
BMAp,119 SI-MA-LPO-LHA Skor1 Glut,012 MEA Slc17a7 Glut,False,Skor1,3.153,0.012,53.6,0.2,3.141
BMAp,119 SI-MA-LPO-LHA Skor1 Glut,012 MEA Slc17a7 Glut,False,Sema5b,3.296,0.634,51.1,11.0,2.661
BMAp,119 SI-MA-LPO-LHA Skor1 Glut,012 MEA Slc17a7 Glut,False,Deptor,3.291,0.672,52.8,11.9,2.619
BMAp,119 SI-MA-LPO-LHA Skor1 Glut,012 MEA Slc17a7 Glut,False,Oprk1,2.457,0.148,39.3,2.7,2.309
BMAp,119 SI-MA-LPO-LHA Skor1 Glut,012 MEA Slc17a7 Glut,False,Zic1,2.341,0.043,31.8,0.8,2.298
BMAp,119 SI-MA-LPO-LHA Skor1 Glut,012 MEA Slc17a7 Glut,False,Npnt,2.145,0.256,33.7,4.3,1.889
BMAp,119 SI-MA-LPO-LHA Skor1 Glut,073 MEA-BST Sox6 Gaba,False,Slc17a6,8.381,0.26,99.5,4.8,8.121
BMAp,119 SI-MA-LPO-LHA Skor1 Glut,073 MEA-BST Sox6 Gaba,False,Tbr1,4.856,0.076,77.3,1.5,4.78
BMAp,119 SI-MA-LPO-LHA Skor1 Glut,073 MEA-BST Sox6 Gaba,False,Lhx5,4.544,0.013,73.7,0.3,4.53
BMAp,119 SI-MA-LPO-LHA Skor1 Glut,073 MEA-BST Sox6 Gaba,False,Tcf7l2,4.567,0.087,44.8,1.7,4.479
BMAp,119 SI-MA-LPO-LHA Skor1 Glut,073 MEA-BST Sox6 Gaba,False,Nxph4,4.478,0.049,65.0,0.9,4.429
BMAp,119 SI-MA-LPO-LHA Skor1 Glut,073 MEA-BST Sox6 Gaba,False,Nhlh2,3.936,0.01,62.8,0.2,3.927
BMAp,119 SI-MA-LPO-LHA Skor1 Glut,073 MEA-BST Sox6 Gaba,False,Dmrta2,3.577,0.099,54.7,1.9,3.478
BMAp,119 SI-MA-LPO-LHA Skor1 Glut,073 MEA-BST Sox6 Gaba,False,Skor1,3.153,0.008,53.6,0.1,3.145
BMAp,119 SI-MA-LPO-LHA Skor1 Glut,073 MEA-BST Sox6 Gaba,False,Zic1,2.341,0.046,31.8,0.9,2.294
BMAp,119 SI-MA-LPO-LHA Skor1 Glut,073 MEA-BST Sox6 Gaba,False,Uncx,2.078,0.012,36.7,0.2,2.066
BMAp,119 SI-MA-LPO-LHA Skor1 Glut,073 MEA-BST Sox6 Gaba,False,Npnt,2.145,0.666,33.7,10.7,1.479
BMAp,119 SI-MA-LPO-LHA Skor1 Glut,073 MEA-BST Sox6 Gaba,False,Fst,1.669,0.195,25.3,3.5,1.474
BMAp,119 SI-MA-LPO-LHA Skor1 Glut,074 MEA-BST Lhx6 Sp9 Gaba,False,Slc17a6,8.381,0.28,99.5,5.4,8.101
BMAp,119 SI-MA-LPO-LHA Skor1 Glut,074 MEA-BST Lhx6 Sp9 Gaba,False,Tbr1,4.856,0.094,77.3,1.8,4.761
BMAp,119 SI-MA-LPO-LHA Skor1 Glut,074 MEA-BST Lhx6 Sp9 Gaba,False,Lhx5,4.544,0.014,73.7,0.3,4.53
BMAp,119 SI-MA-LPO-LHA Skor1 Glut,074 MEA-BST Lhx6 Sp9 Gaba,False,Tcf7l2,4.567,0.085,44.8,1.7,4.482
BMAp,119 SI-MA-LPO-LHA Skor1 Glut,074 MEA-BST Lhx6 Sp9 Gaba,False,Nxph4,4.478,0.085,65.0,1.6,4.393
BMAp,119 SI-MA-LPO-LHA Skor1 Glut,074 MEA-BST Lhx6 Sp9 Gaba,False,Nhlh2,3.936,0.014,62.8,0.3,3.923
BMAp,119 SI-MA-LPO-LHA Skor1 Glut,074 MEA-BST Lhx6 Sp9 Gaba,False,Dmrta2,3.577,0.073,54.7,1.4,3.505
BMAp,119 SI-MA-LPO-LHA Skor1 Glut,074 MEA-BST Lhx6 Sp9 Gaba,False,Nfib,3.737,0.534,46.7,9.4,3.203
BMAp,119 SI-MA-LPO-LHA Skor1 Glut,074 MEA-BST Lhx6 Sp9 Gaba,False,Skor1,3.153,0.013,53.6,0.3,3.14
BMAp,119 SI-MA-LPO-LHA Skor1 Glut,074 MEA-BST Lhx6 Sp9 Gaba,False,Sema5b,3.296,0.379,51.1,7.3,2.916
BMAp,119 SI-MA-LPO-LHA Skor1 Glut,074 MEA-BST Lhx6 Sp9 Gaba,False,Cacng5,2.947,0.295,47.5,5.5,2.653
BMAp,119 SI-MA-LPO-LHA Skor1 Glut,074 MEA-BST Lhx6 Sp9 Gaba,False,Zic1,2.341,0.04,31.8,0.8,2.301
BMAp,119 SI-MA-LPO-LHA Skor1 Glut,082 CEA-BST Ebf1 Pdyn Gaba,False,Slc17a6,8.381,0.289,99.5,5.6,8.092
BMAp,119 SI-MA-LPO-LHA Skor1 Glut,082 CEA-BST Ebf1 Pdyn Gaba,False,Tbr1,4.856,0.092,77.3,1.8,4.763
BMAp,119 SI-MA-LPO-LHA Skor1 Glut,082 CEA-BST Ebf1 Pdyn Gaba,False,Lhx5,4.544,0.012,73.7,0.2,4.532
BMAp,119 SI-MA-LPO-LHA Skor1 Glut,082 CEA-BST Ebf1 Pdyn Gaba,False,Tcf7l2,4.567,0.092,44.8,1.8,4.475
BMAp,119 SI-MA-LPO-LHA Skor1 Glut,082 CEA-BST Ebf1 Pdyn Gaba,False,Nxph4,4.478,0.182,65.0,3.5,4.296
BMAp,119 SI-MA-LPO-LHA Skor1 Glut,082 CEA-BST Ebf1 Pdyn Gaba,False,Nhlh2,3.936,0.024,62.8,0.5,3.912
BMAp,119 SI-MA-LPO-LHA Skor1 Glut,082 CEA-BST Ebf1 Pdyn Gaba,False,Dmrta2,3.577,0.068,54.7,1.4,3.51
BMAp,119 SI-MA-LPO-LHA Skor1 Glut,082 CEA-BST Ebf1 Pdyn Gaba,False,Nfib,3.737,0.453,46.7,8.7,3.284
BMAp,119 SI-MA-LPO-LHA Skor1 Glut,082 CEA-BST Ebf1 Pdyn Gaba,False,Skor1,3.153,0.012,53.6,0.2,3.141
BMAp,119 SI-MA-LPO-LHA Skor1 Glut,082 CEA-BST Ebf1 Pdyn Gaba,False,Sema5b,3.296,0.318,51.1,6.2,2.977
BMAp,119 SI-MA-LPO-LHA Skor1 Glut,082 CEA-BST Ebf1 Pdyn Gaba,False,Zic1,2.341,0.219,31.8,3.9,2.121
BMAp,119 SI-MA-LPO-LHA Skor1 Glut,082 CEA-BST Ebf1 Pdyn Gaba,False,Uncx,2.078,0.011,36.7,0.2,2.066
BMAp,119 SI-MA-LPO-LHA Skor1 Glut,113 MEA-COA-BMA Ccdc42 Glut,False,Tcf7l2,4.567,0.111,44.8,2.2,4.456
BMAp,119 SI-MA-LPO-LHA Skor1 Glut,113 MEA-COA-BMA Ccdc42 Glut,False,Lhx5,4.544,0.256,73.7,4.7,4.288
BMAp,119 SI-MA-LPO-LHA Skor1 Glut,113 MEA-COA-BMA Ccdc42 Glut,False,Nxph4,4.478,0.335,65.0,6.0,4.144
BMAp,119 SI-MA-LPO-LHA Skor1 Glut,113 MEA-COA-BMA Ccdc42 Glut,False,Nhlh2,3.936,0.221,62.8,4.2,3.716
BMAp,119 SI-MA-LPO-LHA Skor1 Glut,113 MEA-COA-BMA Ccdc42 Glut,False,Cnr1,4.28,0.568,65.0,10.3,3.712
BMAp,119 SI-MA-LPO-LHA Skor1 Glut,113 MEA-COA-BMA Ccdc42 Glut,False,Dmrta2,3.577,0.068,54.7,1.3,3.51
BMAp,119 SI-MA-LPO-LHA Skor1 Glut,113 MEA-COA-BMA Ccdc42 Glut,False,Reln,3.699,0.434,44.5,7.8,3.265
BMAp,119 SI-MA-LPO-LHA Skor1 Glut,113 MEA-COA-BMA Ccdc42 Glut,False,Nfib,3.737,0.505,46.7,9.0,3.231
BMAp,119 SI-MA-LPO-LHA Skor1 Glut,113 MEA-COA-BMA Ccdc42 Glut,False,Skor1,3.153,0.005,53.6,0.1,3.147
BMAp,119 SI-MA-LPO-LHA Skor1 Glut,113 MEA-COA-BMA Ccdc42 Glut,False,Sema5b,3.296,0.279,51.1,5.4,3.017
BMAp,119 SI-MA-LPO-LHA Skor1 Glut,113 MEA-COA-BMA Ccdc42 Glut,False,Zic1,2.341,0.048,31.8,0.9,2.292
BMAp,119 SI-MA-LPO-LHA Skor1 Glut,113 MEA-COA-BMA Ccdc42 Glut,False,Tacr1,2.131,0.194,32.2,3.5,1.937
BMAp,119 SI-MA-LPO-LHA Skor1 Glut,120 MEA Otp Foxp2 Glut,True,Tbr1,4.856,0.114,77.3,2.3,4.741
BMAp,119 SI-MA-LPO-LHA Skor1 Glut,120 MEA Otp Foxp2 Glut,True,Tcf7l2,4.567,0.095,44.8,2.0,4.471
BMAp,119 SI-MA-LPO-LHA Skor1 Glut,120 MEA Otp Foxp2 Glut,True,Cnr1,4.28,0.442,65.0,8.4,3.838
BMAp,119 SI-MA-LPO-LHA Skor1 Glut,120 MEA Otp Foxp2 Glut,True,Dmrta2,3.577,0.051,54.7,1.1,3.526
BMAp,119 SI-MA-LPO-LHA Skor1 Glut,120 MEA Otp Foxp2 Glut,True,Nhlh2,3.936,0.503,62.8,9.4,3.433
BMAp,119 SI-MA-LPO-LHA Skor1 Glut,120 MEA Otp Foxp2 Glut,True,Nfib,3.737,0.426,46.7,8.1,3.311
BMAp,119 SI-MA-LPO-LHA Skor1 Glut,120 MEA Otp Foxp2 Glut,True,Reln,3.699,0.504,44.5,9.1,3.195
BMAp,119 SI-MA-LPO-LHA Skor1 Glut,120 MEA Otp Foxp2 Glut,True,Skor1,3.153,0.013,53.6,0.3,3.14
BMAp,119 SI-MA-LPO-LHA Skor1 Glut,120 MEA Otp Foxp2 Glut,True,Sema5b,3.296,0.236,51.1,4.6,3.059
BMAp,119 SI-MA-LPO-LHA Skor1 Glut,120 MEA Otp Foxp2 Glut,True,Cacng5,2.947,0.365,47.5,7.0,2.583
BMAp,119 SI-MA-LPO-LHA Skor1 Glut,120 MEA Otp Foxp2 Glut,True,Zic1,2.341,0.357,31.8,5.9,1.984
BMAp,119 SI-MA-LPO-LHA Skor1 Glut,120 MEA Otp Foxp2 Glut,True,Npnt,2.145,0.246,33.7,4.8,1.899
BMAp,119 SI-MA-LPO-LHA Skor1 Glut,121 MEA-BST Otp Zic2 Glut,True,Tbr1,4.856,0.1,77.3,1.8,4.756
BMAp,119 SI-MA-LPO-LHA Skor1 Glut,121 MEA-BST Otp Zic2 Glut,True,Tcf7l2,4.567,0.112,44.8,2.1,4.454
BMAp,119 SI-MA-LPO-LHA Skor1 Glut,121 MEA-BST Otp Zic2 Glut,True,Nxph4,4.478,0.645,65.0,11.0,3.833
BMAp,119 SI-MA-LPO-LHA Skor1 Glut,121 MEA-BST Otp Zic2 Glut,True,Dmrta2,3.577,0.082,54.7,1.6,3.496
BMAp,119 SI-MA-LPO-LHA Skor1 Glut,121 MEA-BST Otp Zic2 Glut,True,Skor1,3.153,0.0,53.6,0.0,3.153
BMAp,119 SI-MA-LPO-LHA Skor1 Glut,121 MEA-BST Otp Zic2 Glut,True,Sema5b,3.296,0.289,51.1,5.6,3.006
BMAp,119 SI-MA-LPO-LHA Skor1 Glut,121 MEA-BST Otp Zic2 Glut,True,Cck,2.607,0.603,36.6,11.2,2.004
BMAp,119 SI-MA-LPO-LHA Skor1 Glut,121 MEA-BST Otp Zic2 Glut,True,Npnt,2.145,0.35,33.7,6.6,1.795
BMAp,119 SI-MA-LPO-LHA Skor1 Glut,121 MEA-BST Otp Zic2 Glut,True,Oprk1,2.457,0.684,39.3,12.1,1.773
BMAp,119 SI-MA-LPO-LHA Skor1 Glut,121 MEA-BST Otp Zic2 Glut,True,Fst,1.669,0.011,25.3,0.2,1.658
BMAp,119 SI-MA-LPO-LHA Skor1 Glut,121 MEA-BST Otp Zic2 Glut,True,Ntsr1,1.544,0.158,26.6,2.9,1.386
BMAp,119 SI-MA-LPO-LHA Skor1 Glut,121 MEA-BST Otp Zic2 Glut,True,Drd2,1.859,0.613,28.9,11.4,1.246
BMAp,120 MEA Otp Foxp2 Glut,012 MEA Slc17a7 Glut,False,Foxp2,9.274,0.383,99.0,7.5,8.891
BMAp,120 MEA Otp Foxp2 Glut,012 MEA Slc17a7 Glut,False,Otp,7.974,0.068,97.9,1.4,7.906
BMAp,120 MEA Otp Foxp2 Glut,012 MEA Slc17a7 Glut,False,Mpped1,5.936,0.677,86.6,12.2,5.259
BMAp,120 MEA Otp Foxp2 Glut,012 MEA Slc17a7 Glut,False,Fezf1,4.487,0.032,71.7,0.7,4.455
BMAp,120 MEA Otp Foxp2 Glut,012 MEA Slc17a7 Glut,False,Lhx5,3.629,0.016,63.2,0.3,3.613
BMAp,120 MEA Otp Foxp2 Glut,012 MEA Slc17a7 Glut,False,Nxph4,3.02,0.088,48.1,1.7,2.932
BMAp,120 MEA Otp Foxp2 Glut,012 MEA Slc17a7 Glut,False,Tac1,3.068,0.852,45.4,14.1,2.216
BMAp,120 MEA Otp Foxp2 Glut,012 MEA Slc17a7 Glut,False,Nts,2.024,0.22,34.1,4.3,1.804
BMAp,120 MEA Otp Foxp2 Glut,012 MEA Slc17a7 Glut,False,Uncx,2.232,0.45,41.0,8.2,1.782
BMAp,120 MEA Otp Foxp2 Glut,012 MEA Slc17a7 Glut,False,Cartpt,1.786,0.297,28.1,5.9,1.489
BMAp,120 MEA Otp Foxp2 Glut,012 MEA Slc17a7 Glut,False,St8sia2,1.75,0.307,31.6,6.0,1.443
BMAp,120 MEA Otp Foxp2 Glut,073 MEA-BST Sox6 Gaba,False,Otp,7.974,0.08,97.9,1.5,7.894
BMAp,120 MEA Otp Foxp2 Glut,073 MEA-BST Sox6 Gaba,False,Slc17a6,7.995,0.26,98.6,4.8,7.735
BMAp,120 MEA Otp Foxp2 Glut,073 MEA-BST Sox6 Gaba,False,Fezf1,4.487,0.032,71.7,0.6,4.455
BMAp,120 MEA Otp Foxp2 Glut,073 MEA-BST Sox6 Gaba,False,Trh,4.288,0.04,64.0,0.8,4.248
BMAp,120 MEA Otp Foxp2 Glut,073 MEA-BST Sox6 Gaba,False,Lhx5,3.629,0.013,63.2,0.3,3.615
BMAp,120 MEA Otp Foxp2 Glut,073 MEA-BST Sox6 Gaba,False,Nxph4,3.02,0.049,48.1,0.9,2.971
BMAp,120 MEA Otp Foxp2 Glut,073 MEA-BST Sox6 Gaba,False,Uncx,2.232,0.012,41.0,0.2,2.221
BMAp,120 MEA Otp Foxp2 Glut,073 MEA-BST Sox6 Gaba,False,Tacr1,2.574,0.667,43.1,11.4,1.907
BMAp,120 MEA Otp Foxp2 Glut,073 MEA-BST Sox6 Gaba,False,Nts,2.024,0.223,34.1,4.0,1.801
BMAp,120 MEA Otp Foxp2 Glut,073 MEA-BST Sox6 Gaba,False,Sulf1,2.392,0.747,39.3,12.0,1.645
BMAp,120 MEA Otp Foxp2 Glut,073 MEA-BST Sox6 Gaba,False,Ppp1r1b,2.072,0.461,38.0,8.8,1.61
BMAp,120 MEA Otp Foxp2 Glut,073 MEA-BST Sox6 Gaba,False,Crym,1.717,0.427,30.6,7.8,1.291
BMAp,120 MEA Otp Foxp2 Glut,074 MEA-BST Lhx6 Sp9 Gaba,False,Otp,7.974,0.08,97.9,1.5,7.894
BMAp,120 MEA Otp Foxp2 Glut,074 MEA-BST Lhx6 Sp9 Gaba,False,Slc17a6,7.995,0.28,98.6,5.4,7.715
BMAp,120 MEA Otp Foxp2 Glut,074 MEA-BST Lhx6 Sp9 Gaba,False,Fezf1,4.487,0.029,71.7,0.6,4.458
BMAp,120 MEA Otp Foxp2 Glut,074 MEA-BST Lhx6 Sp9 Gaba,False,Trh,4.288,0.047,64.0,0.9,4.24
BMAp,120 MEA Otp Foxp2 Glut,074 MEA-BST Lhx6 Sp9 Gaba,False,Lhx5,3.629,0.014,63.2,0.3,3.615
BMAp,120 MEA Otp Foxp2 Glut,074 MEA-BST Lhx6 Sp9 Gaba,False,Nxph4,3.02,0.085,48.1,1.6,2.935
BMAp,120 MEA Otp Foxp2 Glut,074 MEA-BST Lhx6 Sp9 Gaba,False,Uncx,2.232,0.011,41.0,0.2,2.222
BMAp,120 MEA Otp Foxp2 Glut,074 MEA-BST Lhx6 Sp9 Gaba,False,Sulf1,2.392,0.391,39.3,6.8,2.0
BMAp,120 MEA Otp Foxp2 Glut,074 MEA-BST Lhx6 Sp9 Gaba,False,Ppp1r1b,2.072,0.267,38.0,5.1,1.805
BMAp,120 MEA Otp Foxp2 Glut,074 MEA-BST Lhx6 Sp9 Gaba,False,Crym,1.717,0.196,30.6,3.7,1.521
BMAp,120 MEA Otp Foxp2 Glut,074 MEA-BST Lhx6 Sp9 Gaba,False,Krt9,1.57,0.091,27.5,1.8,1.479
BMAp,120 MEA Otp Foxp2 Glut,082 CEA-BST Ebf1 Pdyn Gaba,False,Otp,7.974,0.103,97.9,2.0,7.871
BMAp,120 MEA Otp Foxp2 Glut,082 CEA-BST Ebf1 Pdyn Gaba,False,Slc17a6,7.995,0.289,98.6,5.6,7.706
BMAp,120 MEA Otp Foxp2 Glut,082 CEA-BST Ebf1 Pdyn Gaba,False,Fezf1,4.487,0.029,71.7,0.6,4.457
BMAp,120 MEA Otp Foxp2 Glut,082 CEA-BST Ebf1 Pdyn Gaba,False,Trh,4.288,0.044,64.0,0.9,4.244
BMAp,120 MEA Otp Foxp2 Glut,082 CEA-BST Ebf1 Pdyn Gaba,False,Lhx5,3.629,0.012,63.2,0.2,3.617
BMAp,120 MEA Otp Foxp2 Glut,082 CEA-BST Ebf1 Pdyn Gaba,False,Nxph4,3.02,0.182,48.1,3.5,2.838
BMAp,120 MEA Otp Foxp2 Glut,082 CEA-BST Ebf1 Pdyn Gaba,False,Cck,3.134,0.72,49.7,13.8,2.414
BMAp,120 MEA Otp Foxp2 Glut,082 CEA-BST Ebf1 Pdyn Gaba,False,Uncx,2.232,0.011,41.0,0.2,2.221
BMAp,120 MEA Otp Foxp2 Glut,082 CEA-BST Ebf1 Pdyn Gaba,False,Sulf1,2.392,0.719,39.3,12.3,1.673
BMAp,120 MEA Otp Foxp2 Glut,082 CEA-BST Ebf1 Pdyn Gaba,False,Krt9,1.57,0.195,27.5,3.9,1.375
BMAp,120 MEA Otp Foxp2 Glut,082 CEA-BST Ebf1 Pdyn Gaba,False,St8sia2,1.75,0.451,31.6,8.2,1.298
BMAp,120 MEA Otp Foxp2 Glut,082 CEA-BST Ebf1 Pdyn Gaba,False,Cartpt,1.786,0.722,28.1,13.1,1.065
BMAp,120 MEA Otp Foxp2 Glut,113 MEA-COA-BMA Ccdc42 Glut,False,Trh,4.288,0.12,64.0,2.2,4.167
BMAp,120 MEA Otp Foxp2 Glut,113 MEA-COA-BMA Ccdc42 Glut,False,Lhx5,3.629,0.256,63.2,4.7,3.373
BMAp,120 MEA Otp Foxp2 Glut,113 MEA-COA-BMA Ccdc42 Glut,False,Nxph4,3.02,0.335,48.1,6.0,2.685
BMAp,120 MEA Otp Foxp2 Glut,113 MEA-COA-BMA Ccdc42 Glut,False,Tacr1,2.574,0.194,43.1,3.5,2.38
BMAp,120 MEA Otp Foxp2 Glut,113 MEA-COA-BMA Ccdc42 Glut,False,Nts,2.024,0.406,34.1,7.2,1.618
BMAp,120 MEA Otp Foxp2 Glut,113 MEA-COA-BMA Ccdc42 Glut,False,Uncx,2.232,0.794,41.0,14.9,1.439
BMAp,120 MEA Otp Foxp2 Glut,119 SI-MA-LPO-LHA Skor1 Glut,True,Foxp2,9.274,0.426,99.0,7.8,8.848
BMAp,120 MEA Otp Foxp2 Glut,119 SI-MA-LPO-LHA Skor1 Glut,True,Otp,7.974,0.091,97.9,1.7,7.882
BMAp,120 MEA Otp Foxp2 Glut,119 SI-MA-LPO-LHA Skor1 Glut,True,Wfs1,5.122,0.766,80.0,14.6,4.357
BMAp,120 MEA Otp Foxp2 Glut,119 SI-MA-LPO-LHA Skor1 Glut,True,Trh,4.288,0.044,64.0,0.8,4.244
BMAp,120 MEA Otp Foxp2 Glut,119 SI-MA-LPO-LHA Skor1 Glut,True,Otof,4.702,0.476,71.5,8.9,4.226
BMAp,120 MEA Otp Foxp2 Glut,119 SI-MA-LPO-LHA Skor1 Glut,True,Tac1,3.068,0.68,45.4,12.2,2.388
BMAp,120 MEA Otp Foxp2 Glut,119 SI-MA-LPO-LHA Skor1 Glut,True,Trhr,2.5,0.56,41.0,9.6,1.94
BMAp,120 MEA Otp Foxp2 Glut,119 SI-MA-LPO-LHA Skor1 Glut,True,Ppp1r1b,2.072,0.302,38.0,5.8,1.77
BMAp,120 MEA Otp Foxp2 Glut,119 SI-MA-LPO-LHA Skor1 Glut,True,Rgs14,1.849,0.17,35.4,3.3,1.679
BMAp,120 MEA Otp Foxp2 Glut,119 SI-MA-LPO-LHA Skor1 Glut,True,Crym,1.717,0.171,30.6,3.3,1.546
BMAp,120 MEA Otp Foxp2 Glut,119 SI-MA-LPO-LHA Skor1 Glut,True,Krt9,1.57,0.03,27.5,0.6,1.54
BMAp,120 MEA Otp Foxp2 Glut,119 SI-MA-LPO-LHA Skor1 Glut,True,Cartpt,1.786,0.252,28.1,4.8,1.535
BMAp,120 MEA Otp Foxp2 Glut,121 MEA-BST Otp Zic2 Glut,True,Trh,4.288,0.874,64.0,13.6,3.414
BMAp,120 MEA Otp Foxp2 Glut,121 MEA-BST Otp Zic2 Glut,True,Cck,3.134,0.603,49.7,11.2,2.53
BMAp,120 MEA Otp Foxp2 Glut,121 MEA-BST Otp Zic2 Glut,True,Nxph4,3.02,0.645,48.1,11.0,2.375
BMAp,120 MEA Otp Foxp2 Glut,121 MEA-BST Otp Zic2 Glut,True,Ppp1r1b,2.072,0.503,38.0,9.4,1.569
BMAp,120 MEA Otp Foxp2 Glut,121 MEA-BST Otp Zic2 Glut,True,Cartpt,1.786,0.404,28.1,7.3,1.382
BMAp,120 MEA Otp Foxp2 Glut,121 MEA-BST Otp Zic2 Glut,True,Nts,2.024,0.802,34.1,13.9,1.222
BMAp,120 MEA Otp Foxp2 Glut,121 MEA-BST Otp Zic2 Glut,True,Krt9,1.57,0.353,27.5,6.4,1.217
BMAp,121 MEA-BST Otp Zic2 Glut,012 MEA Slc17a7 Glut,False,Otp,7.282,0.068,94.0,1.4,7.215
BMAp,121 MEA-BST Otp Zic2 Glut,012 MEA Slc17a7 Glut,False,Sim1,6.488,0.391,88.0,6.2,6.098
BMAp,121 MEA-BST Otp Zic2 Glut,012 MEA Slc17a7 Glut,False,Zic1,5.504,0.043,69.7,0.8,5.462
BMAp,121 MEA-BST Otp Zic2 Glut,012 MEA Slc17a7 Glut,False,Adcyap1,5.929,0.729,77.8,13.2,5.2
BMAp,121 MEA-BST Otp Zic2 Glut,012 MEA Slc17a7 Glut,False,Mpped1,4.119,0.677,66.7,12.2,3.443
BMAp,121 MEA-BST Otp Zic2 Glut,012 MEA Slc17a7 Glut,False,Cd36,3.431,0.045,53.1,0.9,3.386
BMAp,121 MEA-BST Otp Zic2 Glut,012 MEA Slc17a7 Glut,False,Fezf1,2.697,0.032,44.9,0.7,2.665
BMAp,121 MEA-BST Otp Zic2 Glut,012 MEA Slc17a7 Glut,False,Foxp2,2.448,0.383,36.2,7.5,2.065
BMAp,121 MEA-BST Otp Zic2 Glut,012 MEA Slc17a7 Glut,False,St8sia2,1.752,0.307,30.4,6.0,1.445
BMAp,121 MEA-BST Otp Zic2 Glut,012 MEA Slc17a7 Glut,False,Tac1,2.278,0.852,32.7,14.1,1.426
BMAp,121 MEA-BST Otp Zic2 Glut,012 MEA Slc17a7 Glut,False,Map3k15,1.576,0.32,27.8,6.2,1.256
BMAp,121 MEA-BST Otp Zic2 Glut,012 MEA Slc17a7 Glut,False,Deptor,1.803,0.672,31.7,11.9,1.131
BMAp,121 MEA-BST Otp Zic2 Glut,073 MEA-BST Sox6 Gaba,False,Slc17a6,7.965,0.26,98.8,4.8,7.705
BMAp,121 MEA-BST Otp Zic2 Glut,073 MEA-BST Sox6 Gaba,False,Otp,7.282,0.08,94.0,1.5,7.202
BMAp,121 MEA-BST Otp Zic2 Glut,073 MEA-BST Sox6 Gaba,False,Sim1,6.488,0.022,88.0,0.4,6.466
BMAp,121 MEA-BST Otp Zic2 Glut,073 MEA-BST Sox6 Gaba,False,Adcyap1,5.929,0.169,77.8,3.0,5.76
BMAp,121 MEA-BST Otp Zic2 Glut,073 MEA-BST Sox6 Gaba,False,Zic1,5.504,0.046,69.7,0.9,5.458
BMAp,121 MEA-BST Otp Zic2 Glut,073 MEA-BST Sox6 Gaba,False,Zic2,3.528,0.054,60.6,1.0,3.474
BMAp,121 MEA-BST Otp Zic2 Glut,073 MEA-BST Sox6 Gaba,False,Cd36,3.431,0.098,53.1,1.8,3.333
BMAp,121 MEA-BST Otp Zic2 Glut,073 MEA-BST Sox6 Gaba,False,Fezf1,2.697,0.032,44.9,0.6,2.665
BMAp,121 MEA-BST Otp Zic2 Glut,073 MEA-BST Sox6 Gaba,False,Sulf1,2.972,0.747,46.9,12.0,2.225
BMAp,121 MEA-BST Otp Zic2 Glut,073 MEA-BST Sox6 Gaba,False,Chst9,2.613,0.457,37.6,7.6,2.156
BMAp,121 MEA-BST Otp Zic2 Glut,073 MEA-BST Sox6 Gaba,False,Slc17a7,1.66,0.174,26.8,3.3,1.486
BMAp,121 MEA-BST Otp Zic2 Glut,073 MEA-BST Sox6 Gaba,False,Map3k15,1.576,0.22,27.8,4.3,1.356
BMAp,121 MEA-BST Otp Zic2 Glut,074 MEA-BST Lhx6 Sp9 Gaba,False,Slc17a6,7.965,0.28,98.8,5.4,7.685
BMAp,121 MEA-BST Otp Zic2 Glut,074 MEA-BST Lhx6 Sp9 Gaba,False,Otp,7.282,0.08,94.0,1.5,7.203
BMAp,121 MEA-BST Otp Zic2 Glut,074 MEA-BST Lhx6 Sp9 Gaba,False,Sim1,6.488,0.027,88.0,0.5,6.461
BMAp,121 MEA-BST Otp Zic2 Glut,074 MEA-BST Lhx6 Sp9 Gaba,False,Adcyap1,5.929,0.168,77.8,3.1,5.76
BMAp,121 MEA-BST Otp Zic2 Glut,074 MEA-BST Lhx6 Sp9 Gaba,False,Zic1,5.504,0.04,69.7,0.8,5.465
BMAp,121 MEA-BST Otp Zic2 Glut,074 MEA-BST Lhx6 Sp9 Gaba,False,Zic2,3.528,0.014,60.6,0.3,3.514
BMAp,121 MEA-BST Otp Zic2 Glut,074 MEA-BST Lhx6 Sp9 Gaba,False,Cd36,3.431,0.104,53.1,1.9,3.327
BMAp,121 MEA-BST Otp Zic2 Glut,074 MEA-BST Lhx6 Sp9 Gaba,False,Matn2,3.668,0.784,59.4,14.9,2.884
BMAp,121 MEA-BST Otp Zic2 Glut,074 MEA-BST Lhx6 Sp9 Gaba,False,Cacng5,3.064,0.295,52.2,5.5,2.769
BMAp,121 MEA-BST Otp Zic2 Glut,074 MEA-BST Lhx6 Sp9 Gaba,False,Fezf1,2.697,0.029,44.9,0.6,2.668
BMAp,121 MEA-BST Otp Zic2 Glut,074 MEA-BST Lhx6 Sp9 Gaba,False,Sulf1,2.972,0.391,46.9,6.8,2.581
BMAp,121 MEA-BST Otp Zic2 Glut,074 MEA-BST Lhx6 Sp9 Gaba,False,Chst9,2.613,0.185,37.6,3.3,2.428
BMAp,121 MEA-BST Otp Zic2 Glut,082 CEA-BST Ebf1 Pdyn Gaba,False,Slc17a6,7.965,0.289,98.8,5.6,7.675
BMAp,121 MEA-BST Otp Zic2 Glut,082 CEA-BST Ebf1 Pdyn Gaba,False,Otp,7.282,0.103,94.0,2.0,7.179
BMAp,121 MEA-BST Otp Zic2 Glut,082 CEA-BST Ebf1 Pdyn Gaba,False,Sim1,6.488,0.038,88.0,0.7,6.45
BMAp,121 MEA-BST Otp Zic2 Glut,082 CEA-BST Ebf1 Pdyn Gaba,False,Adcyap1,5.929,0.109,77.8,2.1,5.82
BMAp,121 MEA-BST Otp Zic2 Glut,082 CEA-BST Ebf1 Pdyn Gaba,False,Zic1,5.504,0.219,69.7,3.9,5.285
BMAp,121 MEA-BST Otp Zic2 Glut,082 CEA-BST Ebf1 Pdyn Gaba,False,Zic2,3.528,0.008,60.6,0.2,3.519
BMAp,121 MEA-BST Otp Zic2 Glut,082 CEA-BST Ebf1 Pdyn Gaba,False,Cd36,3.431,0.288,53.1,5.1,3.143
BMAp,121 MEA-BST Otp Zic2 Glut,082 CEA-BST Ebf1 Pdyn Gaba,False,Fezf1,2.697,0.029,44.9,0.6,2.668
BMAp,121 MEA-BST Otp Zic2 Glut,082 CEA-BST Ebf1 Pdyn Gaba,False,Chst9,2.613,0.337,37.6,5.9,2.277
BMAp,121 MEA-BST Otp Zic2 Glut,082 CEA-BST Ebf1 Pdyn Gaba,False,Sulf1,2.972,0.719,46.9,12.3,2.253
BMAp,121 MEA-BST Otp Zic2 Glut,082 CEA-BST Ebf1 Pdyn Gaba,False,Slc17a7,1.66,0.13,26.8,2.6,1.531
BMAp,121 MEA-BST Otp Zic2 Glut,082 CEA-BST Ebf1 Pdyn Gaba,False,St8sia2,1.752,0.451,30.4,8.2,1.301
BMAp,121 MEA-BST Otp Zic2 Glut,113 MEA-COA-BMA Ccdc42 Glut,False,Sim1,6.488,0.864,88.0,13.8,5.624
BMAp,121 MEA-BST Otp Zic2 Glut,113 MEA-COA-BMA Ccdc42 Glut,False,Zic1,5.504,0.048,69.7,0.9,5.456
BMAp,121 MEA-BST Otp Zic2 Glut,113 MEA-COA-BMA Ccdc42 Glut,False,Pde1c,4.156,0.63,59.0,12.2,3.526
BMAp,121 MEA-BST Otp Zic2 Glut,113 MEA-COA-BMA Ccdc42 Glut,False,Zic2,3.528,0.034,60.6,0.6,3.494
BMAp,121 MEA-BST Otp Zic2 Glut,113 MEA-COA-BMA Ccdc42 Glut,False,Cnr1,3.958,0.568,63.8,10.3,3.39
BMAp,121 MEA-BST Otp Zic2 Glut,113 MEA-COA-BMA Ccdc42 Glut,False,Chst9,2.613,0.361,37.6,6.2,2.252
BMAp,121 MEA-BST Otp Zic2 Glut,113 MEA-COA-BMA Ccdc42 Glut,False,Tacr1,1.597,0.194,25.9,3.5,1.403
BMAp,121 MEA-BST Otp Zic2 Glut,113 MEA-COA-BMA Ccdc42 Glut,False,Map3k15,1.576,0.441,27.8,8.5,1.135
BMAp,121 MEA-BST Otp Zic2 Glut,113 MEA-COA-BMA Ccdc42 Glut,False,Slc17a7,1.66,0.604,26.8,10.4,1.056
BMAp,121 MEA-BST Otp Zic2 Glut,119 SI-MA-LPO-LHA Skor1 Glut,True,Otp,7.282,0.091,94.0,1.7,7.191
BMAp,121 MEA-BST Otp Zic2 Glut,119 SI-MA-LPO-LHA Skor1 Glut,True,Sim1,6.488,0.059,88.0,1.1,6.429
BMAp,121 MEA-BST Otp Zic2 Glut,119 SI-MA-LPO-LHA Skor1 Glut,True,Adcyap1,5.929,0.346,77.8,6.2,5.582
BMAp,121 MEA-BST Otp Zic2 Glut,119 SI-MA-LPO-LHA Skor1 Glut,True,Trhr,6.032,0.56,80.3,9.6,5.471
BMAp,121 MEA-BST Otp Zic2 Glut,119 SI-MA-LPO-LHA Skor1 Glut,True,Otof,4.354,0.476,66.8,8.9,3.878
BMAp,121 MEA-BST Otp Zic2 Glut,119 SI-MA-LPO-LHA Skor1 Glut,True,Gfra1,4.072,0.613,64.0,10.6,3.459
BMAp,121 MEA-BST Otp Zic2 Glut,119 SI-MA-LPO-LHA Skor1 Glut,True,Cd36,3.431,0.01,53.1,0.2,3.421
BMAp,121 MEA-BST Otp Zic2 Glut,119 SI-MA-LPO-LHA Skor1 Glut,True,Matn2,3.668,0.758,59.4,14.3,2.909
BMAp,121 MEA-BST Otp Zic2 Glut,119 SI-MA-LPO-LHA Skor1 Glut,True,Chst9,2.613,0.176,37.6,3.1,2.437
BMAp,121 MEA-BST Otp Zic2 Glut,119 SI-MA-LPO-LHA Skor1 Glut,True,Foxp2,2.448,0.426,36.2,7.8,2.022
BMAp,121 MEA-BST Otp Zic2 Glut,119 SI-MA-LPO-LHA Skor1 Glut,True,Wfs1,2.673,0.766,46.9,14.6,1.907
BMAp,121 MEA-BST Otp Zic2 Glut,119 SI-MA-LPO-LHA Skor1 Glut,True,Tac1,2.278,0.68,32.7,12.2,1.598
BMAp,121 MEA-BST Otp Zic2 Glut,120 MEA Otp Foxp2 Glut,True,Sim1,6.488,0.344,88.0,5.4,6.144
BMAp,121 MEA-BST Otp Zic2 Glut,120 MEA Otp Foxp2 Glut,True,Zic1,5.504,0.357,69.7,5.9,5.148
BMAp,121 MEA-BST Otp Zic2 Glut,120 MEA Otp Foxp2 Glut,True,Cnr1,3.958,0.442,63.8,8.4,3.516
BMAp,121 MEA-BST Otp Zic2 Glut,120 MEA Otp Foxp2 Glut,True,Zic2,3.528,0.134,60.6,2.7,3.394
BMAp,121 MEA-BST Otp Zic2 Glut,120 MEA Otp Foxp2 Glut,True,Cacng5,3.064,0.365,52.2,7.0,2.699
BMAp,121 MEA-BST Otp Zic2 Glut,120 MEA Otp Foxp2 Glut,True,Slc17a7,1.66,0.171,26.8,3.4,1.489
BMAp,121 MEA-BST Otp Zic2 Glut,120 MEA Otp Foxp2 Glut,True,Map3k15,1.576,0.106,27.8,2.3,1.47
CA,016 CA1-ProS Glut,017 CA3 Glut,False,Pou3f1,7.625,0.363,94.3,7.2,7.261
CA,016 CA1-ProS Glut,017 CA3 Glut,False,Satb2,5.487,0.169,79.5,3.5,5.318
CA,016 CA1-ProS Glut,017 CA3 Glut,False,Calb1,4.109,0.77,60.5,14.0,3.339
CA,016 CA1-ProS Glut,017 CA3 Glut,False,Penk,1.63,0.266,28.2,5.6,1.364
CA,016 CA1-ProS Glut,025 CA2-FC-IG Glut,False,Pou3f1,7.625,0.566,94.3,10.7,7.059
CA,016 CA1-ProS Glut,025 CA2-FC-IG Glut,False,Fibcd1,7.356,0.765,94.1,14.7,6.591
CA,016 CA1-ProS Glut,025 CA2-FC-IG Glut,False,Satb2,5.487,0.03,79.5,0.6,5.457
CA,016 CA1-ProS Glut,025 CA2-FC-IG Glut,False,Nos1,3.942,0.438,58.1,8.9,3.504
CA,016 CA1-ProS Glut,025 CA2-FC-IG Glut,False,Calb1,4.109,0.605,60.5,10.4,3.504
CA,016 CA1-ProS Glut,025 CA2-FC-IG Glut,False,Necab1,2.13,0.204,32.0,3.7,1.926
CA,016 CA1-ProS Glut,025 CA2-FC-IG Glut,False,Grem1,2.066,0.217,33.6,4.6,1.849
CA,016 CA1-ProS Glut,025 CA2-FC-IG Glut,False,Lamp5,1.81,0.268,31.5,5.5,1.543
CA,016 CA1-ProS Glut,025 CA2-FC-IG Glut,False,Penk,1.63,0.209,28.2,4.0,1.421
CA,016 CA1-ProS Glut,025 CA2-FC-IG Glut,False,Chst9,2.099,0.778,32.0,12.8,1.321
CA,016 CA1-ProS Glut,037 DG Glut,False,Mpped1,8.65,0.498,99.4,7.2,8.152
CA,016 CA1-ProS Glut,037 DG Glut,False,Pou3f1,7.625,0.279,94.3,4.1,7.346
CA,016 CA1-ProS Glut,037 DG Glut,False,Meis2,6.547,0.212,86.5,3.1,6.335
CA,016 CA1-ProS Glut,037 DG Glut,False,Satb2,5.487,0.144,79.5,2.1,5.342
CA,016 CA1-ProS Glut,037 DG Glut,False,Wfs1,5.489,0.433,76.1,6.5,5.056
CA,016 CA1-ProS Glut,037 DG Glut,False,Cnr1,5.384,0.655,80.1,9.6,4.729
CA,016 CA1-ProS Glut,037 DG Glut,False,Spink8,4.773,0.13,72.4,1.9,4.643
CA,016 CA1-ProS Glut,037 DG Glut,False,Ptpru,4.338,0.134,68.1,1.9,4.205
CA,016 CA1-ProS Glut,037 DG Glut,False,Nr4a2,4.178,0.829,62.2,12.1,3.349
CA,016 CA1-ProS Glut,037 DG Glut,False,Fezf2,2.325,0.055,40.0,0.8,2.27
CA,016 CA1-ProS Glut,037 DG Glut,False,Grem1,2.066,0.064,33.6,1.0,2.002
CA,016 CA1-ProS Glut,037 DG Glut,False,Lamp5,1.81,0.576,31.5,8.5,1.235
CA,017 CA3 Glut,016 CA1-ProS Glut,False,Sema5a,4.465,0.863,63.4,14.6,3.603
CA,017 CA3 Glut,016 CA1-ProS Glut,False,Cdh13,3.253,0.705,46.7,12.5,2.548
CA,017 CA3 Glut,016 CA1-ProS Glut,False,Amigo2,2.388,0.09,43.0,1.8,2.298
CA,017 CA3 Glut,016 CA1-ProS Glut,False,Slco2a1,2.438,0.242,47.3,4.7,2.196
CA,017 CA3 Glut,016 CA1-ProS Glut,False,Prkcd,1.766,0.044,28.5,0.9,1.722
CA,017 CA3 Glut,016 CA1-ProS Glut,False,Sema5b,1.825,0.133,29.4,2.6,1.692
CA,017 CA3 Glut,016 CA1-ProS Glut,False,Zfp804b,1.972,0.312,30.4,5.5,1.659
CA,017 CA3 Glut,016 CA1-ProS Glut,False,Osr1,1.435,0.039,30.1,0.8,1.396
CA,017 CA3 Glut,016 CA1-ProS Glut,False,Tshz1,1.732,0.418,31.8,8.0,1.315
CA,017 CA3 Glut,016 CA1-ProS Glut,False,Deptor,1.672,0.517,33.6,10.1,1.155
CA,017 CA3 Glut,025 CA2-FC-IG Glut,False,Nos1,4.4,0.438,67.0,8.9,3.962
CA,017 CA3 Glut,025 CA2-FC-IG Glut,False,Slco2a1,2.438,0.235,47.3,4.9,2.203
CA,017 CA3 Glut,025 CA2-FC-IG Glut,False,Chst9,2.762,0.778,43.6,12.8,1.985
CA,017 CA3 Glut,025 CA2-FC-IG Glut,False,Gfra1,1.846,0.116,32.9,2.1,1.73
CA,017 CA3 Glut,025 CA2-FC-IG Glut,False,Prkcd,1.766,0.054,28.5,1.2,1.712
CA,017 CA3 Glut,025 CA2-FC-IG Glut,False,Zfp804b,1.972,0.304,30.4,5.8,1.668
CA,017 CA3 Glut,025 CA2-FC-IG Glut,False,Lamp5,1.934,0.268,35.2,5.5,1.666
CA,017 CA3 Glut,025 CA2-FC-IG Glut,False,Sema5b,1.825,0.176,29.4,3.4,1.649
CA,017 CA3 Glut,025 CA2-FC-IG Glut,False,Osr1,1.435,0.0,30.1,0.0,1.435
CA,017 CA3 Glut,025 CA2-FC-IG Glut,False,Tshz1,1.732,0.504,31.8,9.2,1.229
CA,017 CA3 Glut,025 CA2-FC-IG Glut,False,Deptor,1.672,0.564,33.6,12.2,1.109
CA,017 CA3 Glut,037 DG Glut,False,Cnr1,6.555,0.655,94.0,9.6,5.9
CA,017 CA3 Glut,037 DG Glut,False,Fezf2,3.175,0.055,58.8,0.8,3.12
CA,017 CA3 Glut,037 DG Glut,False,Nr4a2,3.135,0.829,53.7,12.1,2.306
CA,017 CA3 Glut,037 DG Glut,False,Amigo2,2.388,0.181,43.0,2.8,2.207
CA,017 CA3 Glut,037 DG Glut,False,Slco2a1,2.438,0.284,47.3,4.4,2.154
CA,017 CA3 Glut,037 DG Glut,False,Meis2,2.147,0.212,36.0,3.1,1.934
CA,017 CA3 Glut,037 DG Glut,False,Spink8,1.936,0.13,31.9,1.9,1.806
CA,017 CA3 Glut,037 DG Glut,False,Prkcd,1.766,0.019,28.5,0.3,1.747
CA,017 CA3 Glut,037 DG Glut,False,Deptor,1.672,0.123,33.6,1.9,1.549
CA,017 CA3 Glut,037 DG Glut,False,Ptpru,1.675,0.134,30.0,1.9,1.542
CA,017 CA3 Glut,037 DG Glut,False,Osr1,1.435,0.004,30.1,0.1,1.431
CA,017 CA3 Glut,037 DG Glut,False,Lamp5,1.934,0.576,35.2,8.5,1.358
CA,025 CA2-FC-IG Glut,016 CA1-ProS Glut,False,Amigo2,6.462,0.09,89.9,1.8,6.372
CA,025 CA2-FC-IG Glut,016 CA1-ProS Glut,False,Map3k15,3.899,0.103,64.8,2.2,3.795
CA,025 CA2-FC-IG Glut,016 CA1-ProS Glut,False,Rorb,3.706,0.234,57.5,4.3,3.472
CA,025 CA2-FC-IG Glut,016 CA1-ProS Glut,False,Cacng5,3.616,0.195,56.6,3.6,3.421
CA,025 CA2-FC-IG Glut,016 CA1-ProS Glut,False,Sema5a,3.393,0.863,52.0,14.6,2.53
CA,025 CA2-FC-IG Glut,016 CA1-ProS Glut,False,Tac1,2.191,0.052,27.5,1.0,2.139
CA,025 CA2-FC-IG Glut,016 CA1-ProS Glut,False,Npnt,1.625,0.237,32.1,4.2,1.388
CA,025 CA2-FC-IG Glut,016 CA1-ProS Glut,False,Cdh13,1.994,0.705,30.9,12.5,1.29
CA,025 CA2-FC-IG Glut,017 CA3 Glut,False,Map3k15,3.899,0.161,64.8,3.7,3.738
CA,025 CA2-FC-IG Glut,017 CA3 Glut,False,Cacng5,3.616,0.11,56.6,2.1,3.506
CA,025 CA2-FC-IG Glut,017 CA3 Glut,False,Rorb,3.706,0.566,57.5,11.1,3.14
CA,025 CA2-FC-IG Glut,017 CA3 Glut,False,Tac1,2.191,0.058,27.5,1.1,2.133
CA,025 CA2-FC-IG Glut,017 CA3 Glut,False,Npnt,1.625,0.388,32.1,7.4,1.237
CA,025 CA2-FC-IG Glut,037 DG Glut,False,Amigo2,6.462,0.181,89.9,2.8,6.281
CA,025 CA2-FC-IG Glut,037 DG Glut,False,Spink8,5.499,0.13,76.8,1.9,5.369
CA,025 CA2-FC-IG Glut,037 DG Glut,False,Cnr1,5.771,0.655,86.8,9.6,5.116
CA,025 CA2-FC-IG Glut,037 DG Glut,False,Meis2,5.105,0.212,74.0,3.1,4.893
CA,025 CA2-FC-IG Glut,037 DG Glut,False,Ptpru,4.539,0.134,73.7,1.9,4.405
CA,025 CA2-FC-IG Glut,037 DG Glut,False,Map3k15,3.899,0.067,64.8,1.0,3.832
CA,025 CA2-FC-IG Glut,037 DG Glut,False,Fezf2,3.557,0.055,62.7,0.8,3.502
CA,025 CA2-FC-IG Glut,037 DG Glut,False,Rorb,3.706,0.205,57.5,3.0,3.502
CA,025 CA2-FC-IG Glut,037 DG Glut,False,Cacng5,3.616,0.473,56.6,7.2,3.142
CA,025 CA2-FC-IG Glut,037 DG Glut,False,Tac1,2.191,0.032,27.5,0.5,2.158
CA,025 CA2-FC-IG Glut,037 DG Glut,False,Nr4a2,2.965,0.829,50.5,12.1,2.136
CA,037 DG Glut,016 CA1-ProS Glut,False,Sema5a,8.264,0.863,92.5,14.6,7.401
CA,037 DG Glut,016 CA1-ProS Glut,False,Prox1,7.872,0.639,90.0,10.6,7.233
CA,037 DG Glut,016 CA1-ProS Glut,False,C1ql2,5.018,0.355,64.8,5.9,4.663
CA,037 DG Glut,016 CA1-ProS Glut,False,Dsp,3.429,0.246,46.0,4.1,3.182
CA,037 DG Glut,016 CA1-ProS Glut,False,Cdh13,3.683,0.705,46.8,12.5,2.979
CA,037 DG Glut,016 CA1-ProS Glut,False,Npnt,3.212,0.237,43.8,4.2,2.975
CA,037 DG Glut,016 CA1-ProS Glut,False,Gad1,3.447,0.762,47.3,13.9,2.686
CA,037 DG Glut,016 CA1-ProS Glut,False,Zfp804b,2.347,0.312,29.9,5.5,2.035
CA,037 DG Glut,016 CA1-ProS Glut,False,Tshz1,1.983,0.418,28.3,8.0,1.565
CA,037 DG Glut,017 CA3 Glut,False,Prox1,7.872,0.624,90.0,11.3,7.248
CA,037 DG Glut,017 CA3 Glut,False,Calb1,6.072,0.77,73.9,14.0,5.302
CA,037 DG Glut,017 CA3 Glut,False,C1ql2,5.018,0.787,64.8,15.0,4.23
CA,037 DG Glut,017 CA3 Glut,False,Dsp,3.429,0.224,46.0,4.1,3.204
CA,037 DG Glut,017 CA3 Glut,False,Npnt,3.212,0.388,43.8,7.4,2.824
CA,037 DG Glut,017 CA3 Glut,False,Lct,2.663,0.714,36.8,14.8,1.949
CA,037 DG Glut,025 CA2-FC-IG Glut,False,Prox1,7.872,0.612,90.0,10.7,7.26
CA,037 DG Glut,025 CA2-FC-IG Glut,False,Calb1,6.072,0.605,73.9,10.4,5.467
CA,037 DG Glut,025 CA2-FC-IG Glut,False,Chst9,5.642,0.778,68.4,12.8,4.864
CA,037 DG Glut,025 CA2-FC-IG Glut,False,C1ql2,5.018,0.316,64.8,5.2,4.701
CA,037 DG Glut,025 CA2-FC-IG Glut,False,Dsp,3.429,0.236,46.0,3.7,3.193
CA,037 DG Glut,025 CA2-FC-IG Glut,False,Gfra1,2.909,0.116,39.5,2.1,2.793
CA,037 DG Glut,025 CA2-FC-IG Glut,False,Gad1,3.447,0.68,47.3,14.1,2.767
CA,037 DG Glut,025 CA2-FC-IG Glut,False,Lct,2.663,0.454,36.8,8.6,2.209
CA,037 DG Glut,025 CA2-FC-IG Glut,False,Zfp804b,2.347,0.304,29.9,5.8,2.044
CA,037 DG Glut,025 CA2-FC-IG Glut,False,Nos1,2.142,0.438,30.1,8.9,1.704
CA,037 DG Glut,025 CA2-FC-IG Glut,False,Tshz1,1.983,0.504,28.3,9.2,1.479
CP,054 STR Prox1 Lhx6 Gaba,056 Sst Chodl Gaba,True,Pvalb,6.023,0.067,74.7,1.3,5.956
CP,054 STR Prox1 Lhx6 Gaba,056 Sst Chodl Gaba,True,Pcdh8,5.269,0.349,84.7,6.5,4.92
CP,054 STR Prox1 Lhx6 Gaba,056 Sst Chodl Gaba,True,Sema5b,4.604,0.746,75.5,13.9,3.857
CP,054 STR Prox1 Lhx6 Gaba,056 Sst Chodl Gaba,True,Matn2,2.225,0.573,42.0,11.7,1.652
CP,054 STR Prox1 Lhx6 Gaba,058 PAL-STR Gaba-Chol,False,Necab1,8.605,0.55,99.2,13.3,8.055
CP,054 STR Prox1 Lhx6 Gaba,058 PAL-STR Gaba-Chol,False,Sox6,8.498,0.465,98.6,10.0,8.034
CP,054 STR Prox1 Lhx6 Gaba,058 PAL-STR Gaba-Chol,False,Slc32a1,8.419,0.593,99.7,13.3,7.825
CP,054 STR Prox1 Lhx6 Gaba,058 PAL-STR Gaba-Chol,False,Prox1,7.188,0.165,95.4,3.3,7.023
CP,054 STR Prox1 Lhx6 Gaba,058 PAL-STR Gaba-Chol,False,Moxd1,7.404,0.47,94.8,10.0,6.934
CP,054 STR Prox1 Lhx6 Gaba,058 PAL-STR Gaba-Chol,False,Pvalb,6.023,0.0,74.7,0.0,6.023
CP,054 STR Prox1 Lhx6 Gaba,058 PAL-STR Gaba-Chol,False,Sema5a,5.373,0.485,81.2,10.0,4.888
CP,054 STR Prox1 Lhx6 Gaba,058 PAL-STR Gaba-Chol,False,Mpped1,4.765,0.0,77.4,0.0,4.765
CP,054 STR Prox1 Lhx6 Gaba,058 PAL-STR Gaba-Chol,False,Sema5b,4.604,0.144,75.5,3.3,4.46
CP,054 STR Prox1 Lhx6 Gaba,058 PAL-STR Gaba-Chol,False,Sox1,3.893,0.0,69.5,0.0,3.893
CP,054 STR Prox1 Lhx6 Gaba,058 PAL-STR Gaba-Chol,False,Dlx1,2.83,0.13,53.1,3.3,2.7
CP,054 STR Prox1 Lhx6 Gaba,058 PAL-STR Gaba-Chol,False,Dlx2,2.563,0.0,50.1,0.0,2.563
CP,054 STR Prox1 Lhx6 Gaba,061 STR D1 Gaba,False,Nxph1,12.019,0.141,100.0,2.8,11.878
CP,054 STR Prox1 Lhx6 Gaba,061 STR D1 Gaba,False,Maf,9.023,0.07,99.2,1.4,8.953
CP,054 STR Prox1 Lhx6 Gaba,061 STR D1 Gaba,False,Nfib,9.053,0.464,100.0,9.0,8.59
CP,054 STR Prox1 Lhx6 Gaba,061 STR D1 Gaba,False,Sox6,8.498,0.177,98.6,3.6,8.321
CP,054 STR Prox1 Lhx6 Gaba,061 STR D1 Gaba,False,Moxd1,7.404,0.013,94.8,0.3,7.391
CP,054 STR Prox1 Lhx6 Gaba,061 STR D1 Gaba,False,Prox1,7.188,0.025,95.4,0.5,7.163
CP,054 STR Prox1 Lhx6 Gaba,061 STR D1 Gaba,False,Lhx6,6.819,0.025,95.6,0.5,6.794
CP,054 STR Prox1 Lhx6 Gaba,061 STR D1 Gaba,False,Sp9,6.153,0.122,92.4,2.4,6.031
CP,054 STR Prox1 Lhx6 Gaba,061 STR D1 Gaba,False,Nkx2-1,6.028,0.009,92.1,0.2,6.019
CP,054 STR Prox1 Lhx6 Gaba,061 STR D1 Gaba,False,Pvalb,6.023,0.024,74.7,0.5,5.999
CP,054 STR Prox1 Lhx6 Gaba,061 STR D1 Gaba,False,Cux2,5.795,0.336,88.6,6.4,5.459
CP,054 STR Prox1 Lhx6 Gaba,061 STR D1 Gaba,False,Pcdh8,5.269,0.029,84.7,0.6,5.24
CP,054 STR Prox1 Lhx6 Gaba,062 STR D2 Gaba,False,Nxph1,12.019,0.132,100.0,2.5,11.887
CP,054 STR Prox1 Lhx6 Gaba,062 STR D2 Gaba,False,Nfib,9.053,0.482,100.0,8.9,8.572
CP,054 STR Prox1 Lhx6 Gaba,062 STR D2 Gaba,False,Maf,9.023,0.6,99.2,10.8,8.422
CP,054 STR Prox1 Lhx6 Gaba,062 STR D2 Gaba,False,Sox6,8.498,0.141,98.6,2.7,8.358
CP,054 STR Prox1 Lhx6 Gaba,062 STR D2 Gaba,False,Moxd1,7.404,0.016,94.8,0.3,7.389
CP,054 STR Prox1 Lhx6 Gaba,062 STR D2 Gaba,False,Prox1,7.188,0.03,95.4,0.6,7.158
CP,054 STR Prox1 Lhx6 Gaba,062 STR D2 Gaba,False,Lhx6,6.819,0.029,95.6,0.6,6.79
CP,054 STR Prox1 Lhx6 Gaba,062 STR D2 Gaba,False,Nkx2-1,6.028,0.008,92.1,0.1,6.021
CP,054 STR Prox1 Lhx6 Gaba,062 STR D2 Gaba,False,Pvalb,6.023,0.026,74.7,0.5,5.997
CP,054 STR Prox1 Lhx6 Gaba,062 STR D2 Gaba,False,Cux2,5.795,0.291,88.6,5.4,5.505
CP,054 STR Prox1 Lhx6 Gaba,062 STR D2 Gaba,False,Pcdh8,5.269,0.05,84.7,0.9,5.219
CP,054 STR Prox1 Lhx6 Gaba,062 STR D2 Gaba,False,Sox1,3.893,0.19,69.5,3.6,3.703
CP,054 STR Prox1 Lhx6 Gaba,063 STR D1 Sema5a Gaba,False,Nxph1,12.019,0.557,100.0,9.2,11.463
CP,054 STR Prox1 Lhx6 Gaba,063 STR D1 Sema5a Gaba,False,Etv1,9.482,0.265,100.0,5.0,9.217
CP,054 STR Prox1 Lhx6 Gaba,063 STR D1 Sema5a Gaba,False,Maf,9.023,0.077,99.2,1.4,8.945
CP,054 STR Prox1 Lhx6 Gaba,063 STR D1 Sema5a Gaba,False,Sox6,8.498,0.148,98.6,3.0,8.351
CP,054 STR Prox1 Lhx6 Gaba,063 STR D1 Sema5a Gaba,False,Moxd1,7.404,0.138,94.8,2.3,7.266
CP,054 STR Prox1 Lhx6 Gaba,063 STR D1 Sema5a Gaba,False,Prox1,7.188,0.0,95.4,0.0,7.188
CP,054 STR Prox1 Lhx6 Gaba,063 STR D1 Sema5a Gaba,False,Lhx6,6.819,0.035,95.6,0.6,6.784
CP,054 STR Prox1 Lhx6 Gaba,063 STR D1 Sema5a Gaba,False,Nkx2-1,6.028,0.007,92.1,0.1,6.022
CP,054 STR Prox1 Lhx6 Gaba,063 STR D1 Sema5a Gaba,False,Pvalb,6.023,0.014,74.7,0.3,6.009
CP,054 STR Prox1 Lhx6 Gaba,063 STR D1 Sema5a Gaba,False,Mpped1,4.765,0.736,77.4,13.7,4.029
CP,054 STR Prox1 Lhx6 Gaba,063 STR D1 Sema5a Gaba,False,Dlx1,2.83,0.201,53.1,3.7,2.629
CP,054 STR Prox1 Lhx6 Gaba,063 STR D1 Sema5a Gaba,False,Dlx2,2.563,0.612,50.1,11.3,1.951
CP,056 Sst Chodl Gaba,054 STR Prox1 Lhx6 Gaba,True,Sst,12.126,0.225,100.0,4.6,11.901
CP,056 Sst Chodl Gaba,054 STR Prox1 Lhx6 Gaba,True,Nos1,11.973,0.3,100.0,6.0,11.673
CP,056 Sst Chodl Gaba,054 STR Prox1 Lhx6 Gaba,True,Npy,11.33,0.301,99.6,6.5,11.029
CP,056 Sst Chodl Gaba,054 STR Prox1 Lhx6 Gaba,True,Tacr1,10.509,0.041,100.0,0.8,10.468
CP,056 Sst Chodl Gaba,054 STR Prox1 Lhx6 Gaba,True,Zfp804b,9.619,0.162,99.1,3.0,9.457
CP,056 Sst Chodl Gaba,054 STR Prox1 Lhx6 Gaba,True,Syt6,7.928,0.614,99.1,12.3,7.314
CP,056 Sst Chodl Gaba,054 STR Prox1 Lhx6 Gaba,True,Tshz2,7.442,0.189,93.9,3.8,7.253
CP,056 Sst Chodl Gaba,054 STR Prox1 Lhx6 Gaba,True,Chodl,5.872,0.013,80.9,0.3,5.859
CP,056 Sst Chodl Gaba,054 STR Prox1 Lhx6 Gaba,True,Drd1,6.045,0.56,91.7,11.4,5.485
CP,056 Sst Chodl Gaba,054 STR Prox1 Lhx6 Gaba,True,Baiap3,5.497,0.072,79.6,1.4,5.425
CP,056 Sst Chodl Gaba,054 STR Prox1 Lhx6 Gaba,True,Ptpru,5.654,0.407,88.7,8.7,5.246
CP,056 Sst Chodl Gaba,054 STR Prox1 Lhx6 Gaba,True,Oprm1,5.073,0.288,78.3,5.7,4.784
CP,056 Sst Chodl Gaba,058 PAL-STR Gaba-Chol,False,Npy,11.33,0.254,99.6,6.7,11.076
CP,056 Sst Chodl Gaba,058 PAL-STR Gaba-Chol,False,Sox6,10.958,0.465,100.0,10.0,10.493
CP,056 Sst Chodl Gaba,058 PAL-STR Gaba-Chol,False,Zfp804b,9.619,0.26,99.1,6.7,9.359
CP,056 Sst Chodl Gaba,058 PAL-STR Gaba-Chol,False,Sox1,7.643,0.0,99.6,0.0,7.643
CP,056 Sst Chodl Gaba,058 PAL-STR Gaba-Chol,False,Syt6,7.928,0.51,99.1,13.3,7.418
CP,056 Sst Chodl Gaba,058 PAL-STR Gaba-Chol,False,Slc32a1,7.899,0.593,100.0,13.3,7.305
CP,056 Sst Chodl Gaba,058 PAL-STR Gaba-Chol,False,Mpped1,6.472,0.0,95.2,0.0,6.472
CP,056 Sst Chodl Gaba,058 PAL-STR Gaba-Chol,False,Chodl,5.872,0.12,80.9,3.3,5.752
CP,056 Sst Chodl Gaba,058 PAL-STR Gaba-Chol,False,Baiap3,5.497,0.165,79.6,3.3,5.332
CP,056 Sst Chodl Gaba,058 PAL-STR Gaba-Chol,False,Moxd1,4.922,0.47,71.3,10.0,4.452
CP,056 Sst Chodl Gaba,058 PAL-STR Gaba-Chol,False,Sema5a,4.391,0.485,64.3,10.0,3.906
CP,056 Sst Chodl Gaba,058 PAL-STR Gaba-Chol,False,Otof,3.877,0.26,64.8,6.7,3.617
CP,056 Sst Chodl Gaba,061 STR D1 Gaba,False,Sst,12.126,0.239,100.0,4.8,11.886
CP,056 Sst Chodl Gaba,061 STR D1 Gaba,False,Nos1,11.973,0.372,100.0,7.3,11.601
CP,056 Sst Chodl Gaba,061 STR D1 Gaba,False,Npy,11.33,0.194,99.6,3.9,11.136
CP,056 Sst Chodl Gaba,061 STR D1 Gaba,False,Sox6,10.958,0.177,100.0,3.6,10.781
CP,056 Sst Chodl Gaba,061 STR D1 Gaba,False,Tacr1,10.509,0.133,100.0,2.6,10.377
CP,056 Sst Chodl Gaba,061 STR D1 Gaba,False,Lhx6,9.732,0.025,100.0,0.5,9.707
CP,056 Sst Chodl Gaba,061 STR D1 Gaba,False,Zfp804b,9.619,0.087,99.1,1.7,9.532
CP,056 Sst Chodl Gaba,061 STR D1 Gaba,False,Nxph1,9.61,0.141,98.7,2.8,9.469
CP,056 Sst Chodl Gaba,061 STR D1 Gaba,False,Tshz2,7.442,0.437,93.9,7.5,7.004
CP,056 Sst Chodl Gaba,061 STR D1 Gaba,False,Sp9,6.665,0.122,93.5,2.4,6.543
CP,056 Sst Chodl Gaba,061 STR D1 Gaba,False,Thsd7b,6.577,0.359,87.8,6.7,6.218
CP,056 Sst Chodl Gaba,061 STR D1 Gaba,False,Chodl,5.872,0.005,80.9,0.1,5.866
CP,056 Sst Chodl Gaba,062 STR D2 Gaba,False,Sst,12.126,0.224,100.0,4.3,11.902
CP,056 Sst Chodl Gaba,062 STR D2 Gaba,False,Nos1,11.973,0.392,100.0,7.4,11.581
CP,056 Sst Chodl Gaba,062 STR D2 Gaba,False,Npy,11.33,0.173,99.6,3.3,11.157
CP,056 Sst Chodl Gaba,062 STR D2 Gaba,False,Sox6,10.958,0.141,100.0,2.7,10.817
CP,056 Sst Chodl Gaba,062 STR D2 Gaba,False,Tacr1,10.509,0.382,100.0,7.0,10.127
CP,056 Sst Chodl Gaba,062 STR D2 Gaba,False,Lhx6,9.732,0.029,100.0,0.6,9.704
CP,056 Sst Chodl Gaba,062 STR D2 Gaba,False,Nxph1,9.61,0.132,98.7,2.5,9.478
CP,056 Sst Chodl Gaba,062 STR D2 Gaba,False,Zfp804b,9.619,0.146,99.1,2.5,9.473
CP,056 Sst Chodl Gaba,062 STR D2 Gaba,False,Sox1,7.643,0.19,99.6,3.6,7.454
CP,056 Sst Chodl Gaba,062 STR D2 Gaba,False,Tshz2,7.442,0.274,93.9,4.7,7.168
CP,056 Sst Chodl Gaba,062 STR D2 Gaba,False,Thsd7b,6.577,0.652,87.8,11.0,5.925
CP,056 Sst Chodl Gaba,062 STR D2 Gaba,False,Chodl,5.872,0.003,80.9,0.1,5.868
CP,056 Sst Chodl Gaba,063 STR D1 Sema5a Gaba,False,Sst,12.126,0.268,100.0,5.0,11.858
CP,056 Sst Chodl Gaba,063 STR D1 Sema5a Gaba,False,Nos1,11.973,0.145,100.0,2.7,11.828
CP,056 Sst Chodl Gaba,063 STR D1 Sema5a Gaba,False,Npy,11.33,0.221,99.6,4.4,11.109
CP,056 Sst Chodl Gaba,063 STR D1 Sema5a Gaba,False,Sox6,10.958,0.148,100.0,3.0,10.81
CP,056 Sst Chodl Gaba,063 STR D1 Sema5a Gaba,False,Lhx6,9.732,0.035,100.0,0.6,9.698
CP,056 Sst Chodl Gaba,063 STR D1 Sema5a Gaba,False,Zfp804b,9.619,0.274,99.1,4.2,9.345
CP,056 Sst Chodl Gaba,063 STR D1 Sema5a Gaba,False,Nxph1,9.61,0.557,98.7,9.2,9.053
CP,056 Sst Chodl Gaba,063 STR D1 Sema5a Gaba,False,Tshz2,7.442,0.102,93.9,2.0,7.339
CP,056 Sst Chodl Gaba,063 STR D1 Sema5a Gaba,False,Chodl,5.872,0.014,80.9,0.3,5.858
CP,056 Sst Chodl Gaba,063 STR D1 Sema5a Gaba,False,Mpped1,6.472,0.736,95.2,13.7,5.736
CP,056 Sst Chodl Gaba,063 STR D1 Sema5a Gaba,False,Baiap3,5.497,0.077,79.6,1.4,5.42
CP,056 Sst Chodl Gaba,063 STR D1 Sema5a Gaba,False,Moxd1,4.922,0.138,71.3,2.3,4.784
CP,058 PAL-STR Gaba-Chol,054 STR Prox1 Lhx6 Gaba,False,Slc5a7,11.508,0.026,100.0,0.5,11.482
CP,058 PAL-STR Gaba-Chol,054 STR Prox1 Lhx6 Gaba,False,Tacr1,9.994,0.041,100.0,0.8,9.953
CP,058 PAL-STR Gaba-Chol,054 STR Prox1 Lhx6 Gaba,False,Slc17a8,9.229,0.016,100.0,0.3,9.213
CP,058 PAL-STR Gaba-Chol,054 STR Prox1 Lhx6 Gaba,False,Zic1,9.082,0.042,100.0,0.8,9.04
CP,058 PAL-STR Gaba-Chol,054 STR Prox1 Lhx6 Gaba,False,Tshz2,9.11,0.189,100.0,3.8,8.921
CP,058 PAL-STR Gaba-Chol,054 STR Prox1 Lhx6 Gaba,False,Chat,8.885,0.0,100.0,0.0,8.885
CP,058 PAL-STR Gaba-Chol,054 STR Prox1 Lhx6 Gaba,False,Drd2,9.024,0.591,100.0,11.7,8.433
CP,058 PAL-STR Gaba-Chol,054 STR Prox1 Lhx6 Gaba,False,Slc18a3,7.838,0.0,100.0,0.0,7.838
CP,058 PAL-STR Gaba-Chol,054 STR Prox1 Lhx6 Gaba,False,Isl1,7.781,0.065,100.0,1.4,7.716
CP,058 PAL-STR Gaba-Chol,054 STR Prox1 Lhx6 Gaba,False,Ndnf,7.668,0.0,93.3,0.0,7.668
CP,058 PAL-STR Gaba-Chol,054 STR Prox1 Lhx6 Gaba,False,Oprm1,7.95,0.288,100.0,5.7,7.662
CP,058 PAL-STR Gaba-Chol,054 STR Prox1 Lhx6 Gaba,False,Lhx8,7.763,0.822,96.7,11.7,6.942
CP,058 PAL-STR Gaba-Chol,056 Sst Chodl Gaba,False,Slc5a7,11.508,0.047,100.0,0.9,11.462
CP,058 PAL-STR Gaba-Chol,056 Sst Chodl Gaba,False,Slc17a8,9.229,0.124,100.0,2.6,9.105
CP,058 PAL-STR Gaba-Chol,056 Sst Chodl Gaba,False,Zic1,9.082,0.05,100.0,0.9,9.031
CP,058 PAL-STR Gaba-Chol,056 Sst Chodl Gaba,False,Chat,8.885,0.0,100.0,0.0,8.885
CP,058 PAL-STR Gaba-Chol,056 Sst Chodl Gaba,False,Slc18a3,7.838,0.0,100.0,0.0,7.838
CP,058 PAL-STR Gaba-Chol,056 Sst Chodl Gaba,False,Isl1,7.781,0.043,100.0,0.9,7.739
CP,058 PAL-STR Gaba-Chol,056 Sst Chodl Gaba,False,Ndnf,7.668,0.234,93.3,3.9,7.434
CP,058 PAL-STR Gaba-Chol,056 Sst Chodl Gaba,False,Ntrk1,6.586,0.0,96.7,0.0,6.586
CP,058 PAL-STR Gaba-Chol,056 Sst Chodl Gaba,False,Whrn,7.019,0.816,100.0,14.8,6.202
CP,058 PAL-STR Gaba-Chol,056 Sst Chodl Gaba,False,Npnt,5.629,0.568,86.7,11.3,5.061
CP,058 PAL-STR Gaba-Chol,056 Sst Chodl Gaba,False,Matn2,4.623,0.573,86.7,11.7,4.05
CP,058 PAL-STR Gaba-Chol,056 Sst Chodl Gaba,False,Amigo2,4.05,0.253,83.3,5.2,3.796
CP,058 PAL-STR Gaba-Chol,061 STR D1 Gaba,False,Slc5a7,11.508,0.011,100.0,0.2,11.497
CP,058 PAL-STR Gaba-Chol,061 STR D1 Gaba,False,Tacr1,9.994,0.133,100.0,2.6,9.861
CP,058 PAL-STR Gaba-Chol,061 STR D1 Gaba,False,Slc17a8,9.229,0.015,100.0,0.3,9.213
CP,058 PAL-STR Gaba-Chol,061 STR D1 Gaba,False,Zic1,9.082,0.021,100.0,0.4,9.061
CP,058 PAL-STR Gaba-Chol,061 STR D1 Gaba,False,Tshz2,9.11,0.437,100.0,7.5,8.672
CP,058 PAL-STR Gaba-Chol,061 STR D1 Gaba,False,Chat,8.885,0.317,100.0,6.4,8.568
CP,058 PAL-STR Gaba-Chol,061 STR D1 Gaba,False,Drd2,9.024,0.619,100.0,11.9,8.405
CP,058 PAL-STR Gaba-Chol,061 STR D1 Gaba,False,Slc18a3,7.838,0.004,100.0,0.1,7.834
CP,058 PAL-STR Gaba-Chol,061 STR D1 Gaba,False,Lhx8,7.763,0.006,96.7,0.1,7.758
CP,058 PAL-STR Gaba-Chol,061 STR D1 Gaba,False,Ndnf,7.668,0.031,93.3,0.6,7.637
CP,058 PAL-STR Gaba-Chol,061 STR D1 Gaba,False,Ntrk1,6.586,0.002,96.7,0.0,6.584
CP,058 PAL-STR Gaba-Chol,061 STR D1 Gaba,False,Whrn,7.019,0.488,100.0,9.6,6.53
CP,058 PAL-STR Gaba-Chol,062 STR D2 Gaba,False,Slc5a7,11.508,0.011,100.0,0.2,11.497
CP,058 PAL-STR Gaba-Chol,062 STR D2 Gaba,False,Tacr1,9.994,0.382,100.0,7.0,9.611
CP,058 PAL-STR Gaba-Chol,062 STR D2 Gaba,False,Slc17a8,9.229,0.01,100.0,0.2,9.218
CP,058 PAL-STR Gaba-Chol,062 STR D2 Gaba,False,Zic1,9.082,0.014,100.0,0.3,9.068
CP,058 PAL-STR Gaba-Chol,062 STR D2 Gaba,False,Tshz2,9.11,0.274,100.0,4.7,8.835
CP,058 PAL-STR Gaba-Chol,062 STR D2 Gaba,False,Chat,8.885,0.284,100.0,5.5,8.601
CP,058 PAL-STR Gaba-Chol,062 STR D2 Gaba,False,Slc18a3,7.838,0.004,100.0,0.1,7.834
CP,058 PAL-STR Gaba-Chol,062 STR D2 Gaba,False,Lhx8,7.763,0.004,96.7,0.1,7.76
CP,058 PAL-STR Gaba-Chol,062 STR D2 Gaba,False,Isl1,7.781,0.074,100.0,1.4,7.707
CP,058 PAL-STR Gaba-Chol,062 STR D2 Gaba,False,Ndnf,7.668,0.045,93.3,0.9,7.623
CP,058 PAL-STR Gaba-Chol,062 STR D2 Gaba,False,Whrn,7.019,0.259,100.0,5.0,6.759
CP,058 PAL-STR Gaba-Chol,062 STR D2 Gaba,False,Ntrk1,6.586,0.001,96.7,0.0,6.585
CP,058 PAL-STR Gaba-Chol,063 STR D1 Sema5a Gaba,False,Slc5a7,11.508,0.019,100.0,0.4,11.49
CP,058 PAL-STR Gaba-Chol,063 STR D1 Sema5a Gaba,False,Slc17a8,9.229,0.025,100.0,0.5,9.204
CP,058 PAL-STR Gaba-Chol,063 STR D1 Sema5a Gaba,False,Zic1,9.082,0.013,100.0,0.3,9.068
CP,058 PAL-STR Gaba-Chol,063 STR D1 Sema5a Gaba,False,Tshz2,9.11,0.102,100.0,2.0,9.007
CP,058 PAL-STR Gaba-Chol,063 STR D1 Sema5a Gaba,False,Chat,8.885,0.065,100.0,1.3,8.82
CP,058 PAL-STR Gaba-Chol,063 STR D1 Sema5a Gaba,False,Slc18a3,7.838,0.0,100.0,0.0,7.838
CP,058 PAL-STR Gaba-Chol,063 STR D1 Sema5a Gaba,False,Lhx8,7.763,0.0,96.7,0.0,7.763
CP,058 PAL-STR Gaba-Chol,063 STR D1 Sema5a Gaba,False,Isl1,7.781,0.057,100.0,1.1,7.724
CP,058 PAL-STR Gaba-Chol,063 STR D1 Sema5a Gaba,False,Ndnf,7.668,0.023,93.3,0.4,7.645
CP,058 PAL-STR Gaba-Chol,063 STR D1 Sema5a Gaba,False,Whrn,7.019,0.103,100.0,2.0,6.915
CP,058 PAL-STR Gaba-Chol,063 STR D1 Sema5a Gaba,False,Ntrk1,6.586,0.0,96.7,0.0,6.586
CP,058 PAL-STR Gaba-Chol,063 STR D1 Sema5a Gaba,False,Npnt,5.629,0.187,86.7,3.3,5.442
CP,061 STR D1 Gaba,054 STR Prox1 Lhx6 Gaba,False,Drd1,8.77,0.56,99.8,11.4,8.21
CP,061 STR D1 Gaba,054 STR Prox1 Lhx6 Gaba,False,Reln,8.525,0.619,98.2,12.8,7.906
CP,061 STR D1 Gaba,054 STR Prox1 Lhx6 Gaba,False,Ebf1,7.525,0.317,94.7,6.3,7.208
CP,061 STR D1 Gaba,054 STR Prox1 Lhx6 Gaba,False,Syt6,7.114,0.614,95.6,12.3,6.499
CP,061 STR D1 Gaba,054 STR Prox1 Lhx6 Gaba,False,Six3,6.385,0.418,91.8,8.4,5.967
CP,061 STR D1 Gaba,054 STR Prox1 Lhx6 Gaba,False,Zfhx3,6.383,0.567,86.2,11.2,5.817
CP,061 STR D1 Gaba,054 STR Prox1 Lhx6 Gaba,False,Pou3f1,5.927,0.351,85.0,7.1,5.576
CP,061 STR D1 Gaba,054 STR Prox1 Lhx6 Gaba,False,Lamp5,5.14,0.184,82.6,3.8,4.956
CP,061 STR D1 Gaba,054 STR Prox1 Lhx6 Gaba,False,Adarb2,5.177,0.418,72.7,7.9,4.759
CP,061 STR D1 Gaba,054 STR Prox1 Lhx6 Gaba,False,Coch,5.289,0.587,79.3,11.7,4.703
CP,061 STR D1 Gaba,054 STR Prox1 Lhx6 Gaba,False,Isl1,3.971,0.065,67.9,1.4,3.907
CP,061 STR D1 Gaba,054 STR Prox1 Lhx6 Gaba,False,Rgs14,3.349,0.128,59.3,2.7,3.22
CP,061 STR D1 Gaba,056 Sst Chodl Gaba,False,Foxp2,8.9,0.736,98.5,14.8,8.164
CP,061 STR D1 Gaba,056 Sst Chodl Gaba,False,Ebf1,7.525,0.162,94.7,3.5,7.363
CP,061 STR D1 Gaba,056 Sst Chodl Gaba,False,Six3,6.385,0.465,91.8,9.1,5.92
CP,061 STR D1 Gaba,056 Sst Chodl Gaba,False,Pou3f1,5.927,0.686,85.0,13.0,5.241
CP,061 STR D1 Gaba,056 Sst Chodl Gaba,False,Lamp5,5.14,0.177,82.6,3.5,4.963
CP,061 STR D1 Gaba,056 Sst Chodl Gaba,False,Pdyn,5.335,0.724,72.6,13.5,4.611
CP,061 STR D1 Gaba,056 Sst Chodl Gaba,False,Coch,5.289,0.683,79.3,13.5,4.606
CP,061 STR D1 Gaba,056 Sst Chodl Gaba,False,Isl1,3.971,0.043,67.9,0.9,3.929
CP,061 STR D1 Gaba,056 Sst Chodl Gaba,False,Rgs14,3.349,0.221,59.3,4.3,3.128
CP,061 STR D1 Gaba,056 Sst Chodl Gaba,False,Crym,2.447,0.255,40.6,4.8,2.192
CP,061 STR D1 Gaba,056 Sst Chodl Gaba,False,Oprk1,2.769,0.645,47.8,12.2,2.124
CP,061 STR D1 Gaba,056 Sst Chodl Gaba,False,Lratd2,2.004,0.044,37.7,0.9,1.96
CP,061 STR D1 Gaba,058 PAL-STR Gaba-Chol,False,Ebf1,7.525,0.528,94.7,13.3,6.997
CP,061 STR D1 Gaba,058 PAL-STR Gaba-Chol,False,Slc32a1,7.299,0.593,98.4,13.3,6.706
CP,061 STR D1 Gaba,058 PAL-STR Gaba-Chol,False,Syt6,7.114,0.51,95.6,13.3,6.604
CP,061 STR D1 Gaba,058 PAL-STR Gaba-Chol,False,Pou3f1,5.927,0.447,85.0,10.0,5.48
CP,061 STR D1 Gaba,058 PAL-STR Gaba-Chol,False,Pdyn,5.335,0.0,72.6,0.0,5.335
CP,061 STR D1 Gaba,058 PAL-STR Gaba-Chol,False,Coch,5.289,0.157,79.3,3.3,5.133
CP,061 STR D1 Gaba,058 PAL-STR Gaba-Chol,False,Lamp5,5.14,0.382,82.6,10.0,4.758
CP,061 STR D1 Gaba,058 PAL-STR Gaba-Chol,False,Rgs14,3.349,0.361,59.3,10.0,2.987
CP,061 STR D1 Gaba,058 PAL-STR Gaba-Chol,False,Oprk1,2.769,0.243,47.8,6.7,2.526
CP,061 STR D1 Gaba,058 PAL-STR Gaba-Chol,False,Sema5b,2.579,0.144,40.7,3.3,2.436
CP,061 STR D1 Gaba,058 PAL-STR Gaba-Chol,False,Crym,2.447,0.124,40.6,3.3,2.323
CP,061 STR D1 Gaba,058 PAL-STR Gaba-Chol,False,Mpped1,2.059,0.0,37.3,0.0,2.059
CP,061 STR D1 Gaba,062 STR D2 Gaba,True,Drd1,8.77,0.595,99.8,10.4,8.175
CP,061 STR D1 Gaba,062 STR D2 Gaba,True,Ebf1,7.525,0.28,94.7,4.9,7.245
CP,061 STR D1 Gaba,062 STR D2 Gaba,True,Pdyn,5.335,0.291,72.6,5.4,5.044
CP,061 STR D1 Gaba,062 STR D2 Gaba,True,Adarb2,5.177,0.344,72.7,6.2,4.832
CP,061 STR D1 Gaba,062 STR D2 Gaba,True,Isl1,3.971,0.074,67.9,1.4,3.897
CP,061 STR D1 Gaba,062 STR D2 Gaba,True,Sox1,1.548,0.19,29.7,3.6,1.359
CP,061 STR D1 Gaba,063 STR D1 Sema5a Gaba,False,Ebf1,7.525,0.18,94.7,3.5,7.345
CP,061 STR D1 Gaba,063 STR D1 Sema5a Gaba,False,Coch,5.289,0.543,79.3,10.4,4.747
CP,061 STR D1 Gaba,063 STR D1 Sema5a Gaba,False,Isl1,3.971,0.057,67.9,1.1,3.914
CP,061 STR D1 Gaba,063 STR D1 Sema5a Gaba,False,Etv1,3.804,0.265,61.8,5.0,3.539
CP,061 STR D1 Gaba,063 STR D1 Sema5a Gaba,False,Crym,2.447,0.36,40.6,6.5,2.087
CP,061 STR D1 Gaba,063 STR D1 Sema5a Gaba,False,Lratd2,2.004,0.187,37.7,3.5,1.817
CP,061 STR D1 Gaba,063 STR D1 Sema5a Gaba,False,St8sia2,2.019,0.692,36.9,12.8,1.328
CP,061 STR D1 Gaba,063 STR D1 Sema5a Gaba,False,Mpped1,2.059,0.736,37.3,13.7,1.323
CP,061 STR D1 Gaba,063 STR D1 Sema5a Gaba,False,Krt9,1.81,0.68,33.5,12.9,1.13
CP,062 STR D2 Gaba,054 STR Prox1 Lhx6 Gaba,False,Drd2,9.261,0.591,99.3,11.7,8.669
CP,062 STR D2 Gaba,054 STR Prox1 Lhx6 Gaba,False,Zfhx3,7.507,0.567,92.7,11.2,6.941
CP,062 STR D2 Gaba,054 STR Prox1 Lhx6 Gaba,False,Syt6,7.463,0.614,96.5,12.3,6.848
CP,062 STR D2 Gaba,054 STR Prox1 Lhx6 Gaba,False,Reln,7.26,0.619,91.0,12.8,6.642
CP,062 STR D2 Gaba,054 STR Prox1 Lhx6 Gaba,False,Six3,6.941,0.418,95.2,8.4,6.523
CP,062 STR D2 Gaba,054 STR Prox1 Lhx6 Gaba,False,Gpr6,6.452,0.064,92.6,1.4,6.389
CP,062 STR D2 Gaba,054 STR Prox1 Lhx6 Gaba,False,Pou3f1,6.612,0.351,91.8,7.1,6.261
CP,062 STR D2 Gaba,054 STR Prox1 Lhx6 Gaba,False,Coch,4.828,0.587,73.9,11.7,4.241
CP,062 STR D2 Gaba,054 STR Prox1 Lhx6 Gaba,False,Lamp5,4.105,0.184,67.5,3.8,3.921
CP,062 STR D2 Gaba,054 STR Prox1 Lhx6 Gaba,False,Rgs14,3.511,0.128,59.4,2.7,3.383
CP,062 STR D2 Gaba,054 STR Prox1 Lhx6 Gaba,False,Gpr52,2.775,0.076,49.6,1.6,2.699
CP,062 STR D2 Gaba,054 STR Prox1 Lhx6 Gaba,False,Oprm1,2.336,0.288,37.7,5.7,2.048
CP,062 STR D2 Gaba,056 Sst Chodl Gaba,False,Six3,6.941,0.465,95.2,9.1,6.476
CP,062 STR D2 Gaba,056 Sst Chodl Gaba,False,Gpr6,6.452,0.101,92.6,2.2,6.351
CP,062 STR D2 Gaba,056 Sst Chodl Gaba,False,Pou3f1,6.612,0.686,91.8,13.0,5.926
CP,062 STR D2 Gaba,056 Sst Chodl Gaba,False,Coch,4.828,0.683,73.9,13.5,4.145
CP,062 STR D2 Gaba,056 Sst Chodl Gaba,False,Foxp2,4.855,0.736,67.4,14.8,4.119
CP,062 STR D2 Gaba,056 Sst Chodl Gaba,False,Lamp5,4.105,0.177,67.5,3.5,3.928
CP,062 STR D2 Gaba,056 Sst Chodl Gaba,False,Rgs14,3.511,0.221,59.4,4.3,3.291
CP,062 STR D2 Gaba,056 Sst Chodl Gaba,False,Gpr52,2.775,0.046,49.6,0.9,2.729
CP,062 STR D2 Gaba,056 Sst Chodl Gaba,False,Sema5b,2.501,0.746,38.8,13.9,1.755
CP,062 STR D2 Gaba,056 Sst Chodl Gaba,False,Spon1,1.926,0.24,31.9,4.8,1.686
CP,062 STR D2 Gaba,056 Sst Chodl Gaba,False,Nts,1.754,0.114,27.4,2.2,1.641
CP,062 STR D2 Gaba,056 Sst Chodl Gaba,False,Lratd2,1.623,0.044,29.7,0.9,1.579
CP,062 STR D2 Gaba,058 PAL-STR Gaba-Chol,False,Necab1,8.109,0.55,95.9,13.3,7.559
CP,062 STR D2 Gaba,058 PAL-STR Gaba-Chol,False,Syt6,7.463,0.51,96.5,13.3,6.953
CP,062 STR D2 Gaba,058 PAL-STR Gaba-Chol,False,Slc32a1,7.331,0.593,97.9,13.3,6.738
CP,062 STR D2 Gaba,058 PAL-STR Gaba-Chol,False,Gpr6,6.452,0.13,92.6,3.3,6.322
CP,062 STR D2 Gaba,058 PAL-STR Gaba-Chol,False,Pou3f1,6.612,0.447,91.8,10.0,6.165
CP,062 STR D2 Gaba,058 PAL-STR Gaba-Chol,False,Coch,4.828,0.157,73.9,3.3,4.671
CP,062 STR D2 Gaba,058 PAL-STR Gaba-Chol,False,Lamp5,4.105,0.382,67.5,10.0,3.723
CP,062 STR D2 Gaba,058 PAL-STR Gaba-Chol,False,Rgs14,3.511,0.361,59.4,10.0,3.15
CP,062 STR D2 Gaba,058 PAL-STR Gaba-Chol,False,Mpped1,2.855,0.0,49.9,0.0,2.855
CP,062 STR D2 Gaba,058 PAL-STR Gaba-Chol,False,Gpr52,2.775,0.0,49.6,0.0,2.775
CP,062 STR D2 Gaba,058 PAL-STR Gaba-Chol,False,Sema5b,2.501,0.144,38.8,3.3,2.357
CP,062 STR D2 Gaba,058 PAL-STR Gaba-Chol,False,Oprk1,1.852,0.243,32.1,6.7,1.609
CP,062 STR D2 Gaba,061 STR D1 Gaba,True,Drd2,9.261,0.619,99.3,11.9,8.642
CP,062 STR D2 Gaba,061 STR D1 Gaba,True,Adora2a,9.196,0.706,99.3,13.7,8.491
CP,062 STR D2 Gaba,061 STR D1 Gaba,True,Gpr6,6.452,0.196,92.6,3.8,6.257
CP,062 STR D2 Gaba,061 STR D1 Gaba,True,Sp9,4.572,0.122,74.2,2.4,4.45
CP,062 STR D2 Gaba,061 STR D1 Gaba,True,Gpr52,2.775,0.164,49.6,3.3,2.611
CP,062 STR D2 Gaba,061 STR D1 Gaba,True,Nts,1.754,0.227,27.4,3.9,1.528
CP,062 STR D2 Gaba,063 STR D1 Sema5a Gaba,False,Gpr6,6.452,0.712,92.6,12.6,5.741
CP,062 STR D2 Gaba,063 STR D1 Sema5a Gaba,False,Coch,4.828,0.543,73.9,10.4,4.285
CP,062 STR D2 Gaba,063 STR D1 Sema5a Gaba,False,Etv1,3.085,0.265,50.6,5.0,2.82
CP,062 STR D2 Gaba,063 STR D1 Sema5a Gaba,False,Gpr52,2.775,0.518,49.6,10.1,2.257
CP,062 STR D2 Gaba,063 STR D1 Sema5a Gaba,False,Mpped1,2.855,0.736,49.9,13.7,2.119
CP,062 STR D2 Gaba,063 STR D1 Sema5a Gaba,False,Nts,1.754,0.089,27.4,1.7,1.665
CP,062 STR D2 Gaba,063 STR D1 Sema5a Gaba,False,St8sia2,2.321,0.692,40.5,12.8,1.63
CP,062 STR D2 Gaba,063 STR D1 Sema5a Gaba,False,Lratd2,1.623,0.187,29.7,3.5,1.436
CP,062 STR D2 Gaba,063 STR D1 Sema5a Gaba,False,Crym,1.723,0.36,28.5,6.5,1.363
CP,063 STR D1 Sema5a Gaba,054 STR Prox1 Lhx6 Gaba,False,Adarb2,11.113,0.418,100.0,7.9,10.695
CP,063 STR D1 Sema5a Gaba,054 STR Prox1 Lhx6 Gaba,False,Spon1,8.236,0.118,95.6,2.5,8.119
CP,063 STR D1 Sema5a Gaba,054 STR Prox1 Lhx6 Gaba,False,Drd1,8.326,0.56,99.5,11.4,7.766
CP,063 STR D1 Sema5a Gaba,054 STR Prox1 Lhx6 Gaba,False,Otof,7.274,0.285,93.7,5.7,6.989
CP,063 STR D1 Sema5a Gaba,054 STR Prox1 Lhx6 Gaba,False,Syt6,7.374,0.614,94.1,12.3,6.76
CP,063 STR D1 Sema5a Gaba,054 STR Prox1 Lhx6 Gaba,False,Six3,7.14,0.418,96.4,8.4,6.722
CP,063 STR D1 Sema5a Gaba,054 STR Prox1 Lhx6 Gaba,False,Cacng5,5.733,0.236,86.5,4.6,5.497
CP,063 STR D1 Sema5a Gaba,054 STR Prox1 Lhx6 Gaba,False,Tacr1,5.249,0.041,76.8,0.8,5.208
CP,063 STR D1 Sema5a Gaba,054 STR Prox1 Lhx6 Gaba,False,Pou3f1,4.837,0.351,72.4,7.1,4.486
CP,063 STR D1 Sema5a Gaba,054 STR Prox1 Lhx6 Gaba,False,Slc22a3,3.853,0.114,64.4,2.5,3.739
CP,063 STR D1 Sema5a Gaba,054 STR Prox1 Lhx6 Gaba,False,Oprm1,3.97,0.288,60.5,5.7,3.682
CP,063 STR D1 Sema5a Gaba,054 STR Prox1 Lhx6 Gaba,False,Nxph4,3.173,0.05,51.1,1.1,3.123
CP,063 STR D1 Sema5a Gaba,056 Sst Chodl Gaba,False,Foxp2,11.375,0.736,100.0,14.8,10.639
CP,063 STR D1 Sema5a Gaba,056 Sst Chodl Gaba,False,Sema5b,8.895,0.746,99.5,13.9,8.148
CP,063 STR D1 Sema5a Gaba,056 Sst Chodl Gaba,False,Spon1,8.236,0.24,95.6,4.8,7.996
CP,063 STR D1 Sema5a Gaba,056 Sst Chodl Gaba,False,Six3,7.14,0.465,96.4,9.1,6.675
CP,063 STR D1 Sema5a Gaba,056 Sst Chodl Gaba,False,Pou3f1,4.837,0.686,72.4,13.0,4.151
CP,063 STR D1 Sema5a Gaba,056 Sst Chodl Gaba,False,Slc22a3,3.853,0.168,64.4,3.5,3.684
CP,063 STR D1 Sema5a Gaba,056 Sst Chodl Gaba,False,Nxph4,3.173,0.042,51.1,0.9,3.131
CP,063 STR D1 Sema5a Gaba,056 Sst Chodl Gaba,False,Col27a1,2.953,0.113,51.4,2.2,2.84
CP,063 STR D1 Sema5a Gaba,056 Sst Chodl Gaba,False,Pcdh8,3.059,0.349,53.0,6.5,2.71
CP,063 STR D1 Sema5a Gaba,056 Sst Chodl Gaba,False,Cck,2.147,0.02,36.7,0.4,2.127
CP,063 STR D1 Sema5a Gaba,056 Sst Chodl Gaba,False,Lamp5,2.186,0.177,37.3,3.5,2.009
CP,063 STR D1 Sema5a Gaba,056 Sst Chodl Gaba,False,Rai14,1.762,0.17,30.0,3.5,1.593
CP,063 STR D1 Sema5a Gaba,058 PAL-STR Gaba-Chol,False,Necab1,10.231,0.55,99.5,13.3,9.681
CP,063 STR D1 Sema5a Gaba,058 PAL-STR Gaba-Chol,False,Sema5b,8.895,0.144,99.5,3.3,8.751
CP,063 STR D1 Sema5a Gaba,058 PAL-STR Gaba-Chol,False,Spon1,8.236,0.533,95.6,10.0,7.704
CP,063 STR D1 Sema5a Gaba,058 PAL-STR Gaba-Chol,False,Otof,7.274,0.26,93.7,6.7,7.015
CP,063 STR D1 Sema5a Gaba,058 PAL-STR Gaba-Chol,False,Syt6,7.374,0.51,94.1,13.3,6.865
CP,063 STR D1 Sema5a Gaba,058 PAL-STR Gaba-Chol,False,Slc32a1,7.186,0.593,97.7,13.3,6.593
CP,063 STR D1 Sema5a Gaba,058 PAL-STR Gaba-Chol,False,Pou3f1,4.837,0.447,72.4,10.0,4.39
CP,063 STR D1 Sema5a Gaba,058 PAL-STR Gaba-Chol,False,Sema5a,4.412,0.485,69.6,10.0,3.927
CP,063 STR D1 Sema5a Gaba,058 PAL-STR Gaba-Chol,False,Slc22a3,3.853,0.0,64.4,0.0,3.853
CP,063 STR D1 Sema5a Gaba,058 PAL-STR Gaba-Chol,False,Sox1,3.819,0.0,64.1,0.0,3.819
CP,063 STR D1 Sema5a Gaba,058 PAL-STR Gaba-Chol,False,Nxph4,3.173,0.113,51.1,3.3,3.06
CP,063 STR D1 Sema5a Gaba,058 PAL-STR Gaba-Chol,False,Col27a1,2.953,0.12,51.4,3.3,2.833
CP,063 STR D1 Sema5a Gaba,061 STR D1 Gaba,False,Cacng5,5.733,0.315,86.5,5.7,5.417
CP,063 STR D1 Sema5a Gaba,061 STR D1 Gaba,False,Tacr1,5.249,0.133,76.8,2.6,5.117
CP,063 STR D1 Sema5a Gaba,061 STR D1 Gaba,False,Thsd7b,5.111,0.359,68.3,6.7,4.753
CP,063 STR D1 Sema5a Gaba,061 STR D1 Gaba,False,Sema5a,4.412,0.299,69.6,5.6,4.113
CP,063 STR D1 Sema5a Gaba,061 STR D1 Gaba,False,Sp9,3.627,0.122,62.2,2.4,3.505
CP,063 STR D1 Sema5a Gaba,061 STR D1 Gaba,False,Nxph4,3.173,0.084,51.1,1.6,3.089
CP,063 STR D1 Sema5a Gaba,061 STR D1 Gaba,False,Pcdh8,3.059,0.029,53.0,0.6,3.03
CP,063 STR D1 Sema5a Gaba,061 STR D1 Gaba,False,Col27a1,2.953,0.026,51.4,0.5,2.927
CP,063 STR D1 Sema5a Gaba,061 STR D1 Gaba,False,Rai14,1.762,0.083,30.0,1.6,1.679
CP,063 STR D1 Sema5a Gaba,062 STR D2 Gaba,False,Adarb2,11.113,0.344,100.0,6.2,10.768
CP,063 STR D1 Sema5a Gaba,062 STR D2 Gaba,False,Drd1,8.326,0.595,99.5,10.4,7.731
CP,063 STR D1 Sema5a Gaba,062 STR D2 Gaba,False,Otof,7.274,0.45,93.7,7.1,6.824
CP,063 STR D1 Sema5a Gaba,062 STR D2 Gaba,False,Cacng5,5.733,0.341,86.5,5.6,5.392
CP,063 STR D1 Sema5a Gaba,062 STR D2 Gaba,False,Tacr1,5.249,0.382,76.8,7.0,4.867
CP,063 STR D1 Sema5a Gaba,062 STR D2 Gaba,False,Thsd7b,5.111,0.652,68.3,11.0,4.459
CP,063 STR D1 Sema5a Gaba,062 STR D2 Gaba,False,Sox1,3.819,0.19,64.1,3.6,3.629
CP,063 STR D1 Sema5a Gaba,062 STR D2 Gaba,False,Nxph4,3.173,0.034,51.1,0.7,3.139
CP,063 STR D1 Sema5a Gaba,062 STR D2 Gaba,False,Pcdh8,3.059,0.05,53.0,0.9,3.01
CP,063 STR D1 Sema5a Gaba,062 STR D2 Gaba,False,Col27a1,2.953,0.039,51.4,0.8,2.914
CP,063 STR D1 Sema5a Gaba,062 STR D2 Gaba,False,Cck,2.147,0.364,36.7,6.6,1.782
CP,063 STR D1 Sema5a Gaba,062 STR D2 Gaba,False,Rai14,1.762,0.099,30.0,1.9,1.663
LM,102 DMH-LHA Gsx1 Gaba,126 ARH-PVp Tbx3 Glut,True,Slc32a1,6.045,0.323,81.7,5.5,5.722
LM,102 DMH-LHA Gsx1 Gaba,126 ARH-PVp Tbx3 Glut,True,Ebf1,3.661,0.082,38.5,1.5,3.579
LM,102 DMH-LHA Gsx1 Gaba,126 ARH-PVp Tbx3 Glut,True,Gsx1,2.671,0.014,43.2,0.3,2.657
LM,102 DMH-LHA Gsx1 Gaba,126 ARH-PVp Tbx3 Glut,True,Dlx1,2.7,0.141,40.4,2.5,2.559
LM,102 DMH-LHA Gsx1 Gaba,126 ARH-PVp Tbx3 Glut,True,Nkx2-4,2.491,0.261,37.5,4.6,2.23
LM,102 DMH-LHA Gsx1 Gaba,126 ARH-PVp Tbx3 Glut,True,Foxd2,2.131,0.027,33.4,0.5,2.103
LM,102 DMH-LHA Gsx1 Gaba,126 ARH-PVp Tbx3 Glut,True,Nfib,2.172,0.32,26.6,5.3,1.853
LM,102 DMH-LHA Gsx1 Gaba,126 ARH-PVp Tbx3 Glut,True,Lhx1,1.742,0.089,27.5,1.5,1.652
LM,102 DMH-LHA Gsx1 Gaba,126 ARH-PVp Tbx3 Glut,True,Dlx2,1.542,0.052,25.9,0.9,1.49
LM,102 DMH-LHA Gsx1 Gaba,132 AHN-RCH-LHA Otp Fezf1 Glut,True,Prox1,6.372,0.127,83.5,2.2,6.245
LM,102 DMH-LHA Gsx1 Gaba,132 AHN-RCH-LHA Otp Fezf1 Glut,True,Gad1,6.863,0.656,87.6,11.7,6.207
LM,102 DMH-LHA Gsx1 Gaba,132 AHN-RCH-LHA Otp Fezf1 Glut,True,Isl1,5.95,0.119,81.4,2.0,5.831
LM,102 DMH-LHA Gsx1 Gaba,132 AHN-RCH-LHA Otp Fezf1 Glut,True,Slc32a1,6.045,0.643,81.7,10.1,5.401
LM,102 DMH-LHA Gsx1 Gaba,132 AHN-RCH-LHA Otp Fezf1 Glut,True,Gsx1,2.671,0.007,43.2,0.1,2.664
LM,102 DMH-LHA Gsx1 Gaba,132 AHN-RCH-LHA Otp Fezf1 Glut,True,Gal,3.073,0.463,39.3,7.9,2.611
LM,102 DMH-LHA Gsx1 Gaba,132 AHN-RCH-LHA Otp Fezf1 Glut,True,Dlx1,2.7,0.132,40.4,2.4,2.568
LM,102 DMH-LHA Gsx1 Gaba,132 AHN-RCH-LHA Otp Fezf1 Glut,True,Nkx2-4,2.491,0.013,37.5,0.2,2.478
LM,102 DMH-LHA Gsx1 Gaba,132 AHN-RCH-LHA Otp Fezf1 Glut,True,Foxd2,2.131,0.006,33.4,0.1,2.124
LM,102 DMH-LHA Gsx1 Gaba,132 AHN-RCH-LHA Otp Fezf1 Glut,True,Cartpt,2.695,0.645,32.5,9.9,2.049
LM,102 DMH-LHA Gsx1 Gaba,132 AHN-RCH-LHA Otp Fezf1 Glut,True,Lhx1,1.742,0.057,27.5,1.0,1.685
LM,102 DMH-LHA Gsx1 Gaba,132 AHN-RCH-LHA Otp Fezf1 Glut,True,Dlx2,1.542,0.051,25.9,0.9,1.491
LM,102 DMH-LHA Gsx1 Gaba,138 PH Pitx2 Glut,False,Gad1,6.863,0.46,87.6,8.1,6.403
LM,102 DMH-LHA Gsx1 Gaba,138 PH Pitx2 Glut,False,Prox1,6.372,0.09,83.5,1.6,6.282
LM,102 DMH-LHA Gsx1 Gaba,138 PH Pitx2 Glut,False,Slc32a1,6.045,0.196,81.7,3.3,5.849
LM,102 DMH-LHA Gsx1 Gaba,138 PH Pitx2 Glut,False,Isl1,5.95,0.125,81.4,2.2,5.825
LM,102 DMH-LHA Gsx1 Gaba,138 PH Pitx2 Glut,False,Gal,3.073,0.269,39.3,4.7,2.804
LM,102 DMH-LHA Gsx1 Gaba,138 PH Pitx2 Glut,False,Gsx1,2.671,0.003,43.2,0.1,2.668
LM,102 DMH-LHA Gsx1 Gaba,138 PH Pitx2 Glut,False,Dlx1,2.7,0.075,40.4,1.2,2.625
LM,102 DMH-LHA Gsx1 Gaba,138 PH Pitx2 Glut,False,Nkx2-4,2.491,0.05,37.5,0.8,2.441
LM,102 DMH-LHA Gsx1 Gaba,138 PH Pitx2 Glut,False,Cartpt,2.695,0.333,32.5,6.2,2.362
LM,102 DMH-LHA Gsx1 Gaba,138 PH Pitx2 Glut,False,Foxd2,2.131,0.004,33.4,0.1,2.127
LM,102 DMH-LHA Gsx1 Gaba,138 PH Pitx2 Glut,False,Nfib,2.172,0.155,26.6,2.7,2.017
LM,102 DMH-LHA Gsx1 Gaba,138 PH Pitx2 Glut,False,Dlx2,1.542,0.023,25.9,0.4,1.519
LM,102 DMH-LHA Gsx1 Gaba,141 PH-SUM Foxa1 Glut,False,Gad1,6.863,0.485,87.6,8.5,6.378
LM,102 DMH-LHA Gsx1 Gaba,141 PH-SUM Foxa1 Glut,False,Isl1,5.95,0.111,81.4,1.9,5.839
LM,102 DMH-LHA Gsx1 Gaba,141 PH-SUM Foxa1 Glut,False,Slc32a1,6.045,1.083,81.7,14.9,4.961
LM,102 DMH-LHA Gsx1 Gaba,141 PH-SUM Foxa1 Glut,False,Gal,3.073,0.273,39.3,4.6,2.801
LM,102 DMH-LHA Gsx1 Gaba,141 PH-SUM Foxa1 Glut,False,Gsx1,2.671,0.002,43.2,0.0,2.669
LM,102 DMH-LHA Gsx1 Gaba,141 PH-SUM Foxa1 Glut,False,Dlx1,2.7,0.094,40.4,1.6,2.606
LM,102 DMH-LHA Gsx1 Gaba,141 PH-SUM Foxa1 Glut,False,Cartpt,2.695,0.468,32.5,8.2,2.227
LM,102 DMH-LHA Gsx1 Gaba,141 PH-SUM Foxa1 Glut,False,Foxd2,2.131,0.01,33.4,0.2,2.121
LM,102 DMH-LHA Gsx1 Gaba,141 PH-SUM Foxa1 Glut,False,Nkx2-4,2.491,0.501,37.5,8.3,1.99
LM,102 DMH-LHA Gsx1 Gaba,141 PH-SUM Foxa1 Glut,False,Lhx1,1.742,0.077,27.5,1.5,1.664
LM,102 DMH-LHA Gsx1 Gaba,141 PH-SUM Foxa1 Glut,False,Dlx2,1.542,0.041,25.9,0.7,1.501
LM,102 DMH-LHA Gsx1 Gaba,143 MM-ant Foxb1 Glut,True,Gad2,8.452,0.533,94.6,8.9,7.919
LM,102 DMH-LHA Gsx1 Gaba,143 MM-ant Foxb1 Glut,True,Gad1,6.863,0.354,87.6,6.2,6.509
LM,102 DMH-LHA Gsx1 Gaba,143 MM-ant Foxb1 Glut,True,Prox1,6.372,0.048,83.5,0.8,6.324
LM,102 DMH-LHA Gsx1 Gaba,143 MM-ant Foxb1 Glut,True,Slc32a1,6.045,0.12,81.7,2.0,5.924
LM,102 DMH-LHA Gsx1 Gaba,143 MM-ant Foxb1 Glut,True,Isl1,5.95,0.059,81.4,0.9,5.891
LM,102 DMH-LHA Gsx1 Gaba,143 MM-ant Foxb1 Glut,True,Sema5a,3.921,0.17,55.2,3.0,3.751
LM,102 DMH-LHA Gsx1 Gaba,143 MM-ant Foxb1 Glut,True,Ebf1,3.661,0.133,38.5,2.3,3.527
LM,102 DMH-LHA Gsx1 Gaba,143 MM-ant Foxb1 Glut,True,Gal,3.073,0.156,39.3,2.7,2.917
LM,102 DMH-LHA Gsx1 Gaba,143 MM-ant Foxb1 Glut,True,Gsx1,2.671,0.006,43.2,0.1,2.665
LM,102 DMH-LHA Gsx1 Gaba,143 MM-ant Foxb1 Glut,True,Dlx1,2.7,0.081,40.4,1.4,2.618
LM,102 DMH-LHA Gsx1 Gaba,143 MM-ant Foxb1 Glut,True,Necab1,2.771,0.467,40.9,7.4,2.304
LM,102 DMH-LHA Gsx1 Gaba,143 MM-ant Foxb1 Glut,True,Nkx2-4,2.491,0.219,37.5,4.1,2.272
LM,102 DMH-LHA Gsx1 Gaba,144 MM Foxb1 Glut,True,Gad2,8.452,0.395,94.6,6.9,8.057
LM,102 DMH-LHA Gsx1 Gaba,144 MM Foxb1 Glut,True,Gad1,6.863,0.29,87.6,5.1,6.573
LM,102 DMH-LHA Gsx1 Gaba,144 MM Foxb1 Glut,True,Prox1,6.372,0.049,83.5,0.9,6.323
LM,102 DMH-LHA Gsx1 Gaba,144 MM Foxb1 Glut,True,Slc32a1,6.045,0.094,81.7,1.6,5.95
LM,102 DMH-LHA Gsx1 Gaba,144 MM Foxb1 Glut,True,Isl1,5.95,0.055,81.4,0.9,5.895
LM,102 DMH-LHA Gsx1 Gaba,144 MM Foxb1 Glut,True,Sema5a,3.921,0.164,55.2,3.0,3.757
LM,102 DMH-LHA Gsx1 Gaba,144 MM Foxb1 Glut,True,Ebf1,3.661,0.088,38.5,1.6,3.572
LM,102 DMH-LHA Gsx1 Gaba,144 MM Foxb1 Glut,True,Gsx1,2.671,0.003,43.2,0.1,2.668
LM,102 DMH-LHA Gsx1 Gaba,144 MM Foxb1 Glut,True,Gal,3.073,0.412,39.3,7.4,2.661
LM,102 DMH-LHA Gsx1 Gaba,144 MM Foxb1 Glut,True,Dlx1,2.7,0.049,40.4,0.9,2.65
LM,102 DMH-LHA Gsx1 Gaba,144 MM Foxb1 Glut,True,Necab1,2.771,0.161,40.9,2.8,2.61
LM,102 DMH-LHA Gsx1 Gaba,144 MM Foxb1 Glut,True,Nkx2-4,2.491,0.309,37.5,6.2,2.182
LM,126 ARH-PVp Tbx3 Glut,102 DMH-LHA Gsx1 Gaba,True,Slc17a6,7.08,0.458,88.7,7.7,6.622
LM,126 ARH-PVp Tbx3 Glut,102 DMH-LHA Gsx1 Gaba,True,Tbx3,4.551,0.077,63.1,1.3,4.474
LM,126 ARH-PVp Tbx3 Glut,102 DMH-LHA Gsx1 Gaba,True,Nhlh2,3.792,0.036,52.1,0.6,3.756
LM,126 ARH-PVp Tbx3 Glut,102 DMH-LHA Gsx1 Gaba,True,Nkx2-1,4.239,0.707,66.2,11.8,3.532
LM,126 ARH-PVp Tbx3 Glut,102 DMH-LHA Gsx1 Gaba,True,Tcf7l2,2.434,0.138,33.8,2.4,2.295
LM,126 ARH-PVp Tbx3 Glut,102 DMH-LHA Gsx1 Gaba,True,Bsx,2.334,0.056,36.6,1.0,2.278
LM,126 ARH-PVp Tbx3 Glut,102 DMH-LHA Gsx1 Gaba,True,Tac2,2.973,0.698,31.8,9.8,2.274
LM,126 ARH-PVp Tbx3 Glut,102 DMH-LHA Gsx1 Gaba,True,Nr4a2,2.236,0.096,30.3,1.7,2.14
LM,126 ARH-PVp Tbx3 Glut,102 DMH-LHA Gsx1 Gaba,True,Lhx5,2.424,0.843,37.3,14.2,1.582
LM,126 ARH-PVp Tbx3 Glut,102 DMH-LHA Gsx1 Gaba,True,Sox1,1.713,0.151,29.0,2.6,1.561
LM,126 ARH-PVp Tbx3 Glut,132 AHN-RCH-LHA Otp Fezf1 Glut,True,Pdyn,5.065,0.437,65.2,7.2,4.628
LM,126 ARH-PVp Tbx3 Glut,132 AHN-RCH-LHA Otp Fezf1 Glut,True,Tbx3,4.551,0.009,63.1,0.2,4.542
LM,126 ARH-PVp Tbx3 Glut,132 AHN-RCH-LHA Otp Fezf1 Glut,True,Nkx2-1,4.239,0.06,66.2,1.0,4.178
LM,126 ARH-PVp Tbx3 Glut,132 AHN-RCH-LHA Otp Fezf1 Glut,True,Isl1,3.664,0.119,51.2,2.0,3.546
LM,126 ARH-PVp Tbx3 Glut,132 AHN-RCH-LHA Otp Fezf1 Glut,True,Tac2,2.973,0.142,31.8,2.4,2.83
LM,126 ARH-PVp Tbx3 Glut,132 AHN-RCH-LHA Otp Fezf1 Glut,True,Gad1,3.176,0.656,46.2,11.7,2.52
LM,126 ARH-PVp Tbx3 Glut,132 AHN-RCH-LHA Otp Fezf1 Glut,True,Bsx,2.334,0.02,36.6,0.3,2.314
LM,126 ARH-PVp Tbx3 Glut,132 AHN-RCH-LHA Otp Fezf1 Glut,True,Tcf7l2,2.434,0.145,33.8,2.6,2.289
LM,126 ARH-PVp Tbx3 Glut,132 AHN-RCH-LHA Otp Fezf1 Glut,True,Nr4a2,2.236,0.044,30.3,0.7,2.192
LM,126 ARH-PVp Tbx3 Glut,132 AHN-RCH-LHA Otp Fezf1 Glut,True,Cartpt,2.304,0.645,28.5,9.9,1.658
LM,126 ARH-PVp Tbx3 Glut,132 AHN-RCH-LHA Otp Fezf1 Glut,True,Sox1,1.713,0.064,29.0,1.1,1.649
LM,126 ARH-PVp Tbx3 Glut,132 AHN-RCH-LHA Otp Fezf1 Glut,True,Prox1,1.655,0.127,26.2,2.2,1.528
LM,126 ARH-PVp Tbx3 Glut,138 PH Pitx2 Glut,False,Pdyn,5.065,0.313,65.2,5.6,4.752
LM,126 ARH-PVp Tbx3 Glut,138 PH Pitx2 Glut,False,Tbx3,4.551,0.021,63.1,0.4,4.53
LM,126 ARH-PVp Tbx3 Glut,138 PH Pitx2 Glut,False,Nkx2-1,4.239,0.171,66.2,3.0,4.068
LM,126 ARH-PVp Tbx3 Glut,138 PH Pitx2 Glut,False,Isl1,3.664,0.125,51.2,2.2,3.539
LM,126 ARH-PVp Tbx3 Glut,138 PH Pitx2 Glut,False,Tac2,2.973,0.11,31.8,2.0,2.863
LM,126 ARH-PVp Tbx3 Glut,138 PH Pitx2 Glut,False,Gad1,3.176,0.46,46.2,8.1,2.716
LM,126 ARH-PVp Tbx3 Glut,138 PH Pitx2 Glut,False,Tcf7l2,2.434,0.116,33.8,2.1,2.318
LM,126 ARH-PVp Tbx3 Glut,138 PH Pitx2 Glut,False,Bsx,2.334,0.027,36.6,0.5,2.307
LM,126 ARH-PVp Tbx3 Glut,138 PH Pitx2 Glut,False,Lhx5,2.424,0.159,37.3,2.6,2.266
LM,126 ARH-PVp Tbx3 Glut,138 PH Pitx2 Glut,False,Six3,2.271,0.178,30.4,3.0,2.093
LM,126 ARH-PVp Tbx3 Glut,138 PH Pitx2 Glut,False,Cartpt,2.304,0.333,28.5,6.2,1.971
LM,126 ARH-PVp Tbx3 Glut,138 PH Pitx2 Glut,False,Sox1,1.713,0.044,29.0,0.7,1.669
LM,126 ARH-PVp Tbx3 Glut,141 PH-SUM Foxa1 Glut,False,Pdyn,5.065,0.478,65.2,8.2,4.587
LM,126 ARH-PVp Tbx3 Glut,141 PH-SUM Foxa1 Glut,False,Tbx3,4.551,0.014,63.1,0.3,4.537
LM,126 ARH-PVp Tbx3 Glut,141 PH-SUM Foxa1 Glut,False,Nkx2-1,4.239,0.214,66.2,4.1,4.025
LM,126 ARH-PVp Tbx3 Glut,141 PH-SUM Foxa1 Glut,False,Isl1,3.664,0.111,51.2,1.9,3.553
LM,126 ARH-PVp Tbx3 Glut,141 PH-SUM Foxa1 Glut,False,Tac2,2.973,0.1,31.8,1.9,2.873
LM,126 ARH-PVp Tbx3 Glut,141 PH-SUM Foxa1 Glut,False,Gad1,3.176,0.485,46.2,8.5,2.691
LM,126 ARH-PVp Tbx3 Glut,141 PH-SUM Foxa1 Glut,False,Tcf7l2,2.434,0.129,33.8,2.3,2.305
LM,126 ARH-PVp Tbx3 Glut,141 PH-SUM Foxa1 Glut,False,Bsx,2.334,0.038,36.6,0.7,2.296
LM,126 ARH-PVp Tbx3 Glut,141 PH-SUM Foxa1 Glut,False,Lhx5,2.424,0.171,37.3,3.0,2.253
LM,126 ARH-PVp Tbx3 Glut,141 PH-SUM Foxa1 Glut,False,Six3,2.271,0.151,30.4,2.6,2.119
LM,126 ARH-PVp Tbx3 Glut,141 PH-SUM Foxa1 Glut,False,Cartpt,2.304,0.468,28.5,8.2,1.836
LM,126 ARH-PVp Tbx3 Glut,141 PH-SUM Foxa1 Glut,False,Sox1,1.713,0.066,29.0,1.2,1.647
LM,126 ARH-PVp Tbx3 Glut,143 MM-ant Foxb1 Glut,True,Sema5a,5.468,0.17,72.6,3.0,5.299
LM,126 ARH-PVp Tbx3 Glut,143 MM-ant Foxb1 Glut,True,Pdyn,5.065,0.094,65.2,1.6,4.971
LM,126 ARH-PVp Tbx3 Glut,143 MM-ant Foxb1 Glut,True,Tbx3,4.551,0.018,63.1,0.3,4.532
LM,126 ARH-PVp Tbx3 Glut,143 MM-ant Foxb1 Glut,True,Gfra1,4.537,0.606,60.4,10.5,3.931
LM,126 ARH-PVp Tbx3 Glut,143 MM-ant Foxb1 Glut,True,Isl1,3.664,0.059,51.2,0.9,3.606
LM,126 ARH-PVp Tbx3 Glut,143 MM-ant Foxb1 Glut,True,Gad2,3.574,0.533,48.4,8.9,3.041
LM,126 ARH-PVp Tbx3 Glut,143 MM-ant Foxb1 Glut,True,Deptor,3.581,0.711,53.8,12.8,2.87
LM,126 ARH-PVp Tbx3 Glut,143 MM-ant Foxb1 Glut,True,Gad1,3.176,0.354,46.2,6.2,2.822
LM,126 ARH-PVp Tbx3 Glut,143 MM-ant Foxb1 Glut,True,Tac2,2.973,0.163,31.8,2.8,2.81
LM,126 ARH-PVp Tbx3 Glut,143 MM-ant Foxb1 Glut,True,Tcf7l2,2.434,0.057,33.8,1.0,2.377
LM,126 ARH-PVp Tbx3 Glut,143 MM-ant Foxb1 Glut,True,Bsx,2.334,0.026,36.6,0.4,2.308
LM,126 ARH-PVp Tbx3 Glut,143 MM-ant Foxb1 Glut,True,Six3,2.271,0.091,30.4,1.5,2.18
LM,126 ARH-PVp Tbx3 Glut,144 MM Foxb1 Glut,True,Sema5a,5.468,0.164,72.6,3.0,5.305
LM,126 ARH-PVp Tbx3 Glut,144 MM Foxb1 Glut,True,Pdyn,5.065,0.06,65.2,1.0,5.005
LM,126 ARH-PVp Tbx3 Glut,144 MM Foxb1 Glut,True,Tbx3,4.551,0.038,63.1,0.7,4.513
LM,126 ARH-PVp Tbx3 Glut,144 MM Foxb1 Glut,True,Gfra1,4.537,0.571,60.4,10.3,3.966
LM,126 ARH-PVp Tbx3 Glut,144 MM Foxb1 Glut,True,Calb2,4.159,0.454,60.8,8.4,3.705
LM,126 ARH-PVp Tbx3 Glut,144 MM Foxb1 Glut,True,Isl1,3.664,0.055,51.2,0.9,3.609
LM,126 ARH-PVp Tbx3 Glut,144 MM Foxb1 Glut,True,Gad2,3.574,0.395,48.4,6.9,3.179
LM,126 ARH-PVp Tbx3 Glut,144 MM Foxb1 Glut,True,Nxph1,3.497,0.452,45.4,8.1,3.045
LM,126 ARH-PVp Tbx3 Glut,144 MM Foxb1 Glut,True,Deptor,3.581,0.589,53.8,11.2,2.992
LM,126 ARH-PVp Tbx3 Glut,144 MM Foxb1 Glut,True,Gad1,3.176,0.29,46.2,5.1,2.886
LM,126 ARH-PVp Tbx3 Glut,144 MM Foxb1 Glut,True,Tac2,2.973,0.545,31.8,8.5,2.428
LM,126 ARH-PVp Tbx3 Glut,144 MM Foxb1 Glut,True,Tcf7l2,2.434,0.053,33.8,0.9,2.381
LM,132 AHN-RCH-LHA Otp Fezf1 Glut,102 DMH-LHA Gsx1 Gaba,True,Slc17a6,7.658,0.458,93.7,7.7,7.2
LM,132 AHN-RCH-LHA Otp Fezf1 Glut,102 DMH-LHA Gsx1 Gaba,True,Otp,7.285,0.18,91.3,3.1,7.105
LM,132 AHN-RCH-LHA Otp Fezf1 Glut,102 DMH-LHA Gsx1 Gaba,True,Zic1,5.818,0.072,73.1,1.2,5.746
LM,132 AHN-RCH-LHA Otp Fezf1 Glut,102 DMH-LHA Gsx1 Gaba,True,Sim1,5.523,0.049,75.7,0.8,5.474
LM,132 AHN-RCH-LHA Otp Fezf1 Glut,102 DMH-LHA Gsx1 Gaba,True,Adcyap1,5.78,0.53,75.4,8.7,5.249
LM,132 AHN-RCH-LHA Otp Fezf1 Glut,102 DMH-LHA Gsx1 Gaba,True,Fezf1,3.189,0.037,50.1,0.7,3.152
LM,132 AHN-RCH-LHA Otp Fezf1 Glut,102 DMH-LHA Gsx1 Gaba,True,Uncx,2.347,0.041,39.2,0.7,2.307
LM,132 AHN-RCH-LHA Otp Fezf1 Glut,102 DMH-LHA Gsx1 Gaba,True,Tac1,2.643,0.343,32.8,6.0,2.3
LM,132 AHN-RCH-LHA Otp Fezf1 Glut,102 DMH-LHA Gsx1 Gaba,True,Nhlh2,2.31,0.036,38.9,0.6,2.273
LM,132 AHN-RCH-LHA Otp Fezf1 Glut,102 DMH-LHA Gsx1 Gaba,True,Lhx5,3.058,0.843,50.0,14.2,2.215
LM,132 AHN-RCH-LHA Otp Fezf1 Glut,102 DMH-LHA Gsx1 Gaba,True,St8sia2,2.562,0.43,41.0,7.5,2.132
LM,132 AHN-RCH-LHA Otp Fezf1 Glut,102 DMH-LHA Gsx1 Gaba,True,Mpped1,2.692,0.605,42.7,10.4,2.087
LM,132 AHN-RCH-LHA Otp Fezf1 Glut,126 ARH-PVp Tbx3 Glut,True,Otp,7.285,0.216,91.3,3.7,7.069
LM,132 AHN-RCH-LHA Otp Fezf1 Glut,126 ARH-PVp Tbx3 Glut,True,Zic1,5.818,0.15,73.1,2.4,5.668
LM,132 AHN-RCH-LHA Otp Fezf1 Glut,126 ARH-PVp Tbx3 Glut,True,Sim1,5.523,0.068,75.7,1.2,5.455
LM,132 AHN-RCH-LHA Otp Fezf1 Glut,126 ARH-PVp Tbx3 Glut,True,Adcyap1,5.78,0.839,75.4,12.1,4.941
LM,132 AHN-RCH-LHA Otp Fezf1 Glut,126 ARH-PVp Tbx3 Glut,True,Ebf1,4.688,0.082,53.4,1.5,4.606
LM,132 AHN-RCH-LHA Otp Fezf1 Glut,126 ARH-PVp Tbx3 Glut,True,Trh,3.891,0.167,46.3,2.9,3.724
LM,132 AHN-RCH-LHA Otp Fezf1 Glut,126 ARH-PVp Tbx3 Glut,True,Fezf1,3.189,0.048,50.1,0.9,3.142
LM,132 AHN-RCH-LHA Otp Fezf1 Glut,126 ARH-PVp Tbx3 Glut,True,Uncx,2.347,0.028,39.2,0.5,2.319
LM,132 AHN-RCH-LHA Otp Fezf1 Glut,126 ARH-PVp Tbx3 Glut,True,Tac1,2.643,0.774,32.8,11.1,1.869
LM,132 AHN-RCH-LHA Otp Fezf1 Glut,126 ARH-PVp Tbx3 Glut,True,Nxph4,1.7,0.126,25.1,2.3,1.574
LM,132 AHN-RCH-LHA Otp Fezf1 Glut,126 ARH-PVp Tbx3 Glut,True,Zic2,1.532,0.01,26.0,0.2,1.522
LM,132 AHN-RCH-LHA Otp Fezf1 Glut,126 ARH-PVp Tbx3 Glut,True,Otof,1.868,0.36,30.1,6.5,1.507
LM,132 AHN-RCH-LHA Otp Fezf1 Glut,138 PH Pitx2 Glut,False,Otp,7.285,0.13,91.3,2.2,7.155
LM,132 AHN-RCH-LHA Otp Fezf1 Glut,138 PH Pitx2 Glut,False,Zic1,5.818,0.136,73.1,2.1,5.682
LM,132 AHN-RCH-LHA Otp Fezf1 Glut,138 PH Pitx2 Glut,False,Sim1,5.523,0.218,75.7,3.2,5.305
LM,132 AHN-RCH-LHA Otp Fezf1 Glut,138 PH Pitx2 Glut,False,Trh,3.891,0.099,46.3,1.7,3.792
LM,132 AHN-RCH-LHA Otp Fezf1 Glut,138 PH Pitx2 Glut,False,Fezf1,3.189,0.039,50.1,0.6,3.15
LM,132 AHN-RCH-LHA Otp Fezf1 Glut,138 PH Pitx2 Glut,False,Lhx5,3.058,0.159,50.0,2.6,2.899
LM,132 AHN-RCH-LHA Otp Fezf1 Glut,138 PH Pitx2 Glut,False,Six3,1.905,0.178,27.3,3.0,1.727
LM,132 AHN-RCH-LHA Otp Fezf1 Glut,138 PH Pitx2 Glut,False,Zic2,1.532,0.007,26.0,0.1,1.525
LM,132 AHN-RCH-LHA Otp Fezf1 Glut,138 PH Pitx2 Glut,False,Map3k15,1.634,0.292,27.9,5.4,1.342
LM,132 AHN-RCH-LHA Otp Fezf1 Glut,138 PH Pitx2 Glut,False,Otof,1.868,0.708,30.1,12.0,1.159
LM,132 AHN-RCH-LHA Otp Fezf1 Glut,141 PH-SUM Foxa1 Glut,False,Otp,7.285,0.161,91.3,2.6,7.124
LM,132 AHN-RCH-LHA Otp Fezf1 Glut,141 PH-SUM Foxa1 Glut,False,Zic1,5.818,0.132,73.1,2.2,5.686
LM,132 AHN-RCH-LHA Otp Fezf1 Glut,141 PH-SUM Foxa1 Glut,False,Sim1,5.523,0.411,75.7,6.3,5.112
LM,132 AHN-RCH-LHA Otp Fezf1 Glut,141 PH-SUM Foxa1 Glut,False,Trh,3.891,0.093,46.3,1.6,3.798
LM,132 AHN-RCH-LHA Otp Fezf1 Glut,141 PH-SUM Foxa1 Glut,False,Fezf1,3.189,0.028,50.1,0.5,3.162
LM,132 AHN-RCH-LHA Otp Fezf1 Glut,141 PH-SUM Foxa1 Glut,False,Lhx5,3.058,0.171,50.0,3.0,2.886
LM,132 AHN-RCH-LHA Otp Fezf1 Glut,141 PH-SUM Foxa1 Glut,False,Six3,1.905,0.151,27.3,2.6,1.754
LM,132 AHN-RCH-LHA Otp Fezf1 Glut,141 PH-SUM Foxa1 Glut,False,Zic2,1.532,0.003,26.0,0.1,1.529
LM,132 AHN-RCH-LHA Otp Fezf1 Glut,141 PH-SUM Foxa1 Glut,False,Map3k15,1.634,0.392,27.9,7.2,1.242
LM,132 AHN-RCH-LHA Otp Fezf1 Glut,141 PH-SUM Foxa1 Glut,False,Otof,1.868,0.796,30.1,13.6,1.071
LM,132 AHN-RCH-LHA Otp Fezf1 Glut,143 MM-ant Foxb1 Glut,True,Otp,7.285,0.089,91.3,1.4,7.195
LM,132 AHN-RCH-LHA Otp Fezf1 Glut,143 MM-ant Foxb1 Glut,True,Zic1,5.818,0.081,73.1,1.3,5.738
LM,132 AHN-RCH-LHA Otp Fezf1 Glut,143 MM-ant Foxb1 Glut,True,Ebf1,4.688,0.133,53.4,2.3,4.555
LM,132 AHN-RCH-LHA Otp Fezf1 Glut,143 MM-ant Foxb1 Glut,True,Sema5a,4.122,0.17,56.8,3.0,3.953
LM,132 AHN-RCH-LHA Otp Fezf1 Glut,143 MM-ant Foxb1 Glut,True,Trh,3.891,0.211,46.3,3.6,3.68
LM,132 AHN-RCH-LHA Otp Fezf1 Glut,143 MM-ant Foxb1 Glut,True,Fezf1,3.189,0.017,50.1,0.3,3.172
LM,132 AHN-RCH-LHA Otp Fezf1 Glut,143 MM-ant Foxb1 Glut,True,Gfra1,2.674,0.606,39.0,10.5,2.068
LM,132 AHN-RCH-LHA Otp Fezf1 Glut,143 MM-ant Foxb1 Glut,True,Six3,1.905,0.091,27.3,1.5,1.814
LM,132 AHN-RCH-LHA Otp Fezf1 Glut,143 MM-ant Foxb1 Glut,True,Tac1,2.643,0.887,32.8,13.9,1.756
LM,132 AHN-RCH-LHA Otp Fezf1 Glut,143 MM-ant Foxb1 Glut,True,Gad2,2.245,0.533,33.9,8.9,1.712
LM,132 AHN-RCH-LHA Otp Fezf1 Glut,143 MM-ant Foxb1 Glut,True,Map3k15,1.634,0.089,27.9,1.8,1.544
LM,132 AHN-RCH-LHA Otp Fezf1 Glut,143 MM-ant Foxb1 Glut,True,Zic2,1.532,0.003,26.0,0.1,1.529
LM,132 AHN-RCH-LHA Otp Fezf1 Glut,144 MM Foxb1 Glut,True,Otp,7.285,0.047,91.3,0.8,7.238
LM,132 AHN-RCH-LHA Otp Fezf1 Glut,144 MM Foxb1 Glut,True,Calb2,7.145,0.454,88.3,8.4,6.691
LM,132 AHN-RCH-LHA Otp Fezf1 Glut,144 MM Foxb1 Glut,True,Zic1,5.818,0.064,73.1,1.1,5.754
LM,132 AHN-RCH-LHA Otp Fezf1 Glut,144 MM Foxb1 Glut,True,Ebf1,4.688,0.088,53.4,1.6,4.6
LM,132 AHN-RCH-LHA Otp Fezf1 Glut,144 MM Foxb1 Glut,True,Sema5a,4.122,0.164,56.8,3.0,3.958
LM,132 AHN-RCH-LHA Otp Fezf1 Glut,144 MM Foxb1 Glut,True,Trh,3.891,0.108,46.3,2.0,3.783
LM,132 AHN-RCH-LHA Otp Fezf1 Glut,144 MM Foxb1 Glut,True,Fezf1,3.189,0.019,50.1,0.3,3.17
LM,132 AHN-RCH-LHA Otp Fezf1 Glut,144 MM Foxb1 Glut,True,Sulf1,2.638,0.158,38.5,2.9,2.48
LM,132 AHN-RCH-LHA Otp Fezf1 Glut,144 MM Foxb1 Glut,True,Nxph1,2.79,0.452,38.1,8.1,2.338
LM,132 AHN-RCH-LHA Otp Fezf1 Glut,144 MM Foxb1 Glut,True,Tac1,2.643,0.35,32.8,6.4,2.293
LM,132 AHN-RCH-LHA Otp Fezf1 Glut,144 MM Foxb1 Glut,True,Gfra1,2.674,0.571,39.0,10.3,2.103
LM,132 AHN-RCH-LHA Otp Fezf1 Glut,144 MM Foxb1 Glut,True,Syt6,2.233,0.147,34.5,2.8,2.086
LM,138 PH Pitx2 Glut,102 DMH-LHA Gsx1 Gaba,False,Slc17a6,8.315,0.458,97.2,7.7,7.856
LM,138 PH Pitx2 Glut,102 DMH-LHA Gsx1 Gaba,False,Nr4a2,5.172,0.096,67.6,1.7,5.075
LM,138 PH Pitx2 Glut,102 DMH-LHA Gsx1 Gaba,False,Lmx1a,5.075,0.036,71.6,0.6,5.039
LM,138 PH Pitx2 Glut,102 DMH-LHA Gsx1 Gaba,False,Adcyap1,4.97,0.53,66.2,8.7,4.439
LM,138 PH Pitx2 Glut,102 DMH-LHA Gsx1 Gaba,False,Pitx2,3.163,0.054,46.8,0.9,3.109
LM,138 PH Pitx2 Glut,102 DMH-LHA Gsx1 Gaba,False,Dmrta2,2.867,0.043,40.0,0.8,2.824
LM,138 PH Pitx2 Glut,102 DMH-LHA Gsx1 Gaba,False,Nhlh2,2.585,0.036,42.2,0.6,2.549
LM,138 PH Pitx2 Glut,102 DMH-LHA Gsx1 Gaba,False,Nxph4,2.313,0.11,34.0,1.9,2.203
LM,138 PH Pitx2 Glut,102 DMH-LHA Gsx1 Gaba,False,Uncx,1.751,0.041,30.6,0.7,1.71
LM,138 PH Pitx2 Glut,102 DMH-LHA Gsx1 Gaba,False,Pou3f1,1.691,0.045,26.7,0.8,1.646
LM,138 PH Pitx2 Glut,102 DMH-LHA Gsx1 Gaba,False,Foxa1,1.57,0.008,26.4,0.1,1.563
LM,138 PH Pitx2 Glut,102 DMH-LHA Gsx1 Gaba,False,Rprm,1.868,0.727,30.5,12.0,1.141
LM,138 PH Pitx2 Glut,126 ARH-PVp Tbx3 Glut,False,Lmx1a,5.075,0.044,71.6,0.8,5.031
LM,138 PH Pitx2 Glut,126 ARH-PVp Tbx3 Glut,False,Adcyap1,4.97,0.839,66.2,12.1,4.13
LM,138 PH Pitx2 Glut,126 ARH-PVp Tbx3 Glut,False,Pitx2,3.163,0.061,46.8,1.1,3.103
LM,138 PH Pitx2 Glut,126 ARH-PVp Tbx3 Glut,False,Dmrta2,2.867,0.06,40.0,1.1,2.807
LM,138 PH Pitx2 Glut,126 ARH-PVp Tbx3 Glut,False,Cnih3,2.875,0.494,44.3,8.7,2.381
LM,138 PH Pitx2 Glut,126 ARH-PVp Tbx3 Glut,False,Nxph4,2.313,0.126,34.0,2.3,2.186
LM,138 PH Pitx2 Glut,126 ARH-PVp Tbx3 Glut,False,Foxp2,2.485,0.547,30.7,8.8,1.938
LM,138 PH Pitx2 Glut,126 ARH-PVp Tbx3 Glut,False,Uncx,1.751,0.028,30.6,0.5,1.723
LM,138 PH Pitx2 Glut,126 ARH-PVp Tbx3 Glut,False,Foxa1,1.57,0.005,26.4,0.1,1.565
LM,138 PH Pitx2 Glut,126 ARH-PVp Tbx3 Glut,False,Pou3f1,1.691,0.53,26.7,9.0,1.161
LM,138 PH Pitx2 Glut,132 AHN-RCH-LHA Otp Fezf1 Glut,False,Nr4a2,5.172,0.044,67.6,0.7,5.127
LM,138 PH Pitx2 Glut,132 AHN-RCH-LHA Otp Fezf1 Glut,False,Lmx1a,5.075,0.032,71.6,0.5,5.043
LM,138 PH Pitx2 Glut,132 AHN-RCH-LHA Otp Fezf1 Glut,False,Pitx2,3.163,0.047,46.8,0.8,3.117
LM,138 PH Pitx2 Glut,132 AHN-RCH-LHA Otp Fezf1 Glut,False,Dmrta2,2.867,0.168,40.0,2.8,2.699
LM,138 PH Pitx2 Glut,132 AHN-RCH-LHA Otp Fezf1 Glut,False,Cnih3,2.875,0.822,44.3,14.2,2.053
LM,138 PH Pitx2 Glut,132 AHN-RCH-LHA Otp Fezf1 Glut,False,Foxp2,2.485,0.798,30.7,11.4,1.687
LM,138 PH Pitx2 Glut,132 AHN-RCH-LHA Otp Fezf1 Glut,False,Pou3f1,1.691,0.115,26.7,2.0,1.576
LM,138 PH Pitx2 Glut,132 AHN-RCH-LHA Otp Fezf1 Glut,False,Foxa1,1.57,0.005,26.4,0.1,1.565
LM,138 PH Pitx2 Glut,132 AHN-RCH-LHA Otp Fezf1 Glut,False,Drd2,1.645,0.499,25.5,8.4,1.146
LM,138 PH Pitx2 Glut,141 PH-SUM Foxa1 Glut,True,Pou3f1,1.691,0.059,26.7,1.1,1.632
LM,138 PH Pitx2 Glut,143 MM-ant Foxb1 Glut,False,Nr4a2,5.172,0.127,67.6,2.3,5.045
LM,138 PH Pitx2 Glut,143 MM-ant Foxb1 Glut,False,Lmx1a,5.075,0.034,71.6,0.6,5.041
LM,138 PH Pitx2 Glut,143 MM-ant Foxb1 Glut,False,Sema5a,3.845,0.17,53.9,3.0,3.675
LM,138 PH Pitx2 Glut,143 MM-ant Foxb1 Glut,False,Dmrta2,2.867,0.027,40.0,0.5,2.84
LM,138 PH Pitx2 Glut,143 MM-ant Foxb1 Glut,False,Foxp2,2.485,0.087,30.7,1.5,2.397
LM,138 PH Pitx2 Glut,143 MM-ant Foxb1 Glut,False,Pou3f1,1.691,0.042,26.7,0.8,1.649
LM,138 PH Pitx2 Glut,143 MM-ant Foxb1 Glut,False,Foxa1,1.57,0.012,26.4,0.2,1.558
LM,138 PH Pitx2 Glut,143 MM-ant Foxb1 Glut,False,Necab1,1.865,0.467,27.9,7.4,1.398
LM,138 PH Pitx2 Glut,143 MM-ant Foxb1 Glut,False,Whrn,1.868,0.473,30.9,8.3,1.395
LM,138 PH Pitx2 Glut,143 MM-ant Foxb1 Glut,False,Cacng5,1.794,0.454,29.4,8.2,1.339
LM,138 PH Pitx2 Glut,143 MM-ant Foxb1 Glut,False,Gfra1,1.848,0.606,29.5,10.5,1.243
LM,138 PH Pitx2 Glut,143 MM-ant Foxb1 Glut,False,Pcdh8,1.873,0.699,31.6,12.3,1.174
LM,138 PH Pitx2 Glut,144 MM Foxb1 Glut,False,Nxph1,8.984,0.452,93.0,8.1,8.532
LM,138 PH Pitx2 Glut,144 MM Foxb1 Glut,False,Calb2,7.692,0.454,89.9,8.4,7.238
LM,138 PH Pitx2 Glut,144 MM Foxb1 Glut,False,Lmx1a,5.075,0.04,71.6,0.8,5.035
LM,138 PH Pitx2 Glut,144 MM Foxb1 Glut,False,Nr4a2,5.172,0.319,67.6,6.0,4.853
LM,138 PH Pitx2 Glut,144 MM Foxb1 Glut,False,Sema5a,3.845,0.164,53.9,3.0,3.681
LM,138 PH Pitx2 Glut,144 MM Foxb1 Glut,False,Dmrta2,2.867,0.051,40.0,1.0,2.816
LM,138 PH Pitx2 Glut,144 MM Foxb1 Glut,False,Foxp2,2.485,0.109,30.7,2.0,2.375
LM,138 PH Pitx2 Glut,144 MM Foxb1 Glut,False,Sulf1,2.418,0.158,34.6,2.9,2.26
LM,138 PH Pitx2 Glut,144 MM Foxb1 Glut,False,Pcdh8,1.873,0.078,31.6,1.4,1.795
LM,138 PH Pitx2 Glut,144 MM Foxb1 Glut,False,Whrn,1.868,0.155,30.9,2.8,1.713
LM,138 PH Pitx2 Glut,144 MM Foxb1 Glut,False,Necab1,1.865,0.161,27.9,2.8,1.704
LM,138 PH Pitx2 Glut,144 MM Foxb1 Glut,False,Pou3f1,1.691,0.045,26.7,0.9,1.646
LM,141 PH-SUM Foxa1 Glut,102 DMH-LHA Gsx1 Gaba,False,Slc17a6,8.258,0.458,96.8,7.7,7.799
LM,141 PH-SUM Foxa1 Glut,102 DMH-LHA Gsx1 Gaba,False,Nr4a2,6.03,0.096,76.9,1.7,5.934
LM,141 PH-SUM Foxa1 Glut,102 DMH-LHA Gsx1 Gaba,False,Pitx2,5.877,0.054,81.4,0.9,5.823
LM,141 PH-SUM Foxa1 Glut,102 DMH-LHA Gsx1 Gaba,False,Lmx1a,5.58,0.036,76.8,0.6,5.544
LM,141 PH-SUM Foxa1 Glut,102 DMH-LHA Gsx1 Gaba,False,Adcyap1,5.269,0.53,67.7,8.7,4.739
LM,141 PH-SUM Foxa1 Glut,102 DMH-LHA Gsx1 Gaba,False,Nhlh2,3.102,0.036,50.1,0.6,3.065
LM,141 PH-SUM Foxa1 Glut,102 DMH-LHA Gsx1 Gaba,False,Mpped1,3.532,0.605,51.8,10.4,2.927
LM,141 PH-SUM Foxa1 Glut,102 DMH-LHA Gsx1 Gaba,False,Rprm,3.359,0.727,50.5,12.0,2.632
LM,141 PH-SUM Foxa1 Glut,102 DMH-LHA Gsx1 Gaba,False,Nxph4,2.589,0.11,37.5,1.9,2.479
LM,141 PH-SUM Foxa1 Glut,102 DMH-LHA Gsx1 Gaba,False,Uncx,2.469,0.041,41.8,0.7,2.428
LM,141 PH-SUM Foxa1 Glut,102 DMH-LHA Gsx1 Gaba,False,Barhl2,2.25,0.018,37.2,0.3,2.232
LM,141 PH-SUM Foxa1 Glut,102 DMH-LHA Gsx1 Gaba,False,Foxa1,1.872,0.008,30.4,0.1,1.864
LM,141 PH-SUM Foxa1 Glut,126 ARH-PVp Tbx3 Glut,False,Pitx2,5.877,0.061,81.4,1.1,5.816
LM,141 PH-SUM Foxa1 Glut,126 ARH-PVp Tbx3 Glut,False,Lmx1a,5.58,0.044,76.8,0.8,5.537
LM,141 PH-SUM Foxa1 Glut,126 ARH-PVp Tbx3 Glut,False,Ebf1,5.074,0.082,62.5,1.5,4.992
LM,141 PH-SUM Foxa1 Glut,126 ARH-PVp Tbx3 Glut,False,Adcyap1,5.269,0.839,67.7,12.1,4.43
LM,141 PH-SUM Foxa1 Glut,126 ARH-PVp Tbx3 Glut,False,Nfib,3.48,0.32,42.9,5.3,3.16
LM,141 PH-SUM Foxa1 Glut,126 ARH-PVp Tbx3 Glut,False,Foxp2,3.557,0.547,44.9,8.8,3.01
LM,141 PH-SUM Foxa1 Glut,126 ARH-PVp Tbx3 Glut,False,Nxph4,2.589,0.126,37.5,2.3,2.462
LM,141 PH-SUM Foxa1 Glut,126 ARH-PVp Tbx3 Glut,False,Uncx,2.469,0.028,41.8,0.5,2.44
LM,141 PH-SUM Foxa1 Glut,126 ARH-PVp Tbx3 Glut,False,Barhl2,2.25,0.014,37.2,0.3,2.235
LM,141 PH-SUM Foxa1 Glut,126 ARH-PVp Tbx3 Glut,False,Foxa1,1.872,0.005,30.4,0.1,1.867
LM,141 PH-SUM Foxa1 Glut,126 ARH-PVp Tbx3 Glut,False,Bcl11b,2.063,0.204,29.6,3.4,1.859
LM,141 PH-SUM Foxa1 Glut,126 ARH-PVp Tbx3 Glut,False,Ntsr1,2.091,0.603,33.2,10.6,1.488
LM,141 PH-SUM Foxa1 Glut,132 AHN-RCH-LHA Otp Fezf1 Glut,False,Nr4a2,6.03,0.044,76.9,0.7,5.986
LM,141 PH-SUM Foxa1 Glut,132 AHN-RCH-LHA Otp Fezf1 Glut,False,Pitx2,5.877,0.047,81.4,0.8,5.83
LM,141 PH-SUM Foxa1 Glut,132 AHN-RCH-LHA Otp Fezf1 Glut,False,Lmx1a,5.58,0.032,76.8,0.5,5.548
LM,141 PH-SUM Foxa1 Glut,132 AHN-RCH-LHA Otp Fezf1 Glut,False,Foxp2,3.557,0.798,44.9,11.4,2.76
LM,141 PH-SUM Foxa1 Glut,132 AHN-RCH-LHA Otp Fezf1 Glut,False,Nfib,3.48,0.763,42.9,10.4,2.717
LM,141 PH-SUM Foxa1 Glut,132 AHN-RCH-LHA Otp Fezf1 Glut,False,Barhl2,2.25,0.023,37.2,0.4,2.226
LM,141 PH-SUM Foxa1 Glut,132 AHN-RCH-LHA Otp Fezf1 Glut,False,Foxa1,1.872,0.005,30.4,0.1,1.867
LM,141 PH-SUM Foxa1 Glut,132 AHN-RCH-LHA Otp Fezf1 Glut,False,Ntsr1,2.091,0.434,33.2,7.6,1.658
LM,141 PH-SUM Foxa1 Glut,132 AHN-RCH-LHA Otp Fezf1 Glut,False,Bcl11b,2.063,0.84,29.6,13.3,1.223
LM,141 PH-SUM Foxa1 Glut,132 AHN-RCH-LHA Otp Fezf1 Glut,False,Cnih3,1.826,0.822,30.2,14.2,1.004
LM,141 PH-SUM Foxa1 Glut,138 PH Pitx2 Glut,True,Nfib,3.48,0.155,42.9,2.7,3.325
LM,141 PH-SUM Foxa1 Glut,138 PH Pitx2 Glut,True,Ntsr1,2.091,0.254,33.2,4.4,1.838
LM,141 PH-SUM Foxa1 Glut,138 PH Pitx2 Glut,True,Barhl2,2.25,0.51,37.2,8.8,1.739
LM,141 PH-SUM Foxa1 Glut,138 PH Pitx2 Glut,True,Bcl11b,2.063,0.955,29.6,14.8,1.108
LM,141 PH-SUM Foxa1 Glut,143 MM-ant Foxb1 Glut,False,Nr4a2,6.03,0.127,76.9,2.3,5.903
LM,141 PH-SUM Foxa1 Glut,143 MM-ant Foxb1 Glut,False,Lmx1a,5.58,0.034,76.8,0.6,5.547
LM,141 PH-SUM Foxa1 Glut,143 MM-ant Foxb1 Glut,False,Sema5a,5.684,0.17,71.4,3.0,5.515
LM,141 PH-SUM Foxa1 Glut,143 MM-ant Foxb1 Glut,False,Ebf1,5.074,0.133,62.5,2.3,4.941
LM,141 PH-SUM Foxa1 Glut,143 MM-ant Foxb1 Glut,False,Foxp2,3.557,0.087,44.9,1.5,3.47
LM,141 PH-SUM Foxa1 Glut,143 MM-ant Foxb1 Glut,False,Gfra1,3.913,0.606,54.1,10.5,3.307
LM,141 PH-SUM Foxa1 Glut,143 MM-ant Foxb1 Glut,False,Nfib,3.48,0.218,42.9,3.8,3.262
LM,141 PH-SUM Foxa1 Glut,143 MM-ant Foxb1 Glut,False,Necab1,3.696,0.467,49.1,7.4,3.229
LM,141 PH-SUM Foxa1 Glut,143 MM-ant Foxb1 Glut,False,Whrn,2.822,0.473,45.9,8.3,2.349
LM,141 PH-SUM Foxa1 Glut,143 MM-ant Foxb1 Glut,False,Barhl2,2.25,0.03,37.2,0.6,2.22
LM,141 PH-SUM Foxa1 Glut,143 MM-ant Foxb1 Glut,False,Bcl11b,2.063,0.081,29.6,1.5,1.983
LM,141 PH-SUM Foxa1 Glut,143 MM-ant Foxb1 Glut,False,Ntsr1,2.091,0.165,33.2,3.0,1.926
LM,141 PH-SUM Foxa1 Glut,144 MM Foxb1 Glut,False,Nxph1,8.679,0.452,89.5,8.1,8.226
LM,141 PH-SUM Foxa1 Glut,144 MM Foxb1 Glut,False,Calb2,6.41,0.454,80.2,8.4,5.956
LM,141 PH-SUM Foxa1 Glut,144 MM Foxb1 Glut,False,Nr4a2,6.03,0.319,76.9,6.0,5.712
LM,141 PH-SUM Foxa1 Glut,144 MM Foxb1 Glut,False,Lmx1a,5.58,0.04,76.8,0.8,5.54
LM,141 PH-SUM Foxa1 Glut,144 MM Foxb1 Glut,False,Sema5a,5.684,0.164,71.4,3.0,5.52
LM,141 PH-SUM Foxa1 Glut,144 MM Foxb1 Glut,False,Ebf1,5.074,0.088,62.5,1.6,4.986
LM,141 PH-SUM Foxa1 Glut,144 MM Foxb1 Glut,False,Necab1,3.696,0.161,49.1,2.8,3.535
LM,141 PH-SUM Foxa1 Glut,144 MM Foxb1 Glut,False,Foxp2,3.557,0.109,44.9,2.0,3.448
LM,141 PH-SUM Foxa1 Glut,144 MM Foxb1 Glut,False,Gfra1,3.913,0.571,54.1,10.3,3.341
LM,141 PH-SUM Foxa1 Glut,144 MM Foxb1 Glut,False,Whrn,2.822,0.155,45.9,2.8,2.667
LM,141 PH-SUM Foxa1 Glut,144 MM Foxb1 Glut,False,Barhl2,2.25,0.032,37.2,0.6,2.218
LM,141 PH-SUM Foxa1 Glut,144 MM Foxb1 Glut,False,Pcdh8,2.291,0.078,38.1,1.4,2.213
LM,143 MM-ant Foxb1 Glut,102 DMH-LHA Gsx1 Gaba,True,Foxb1,8.491,0.049,96.8,0.8,8.441
LM,143 MM-ant Foxb1 Glut,102 DMH-LHA Gsx1 Gaba,True,Slc17a6,8.878,0.458,98.4,7.7,8.42
LM,143 MM-ant Foxb1 Glut,102 DMH-LHA Gsx1 Gaba,True,Rprm,8.707,0.727,98.0,12.0,7.979
LM,143 MM-ant Foxb1 Glut,102 DMH-LHA Gsx1 Gaba,True,Adcyap1,7.838,0.53,93.5,8.7,7.308
LM,143 MM-ant Foxb1 Glut,102 DMH-LHA Gsx1 Gaba,True,Nxph4,6.208,0.11,82.8,1.9,6.098
LM,143 MM-ant Foxb1 Glut,102 DMH-LHA Gsx1 Gaba,True,Cck,5.889,0.107,81.8,1.7,5.782
LM,143 MM-ant Foxb1 Glut,102 DMH-LHA Gsx1 Gaba,True,Pitx2,4.741,0.054,70.9,0.9,4.687
LM,143 MM-ant Foxb1 Glut,102 DMH-LHA Gsx1 Gaba,True,Nkx2-1,5.29,0.707,77.2,11.8,4.584
LM,143 MM-ant Foxb1 Glut,102 DMH-LHA Gsx1 Gaba,True,Sim1,4.3,0.049,61.9,0.8,4.251
LM,143 MM-ant Foxb1 Glut,102 DMH-LHA Gsx1 Gaba,True,Pvalb,3.516,0.163,49.4,2.7,3.353
LM,143 MM-ant Foxb1 Glut,102 DMH-LHA Gsx1 Gaba,True,Uncx,2.857,0.041,48.3,0.7,2.816
LM,143 MM-ant Foxb1 Glut,102 DMH-LHA Gsx1 Gaba,True,Lhx5,3.276,0.843,54.1,14.2,2.433
LM,143 MM-ant Foxb1 Glut,126 ARH-PVp Tbx3 Glut,True,Foxb1,8.491,0.063,96.8,1.1,8.427
LM,143 MM-ant Foxb1 Glut,126 ARH-PVp Tbx3 Glut,True,Adcyap1,7.838,0.839,93.5,12.1,6.999
LM,143 MM-ant Foxb1 Glut,126 ARH-PVp Tbx3 Glut,True,Nxph4,6.208,0.126,82.8,2.3,6.081
LM,143 MM-ant Foxb1 Glut,126 ARH-PVp Tbx3 Glut,True,Lhx1,5.871,0.089,79.5,1.5,5.782
LM,143 MM-ant Foxb1 Glut,126 ARH-PVp Tbx3 Glut,True,Cck,5.889,0.208,81.8,3.3,5.681
LM,143 MM-ant Foxb1 Glut,126 ARH-PVp Tbx3 Glut,True,Pitx2,4.741,0.061,70.9,1.1,4.68
LM,143 MM-ant Foxb1 Glut,126 ARH-PVp Tbx3 Glut,True,Sim1,4.3,0.068,61.9,1.2,4.232
LM,143 MM-ant Foxb1 Glut,126 ARH-PVp Tbx3 Glut,True,Cnih3,4.634,0.494,59.3,8.7,4.14
LM,143 MM-ant Foxb1 Glut,126 ARH-PVp Tbx3 Glut,True,Pvalb,3.516,0.228,49.4,3.9,3.287
LM,143 MM-ant Foxb1 Glut,126 ARH-PVp Tbx3 Glut,True,Nts,3.39,0.163,47.9,2.8,3.227
LM,143 MM-ant Foxb1 Glut,126 ARH-PVp Tbx3 Glut,True,Uncx,2.857,0.028,48.3,0.5,2.829
LM,143 MM-ant Foxb1 Glut,126 ARH-PVp Tbx3 Glut,True,Pnoc,3.416,0.648,54.4,11.7,2.767
LM,143 MM-ant Foxb1 Glut,132 AHN-RCH-LHA Otp Fezf1 Glut,True,Foxb1,8.491,0.035,96.8,0.7,8.455
LM,143 MM-ant Foxb1 Glut,132 AHN-RCH-LHA Otp Fezf1 Glut,True,Cartpt,6.918,0.645,89.1,9.9,6.272
LM,143 MM-ant Foxb1 Glut,132 AHN-RCH-LHA Otp Fezf1 Glut,True,Lhx1,5.871,0.057,79.5,1.0,5.814
LM,143 MM-ant Foxb1 Glut,132 AHN-RCH-LHA Otp Fezf1 Glut,True,Cck,5.889,0.12,81.8,2.0,5.77
LM,143 MM-ant Foxb1 Glut,132 AHN-RCH-LHA Otp Fezf1 Glut,True,Nkx2-1,5.29,0.06,77.2,1.0,5.23
LM,143 MM-ant Foxb1 Glut,132 AHN-RCH-LHA Otp Fezf1 Glut,True,Pitx2,4.741,0.047,70.9,0.8,4.694
LM,143 MM-ant Foxb1 Glut,132 AHN-RCH-LHA Otp Fezf1 Glut,True,Cnih3,4.634,0.822,59.3,14.2,3.812
LM,143 MM-ant Foxb1 Glut,132 AHN-RCH-LHA Otp Fezf1 Glut,True,Pvalb,3.516,0.181,49.4,3.2,3.335
LM,143 MM-ant Foxb1 Glut,132 AHN-RCH-LHA Otp Fezf1 Glut,True,Nts,3.39,0.254,47.9,4.6,3.136
LM,143 MM-ant Foxb1 Glut,132 AHN-RCH-LHA Otp Fezf1 Glut,True,Npy,2.484,0.071,35.3,1.2,2.413
LM,143 MM-ant Foxb1 Glut,132 AHN-RCH-LHA Otp Fezf1 Glut,True,Myh8,1.683,0.172,28.0,3.1,1.512
LM,143 MM-ant Foxb1 Glut,132 AHN-RCH-LHA Otp Fezf1 Glut,True,Npnt,1.843,0.505,31.5,9.0,1.338
LM,143 MM-ant Foxb1 Glut,138 PH Pitx2 Glut,False,Foxb1,8.491,0.101,96.8,1.8,8.39
LM,143 MM-ant Foxb1 Glut,138 PH Pitx2 Glut,False,Cartpt,6.918,0.333,89.1,6.2,6.585
LM,143 MM-ant Foxb1 Glut,138 PH Pitx2 Glut,False,Lhx1,5.871,0.251,79.5,3.8,5.62
LM,143 MM-ant Foxb1 Glut,138 PH Pitx2 Glut,False,Nkx2-1,5.29,0.171,77.2,3.0,5.119
LM,143 MM-ant Foxb1 Glut,138 PH Pitx2 Glut,False,Sim1,4.3,0.218,61.9,3.2,4.082
LM,143 MM-ant Foxb1 Glut,138 PH Pitx2 Glut,False,Pvalb,3.516,0.137,49.4,2.4,3.379
LM,143 MM-ant Foxb1 Glut,138 PH Pitx2 Glut,False,Lhx5,3.276,0.159,54.1,2.6,3.117
LM,143 MM-ant Foxb1 Glut,138 PH Pitx2 Glut,False,Otof,3.04,0.708,47.8,12.0,2.331
LM,143 MM-ant Foxb1 Glut,138 PH Pitx2 Glut,False,Npy,2.484,0.322,35.3,5.5,2.162
LM,143 MM-ant Foxb1 Glut,138 PH Pitx2 Glut,False,Myh8,1.683,0.008,28.0,0.2,1.675
LM,143 MM-ant Foxb1 Glut,141 PH-SUM Foxa1 Glut,False,Foxb1,8.491,0.162,96.8,3.2,8.328
LM,143 MM-ant Foxb1 Glut,141 PH-SUM Foxa1 Glut,False,Cartpt,6.918,0.468,89.1,8.2,6.45
LM,143 MM-ant Foxb1 Glut,141 PH-SUM Foxa1 Glut,False,Lhx1,5.871,0.077,79.5,1.5,5.794
LM,143 MM-ant Foxb1 Glut,141 PH-SUM Foxa1 Glut,False,Nkx2-1,5.29,0.214,77.2,4.1,5.077
LM,143 MM-ant Foxb1 Glut,141 PH-SUM Foxa1 Glut,False,Sim1,4.3,0.411,61.9,6.3,3.889
LM,143 MM-ant Foxb1 Glut,141 PH-SUM Foxa1 Glut,False,Pvalb,3.516,0.212,49.4,3.8,3.304
LM,143 MM-ant Foxb1 Glut,141 PH-SUM Foxa1 Glut,False,Nts,3.39,0.203,47.9,3.6,3.187
LM,143 MM-ant Foxb1 Glut,141 PH-SUM Foxa1 Glut,False,Lhx5,3.276,0.171,54.1,3.0,3.104
LM,143 MM-ant Foxb1 Glut,141 PH-SUM Foxa1 Glut,False,Pnoc,3.416,0.508,54.4,8.9,2.907
LM,143 MM-ant Foxb1 Glut,141 PH-SUM Foxa1 Glut,False,Npy,2.484,0.179,35.3,3.2,2.305
LM,143 MM-ant Foxb1 Glut,141 PH-SUM Foxa1 Glut,False,Otof,3.04,0.796,47.8,13.6,2.243
LM,143 MM-ant Foxb1 Glut,141 PH-SUM Foxa1 Glut,False,Myh8,1.683,0.024,28.0,0.5,1.659
LM,143 MM-ant Foxb1 Glut,144 MM Foxb1 Glut,True,Otof,3.04,0.432,47.8,7.9,2.607
LM,143 MM-ant Foxb1 Glut,144 MM Foxb1 Glut,True,Nxph1,2.922,0.452,40.4,8.1,2.469
LM,143 MM-ant Foxb1 Glut,144 MM Foxb1 Glut,True,Sulf1,1.693,0.158,27.6,2.9,1.535
LM,143 MM-ant Foxb1 Glut,144 MM Foxb1 Glut,True,Drd2,1.586,0.061,25.1,1.1,1.526
LM,144 MM Foxb1 Glut,102 DMH-LHA Gsx1 Gaba,True,Slc17a6,8.854,0.458,98.4,7.7,8.395
LM,144 MM Foxb1 Glut,102 DMH-LHA Gsx1 Gaba,True,Foxb1,8.424,0.049,97.4,0.8,8.375
LM,144 MM Foxb1 Glut,102 DMH-LHA Gsx1 Gaba,True,Adcyap1,8.809,0.53,98.5,8.7,8.278
LM,144 MM Foxb1 Glut,102 DMH-LHA Gsx1 Gaba,True,Rprm,8.071,0.727,93.0,12.0,7.344
LM,144 MM Foxb1 Glut,102 DMH-LHA Gsx1 Gaba,True,Cck,6.962,0.107,92.5,1.7,6.855
LM,144 MM Foxb1 Glut,102 DMH-LHA Gsx1 Gaba,True,Nxph4,5.929,0.11,80.4,1.9,5.819
LM,144 MM Foxb1 Glut,102 DMH-LHA Gsx1 Gaba,True,Sim1,5.769,0.049,81.0,0.8,5.72
LM,144 MM Foxb1 Glut,102 DMH-LHA Gsx1 Gaba,True,Pitx2,5.5,0.054,79.8,0.9,5.446
LM,144 MM Foxb1 Glut,102 DMH-LHA Gsx1 Gaba,True,Nkx2-1,5.616,0.707,82.8,11.8,4.909
LM,144 MM Foxb1 Glut,102 DMH-LHA Gsx1 Gaba,True,Pvalb,4.644,0.163,66.4,2.7,4.481
LM,144 MM Foxb1 Glut,102 DMH-LHA Gsx1 Gaba,True,Uncx,3.167,0.041,55.5,0.7,3.127
LM,144 MM Foxb1 Glut,102 DMH-LHA Gsx1 Gaba,True,Nhlh2,3.037,0.036,51.6,0.6,3.0
LM,144 MM Foxb1 Glut,126 ARH-PVp Tbx3 Glut,True,Foxb1,8.424,0.063,97.4,1.1,8.361
LM,144 MM Foxb1 Glut,126 ARH-PVp Tbx3 Glut,True,Adcyap1,8.809,0.839,98.5,12.1,7.97
LM,144 MM Foxb1 Glut,126 ARH-PVp Tbx3 Glut,True,Cck,6.962,0.208,92.5,3.3,6.754
LM,144 MM Foxb1 Glut,126 ARH-PVp Tbx3 Glut,True,Cnih3,7.109,0.494,89.8,8.7,6.615
LM,144 MM Foxb1 Glut,126 ARH-PVp Tbx3 Glut,True,Lhx1,6.115,0.089,84.9,1.5,6.025
LM,144 MM Foxb1 Glut,126 ARH-PVp Tbx3 Glut,True,Nxph4,5.929,0.126,80.4,2.3,5.802
LM,144 MM Foxb1 Glut,126 ARH-PVp Tbx3 Glut,True,Sim1,5.769,0.068,81.0,1.2,5.701
LM,144 MM Foxb1 Glut,126 ARH-PVp Tbx3 Glut,True,Pitx2,5.5,0.061,79.8,1.1,5.439
LM,144 MM Foxb1 Glut,126 ARH-PVp Tbx3 Glut,True,Pvalb,4.644,0.228,66.4,3.9,4.415
LM,144 MM Foxb1 Glut,126 ARH-PVp Tbx3 Glut,True,Uncx,3.167,0.028,55.5,0.5,3.139
LM,144 MM Foxb1 Glut,126 ARH-PVp Tbx3 Glut,True,Npnt,3.088,0.328,52.5,6.0,2.76
LM,144 MM Foxb1 Glut,126 ARH-PVp Tbx3 Glut,True,Maf,3.029,0.404,50.4,7.0,2.625
LM,144 MM Foxb1 Glut,132 AHN-RCH-LHA Otp Fezf1 Glut,True,Foxb1,8.424,0.035,97.4,0.7,8.389
LM,144 MM Foxb1 Glut,132 AHN-RCH-LHA Otp Fezf1 Glut,True,Cartpt,7.595,0.645,94.8,9.9,6.95
LM,144 MM Foxb1 Glut,132 AHN-RCH-LHA Otp Fezf1 Glut,True,Cck,6.962,0.12,92.5,2.0,6.842
LM,144 MM Foxb1 Glut,132 AHN-RCH-LHA Otp Fezf1 Glut,True,Cnih3,7.109,0.822,89.8,14.2,6.287
LM,144 MM Foxb1 Glut,132 AHN-RCH-LHA Otp Fezf1 Glut,True,Lhx1,6.115,0.057,84.9,1.0,6.058
LM,144 MM Foxb1 Glut,132 AHN-RCH-LHA Otp Fezf1 Glut,True,Nkx2-1,5.616,0.06,82.8,1.0,5.555
LM,144 MM Foxb1 Glut,132 AHN-RCH-LHA Otp Fezf1 Glut,True,Pitx2,5.5,0.047,79.8,0.8,5.453
LM,144 MM Foxb1 Glut,132 AHN-RCH-LHA Otp Fezf1 Glut,True,Pvalb,4.644,0.181,66.4,3.2,4.463
LM,144 MM Foxb1 Glut,132 AHN-RCH-LHA Otp Fezf1 Glut,True,Maf,3.029,0.205,50.4,3.6,2.824
LM,144 MM Foxb1 Glut,132 AHN-RCH-LHA Otp Fezf1 Glut,True,Npy,2.76,0.071,42.6,1.2,2.689
LM,144 MM Foxb1 Glut,132 AHN-RCH-LHA Otp Fezf1 Glut,True,Npnt,3.088,0.505,52.5,9.0,2.583
LM,144 MM Foxb1 Glut,132 AHN-RCH-LHA Otp Fezf1 Glut,True,Myh8,1.952,0.172,35.4,3.1,1.781
LM,144 MM Foxb1 Glut,138 PH Pitx2 Glut,False,Foxb1,8.424,0.101,97.4,1.8,8.324
LM,144 MM Foxb1 Glut,138 PH Pitx2 Glut,False,Cartpt,7.595,0.333,94.8,6.2,7.263
LM,144 MM Foxb1 Glut,138 PH Pitx2 Glut,False,Lhx1,6.115,0.251,84.9,3.8,5.864
LM,144 MM Foxb1 Glut,138 PH Pitx2 Glut,False,Sim1,5.769,0.218,81.0,3.2,5.551
LM,144 MM Foxb1 Glut,138 PH Pitx2 Glut,False,Nkx2-1,5.616,0.171,82.8,3.0,5.445
LM,144 MM Foxb1 Glut,138 PH Pitx2 Glut,False,Pvalb,4.644,0.137,66.4,2.4,4.507
LM,144 MM Foxb1 Glut,138 PH Pitx2 Glut,False,Lhx5,3.216,0.159,56.0,2.6,3.057
LM,144 MM Foxb1 Glut,138 PH Pitx2 Glut,False,Maf,3.029,0.306,50.4,5.2,2.723
LM,144 MM Foxb1 Glut,138 PH Pitx2 Glut,False,Npy,2.76,0.322,42.6,5.5,2.438
LM,144 MM Foxb1 Glut,138 PH Pitx2 Glut,False,Myh8,1.952,0.008,35.4,0.2,1.944
LM,144 MM Foxb1 Glut,141 PH-SUM Foxa1 Glut,False,Foxb1,8.424,0.162,97.4,3.2,8.262
LM,144 MM Foxb1 Glut,141 PH-SUM Foxa1 Glut,False,Cartpt,7.595,0.468,94.8,8.2,7.128
LM,144 MM Foxb1 Glut,141 PH-SUM Foxa1 Glut,False,Lhx1,6.115,0.077,84.9,1.5,6.037
LM,144 MM Foxb1 Glut,141 PH-SUM Foxa1 Glut,False,Nkx2-1,5.616,0.214,82.8,4.1,5.402
LM,144 MM Foxb1 Glut,141 PH-SUM Foxa1 Glut,False,Sim1,5.769,0.411,81.0,6.3,5.358
LM,144 MM Foxb1 Glut,141 PH-SUM Foxa1 Glut,False,Pvalb,4.644,0.212,66.4,3.8,4.432
LM,144 MM Foxb1 Glut,141 PH-SUM Foxa1 Glut,False,Lhx5,3.216,0.171,56.0,3.0,3.045
LM,144 MM Foxb1 Glut,141 PH-SUM Foxa1 Glut,False,Maf,3.029,0.103,50.4,1.9,2.927
LM,144 MM Foxb1 Glut,141 PH-SUM Foxa1 Glut,False,Npy,2.76,0.179,42.6,3.2,2.581
LM,144 MM Foxb1 Glut,141 PH-SUM Foxa1 Glut,False,Npnt,3.088,0.672,52.5,11.9,2.415
LM,144 MM Foxb1 Glut,141 PH-SUM Foxa1 Glut,False,Myh8,1.952,0.024,35.4,0.5,1.928
LM,144 MM Foxb1 Glut,141 PH-SUM Foxa1 Glut,False,Pnoc,1.686,0.508,28.8,8.9,1.178
ORBm,004 L6 IT CTX Glut,005 L5 IT CTX Glut,False,Whrn,2.476,0.264,40.0,4.8,2.212
ORBm,004 L6 IT CTX Glut,005 L5 IT CTX Glut,False,Oprk1,2.456,0.403,37.4,7.0,2.053
ORBm,004 L6 IT CTX Glut,005 L5 IT CTX Glut,False,Penk,2.049,0.42,31.7,7.6,1.629
ORBm,004 L6 IT CTX Glut,006 L4/5 IT CTX Glut,False,Sulf1,5.617,0.24,74.2,4.4,5.377
ORBm,004 L6 IT CTX Glut,006 L4/5 IT CTX Glut,False,Ptpru,4.427,0.629,66.7,11.7,3.798
ORBm,004 L6 IT CTX Glut,006 L4/5 IT CTX Glut,False,Sema5b,3.358,0.506,51.6,9.1,2.852
ORBm,004 L6 IT CTX Glut,006 L4/5 IT CTX Glut,False,Drd1,2.678,0.248,44.4,4.5,2.429
ORBm,004 L6 IT CTX Glut,006 L4/5 IT CTX Glut,False,Oprk1,2.456,0.101,37.4,1.8,2.355
ORBm,004 L6 IT CTX Glut,006 L4/5 IT CTX Glut,False,Sema5a,2.714,0.476,41.2,8.5,2.238
ORBm,004 L6 IT CTX Glut,006 L4/5 IT CTX Glut,False,Penk,2.049,0.185,31.7,3.3,1.864
ORBm,004 L6 IT CTX Glut,006 L4/5 IT CTX Glut,False,Ntsr1,1.67,0.287,29.0,5.3,1.383
ORBm,004 L6 IT CTX Glut,007 L2/3 IT CTX Glut,False,Thsd7b,3.804,0.493,56.4,8.9,3.312
ORBm,004 L6 IT CTX Glut,007 L2/3 IT CTX Glut,False,Rai14,2.81,0.204,45.3,3.7,2.606
ORBm,004 L6 IT CTX Glut,007 L2/3 IT CTX Glut,False,Oprk1,2.456,0.039,37.4,0.7,2.417
ORBm,004 L6 IT CTX Glut,007 L2/3 IT CTX Glut,False,Drd1,2.678,0.284,44.4,5.1,2.394
ORBm,004 L6 IT CTX Glut,007 L2/3 IT CTX Glut,False,Sema5a,2.714,0.353,41.2,6.5,2.361
ORBm,004 L6 IT CTX Glut,007 L2/3 IT CTX Glut,False,Whrn,2.476,0.221,40.0,4.1,2.255
ORBm,004 L6 IT CTX Glut,022 L5 ET CTX Glut,False,Sulf1,5.617,0.322,74.2,6.0,5.296
ORBm,004 L6 IT CTX Glut,022 L5 ET CTX Glut,False,Slc30a3,4.881,0.76,72.3,13.4,4.121
ORBm,004 L6 IT CTX Glut,022 L5 ET CTX Glut,False,Thsd7b,3.804,0.48,56.4,8.8,3.325
ORBm,004 L6 IT CTX Glut,022 L5 ET CTX Glut,False,Sema5b,3.358,0.262,51.6,4.9,3.096
ORBm,004 L6 IT CTX Glut,022 L5 ET CTX Glut,False,Drd1,2.678,0.055,44.4,1.0,2.622
ORBm,004 L6 IT CTX Glut,022 L5 ET CTX Glut,False,Rai14,2.81,0.249,45.3,4.6,2.561
ORBm,004 L6 IT CTX Glut,022 L5 ET CTX Glut,False,Oprk1,2.456,0.02,37.4,0.4,2.436
ORBm,004 L6 IT CTX Glut,022 L5 ET CTX Glut,False,Sema5a,2.714,0.402,41.2,7.2,2.312
ORBm,004 L6 IT CTX Glut,022 L5 ET CTX Glut,False,Whrn,2.476,0.183,40.0,3.4,2.293
ORBm,004 L6 IT CTX Glut,022 L5 ET CTX Glut,False,Penk,2.049,0.227,31.7,4.2,1.822
ORBm,004 L6 IT CTX Glut,022 L5 ET CTX Glut,False,Calb1,1.9,0.809,32.2,14.7,1.091
ORBm,004 L6 IT CTX Glut,029 L6b CTX Glut,True,Slc30a3,4.881,0.253,72.3,4.6,4.628
ORBm,004 L6 IT CTX Glut,029 L6b CTX Glut,True,Matn2,2.919,0.406,46.6,7.2,2.514
ORBm,004 L6 IT CTX Glut,029 L6b CTX Glut,True,Oprk1,2.456,0.041,37.4,0.7,2.415
ORBm,004 L6 IT CTX Glut,029 L6b CTX Glut,True,Penk,2.049,0.151,31.7,2.6,1.898
ORBm,004 L6 IT CTX Glut,029 L6b CTX Glut,True,Rorb,2.043,0.449,28.9,7.8,1.594
ORBm,004 L6 IT CTX Glut,029 L6b CTX Glut,True,Calb1,1.9,0.381,32.2,6.8,1.518
ORBm,004 L6 IT CTX Glut,029 L6b CTX Glut,True,Npy,2.196,0.762,32.6,13.5,1.434
ORBm,004 L6 IT CTX Glut,029 L6b CTX Glut,True,Vat1l,1.823,0.44,31.3,8.0,1.383
ORBm,004 L6 IT CTX Glut,030 L6 CT CTX Glut,True,Slc30a3,4.881,0.261,72.3,4.7,4.62
ORBm,004 L6 IT CTX Glut,030 L6 CT CTX Glut,True,Oprk1,2.456,0.05,37.4,0.9,2.406
ORBm,004 L6 IT CTX Glut,030 L6 CT CTX Glut,True,Penk,2.049,0.132,31.7,2.4,1.917
ORBm,004 L6 IT CTX Glut,030 L6 CT CTX Glut,True,Rorb,2.043,0.501,28.9,8.8,1.542
ORBm,004 L6 IT CTX Glut,030 L6 CT CTX Glut,True,Calb1,1.9,0.412,32.2,7.4,1.487
ORBm,004 L6 IT CTX Glut,030 L6 CT CTX Glut,True,Vat1l,1.823,0.425,31.3,7.5,1.398
ORBm,004 L6 IT CTX Glut,030 L6 CT CTX Glut,True,Npy,2.196,0.813,32.6,14.4,1.384
ORBm,004 L6 IT CTX Glut,032 L5 NP CTX Glut,False,Zfp804b,7.498,0.839,86.0,12.3,6.659
ORBm,004 L6 IT CTX Glut,032 L5 NP CTX Glut,False,Sulf1,5.617,0.275,74.2,4.3,5.342
ORBm,004 L6 IT CTX Glut,032 L5 NP CTX Glut,False,Slc30a3,4.881,0.278,72.3,4.5,4.603
ORBm,004 L6 IT CTX Glut,032 L5 NP CTX Glut,False,Thsd7b,3.804,0.37,56.4,5.8,3.435
ORBm,004 L6 IT CTX Glut,032 L5 NP CTX Glut,False,Oprk1,2.456,0.028,37.4,0.5,2.428
ORBm,004 L6 IT CTX Glut,032 L5 NP CTX Glut,False,Nr4a2,2.493,0.105,38.5,1.7,2.388
ORBm,004 L6 IT CTX Glut,032 L5 NP CTX Glut,False,Whrn,2.476,0.393,40.0,6.4,2.083
ORBm,004 L6 IT CTX Glut,032 L5 NP CTX Glut,False,Penk,2.049,0.108,31.7,1.7,1.941
ORBm,004 L6 IT CTX Glut,032 L5 NP CTX Glut,False,Ntsr1,1.67,0.04,29.0,0.7,1.63
ORBm,004 L6 IT CTX Glut,032 L5 NP CTX Glut,False,Calb1,1.9,0.382,32.2,6.3,1.517
ORBm,004 L6 IT CTX Glut,032 L5 NP CTX Glut,False,Rgs14,1.877,0.385,33.1,6.6,1.492
ORBm,004 L6 IT CTX Glut,032 L5 NP CTX Glut,False,Npy,2.196,0.761,32.6,12.4,1.435
ORBm,004 L6 IT CTX Glut,046 Vip Gaba,False,Satb2,8.334,0.454,98.8,6.9,7.88
ORBm,004 L6 IT CTX Glut,046 Vip Gaba,False,Mpped1,7.645,0.957,96.8,14.6,6.688
ORBm,004 L6 IT CTX Glut,046 Vip Gaba,False,Spon1,5.926,0.347,78.1,5.3,5.579
ORBm,004 L6 IT CTX Glut,046 Vip Gaba,False,Sulf1,5.617,0.143,74.2,2.2,5.474
ORBm,004 L6 IT CTX Glut,046 Vip Gaba,False,Tbr1,5.541,0.363,81.7,5.6,5.177
ORBm,004 L6 IT CTX Glut,046 Vip Gaba,False,Slc30a3,4.881,0.643,72.3,10.1,4.238
ORBm,004 L6 IT CTX Glut,046 Vip Gaba,False,Meis2,4.644,0.655,65.5,10.0,3.989
ORBm,004 L6 IT CTX Glut,046 Vip Gaba,False,Ptpru,4.427,0.924,66.7,14.2,3.503
ORBm,004 L6 IT CTX Glut,046 Vip Gaba,False,Matn2,2.919,0.35,46.6,5.5,2.569
ORBm,004 L6 IT CTX Glut,046 Vip Gaba,False,Rai14,2.81,0.401,45.3,5.9,2.409
ORBm,004 L6 IT CTX Glut,046 Vip Gaba,False,Oprk1,2.456,0.127,37.4,1.9,2.329
ORBm,004 L6 IT CTX Glut,046 Vip Gaba,False,Drd1,2.678,0.526,44.4,8.1,2.152
ORBm,004 L6 IT CTX Glut,049 Lamp5 Gaba,False,Satb2,8.334,0.478,98.8,7.9,7.856
ORBm,004 L6 IT CTX Glut,049 Lamp5 Gaba,False,Spon1,5.926,0.446,78.1,7.4,5.48
ORBm,004 L6 IT CTX Glut,049 Lamp5 Gaba,False,Sulf1,5.617,0.229,74.2,3.8,5.389
ORBm,004 L6 IT CTX Glut,049 Lamp5 Gaba,False,Tbr1,5.541,0.442,81.7,7.1,5.099
ORBm,004 L6 IT CTX Glut,049 Lamp5 Gaba,False,Slc30a3,4.881,0.826,72.3,13.8,4.056
ORBm,004 L6 IT CTX Glut,049 Lamp5 Gaba,False,Meis2,4.644,0.676,65.5,10.9,3.968
ORBm,004 L6 IT CTX Glut,049 Lamp5 Gaba,False,Ptpru,4.427,0.481,66.7,7.7,3.946
ORBm,004 L6 IT CTX Glut,049 Lamp5 Gaba,False,Sema5b,3.358,0.278,51.6,4.7,3.08
ORBm,004 L6 IT CTX Glut,049 Lamp5 Gaba,False,Matn2,2.919,0.196,46.6,3.4,2.723
ORBm,004 L6 IT CTX Glut,049 Lamp5 Gaba,False,Rai14,2.81,0.131,45.3,2.1,2.679
ORBm,004 L6 IT CTX Glut,049 Lamp5 Gaba,False,Oprk1,2.456,0.024,37.4,0.4,2.432
ORBm,004 L6 IT CTX Glut,049 Lamp5 Gaba,False,Whrn,2.476,0.091,40.0,1.6,2.385
ORBm,004 L6 IT CTX Glut,052 Pvalb Gaba,False,Satb2,8.334,0.62,98.8,10.3,7.714
ORBm,004 L6 IT CTX Glut,052 Pvalb Gaba,False,Sulf1,5.617,0.178,74.2,3.0,5.439
ORBm,004 L6 IT CTX Glut,052 Pvalb Gaba,False,Tbr1,5.541,0.495,81.7,8.6,5.046
ORBm,004 L6 IT CTX Glut,052 Pvalb Gaba,False,Ptpru,4.427,0.308,66.7,5.4,4.119
ORBm,004 L6 IT CTX Glut,052 Pvalb Gaba,False,Meis2,4.644,0.585,65.5,10.2,4.059
ORBm,004 L6 IT CTX Glut,052 Pvalb Gaba,False,Sema5b,3.358,0.604,51.6,10.1,2.753
ORBm,004 L6 IT CTX Glut,052 Pvalb Gaba,False,Rai14,2.81,0.138,45.3,2.4,2.672
ORBm,004 L6 IT CTX Glut,052 Pvalb Gaba,False,Oprk1,2.456,0.017,37.4,0.3,2.44
ORBm,004 L6 IT CTX Glut,052 Pvalb Gaba,False,Rgs14,1.877,0.035,33.1,0.7,1.842
ORBm,004 L6 IT CTX Glut,052 Pvalb Gaba,False,Ntsr1,1.67,0.035,29.0,0.6,1.635
ORBm,004 L6 IT CTX Glut,052 Pvalb Gaba,False,Rorb,2.043,0.605,28.9,10.1,1.438
ORBm,004 L6 IT CTX Glut,052 Pvalb Gaba,False,Penk,2.049,0.71,31.7,10.8,1.339
ORBm,004 L6 IT CTX Glut,053 Sst Gaba,False,Satb2,8.334,0.554,98.8,9.4,7.779
ORBm,004 L6 IT CTX Glut,053 Sst Gaba,False,Nfib,7.887,0.789,96.0,13.5,7.098
ORBm,004 L6 IT CTX Glut,053 Sst Gaba,False,Sulf1,5.617,0.156,74.2,2.7,5.461
ORBm,004 L6 IT CTX Glut,053 Sst Gaba,False,Tbr1,5.541,0.516,81.7,9.0,5.024
ORBm,004 L6 IT CTX Glut,053 Sst Gaba,False,Meis2,4.644,0.632,65.5,10.9,4.012
ORBm,004 L6 IT CTX Glut,053 Sst Gaba,False,Sema5b,3.358,0.301,51.6,5.2,3.057
ORBm,004 L6 IT CTX Glut,053 Sst Gaba,False,Rai14,2.81,0.153,45.3,2.7,2.657
ORBm,004 L6 IT CTX Glut,053 Sst Gaba,False,Drd1,2.678,0.519,44.4,9.1,2.159
ORBm,004 L6 IT CTX Glut,053 Sst Gaba,False,Oprk1,2.456,0.411,37.4,7.0,2.045
ORBm,004 L6 IT CTX Glut,053 Sst Gaba,False,Nr4a2,2.493,0.658,38.5,10.3,1.835
ORBm,004 L6 IT CTX Glut,053 Sst Gaba,False,Rgs14,1.877,0.091,33.1,1.7,1.786
ORBm,004 L6 IT CTX Glut,053 Sst Gaba,False,Ntsr1,1.67,0.042,29.0,0.7,1.628
ORBm,005 L5 IT CTX Glut,004 L6 IT CTX Glut,False,Lamp5,2.696,0.769,42.2,13.2,1.927
ORBm,005 L5 IT CTX Glut,004 L6 IT CTX Glut,False,Maf,2.166,0.398,36.0,7.1,1.769
ORBm,005 L5 IT CTX Glut,004 L6 IT CTX Glut,False,Coch,1.569,0.481,28.1,8.7,1.089
ORBm,005 L5 IT CTX Glut,006 L4/5 IT CTX Glut,False,Sema5a,1.854,0.476,30.4,8.5,1.379
ORBm,005 L5 IT CTX Glut,006 L4/5 IT CTX Glut,False,Ptpru,1.976,0.629,34.1,11.7,1.347
ORBm,005 L5 IT CTX Glut,006 L4/5 IT CTX Glut,False,Sema5b,1.65,0.506,27.5,9.1,1.144
ORBm,005 L5 IT CTX Glut,007 L2/3 IT CTX Glut,False,Thsd7b,2.713,0.493,42.1,8.9,2.22
ORBm,005 L5 IT CTX Glut,007 L2/3 IT CTX Glut,False,Rai14,2.365,0.204,41.1,3.7,2.161
ORBm,005 L5 IT CTX Glut,007 L2/3 IT CTX Glut,False,Sema5a,1.854,0.353,30.4,6.5,1.501
ORBm,005 L5 IT CTX Glut,007 L2/3 IT CTX Glut,False,Maf,2.166,0.714,36.0,12.9,1.453
ORBm,005 L5 IT CTX Glut,022 L5 ET CTX Glut,True,Slc30a3,3.628,0.76,57.5,13.4,2.868
ORBm,005 L5 IT CTX Glut,022 L5 ET CTX Glut,True,Thsd7b,2.713,0.48,42.1,8.8,2.234
ORBm,005 L5 IT CTX Glut,022 L5 ET CTX Glut,True,Rai14,2.365,0.249,41.1,4.6,2.116
ORBm,005 L5 IT CTX Glut,022 L5 ET CTX Glut,True,Maf,2.166,0.184,36.0,3.5,1.983
ORBm,005 L5 IT CTX Glut,022 L5 ET CTX Glut,True,Sema5a,1.854,0.402,30.4,7.2,1.452
ORBm,005 L5 IT CTX Glut,022 L5 ET CTX Glut,True,Sema5b,1.65,0.262,27.5,4.9,1.388
ORBm,005 L5 IT CTX Glut,022 L5 ET CTX Glut,True,Gfra1,1.552,0.197,26.1,3.7,1.355
ORBm,005 L5 IT CTX Glut,022 L5 ET CTX Glut,True,Coch,1.569,0.331,28.1,6.5,1.239
ORBm,005 L5 IT CTX Glut,029 L6b CTX Glut,False,Rorb,6.329,0.449,81.8,7.8,5.881
ORBm,005 L5 IT CTX Glut,029 L6b CTX Glut,False,Adcyap1,3.716,0.234,57.9,4.2,3.483
ORBm,005 L5 IT CTX Glut,029 L6b CTX Glut,False,Slc30a3,3.628,0.253,57.5,4.6,3.375
ORBm,005 L5 IT CTX Glut,029 L6b CTX Glut,False,Tshz1,3.655,0.696,59.9,12.2,2.959
ORBm,005 L5 IT CTX Glut,029 L6b CTX Glut,False,Lamp5,2.696,0.268,42.2,4.8,2.429
ORBm,005 L5 IT CTX Glut,029 L6b CTX Glut,False,Vat1l,2.542,0.44,44.5,8.0,2.102
ORBm,005 L5 IT CTX Glut,029 L6b CTX Glut,False,Maf,2.166,0.11,36.0,1.9,2.057
ORBm,005 L5 IT CTX Glut,029 L6b CTX Glut,False,Calb1,1.655,0.381,28.9,6.8,1.274
ORBm,005 L5 IT CTX Glut,029 L6b CTX Glut,False,Coch,1.569,0.337,28.1,6.2,1.233
ORBm,005 L5 IT CTX Glut,029 L6b CTX Glut,False,Etv1,1.906,0.9,30.8,14.6,1.005
ORBm,005 L5 IT CTX Glut,030 L6 CT CTX Glut,False,Rorb,6.329,0.501,81.8,8.8,5.829
ORBm,005 L5 IT CTX Glut,030 L6 CT CTX Glut,False,Adcyap1,3.716,0.299,57.9,5.1,3.417
ORBm,005 L5 IT CTX Glut,030 L6 CT CTX Glut,False,Slc30a3,3.628,0.261,57.5,4.7,3.367
ORBm,005 L5 IT CTX Glut,030 L6 CT CTX Glut,False,Tshz1,3.655,0.789,59.9,14.2,2.866
ORBm,005 L5 IT CTX Glut,030 L6 CT CTX Glut,False,Vat1l,2.542,0.425,44.5,7.5,2.117
ORBm,005 L5 IT CTX Glut,030 L6 CT CTX Glut,False,Maf,2.166,0.174,36.0,3.1,1.993
ORBm,005 L5 IT CTX Glut,030 L6 CT CTX Glut,False,Coch,1.569,0.135,28.1,2.5,1.435
ORBm,005 L5 IT CTX Glut,030 L6 CT CTX Glut,False,Calb1,1.655,0.412,28.9,7.4,1.243
ORBm,005 L5 IT CTX Glut,032 L5 NP CTX Glut,True,Adcyap1,3.716,0.223,57.9,3.7,3.494
ORBm,005 L5 IT CTX Glut,032 L5 NP CTX Glut,True,Zfp804b,4.248,0.839,47.5,12.3,3.41
ORBm,005 L5 IT CTX Glut,032 L5 NP CTX Glut,True,Tshz1,3.655,0.262,59.9,4.3,3.393
ORBm,005 L5 IT CTX Glut,032 L5 NP CTX Glut,True,Slc30a3,3.628,0.278,57.5,4.5,3.35
ORBm,005 L5 IT CTX Glut,032 L5 NP CTX Glut,True,Nr4a2,2.574,0.105,42.0,1.7,2.469
ORBm,005 L5 IT CTX Glut,032 L5 NP CTX Glut,True,Lamp5,2.696,0.351,42.2,5.8,2.345
ORBm,005 L5 IT CTX Glut,032 L5 NP CTX Glut,True,Thsd7b,2.713,0.37,42.1,5.8,2.344
ORBm,005 L5 IT CTX Glut,032 L5 NP CTX Glut,True,Vat1l,2.542,0.549,44.5,8.9,1.993
ORBm,005 L5 IT CTX Glut,032 L5 NP CTX Glut,True,Deptor,2.744,0.904,45.2,15.0,1.839
ORBm,005 L5 IT CTX Glut,032 L5 NP CTX Glut,True,Maf,2.166,0.587,36.0,9.0,1.579
ORBm,005 L5 IT CTX Glut,032 L5 NP CTX Glut,True,Coch,1.569,0.136,28.1,2.3,1.434
ORBm,005 L5 IT CTX Glut,032 L5 NP CTX Glut,True,Gfra1,1.552,0.167,26.1,2.8,1.385
ORBm,005 L5 IT CTX Glut,046 Vip Gaba,False,Satb2,8.157,0.454,98.8,6.9,7.703
ORBm,005 L5 IT CTX Glut,046 Vip Gaba,False,Mpped1,7.586,0.957,97.4,14.6,6.629
ORBm,005 L5 IT CTX Glut,046 Vip Gaba,False,Rorb,6.329,0.822,81.8,12.3,5.507
ORBm,005 L5 IT CTX Glut,046 Vip Gaba,False,Tbr1,5.789,0.363,85.4,5.6,5.426
ORBm,005 L5 IT CTX Glut,046 Vip Gaba,False,Adcyap1,3.716,0.089,57.9,1.3,3.627
ORBm,005 L5 IT CTX Glut,046 Vip Gaba,False,Meis2,3.802,0.655,56.8,10.0,3.147
ORBm,005 L5 IT CTX Glut,046 Vip Gaba,False,Slc30a3,3.628,0.643,57.5,10.1,2.984
ORBm,005 L5 IT CTX Glut,046 Vip Gaba,False,Lamp5,2.696,0.285,42.2,4.4,2.411
ORBm,005 L5 IT CTX Glut,046 Vip Gaba,False,Nr4a2,2.574,0.443,42.0,6.5,2.131
ORBm,005 L5 IT CTX Glut,046 Vip Gaba,False,Rai14,2.365,0.401,41.1,5.9,1.964
ORBm,005 L5 IT CTX Glut,046 Vip Gaba,False,Spon1,2.26,0.347,37.2,5.3,1.912
ORBm,005 L5 IT CTX Glut,046 Vip Gaba,False,Rgs14,1.512,0.069,28.4,1.1,1.443
ORBm,005 L5 IT CTX Glut,049 Lamp5 Gaba,False,Satb2,8.157,0.478,98.8,7.9,7.679
ORBm,005 L5 IT CTX Glut,049 Lamp5 Gaba,False,Rorb,6.329,0.26,81.8,4.3,6.07
ORBm,005 L5 IT CTX Glut,049 Lamp5 Gaba,False,Tbr1,5.789,0.442,85.4,7.1,5.348
ORBm,005 L5 IT CTX Glut,049 Lamp5 Gaba,False,Adcyap1,3.716,0.24,57.9,3.9,3.477
ORBm,005 L5 IT CTX Glut,049 Lamp5 Gaba,False,Meis2,3.802,0.676,56.8,10.9,3.126
ORBm,005 L5 IT CTX Glut,049 Lamp5 Gaba,False,Slc30a3,3.628,0.826,57.5,13.8,2.802
ORBm,005 L5 IT CTX Glut,049 Lamp5 Gaba,False,Nr4a2,2.574,0.234,42.0,3.9,2.34
ORBm,005 L5 IT CTX Glut,049 Lamp5 Gaba,False,Rai14,2.365,0.131,41.1,2.1,2.234
ORBm,005 L5 IT CTX Glut,049 Lamp5 Gaba,False,Spon1,2.26,0.446,37.2,7.4,1.814
ORBm,005 L5 IT CTX Glut,049 Lamp5 Gaba,False,Ptpru,1.976,0.481,34.1,7.7,1.495
ORBm,005 L5 IT CTX Glut,049 Lamp5 Gaba,False,Rgs14,1.512,0.061,28.4,1.1,1.451
ORBm,005 L5 IT CTX Glut,049 Lamp5 Gaba,False,Etv1,1.906,0.491,30.8,8.2,1.414
ORBm,005 L5 IT CTX Glut,052 Pvalb Gaba,False,Satb2,8.157,0.62,98.8,10.3,7.537
ORBm,005 L5 IT CTX Glut,052 Pvalb Gaba,False,Rorb,6.329,0.605,81.8,10.1,5.724
ORBm,005 L5 IT CTX Glut,052 Pvalb Gaba,False,Tbr1,5.789,0.495,85.4,8.6,5.294
ORBm,005 L5 IT CTX Glut,052 Pvalb Gaba,False,Adcyap1,3.716,0.104,57.9,1.9,3.612
ORBm,005 L5 IT CTX Glut,052 Pvalb Gaba,False,Meis2,3.802,0.585,56.8,10.2,3.217
ORBm,005 L5 IT CTX Glut,052 Pvalb Gaba,False,Lamp5,2.696,0.286,42.2,5.0,2.411
ORBm,005 L5 IT CTX Glut,052 Pvalb Gaba,False,Rai14,2.365,0.138,41.1,2.4,2.227
ORBm,005 L5 IT CTX Glut,052 Pvalb Gaba,False,Ptpru,1.976,0.308,34.1,5.4,1.668
ORBm,005 L5 IT CTX Glut,052 Pvalb Gaba,False,Rgs14,1.512,0.035,28.4,0.7,1.478
ORBm,005 L5 IT CTX Glut,052 Pvalb Gaba,False,Coch,1.569,0.148,28.1,2.7,1.422
ORBm,005 L5 IT CTX Glut,052 Pvalb Gaba,False,Sema5b,1.65,0.604,27.5,10.1,1.045
ORBm,005 L5 IT CTX Glut,053 Sst Gaba,False,Satb2,8.157,0.554,98.8,9.4,7.603
ORBm,005 L5 IT CTX Glut,053 Sst Gaba,False,Rorb,6.329,0.425,81.8,7.3,5.904
ORBm,005 L5 IT CTX Glut,053 Sst Gaba,False,Nfib,6.615,0.789,88.0,13.5,5.825
ORBm,005 L5 IT CTX Glut,053 Sst Gaba,False,Tbr1,5.789,0.516,85.4,9.0,5.273
ORBm,005 L5 IT CTX Glut,053 Sst Gaba,False,Adcyap1,3.716,0.106,57.9,1.8,3.611
ORBm,005 L5 IT CTX Glut,053 Sst Gaba,False,Meis2,3.802,0.632,56.8,10.9,3.171
ORBm,005 L5 IT CTX Glut,053 Sst Gaba,False,Lamp5,2.696,0.278,42.2,4.9,2.418
ORBm,005 L5 IT CTX Glut,053 Sst Gaba,False,Rai14,2.365,0.153,41.1,2.7,2.212
ORBm,005 L5 IT CTX Glut,053 Sst Gaba,False,Nr4a2,2.574,0.658,42.0,10.3,1.915
ORBm,005 L5 IT CTX Glut,053 Sst Gaba,False,Gfra1,1.552,0.096,26.1,1.7,1.456
ORBm,005 L5 IT CTX Glut,053 Sst Gaba,False,Rgs14,1.512,0.091,28.4,1.7,1.421
ORBm,005 L5 IT CTX Glut,053 Sst Gaba,False,Sema5b,1.65,0.301,27.5,5.2,1.349
ORBm,006 L4/5 IT CTX Glut,004 L6 IT CTX Glut,False,Cux2,4.802,0.332,67.0,5.7,4.471
ORBm,006 L4/5 IT CTX Glut,004 L6 IT CTX Glut,False,Lamp5,4.328,0.769,65.5,13.2,3.559
ORBm,006 L4/5 IT CTX Glut,004 L6 IT CTX Glut,False,Gpr88,3.291,0.337,51.6,6.0,2.954
ORBm,006 L4/5 IT CTX Glut,004 L6 IT CTX Glut,False,Coch,3.434,0.481,56.7,8.7,2.953
ORBm,006 L4/5 IT CTX Glut,004 L6 IT CTX Glut,False,Tshz2,3.078,0.341,44.1,6.0,2.736
ORBm,006 L4/5 IT CTX Glut,004 L6 IT CTX Glut,False,Slc17a6,1.61,0.054,26.7,0.9,1.556
ORBm,006 L4/5 IT CTX Glut,004 L6 IT CTX Glut,False,Pou3f1,1.762,0.505,28.6,8.8,1.256
ORBm,006 L4/5 IT CTX Glut,004 L6 IT CTX Glut,False,Rprm,1.869,0.675,30.8,11.8,1.194
ORBm,006 L4/5 IT CTX Glut,005 L5 IT CTX Glut,False,Cux2,4.802,0.668,67.0,10.8,4.134
ORBm,006 L4/5 IT CTX Glut,005 L5 IT CTX Glut,False,Whrn,3.279,0.264,51.6,4.8,3.016
ORBm,006 L4/5 IT CTX Glut,005 L5 IT CTX Glut,False,Tshz2,3.078,0.455,44.1,8.0,2.623
ORBm,006 L4/5 IT CTX Glut,005 L5 IT CTX Glut,False,Gpr88,3.291,0.834,51.6,13.5,2.457
ORBm,006 L4/5 IT CTX Glut,005 L5 IT CTX Glut,False,Slc17a6,1.61,0.197,26.7,3.5,1.413
ORBm,006 L4/5 IT CTX Glut,007 L2/3 IT CTX Glut,False,Whrn,3.279,0.221,51.6,4.1,3.058
ORBm,006 L4/5 IT CTX Glut,007 L2/3 IT CTX Glut,False,Tshz2,3.078,0.724,44.1,11.9,2.354
ORBm,006 L4/5 IT CTX Glut,007 L2/3 IT CTX Glut,False,Fezf2,1.936,0.155,33.4,2.9,1.781
ORBm,006 L4/5 IT CTX Glut,007 L2/3 IT CTX Glut,False,Rprm,1.869,0.641,30.8,11.5,1.228
ORBm,006 L4/5 IT CTX Glut,022 L5 ET CTX Glut,False,Slc30a3,5.965,0.76,84.7,13.4,5.204
ORBm,006 L4/5 IT CTX Glut,022 L5 ET CTX Glut,False,Cux2,4.802,0.279,67.0,5.2,4.523
ORBm,006 L4/5 IT CTX Glut,022 L5 ET CTX Glut,False,Gpr88,3.291,0.128,51.6,2.4,3.163
ORBm,006 L4/5 IT CTX Glut,022 L5 ET CTX Glut,False,Coch,3.434,0.331,56.7,6.5,3.103
ORBm,006 L4/5 IT CTX Glut,022 L5 ET CTX Glut,False,Whrn,3.279,0.183,51.6,3.4,3.096
ORBm,006 L4/5 IT CTX Glut,022 L5 ET CTX Glut,False,Calb1,3.616,0.809,52.0,14.7,2.807
ORBm,006 L4/5 IT CTX Glut,022 L5 ET CTX Glut,False,Tshz2,3.078,0.781,44.1,12.6,2.297
ORBm,006 L4/5 IT CTX Glut,029 L6b CTX Glut,False,Rorb,8.555,0.449,96.4,7.8,8.106
ORBm,006 L4/5 IT CTX Glut,029 L6b CTX Glut,False,Slc30a3,5.965,0.253,84.7,4.6,5.711
ORBm,006 L4/5 IT CTX Glut,029 L6b CTX Glut,False,Cux2,4.802,0.261,67.0,4.6,4.541
ORBm,006 L4/5 IT CTX Glut,029 L6b CTX Glut,False,Adcyap1,4.339,0.234,65.4,4.2,4.105
ORBm,006 L4/5 IT CTX Glut,029 L6b CTX Glut,False,Lamp5,4.328,0.268,65.5,4.8,4.06
ORBm,006 L4/5 IT CTX Glut,029 L6b CTX Glut,False,Tshz1,4.39,0.696,68.2,12.2,3.694
ORBm,006 L4/5 IT CTX Glut,029 L6b CTX Glut,False,Calb1,3.616,0.381,52.0,6.8,3.235
ORBm,006 L4/5 IT CTX Glut,029 L6b CTX Glut,False,Coch,3.434,0.337,56.7,6.2,3.097
ORBm,006 L4/5 IT CTX Glut,029 L6b CTX Glut,False,Gpr88,3.291,0.383,51.6,6.8,2.908
ORBm,006 L4/5 IT CTX Glut,029 L6b CTX Glut,False,Etv1,3.3,0.9,47.9,14.6,2.4
ORBm,006 L4/5 IT CTX Glut,029 L6b CTX Glut,False,Tshz2,3.078,0.68,44.1,11.0,2.397
ORBm,006 L4/5 IT CTX Glut,029 L6b CTX Glut,False,Vat1l,2.417,0.44,41.8,8.0,1.977
ORBm,006 L4/5 IT CTX Glut,030 L6 CT CTX Glut,False,Rorb,8.555,0.501,96.4,8.8,8.054
ORBm,006 L4/5 IT CTX Glut,030 L6 CT CTX Glut,False,Slc30a3,5.965,0.261,84.7,4.7,5.703
ORBm,006 L4/5 IT CTX Glut,030 L6 CT CTX Glut,False,Cux2,4.802,0.263,67.0,4.7,4.54
ORBm,006 L4/5 IT CTX Glut,030 L6 CT CTX Glut,False,Adcyap1,4.339,0.299,65.4,5.1,4.039
ORBm,006 L4/5 IT CTX Glut,030 L6 CT CTX Glut,False,Tshz1,4.39,0.789,68.2,14.2,3.601
ORBm,006 L4/5 IT CTX Glut,030 L6 CT CTX Glut,False,Coch,3.434,0.135,56.7,2.5,3.299
ORBm,006 L4/5 IT CTX Glut,030 L6 CT CTX Glut,False,Calb1,3.616,0.412,52.0,7.4,3.204
ORBm,006 L4/5 IT CTX Glut,030 L6 CT CTX Glut,False,Gpr88,3.291,0.151,51.6,2.7,3.14
ORBm,006 L4/5 IT CTX Glut,030 L6 CT CTX Glut,False,Tshz2,3.078,0.645,44.1,10.2,2.432
ORBm,006 L4/5 IT CTX Glut,030 L6 CT CTX Glut,False,Vat1l,2.417,0.425,41.8,7.5,1.992
ORBm,006 L4/5 IT CTX Glut,030 L6 CT CTX Glut,False,Pou3f1,1.762,0.064,28.6,1.2,1.698
ORBm,006 L4/5 IT CTX Glut,032 L5 NP CTX Glut,False,Slc30a3,5.965,0.278,84.7,4.5,5.686
ORBm,006 L4/5 IT CTX Glut,032 L5 NP CTX Glut,False,Zfp804b,5.258,0.839,63.1,12.3,4.42
ORBm,006 L4/5 IT CTX Glut,032 L5 NP CTX Glut,False,Cux2,4.802,0.393,67.0,6.4,4.409
ORBm,006 L4/5 IT CTX Glut,032 L5 NP CTX Glut,False,Tshz1,4.39,0.262,68.2,4.3,4.128
ORBm,006 L4/5 IT CTX Glut,032 L5 NP CTX Glut,False,Adcyap1,4.339,0.223,65.4,3.7,4.116
ORBm,006 L4/5 IT CTX Glut,032 L5 NP CTX Glut,False,Lamp5,4.328,0.351,65.5,5.8,3.977
ORBm,006 L4/5 IT CTX Glut,032 L5 NP CTX Glut,False,Coch,3.434,0.136,56.7,2.3,3.299
ORBm,006 L4/5 IT CTX Glut,032 L5 NP CTX Glut,False,Calb1,3.616,0.382,52.0,6.3,3.234
ORBm,006 L4/5 IT CTX Glut,032 L5 NP CTX Glut,False,Gpr88,3.291,0.263,51.6,4.4,3.027
ORBm,006 L4/5 IT CTX Glut,032 L5 NP CTX Glut,False,Whrn,3.279,0.393,51.6,6.4,2.887
ORBm,006 L4/5 IT CTX Glut,032 L5 NP CTX Glut,False,Deptor,3.499,0.904,54.7,15.0,2.595
ORBm,006 L4/5 IT CTX Glut,032 L5 NP CTX Glut,False,Vat1l,2.417,0.549,41.8,8.9,1.868
ORBm,006 L4/5 IT CTX Glut,046 Vip Gaba,False,Rorb,8.555,0.822,96.4,12.3,7.732
ORBm,006 L4/5 IT CTX Glut,046 Vip Gaba,False,Satb2,7.793,0.454,97.8,6.9,7.339
ORBm,006 L4/5 IT CTX Glut,046 Vip Gaba,False,Mpped1,6.953,0.957,93.1,14.6,5.996
ORBm,006 L4/5 IT CTX Glut,046 Vip Gaba,False,Slc30a3,5.965,0.643,84.7,10.1,5.321
ORBm,006 L4/5 IT CTX Glut,046 Vip Gaba,False,Tbr1,5.044,0.363,77.4,5.6,4.68
ORBm,006 L4/5 IT CTX Glut,046 Vip Gaba,False,Meis2,5.255,0.655,69.1,10.0,4.601
ORBm,006 L4/5 IT CTX Glut,046 Vip Gaba,False,Adcyap1,4.339,0.089,65.4,1.3,4.249
ORBm,006 L4/5 IT CTX Glut,046 Vip Gaba,False,Lamp5,4.328,0.285,65.5,4.4,4.043
ORBm,006 L4/5 IT CTX Glut,046 Vip Gaba,False,Crym,3.908,0.181,62.1,2.8,3.726
ORBm,006 L4/5 IT CTX Glut,046 Vip Gaba,False,Calb1,3.616,0.366,52.0,5.7,3.25
ORBm,006 L4/5 IT CTX Glut,046 Vip Gaba,False,Coch,3.434,0.272,56.7,4.4,3.162
ORBm,006 L4/5 IT CTX Glut,046 Vip Gaba,False,Gpr88,3.291,0.168,51.6,2.6,3.123
ORBm,006 L4/5 IT CTX Glut,049 Lamp5 Gaba,False,Rorb,8.555,0.26,96.4,4.3,8.295
ORBm,006 L4/5 IT CTX Glut,049 Lamp5 Gaba,False,Satb2,7.793,0.478,97.8,7.9,7.315
ORBm,006 L4/5 IT CTX Glut,049 Lamp5 Gaba,False,Slc30a3,5.965,0.826,84.7,13.8,5.139
ORBm,006 L4/5 IT CTX Glut,049 Lamp5 Gaba,False,Tbr1,5.044,0.442,77.4,7.1,4.602
ORBm,006 L4/5 IT CTX Glut,049 Lamp5 Gaba,False,Meis2,5.255,0.676,69.1,10.9,4.579
ORBm,006 L4/5 IT CTX Glut,049 Lamp5 Gaba,False,Adcyap1,4.339,0.24,65.4,3.9,4.099
ORBm,006 L4/5 IT CTX Glut,049 Lamp5 Gaba,False,Crym,3.908,0.22,62.1,3.7,3.687
ORBm,006 L4/5 IT CTX Glut,049 Lamp5 Gaba,False,Coch,3.434,0.2,56.7,3.5,3.234
ORBm,006 L4/5 IT CTX Glut,049 Lamp5 Gaba,False,Calb1,3.616,0.385,52.0,6.4,3.231
ORBm,006 L4/5 IT CTX Glut,049 Lamp5 Gaba,False,Gpr88,3.291,0.102,51.6,1.8,3.189
ORBm,006 L4/5 IT CTX Glut,049 Lamp5 Gaba,False,Whrn,3.279,0.091,51.6,1.6,3.189
ORBm,006 L4/5 IT CTX Glut,049 Lamp5 Gaba,False,Etv1,3.3,0.491,47.9,8.2,2.808
ORBm,006 L4/5 IT CTX Glut,052 Pvalb Gaba,False,Rorb,8.555,0.605,96.4,10.1,7.949
ORBm,006 L4/5 IT CTX Glut,052 Pvalb Gaba,False,Satb2,7.793,0.62,97.8,10.3,7.173
ORBm,006 L4/5 IT CTX Glut,052 Pvalb Gaba,False,Meis2,5.255,0.585,69.1,10.2,4.671
ORBm,006 L4/5 IT CTX Glut,052 Pvalb Gaba,False,Tbr1,5.044,0.495,77.4,8.6,4.549
ORBm,006 L4/5 IT CTX Glut,052 Pvalb Gaba,False,Adcyap1,4.339,0.104,65.4,1.9,4.234
ORBm,006 L4/5 IT CTX Glut,052 Pvalb Gaba,False,Lamp5,4.328,0.286,65.5,5.0,4.042
ORBm,006 L4/5 IT CTX Glut,052 Pvalb Gaba,False,Crym,3.908,0.239,62.1,4.3,3.668
ORBm,006 L4/5 IT CTX Glut,052 Pvalb Gaba,False,Coch,3.434,0.148,56.7,2.7,3.286
ORBm,006 L4/5 IT CTX Glut,052 Pvalb Gaba,False,Gpr88,3.291,0.089,51.6,1.6,3.202
ORBm,006 L4/5 IT CTX Glut,052 Pvalb Gaba,False,Tshz2,3.078,0.591,44.1,9.8,2.486
ORBm,006 L4/5 IT CTX Glut,052 Pvalb Gaba,False,Fezf2,1.936,0.115,33.4,2.1,1.821
ORBm,006 L4/5 IT CTX Glut,052 Pvalb Gaba,False,Pou3f1,1.762,0.093,28.6,1.7,1.668
ORBm,006 L4/5 IT CTX Glut,053 Sst Gaba,False,Rorb,8.555,0.425,96.4,7.3,8.129
ORBm,006 L4/5 IT CTX Glut,053 Sst Gaba,False,Satb2,7.793,0.554,97.8,9.4,7.239
ORBm,006 L4/5 IT CTX Glut,053 Sst Gaba,False,Nfib,5.739,0.789,79.3,13.5,4.95
ORBm,006 L4/5 IT CTX Glut,053 Sst Gaba,False,Meis2,5.255,0.632,69.1,10.9,4.624
ORBm,006 L4/5 IT CTX Glut,053 Sst Gaba,False,Tbr1,5.044,0.516,77.4,9.0,4.527
ORBm,006 L4/5 IT CTX Glut,053 Sst Gaba,False,Adcyap1,4.339,0.106,65.4,1.8,4.233
ORBm,006 L4/5 IT CTX Glut,053 Sst Gaba,False,Lamp5,4.328,0.278,65.5,4.9,4.05
ORBm,006 L4/5 IT CTX Glut,053 Sst Gaba,False,Crym,3.908,0.261,62.1,4.6,3.646
ORBm,006 L4/5 IT CTX Glut,053 Sst Gaba,False,Gpr88,3.291,0.132,51.6,2.3,3.159
ORBm,006 L4/5 IT CTX Glut,053 Sst Gaba,False,Coch,3.434,0.502,56.7,8.9,2.932
ORBm,006 L4/5 IT CTX Glut,053 Sst Gaba,False,Etv1,3.3,0.868,47.9,13.5,2.432
ORBm,006 L4/5 IT CTX Glut,053 Sst Gaba,False,Tshz2,3.078,0.74,44.1,11.9,2.338
ORBm,007 L2/3 IT CTX Glut,004 L6 IT CTX Glut,False,Cux2,7.38,0.332,94.7,5.7,7.049
ORBm,007 L2/3 IT CTX Glut,004 L6 IT CTX Glut,False,Lamp5,6.439,0.769,85.5,13.2,5.67
ORBm,007 L2/3 IT CTX Glut,004 L6 IT CTX Glut,False,Gpr88,4.119,0.337,65.2,6.0,3.782
ORBm,007 L2/3 IT CTX Glut,004 L6 IT CTX Glut,False,Otof,2.923,0.458,46.5,8.2,2.465
ORBm,007 L2/3 IT CTX Glut,004 L6 IT CTX Glut,False,Pcdh8,2.722,0.301,45.4,5.2,2.421
ORBm,007 L2/3 IT CTX Glut,004 L6 IT CTX Glut,False,Pou3f1,2.487,0.505,41.0,8.8,1.982
ORBm,007 L2/3 IT CTX Glut,004 L6 IT CTX Glut,False,Pdyn,1.798,0.129,28.9,2.3,1.669
ORBm,007 L2/3 IT CTX Glut,004 L6 IT CTX Glut,False,Reln,1.804,0.427,30.2,7.4,1.377
ORBm,007 L2/3 IT CTX Glut,004 L6 IT CTX Glut,False,Dock10,1.691,0.443,27.9,7.7,1.248
ORBm,007 L2/3 IT CTX Glut,005 L5 IT CTX Glut,False,Cux2,7.38,0.668,94.7,10.8,6.712
ORBm,007 L2/3 IT CTX Glut,005 L5 IT CTX Glut,False,Gpr88,4.119,0.834,65.2,13.5,3.286
ORBm,007 L2/3 IT CTX Glut,005 L5 IT CTX Glut,False,Otof,2.923,0.102,46.5,2.0,2.821
ORBm,007 L2/3 IT CTX Glut,005 L5 IT CTX Glut,False,Pcdh8,2.722,0.191,45.4,3.5,2.531
ORBm,007 L2/3 IT CTX Glut,005 L5 IT CTX Glut,False,Pdyn,1.798,0.15,28.9,2.8,1.649
ORBm,007 L2/3 IT CTX Glut,005 L5 IT CTX Glut,False,Reln,1.804,0.3,30.2,5.7,1.504
ORBm,007 L2/3 IT CTX Glut,005 L5 IT CTX Glut,False,Penk,1.874,0.42,28.3,7.6,1.454
ORBm,007 L2/3 IT CTX Glut,006 L4/5 IT CTX Glut,False,Otof,2.923,0.213,46.5,3.9,2.71
ORBm,007 L2/3 IT CTX Glut,006 L4/5 IT CTX Glut,False,Pcdh8,2.722,0.413,45.4,7.5,2.309
ORBm,007 L2/3 IT CTX Glut,006 L4/5 IT CTX Glut,False,Penk,1.874,0.185,28.3,3.3,1.689
ORBm,007 L2/3 IT CTX Glut,006 L4/5 IT CTX Glut,False,Pdyn,1.798,0.158,28.9,3.0,1.641
ORBm,007 L2/3 IT CTX Glut,006 L4/5 IT CTX Glut,False,Reln,1.804,0.416,30.2,7.5,1.388
ORBm,007 L2/3 IT CTX Glut,006 L4/5 IT CTX Glut,False,Dock10,1.691,0.606,27.9,10.8,1.085
ORBm,007 L2/3 IT CTX Glut,022 L5 ET CTX Glut,False,Cux2,7.38,0.279,94.7,5.2,7.101
ORBm,007 L2/3 IT CTX Glut,022 L5 ET CTX Glut,False,Calb1,7.409,0.809,94.7,14.7,6.6
ORBm,007 L2/3 IT CTX Glut,022 L5 ET CTX Glut,False,Slc30a3,5.288,0.76,78.0,13.4,4.527
ORBm,007 L2/3 IT CTX Glut,022 L5 ET CTX Glut,False,Gpr88,4.119,0.128,65.2,2.4,3.991
ORBm,007 L2/3 IT CTX Glut,022 L5 ET CTX Glut,False,Otof,2.923,0.155,46.5,2.9,2.768
ORBm,007 L2/3 IT CTX Glut,022 L5 ET CTX Glut,False,Penk,1.874,0.227,28.3,4.2,1.647
ORBm,007 L2/3 IT CTX Glut,029 L6b CTX Glut,False,Cux2,7.38,0.261,94.7,4.6,7.12
ORBm,007 L2/3 IT CTX Glut,029 L6b CTX Glut,False,Calb1,7.409,0.381,94.7,6.8,7.027
ORBm,007 L2/3 IT CTX Glut,029 L6b CTX Glut,False,Lamp5,6.439,0.268,85.5,4.8,6.171
ORBm,007 L2/3 IT CTX Glut,029 L6b CTX Glut,False,Slc30a3,5.288,0.253,78.0,4.6,5.034
ORBm,007 L2/3 IT CTX Glut,029 L6b CTX Glut,False,Matn2,4.651,0.406,68.4,7.2,4.245
ORBm,007 L2/3 IT CTX Glut,029 L6b CTX Glut,False,Gpr88,4.119,0.383,65.2,6.8,3.737
ORBm,007 L2/3 IT CTX Glut,029 L6b CTX Glut,False,Nos1,3.311,0.231,48.7,4.0,3.081
ORBm,007 L2/3 IT CTX Glut,029 L6b CTX Glut,False,Otof,2.923,0.048,46.5,0.9,2.875
ORBm,007 L2/3 IT CTX Glut,029 L6b CTX Glut,False,Pcdh8,2.722,0.105,45.4,1.9,2.617
ORBm,007 L2/3 IT CTX Glut,029 L6b CTX Glut,False,Vat1l,2.962,0.44,48.9,8.0,2.522
ORBm,007 L2/3 IT CTX Glut,029 L6b CTX Glut,False,Pou3f1,2.487,0.08,41.0,1.4,2.408
ORBm,007 L2/3 IT CTX Glut,029 L6b CTX Glut,False,Penk,1.874,0.151,28.3,2.6,1.723
ORBm,007 L2/3 IT CTX Glut,030 L6 CT CTX Glut,False,Cux2,7.38,0.263,94.7,4.7,7.118
ORBm,007 L2/3 IT CTX Glut,030 L6 CT CTX Glut,False,Calb1,7.409,0.412,94.7,7.4,6.996
ORBm,007 L2/3 IT CTX Glut,030 L6 CT CTX Glut,False,Slc30a3,5.288,0.261,78.0,4.7,5.026
ORBm,007 L2/3 IT CTX Glut,030 L6 CT CTX Glut,False,Gpr88,4.119,0.151,65.2,2.7,3.969
ORBm,007 L2/3 IT CTX Glut,030 L6 CT CTX Glut,False,Otof,2.923,0.075,46.5,1.4,2.848
ORBm,007 L2/3 IT CTX Glut,030 L6 CT CTX Glut,False,Nos1,3.311,0.56,48.7,9.7,2.751
ORBm,007 L2/3 IT CTX Glut,030 L6 CT CTX Glut,False,Pcdh8,2.722,0.143,45.4,2.5,2.579
ORBm,007 L2/3 IT CTX Glut,030 L6 CT CTX Glut,False,Vat1l,2.962,0.425,48.9,7.5,2.537
ORBm,007 L2/3 IT CTX Glut,030 L6 CT CTX Glut,False,Pou3f1,2.487,0.064,41.0,1.2,2.423
ORBm,007 L2/3 IT CTX Glut,030 L6 CT CTX Glut,False,Penk,1.874,0.132,28.3,2.4,1.742
ORBm,007 L2/3 IT CTX Glut,030 L6 CT CTX Glut,False,Pdyn,1.798,0.124,28.9,2.2,1.674
ORBm,007 L2/3 IT CTX Glut,030 L6 CT CTX Glut,False,Adcyap1,1.942,0.299,31.3,5.1,1.643
ORBm,007 L2/3 IT CTX Glut,032 L5 NP CTX Glut,False,Calb1,7.409,0.382,94.7,6.3,7.026
ORBm,007 L2/3 IT CTX Glut,032 L5 NP CTX Glut,False,Cux2,7.38,0.393,94.7,6.4,6.988
ORBm,007 L2/3 IT CTX Glut,032 L5 NP CTX Glut,False,Lamp5,6.439,0.351,85.5,5.8,6.088
ORBm,007 L2/3 IT CTX Glut,032 L5 NP CTX Glut,False,Slc30a3,5.288,0.278,78.0,4.5,5.009
ORBm,007 L2/3 IT CTX Glut,032 L5 NP CTX Glut,False,Wfs1,5.095,0.459,73.0,7.6,4.636
ORBm,007 L2/3 IT CTX Glut,032 L5 NP CTX Glut,False,Gpr88,4.119,0.263,65.2,4.4,3.856
ORBm,007 L2/3 IT CTX Glut,032 L5 NP CTX Glut,False,Zfp804b,3.86,0.839,54.9,12.3,3.022
ORBm,007 L2/3 IT CTX Glut,032 L5 NP CTX Glut,False,Nos1,3.311,0.432,48.7,6.8,2.879
ORBm,007 L2/3 IT CTX Glut,032 L5 NP CTX Glut,False,Otof,2.923,0.051,46.5,0.9,2.872
ORBm,007 L2/3 IT CTX Glut,032 L5 NP CTX Glut,False,Pcdh8,2.722,0.178,45.4,2.9,2.544
ORBm,007 L2/3 IT CTX Glut,032 L5 NP CTX Glut,False,Vat1l,2.962,0.549,48.9,8.9,2.413
ORBm,007 L2/3 IT CTX Glut,032 L5 NP CTX Glut,False,Pou3f1,2.487,0.081,41.0,1.4,2.406
ORBm,007 L2/3 IT CTX Glut,046 Vip Gaba,False,Meis2,9.101,0.655,99.0,10.0,8.446
ORBm,007 L2/3 IT CTX Glut,046 Vip Gaba,False,Calb1,7.409,0.366,94.7,5.7,7.043
ORBm,007 L2/3 IT CTX Glut,046 Vip Gaba,False,Satb2,7.332,0.454,94.5,6.9,6.878
ORBm,007 L2/3 IT CTX Glut,046 Vip Gaba,False,Mpped1,7.272,0.957,94.8,14.6,6.315
ORBm,007 L2/3 IT CTX Glut,046 Vip Gaba,False,Lamp5,6.439,0.285,85.5,4.4,6.154
ORBm,007 L2/3 IT CTX Glut,046 Vip Gaba,False,Wfs1,5.095,0.172,73.0,2.8,4.923
ORBm,007 L2/3 IT CTX Glut,046 Vip Gaba,False,Slc30a3,5.288,0.643,78.0,10.1,4.644
ORBm,007 L2/3 IT CTX Glut,046 Vip Gaba,False,Matn2,4.651,0.35,68.4,5.5,4.301
ORBm,007 L2/3 IT CTX Glut,046 Vip Gaba,False,Gpr88,4.119,0.168,65.2,2.6,3.952
ORBm,007 L2/3 IT CTX Glut,046 Vip Gaba,False,Tbr1,3.958,0.363,63.6,5.6,3.595
ORBm,007 L2/3 IT CTX Glut,046 Vip Gaba,False,Otof,2.923,0.057,46.5,0.9,2.866
ORBm,007 L2/3 IT CTX Glut,046 Vip Gaba,False,Pou3f1,2.487,0.052,41.0,0.8,2.436
ORBm,007 L2/3 IT CTX Glut,049 Lamp5 Gaba,False,Meis2,9.101,0.676,99.0,10.9,8.425
ORBm,007 L2/3 IT CTX Glut,049 Lamp5 Gaba,False,Calb1,7.409,0.385,94.7,6.4,7.024
ORBm,007 L2/3 IT CTX Glut,049 Lamp5 Gaba,False,Satb2,7.332,0.478,94.5,7.9,6.854
ORBm,007 L2/3 IT CTX Glut,049 Lamp5 Gaba,False,Wfs1,5.095,0.331,73.0,5.5,4.763
ORBm,007 L2/3 IT CTX Glut,049 Lamp5 Gaba,False,Slc30a3,5.288,0.826,78.0,13.8,4.462
ORBm,007 L2/3 IT CTX Glut,049 Lamp5 Gaba,False,Matn2,4.651,0.196,68.4,3.4,4.455
ORBm,007 L2/3 IT CTX Glut,049 Lamp5 Gaba,False,Gpr88,4.119,0.102,65.2,1.8,4.018
ORBm,007 L2/3 IT CTX Glut,049 Lamp5 Gaba,False,Tbr1,3.958,0.442,63.6,7.1,3.517
ORBm,007 L2/3 IT CTX Glut,049 Lamp5 Gaba,False,Otof,2.923,0.069,46.5,1.1,2.854
ORBm,007 L2/3 IT CTX Glut,049 Lamp5 Gaba,False,Pou3f1,2.487,0.047,41.0,0.8,2.44
ORBm,007 L2/3 IT CTX Glut,049 Lamp5 Gaba,False,Rgs14,2.484,0.061,43.3,1.1,2.422
ORBm,007 L2/3 IT CTX Glut,049 Lamp5 Gaba,False,Crym,2.353,0.22,38.4,3.7,2.133
ORBm,007 L2/3 IT CTX Glut,052 Pvalb Gaba,False,Meis2,9.101,0.585,99.0,10.2,8.516
ORBm,007 L2/3 IT CTX Glut,052 Pvalb Gaba,False,Satb2,7.332,0.62,94.5,10.3,6.712
ORBm,007 L2/3 IT CTX Glut,052 Pvalb Gaba,False,Lamp5,6.439,0.286,85.5,5.0,6.153
ORBm,007 L2/3 IT CTX Glut,052 Pvalb Gaba,False,Wfs1,5.095,0.748,73.0,13.3,4.347
ORBm,007 L2/3 IT CTX Glut,052 Pvalb Gaba,False,Gpr88,4.119,0.089,65.2,1.6,4.03
ORBm,007 L2/3 IT CTX Glut,052 Pvalb Gaba,False,Tbr1,3.958,0.495,63.6,8.6,3.463
ORBm,007 L2/3 IT CTX Glut,052 Pvalb Gaba,False,Otof,2.923,0.132,46.5,2.3,2.791
ORBm,007 L2/3 IT CTX Glut,052 Pvalb Gaba,False,Rgs14,2.484,0.035,43.3,0.7,2.449
ORBm,007 L2/3 IT CTX Glut,052 Pvalb Gaba,False,Pou3f1,2.487,0.093,41.0,1.7,2.394
ORBm,007 L2/3 IT CTX Glut,052 Pvalb Gaba,False,Crym,2.353,0.239,38.4,4.3,2.114
ORBm,007 L2/3 IT CTX Glut,052 Pvalb Gaba,False,Adcyap1,1.942,0.104,31.3,1.9,1.838
ORBm,007 L2/3 IT CTX Glut,052 Pvalb Gaba,False,Pdyn,1.798,0.096,28.9,1.7,1.702
ORBm,007 L2/3 IT CTX Glut,053 Sst Gaba,False,Meis2,9.101,0.632,99.0,10.9,8.469
ORBm,007 L2/3 IT CTX Glut,053 Sst Gaba,False,Satb2,7.332,0.554,94.5,9.4,6.778
ORBm,007 L2/3 IT CTX Glut,053 Sst Gaba,False,Nfib,7.294,0.789,92.7,13.5,6.505
ORBm,007 L2/3 IT CTX Glut,053 Sst Gaba,False,Lamp5,6.439,0.278,85.5,4.9,6.161
ORBm,007 L2/3 IT CTX Glut,053 Sst Gaba,False,Wfs1,5.095,0.555,73.0,9.9,4.54
ORBm,007 L2/3 IT CTX Glut,053 Sst Gaba,False,Gpr88,4.119,0.132,65.2,2.3,3.988
ORBm,007 L2/3 IT CTX Glut,053 Sst Gaba,False,Tbr1,3.958,0.516,63.6,9.0,3.442
ORBm,007 L2/3 IT CTX Glut,053 Sst Gaba,False,Otof,2.923,0.139,46.5,2.4,2.784
ORBm,007 L2/3 IT CTX Glut,053 Sst Gaba,False,Rgs14,2.484,0.091,43.3,1.7,2.393
ORBm,007 L2/3 IT CTX Glut,053 Sst Gaba,False,Pou3f1,2.487,0.175,41.0,3.2,2.312
ORBm,007 L2/3 IT CTX Glut,053 Sst Gaba,False,Crym,2.353,0.261,38.4,4.6,2.092
ORBm,007 L2/3 IT CTX Glut,053 Sst Gaba,False,Adcyap1,1.942,0.106,31.3,1.8,1.836
ORBm,022 L5 ET CTX Glut,004 L6 IT CTX Glut,False,Pou3f1,7.053,0.505,92.1,8.8,6.548
ORBm,022 L5 ET CTX Glut,004 L6 IT CTX Glut,False,Lamp5,6.394,0.769,88.9,13.2,5.625
ORBm,022 L5 ET CTX Glut,004 L6 IT CTX Glut,False,Reln,4.285,0.427,64.3,7.4,3.858
ORBm,022 L5 ET CTX Glut,004 L6 IT CTX Glut,False,Lratd2,2.789,0.059,47.3,1.1,2.73
ORBm,022 L5 ET CTX Glut,004 L6 IT CTX Glut,False,Pcdh8,2.986,0.301,51.1,5.2,2.685
ORBm,022 L5 ET CTX Glut,004 L6 IT CTX Glut,False,Npnt,1.752,0.113,27.5,2.1,1.64
ORBm,022 L5 ET CTX Glut,004 L6 IT CTX Glut,False,Pdyn,1.623,0.129,26.6,2.3,1.494
ORBm,022 L5 ET CTX Glut,004 L6 IT CTX Glut,False,Zfhx3,1.496,0.193,26.4,3.6,1.303
ORBm,022 L5 ET CTX Glut,004 L6 IT CTX Glut,False,Dock10,1.646,0.443,27.7,7.7,1.203
ORBm,022 L5 ET CTX Glut,004 L6 IT CTX Glut,False,Foxp2,1.55,0.371,25.9,6.5,1.18
ORBm,022 L5 ET CTX Glut,005 L5 IT CTX Glut,True,Reln,4.285,0.3,64.3,5.7,3.985
ORBm,022 L5 ET CTX Glut,005 L5 IT CTX Glut,True,Pcdh8,2.986,0.191,51.1,3.5,2.795
ORBm,022 L5 ET CTX Glut,005 L5 IT CTX Glut,True,Lratd2,2.789,0.157,47.3,3.0,2.632
ORBm,022 L5 ET CTX Glut,005 L5 IT CTX Glut,True,Pdyn,1.623,0.15,26.6,2.8,1.474
ORBm,022 L5 ET CTX Glut,005 L5 IT CTX Glut,True,Zfhx3,1.496,0.34,26.4,6.5,1.155
ORBm,022 L5 ET CTX Glut,005 L5 IT CTX Glut,True,Npnt,1.752,0.623,27.5,11.2,1.13
ORBm,022 L5 ET CTX Glut,005 L5 IT CTX Glut,True,Foxp2,1.55,0.472,25.9,8.8,1.078
ORBm,022 L5 ET CTX Glut,006 L4/5 IT CTX Glut,False,Reln,4.285,0.416,64.3,7.5,3.869
ORBm,022 L5 ET CTX Glut,006 L4/5 IT CTX Glut,False,Lratd2,2.789,0.074,47.3,1.4,2.715
ORBm,022 L5 ET CTX Glut,006 L4/5 IT CTX Glut,False,Pcdh8,2.986,0.413,51.1,7.5,2.573
ORBm,022 L5 ET CTX Glut,006 L4/5 IT CTX Glut,False,Pdyn,1.623,0.158,26.6,3.0,1.466
ORBm,022 L5 ET CTX Glut,006 L4/5 IT CTX Glut,False,Zfhx3,1.496,0.37,26.4,7.1,1.126
ORBm,022 L5 ET CTX Glut,006 L4/5 IT CTX Glut,False,Dock10,1.646,0.606,27.7,10.8,1.04
ORBm,022 L5 ET CTX Glut,006 L4/5 IT CTX Glut,False,Foxp2,1.55,0.523,25.9,9.6,1.027
ORBm,022 L5 ET CTX Glut,007 L2/3 IT CTX Glut,False,Fezf2,7.132,0.155,94.1,2.9,6.978
ORBm,022 L5 ET CTX Glut,007 L2/3 IT CTX Glut,False,Lratd2,2.789,0.11,47.3,2.1,2.679
ORBm,022 L5 ET CTX Glut,007 L2/3 IT CTX Glut,False,Foxp2,1.55,0.262,25.9,4.7,1.289
ORBm,022 L5 ET CTX Glut,029 L6b CTX Glut,False,Pou3f1,7.053,0.08,92.1,1.4,6.973
ORBm,022 L5 ET CTX Glut,029 L6b CTX Glut,False,Lamp5,6.394,0.268,88.9,4.8,6.126
ORBm,022 L5 ET CTX Glut,029 L6b CTX Glut,False,Etv1,6.735,0.9,90.2,14.6,5.835
ORBm,022 L5 ET CTX Glut,029 L6b CTX Glut,False,Vat1l,6.207,0.44,87.9,8.0,5.766
ORBm,022 L5 ET CTX Glut,029 L6b CTX Glut,False,Adcyap1,4.394,0.234,65.8,4.2,4.16
ORBm,022 L5 ET CTX Glut,029 L6b CTX Glut,False,Reln,4.285,0.745,64.3,12.6,3.54
ORBm,022 L5 ET CTX Glut,029 L6b CTX Glut,False,Pcdh8,2.986,0.105,51.1,1.9,2.881
ORBm,022 L5 ET CTX Glut,029 L6b CTX Glut,False,Lratd2,2.789,0.155,47.3,2.8,2.634
ORBm,022 L5 ET CTX Glut,029 L6b CTX Glut,False,Rorb,2.34,0.449,35.6,7.8,1.892
ORBm,022 L5 ET CTX Glut,029 L6b CTX Glut,False,Npnt,1.752,0.103,27.5,1.8,1.649
ORBm,022 L5 ET CTX Glut,029 L6b CTX Glut,False,Pdyn,1.623,0.295,26.6,5.2,1.328
ORBm,022 L5 ET CTX Glut,030 L6 CT CTX Glut,False,Pou3f1,7.053,0.064,92.1,1.2,6.989
ORBm,022 L5 ET CTX Glut,030 L6 CT CTX Glut,False,Vat1l,6.207,0.425,87.9,7.5,5.782
ORBm,022 L5 ET CTX Glut,030 L6 CT CTX Glut,False,Adcyap1,4.394,0.299,65.8,5.1,4.095
ORBm,022 L5 ET CTX Glut,030 L6 CT CTX Glut,False,Reln,4.285,0.326,64.3,5.7,3.959
ORBm,022 L5 ET CTX Glut,030 L6 CT CTX Glut,False,Pcdh8,2.986,0.143,51.1,2.5,2.843
ORBm,022 L5 ET CTX Glut,030 L6 CT CTX Glut,False,Lratd2,2.789,0.092,47.3,1.6,2.697
ORBm,022 L5 ET CTX Glut,030 L6 CT CTX Glut,False,Rorb,2.34,0.501,35.6,8.8,1.84
ORBm,022 L5 ET CTX Glut,030 L6 CT CTX Glut,False,Pdyn,1.623,0.124,26.6,2.2,1.499
ORBm,022 L5 ET CTX Glut,030 L6 CT CTX Glut,False,Npnt,1.752,0.593,27.5,10.5,1.159
ORBm,022 L5 ET CTX Glut,032 L5 NP CTX Glut,True,Pou3f1,7.053,0.081,92.1,1.4,6.972
ORBm,022 L5 ET CTX Glut,032 L5 NP CTX Glut,True,Lamp5,6.394,0.351,88.9,5.8,6.043
ORBm,022 L5 ET CTX Glut,032 L5 NP CTX Glut,True,Vat1l,6.207,0.549,87.9,8.9,5.658
ORBm,022 L5 ET CTX Glut,032 L5 NP CTX Glut,True,Zfp804b,5.766,0.839,76.6,12.3,4.928
ORBm,022 L5 ET CTX Glut,032 L5 NP CTX Glut,True,Adcyap1,4.394,0.223,65.8,3.7,4.171
ORBm,022 L5 ET CTX Glut,032 L5 NP CTX Glut,True,Reln,4.285,0.315,64.3,5.0,3.971
ORBm,022 L5 ET CTX Glut,032 L5 NP CTX Glut,True,Wfs1,3.874,0.459,61.9,7.6,3.416
ORBm,022 L5 ET CTX Glut,032 L5 NP CTX Glut,True,Pcdh8,2.986,0.178,51.1,2.9,2.808
ORBm,022 L5 ET CTX Glut,032 L5 NP CTX Glut,True,Lratd2,2.789,0.046,47.3,0.8,2.743
ORBm,022 L5 ET CTX Glut,032 L5 NP CTX Glut,True,Npnt,1.752,0.088,27.5,1.5,1.664
ORBm,022 L5 ET CTX Glut,032 L5 NP CTX Glut,True,Rgs14,2.018,0.385,36.7,6.6,1.633
ORBm,022 L5 ET CTX Glut,032 L5 NP CTX Glut,True,Nr4a2,1.69,0.105,27.1,1.7,1.584
ORBm,022 L5 ET CTX Glut,046 Vip Gaba,False,Meis2,8.093,0.655,96.5,10.0,7.438
ORBm,022 L5 ET CTX Glut,046 Vip Gaba,False,Mpped1,8.363,0.957,99.4,14.6,7.406
ORBm,022 L5 ET CTX Glut,046 Vip Gaba,False,Fezf2,7.132,0.106,94.1,1.6,7.027
ORBm,022 L5 ET CTX Glut,046 Vip Gaba,False,Pou3f1,7.053,0.052,92.1,0.8,7.001
ORBm,022 L5 ET CTX Glut,046 Vip Gaba,False,Spon1,6.614,0.347,87.4,5.3,6.267
ORBm,022 L5 ET CTX Glut,046 Vip Gaba,False,Crym,6.295,0.181,89.1,2.8,6.114
ORBm,022 L5 ET CTX Glut,046 Vip Gaba,False,Lamp5,6.394,0.285,88.9,4.4,6.109
ORBm,022 L5 ET CTX Glut,046 Vip Gaba,False,Satb2,6.198,0.454,87.3,6.9,5.744
ORBm,022 L5 ET CTX Glut,046 Vip Gaba,False,Adcyap1,4.394,0.089,65.8,1.3,4.305
ORBm,022 L5 ET CTX Glut,046 Vip Gaba,False,Tbr1,4.314,0.363,70.6,5.6,3.951
ORBm,022 L5 ET CTX Glut,046 Vip Gaba,False,Wfs1,3.874,0.172,61.9,2.8,3.703
ORBm,022 L5 ET CTX Glut,046 Vip Gaba,False,Lratd2,2.789,0.15,47.3,2.4,2.639
ORBm,022 L5 ET CTX Glut,049 Lamp5 Gaba,False,Meis2,8.093,0.676,96.5,10.9,7.417
ORBm,022 L5 ET CTX Glut,049 Lamp5 Gaba,False,Pou3f1,7.053,0.047,92.1,0.8,7.006
ORBm,022 L5 ET CTX Glut,049 Lamp5 Gaba,False,Fezf2,7.132,0.156,94.1,2.7,6.977
ORBm,022 L5 ET CTX Glut,049 Lamp5 Gaba,False,Etv1,6.735,0.491,90.2,8.2,6.244
ORBm,022 L5 ET CTX Glut,049 Lamp5 Gaba,False,Spon1,6.614,0.446,87.4,7.4,6.168
ORBm,022 L5 ET CTX Glut,049 Lamp5 Gaba,False,Crym,6.295,0.22,89.1,3.7,6.075
ORBm,022 L5 ET CTX Glut,049 Lamp5 Gaba,False,Satb2,6.198,0.478,87.3,7.9,5.72
ORBm,022 L5 ET CTX Glut,049 Lamp5 Gaba,False,Adcyap1,4.394,0.24,65.8,3.9,4.154
ORBm,022 L5 ET CTX Glut,049 Lamp5 Gaba,False,Tbr1,4.314,0.442,70.6,7.1,3.873
ORBm,022 L5 ET CTX Glut,049 Lamp5 Gaba,False,Wfs1,3.874,0.331,61.9,5.5,3.543
ORBm,022 L5 ET CTX Glut,049 Lamp5 Gaba,False,Lratd2,2.789,0.101,47.3,1.8,2.688
ORBm,022 L5 ET CTX Glut,049 Lamp5 Gaba,False,Rorb,2.34,0.26,35.6,4.3,2.08
ORBm,022 L5 ET CTX Glut,052 Pvalb Gaba,False,Meis2,8.093,0.585,96.5,10.2,7.508
ORBm,022 L5 ET CTX Glut,052 Pvalb Gaba,False,Fezf2,7.132,0.115,94.1,2.1,7.017
ORBm,022 L5 ET CTX Glut,052 Pvalb Gaba,False,Pou3f1,7.053,0.093,92.1,1.7,6.96
ORBm,022 L5 ET CTX Glut,052 Pvalb Gaba,False,Lamp5,6.394,0.286,88.9,5.0,6.108
ORBm,022 L5 ET CTX Glut,052 Pvalb Gaba,False,Crym,6.295,0.239,89.1,4.3,6.056
ORBm,022 L5 ET CTX Glut,052 Pvalb Gaba,False,Satb2,6.198,0.62,87.3,10.3,5.578
ORBm,022 L5 ET CTX Glut,052 Pvalb Gaba,False,Adcyap1,4.394,0.104,65.8,1.9,4.29
ORBm,022 L5 ET CTX Glut,052 Pvalb Gaba,False,Tbr1,4.314,0.495,70.6,8.6,3.819
ORBm,022 L5 ET CTX Glut,052 Pvalb Gaba,False,Wfs1,3.874,0.748,61.9,13.3,3.127
ORBm,022 L5 ET CTX Glut,052 Pvalb Gaba,False,Lratd2,2.789,0.307,47.3,5.6,2.482
ORBm,022 L5 ET CTX Glut,052 Pvalb Gaba,False,Ppp1r1b,2.288,0.181,40.0,3.3,2.108
ORBm,022 L5 ET CTX Glut,052 Pvalb Gaba,False,Rgs14,2.018,0.035,36.7,0.7,1.983
ORBm,022 L5 ET CTX Glut,053 Sst Gaba,False,Nfib,9.498,0.789,100.0,13.5,8.709
ORBm,022 L5 ET CTX Glut,053 Sst Gaba,False,Meis2,8.093,0.632,96.5,10.9,7.461
ORBm,022 L5 ET CTX Glut,053 Sst Gaba,False,Fezf2,7.132,0.14,94.1,2.5,6.993
ORBm,022 L5 ET CTX Glut,053 Sst Gaba,False,Pou3f1,7.053,0.175,92.1,3.2,6.878
ORBm,022 L5 ET CTX Glut,053 Sst Gaba,False,Lamp5,6.394,0.278,88.9,4.9,6.116
ORBm,022 L5 ET CTX Glut,053 Sst Gaba,False,Crym,6.295,0.261,89.1,4.6,6.034
ORBm,022 L5 ET CTX Glut,053 Sst Gaba,False,Etv1,6.735,0.868,90.2,13.5,5.867
ORBm,022 L5 ET CTX Glut,053 Sst Gaba,False,Satb2,6.198,0.554,87.3,9.4,5.644
ORBm,022 L5 ET CTX Glut,053 Sst Gaba,False,Adcyap1,4.394,0.106,65.8,1.8,4.288
ORBm,022 L5 ET CTX Glut,053 Sst Gaba,False,Tbr1,4.314,0.516,70.6,9.0,3.798
ORBm,022 L5 ET CTX Glut,053 Sst Gaba,False,Wfs1,3.874,0.555,61.9,9.9,3.32
ORBm,022 L5 ET CTX Glut,053 Sst Gaba,False,Lratd2,2.789,0.288,47.3,5.0,2.501
ORBm,029 L6b CTX Glut,004 L6 IT CTX Glut,True,Ccn2,6.137,0.076,76.9,1.4,6.061
ORBm,029 L6b CTX Glut,004 L6 IT CTX Glut,True,Cplx3,5.342,0.225,61.6,4.1,5.117
ORBm,029 L6b CTX Glut,004 L6 IT CTX Glut,True,Foxp2,5.375,0.371,68.7,6.5,5.004
ORBm,029 L6b CTX Glut,004 L6 IT CTX Glut,True,Nxph4,4.913,0.045,65.5,0.8,4.868
ORBm,029 L6b CTX Glut,004 L6 IT CTX Glut,True,Syt6,3.143,0.35,44.9,6.2,2.793
ORBm,029 L6b CTX Glut,004 L6 IT CTX Glut,True,Sla,2.841,0.238,44.0,4.2,2.602
ORBm,029 L6b CTX Glut,004 L6 IT CTX Glut,True,Cacng5,2.286,0.031,37.9,0.6,2.255
ORBm,029 L6b CTX Glut,004 L6 IT CTX Glut,True,Moxd1,2.246,0.043,33.1,0.8,2.203
ORBm,029 L6b CTX Glut,004 L6 IT CTX Glut,True,Rprm,1.935,0.675,28.2,11.8,1.261
ORBm,029 L6b CTX Glut,004 L6 IT CTX Glut,True,Amigo2,1.527,0.395,26.1,7.2,1.132
ORBm,029 L6b CTX Glut,005 L5 IT CTX Glut,False,Ccn2,6.137,0.074,76.9,1.4,6.063
ORBm,029 L6b CTX Glut,005 L5 IT CTX Glut,False,Cplx3,5.342,0.188,61.6,3.5,5.154
ORBm,029 L6b CTX Glut,005 L5 IT CTX Glut,False,Foxp2,5.375,0.472,68.7,8.8,4.902
ORBm,029 L6b CTX Glut,005 L5 IT CTX Glut,False,Nxph4,4.913,0.049,65.5,1.0,4.865
ORBm,029 L6b CTX Glut,005 L5 IT CTX Glut,False,Syt6,3.143,0.317,44.9,5.9,2.826
ORBm,029 L6b CTX Glut,005 L5 IT CTX Glut,False,Sla,2.841,0.086,44.0,1.6,2.755
ORBm,029 L6b CTX Glut,005 L5 IT CTX Glut,False,Cacng5,2.286,0.05,37.9,0.9,2.236
ORBm,029 L6b CTX Glut,005 L5 IT CTX Glut,False,Moxd1,2.246,0.049,33.1,0.9,2.197
ORBm,029 L6b CTX Glut,005 L5 IT CTX Glut,False,Amigo2,1.527,0.269,26.1,5.2,1.259
ORBm,029 L6b CTX Glut,006 L4/5 IT CTX Glut,False,Sema5a,7.016,0.476,91.9,8.5,6.541
ORBm,029 L6b CTX Glut,006 L4/5 IT CTX Glut,False,Ccn2,6.137,0.046,76.9,0.9,6.091
ORBm,029 L6b CTX Glut,006 L4/5 IT CTX Glut,False,Sulf1,5.79,0.24,78.6,4.4,5.55
ORBm,029 L6b CTX Glut,006 L4/5 IT CTX Glut,False,Cplx3,5.342,0.15,61.6,2.8,5.192
ORBm,029 L6b CTX Glut,006 L4/5 IT CTX Glut,False,Sema5b,5.448,0.506,75.8,9.1,4.942
ORBm,029 L6b CTX Glut,006 L4/5 IT CTX Glut,False,Nxph4,4.913,0.049,65.5,1.0,4.864
ORBm,029 L6b CTX Glut,006 L4/5 IT CTX Glut,False,Foxp2,5.375,0.523,68.7,9.6,4.851
ORBm,029 L6b CTX Glut,006 L4/5 IT CTX Glut,False,Drd1,4.357,0.248,67.2,4.5,4.109
ORBm,029 L6b CTX Glut,006 L4/5 IT CTX Glut,False,Syt6,3.143,0.206,44.9,3.8,2.938
ORBm,029 L6b CTX Glut,006 L4/5 IT CTX Glut,False,Gfra1,3.657,0.778,55.7,14.0,2.878
ORBm,029 L6b CTX Glut,006 L4/5 IT CTX Glut,False,Sla,2.841,0.088,44.0,1.6,2.752
ORBm,029 L6b CTX Glut,006 L4/5 IT CTX Glut,False,Cacng5,2.286,0.068,37.9,1.3,2.218
ORBm,029 L6b CTX Glut,007 L2/3 IT CTX Glut,False,Sema5a,7.016,0.353,91.9,6.5,6.664
ORBm,029 L6b CTX Glut,007 L2/3 IT CTX Glut,False,Rai14,6.41,0.204,86.5,3.7,6.206
ORBm,029 L6b CTX Glut,007 L2/3 IT CTX Glut,False,Ccn2,6.137,0.046,76.9,0.9,6.091
ORBm,029 L6b CTX Glut,007 L2/3 IT CTX Glut,False,Thsd7b,5.812,0.493,76.7,8.9,5.319
ORBm,029 L6b CTX Glut,007 L2/3 IT CTX Glut,False,Cplx3,5.342,0.156,61.6,2.9,5.186
ORBm,029 L6b CTX Glut,007 L2/3 IT CTX Glut,False,Foxp2,5.375,0.262,68.7,4.7,5.113
ORBm,029 L6b CTX Glut,007 L2/3 IT CTX Glut,False,Nxph4,4.913,0.023,65.5,0.5,4.89
ORBm,029 L6b CTX Glut,007 L2/3 IT CTX Glut,False,Fezf2,4.394,0.155,68.7,2.9,4.24
ORBm,029 L6b CTX Glut,007 L2/3 IT CTX Glut,False,Drd1,4.357,0.284,67.2,5.1,4.074
ORBm,029 L6b CTX Glut,007 L2/3 IT CTX Glut,False,Gfra1,3.657,0.59,55.7,10.7,3.067
ORBm,029 L6b CTX Glut,007 L2/3 IT CTX Glut,False,Syt6,3.143,0.175,44.9,3.1,2.968
ORBm,029 L6b CTX Glut,007 L2/3 IT CTX Glut,False,Sla,2.841,0.171,44.0,3.1,2.669
ORBm,029 L6b CTX Glut,022 L5 ET CTX Glut,False,Sema5a,7.016,0.402,91.9,7.2,6.615
ORBm,029 L6b CTX Glut,022 L5 ET CTX Glut,False,Rai14,6.41,0.249,86.5,4.6,6.161
ORBm,029 L6b CTX Glut,022 L5 ET CTX Glut,False,Ccn2,6.137,0.134,76.9,2.6,6.003
ORBm,029 L6b CTX Glut,022 L5 ET CTX Glut,False,Sulf1,5.79,0.322,78.6,6.0,5.469
ORBm,029 L6b CTX Glut,022 L5 ET CTX Glut,False,Thsd7b,5.812,0.48,76.7,8.8,5.333
ORBm,029 L6b CTX Glut,022 L5 ET CTX Glut,False,Cplx3,5.342,0.102,61.6,1.9,5.24
ORBm,029 L6b CTX Glut,022 L5 ET CTX Glut,False,Sema5b,5.448,0.262,75.8,4.9,5.186
ORBm,029 L6b CTX Glut,022 L5 ET CTX Glut,False,Nxph4,4.913,0.033,65.5,0.6,4.88
ORBm,029 L6b CTX Glut,022 L5 ET CTX Glut,False,Drd1,4.357,0.055,67.2,1.0,4.302
ORBm,029 L6b CTX Glut,022 L5 ET CTX Glut,False,Gfra1,3.657,0.197,55.7,3.7,3.46
ORBm,029 L6b CTX Glut,022 L5 ET CTX Glut,False,Syt6,3.143,0.413,44.9,7.5,2.731
ORBm,029 L6b CTX Glut,022 L5 ET CTX Glut,False,Sla,2.841,0.352,44.0,6.4,2.488
ORBm,029 L6b CTX Glut,030 L6 CT CTX Glut,True,Ccn2,6.137,0.808,76.9,13.4,5.33
ORBm,029 L6b CTX Glut,030 L6 CT CTX Glut,True,Cplx3,5.342,0.201,61.6,3.4,5.141
ORBm,029 L6b CTX Glut,030 L6 CT CTX Glut,True,Nxph4,4.913,0.299,65.5,5.2,4.615
ORBm,029 L6b CTX Glut,030 L6 CT CTX Glut,True,Moxd1,2.246,0.037,33.1,0.7,2.21
ORBm,029 L6b CTX Glut,030 L6 CT CTX Glut,True,Cacng5,2.286,0.616,37.9,10.8,1.67
ORBm,029 L6b CTX Glut,032 L5 NP CTX Glut,False,Sulf1,5.79,0.275,78.6,4.3,5.515
ORBm,029 L6b CTX Glut,032 L5 NP CTX Glut,False,Thsd7b,5.812,0.37,76.7,5.8,5.443
ORBm,029 L6b CTX Glut,032 L5 NP CTX Glut,False,Cplx3,5.342,0.091,61.6,1.4,5.25
ORBm,029 L6b CTX Glut,032 L5 NP CTX Glut,False,Nxph4,4.913,0.036,65.5,0.6,4.877
ORBm,029 L6b CTX Glut,032 L5 NP CTX Glut,False,Nr4a2,3.91,0.105,57.7,1.7,3.805
ORBm,029 L6b CTX Glut,032 L5 NP CTX Glut,False,Gfra1,3.657,0.167,55.7,2.8,3.49
ORBm,029 L6b CTX Glut,032 L5 NP CTX Glut,False,Ppp1r1b,4.107,0.808,62.6,13.1,3.299
ORBm,029 L6b CTX Glut,032 L5 NP CTX Glut,False,Sla,2.841,0.105,44.0,1.7,2.736
ORBm,029 L6b CTX Glut,032 L5 NP CTX Glut,False,Syt6,3.143,0.481,44.9,7.5,2.662
ORBm,029 L6b CTX Glut,032 L5 NP CTX Glut,False,Moxd1,2.246,0.031,33.1,0.5,2.215
ORBm,029 L6b CTX Glut,032 L5 NP CTX Glut,False,Ntsr1,1.743,0.04,29.9,0.7,1.703
ORBm,029 L6b CTX Glut,032 L5 NP CTX Glut,False,Deptor,2.419,0.904,39.0,15.0,1.514
ORBm,029 L6b CTX Glut,046 Vip Gaba,False,Mpped1,9.012,0.957,99.6,14.6,8.055
ORBm,029 L6b CTX Glut,046 Vip Gaba,False,Satb2,8.407,0.454,98.5,6.9,7.954
ORBm,029 L6b CTX Glut,046 Vip Gaba,False,Tbr1,7.193,0.363,95.4,5.6,6.829
ORBm,029 L6b CTX Glut,046 Vip Gaba,False,Rai14,6.41,0.401,86.5,5.9,6.009
ORBm,029 L6b CTX Glut,046 Vip Gaba,False,Ccn2,6.137,0.152,76.9,2.5,5.985
ORBm,029 L6b CTX Glut,046 Vip Gaba,False,Spon1,6.033,0.347,75.0,5.3,5.686
ORBm,029 L6b CTX Glut,046 Vip Gaba,False,Sulf1,5.79,0.143,78.6,2.2,5.647
ORBm,029 L6b CTX Glut,046 Vip Gaba,False,Foxp2,5.375,0.301,68.7,4.5,5.073
ORBm,029 L6b CTX Glut,046 Vip Gaba,False,Nxph4,4.913,0.065,65.5,1.0,4.848
ORBm,029 L6b CTX Glut,046 Vip Gaba,False,Cplx3,5.342,0.726,61.6,10.8,4.616
ORBm,029 L6b CTX Glut,046 Vip Gaba,False,Fezf2,4.394,0.106,68.7,1.6,4.289
ORBm,029 L6b CTX Glut,046 Vip Gaba,False,Ppp1r1b,4.107,0.183,62.6,2.9,3.924
ORBm,029 L6b CTX Glut,049 Lamp5 Gaba,False,Satb2,8.407,0.478,98.5,7.9,7.929
ORBm,029 L6b CTX Glut,049 Lamp5 Gaba,False,Tbr1,7.193,0.442,95.4,7.1,6.751
ORBm,029 L6b CTX Glut,049 Lamp5 Gaba,False,Rai14,6.41,0.131,86.5,2.1,6.279
ORBm,029 L6b CTX Glut,049 Lamp5 Gaba,False,Ccn2,6.137,0.092,76.9,1.5,6.045
ORBm,029 L6b CTX Glut,049 Lamp5 Gaba,False,Spon1,6.033,0.446,75.0,7.4,5.587
ORBm,029 L6b CTX Glut,049 Lamp5 Gaba,False,Sulf1,5.79,0.229,78.6,3.8,5.562
ORBm,029 L6b CTX Glut,049 Lamp5 Gaba,False,Sema5b,5.448,0.278,75.8,4.7,5.17
ORBm,029 L6b CTX Glut,049 Lamp5 Gaba,False,Foxp2,5.375,0.287,68.7,4.7,5.088
ORBm,029 L6b CTX Glut,049 Lamp5 Gaba,False,Nxph4,4.913,0.047,65.5,0.8,4.866
ORBm,029 L6b CTX Glut,049 Lamp5 Gaba,False,Fezf2,4.394,0.156,68.7,2.7,4.239
ORBm,029 L6b CTX Glut,049 Lamp5 Gaba,False,Nr4a2,3.91,0.234,57.7,3.9,3.676
ORBm,029 L6b CTX Glut,049 Lamp5 Gaba,False,Drd1,4.357,0.77,67.2,12.7,3.587
ORBm,029 L6b CTX Glut,052 Pvalb Gaba,False,Satb2,8.407,0.62,98.5,10.3,7.787
ORBm,029 L6b CTX Glut,052 Pvalb Gaba,False,Tbr1,7.193,0.495,95.4,8.6,6.697
ORBm,029 L6b CTX Glut,052 Pvalb Gaba,False,Rai14,6.41,0.138,86.5,2.4,6.272
ORBm,029 L6b CTX Glut,052 Pvalb Gaba,False,Ccn2,6.137,0.13,76.9,2.4,6.008
ORBm,029 L6b CTX Glut,052 Pvalb Gaba,False,Sulf1,5.79,0.178,78.6,3.0,5.612
ORBm,029 L6b CTX Glut,052 Pvalb Gaba,False,Cplx3,5.342,0.09,61.6,1.6,5.252
ORBm,029 L6b CTX Glut,052 Pvalb Gaba,False,Nxph4,4.913,0.033,65.5,0.6,4.88
ORBm,029 L6b CTX Glut,052 Pvalb Gaba,False,Foxp2,5.375,0.517,68.7,8.3,4.857
ORBm,029 L6b CTX Glut,052 Pvalb Gaba,False,Sema5b,5.448,0.604,75.8,10.1,4.844
ORBm,029 L6b CTX Glut,052 Pvalb Gaba,False,Fezf2,4.394,0.115,68.7,2.1,4.279
ORBm,029 L6b CTX Glut,052 Pvalb Gaba,False,Ppp1r1b,4.107,0.181,62.6,3.3,3.926
ORBm,029 L6b CTX Glut,052 Pvalb Gaba,False,Gfra1,3.657,0.784,55.7,13.2,2.872
ORBm,029 L6b CTX Glut,053 Sst Gaba,False,Nfib,9.254,0.789,99.5,13.5,8.465
ORBm,029 L6b CTX Glut,053 Sst Gaba,False,Satb2,8.407,0.554,98.5,9.4,7.853
ORBm,029 L6b CTX Glut,053 Sst Gaba,False,Tbr1,7.193,0.516,95.4,9.0,6.676
ORBm,029 L6b CTX Glut,053 Sst Gaba,False,Rai14,6.41,0.153,86.5,2.7,6.257
ORBm,029 L6b CTX Glut,053 Sst Gaba,False,Ccn2,6.137,0.102,76.9,1.9,6.035
ORBm,029 L6b CTX Glut,053 Sst Gaba,False,Sulf1,5.79,0.156,78.6,2.7,5.635
ORBm,029 L6b CTX Glut,053 Sst Gaba,False,Cplx3,5.342,0.071,61.6,1.3,5.27
ORBm,029 L6b CTX Glut,053 Sst Gaba,False,Sema5b,5.448,0.301,75.8,5.2,5.147
ORBm,029 L6b CTX Glut,053 Sst Gaba,False,Foxp2,5.375,0.237,68.7,4.1,5.138
ORBm,029 L6b CTX Glut,053 Sst Gaba,False,Nxph4,4.913,0.248,65.5,4.0,4.665
ORBm,029 L6b CTX Glut,053 Sst Gaba,False,Fezf2,4.394,0.14,68.7,2.5,4.255
ORBm,029 L6b CTX Glut,053 Sst Gaba,False,Ppp1r1b,4.107,0.174,62.6,3.1,3.933
ORBm,030 L6 CT CTX Glut,004 L6 IT CTX Glut,True,Foxp2,8.498,0.371,98.7,6.5,8.127
ORBm,030 L6 CT CTX Glut,004 L6 IT CTX Glut,True,Rprm,7.383,0.675,91.3,11.8,6.708
ORBm,030 L6 CT CTX Glut,004 L6 IT CTX Glut,True,Syt6,6.902,0.35,91.7,6.2,6.552
ORBm,030 L6 CT CTX Glut,004 L6 IT CTX Glut,True,Sla,4.497,0.238,68.1,4.2,4.258
ORBm,030 L6 CT CTX Glut,004 L6 IT CTX Glut,True,Zfhx3,2.441,0.193,39.7,3.6,2.248
ORBm,030 L6 CT CTX Glut,004 L6 IT CTX Glut,True,Cyp26b1,1.761,0.057,27.2,1.1,1.704
ORBm,030 L6 CT CTX Glut,005 L5 IT CTX Glut,False,Foxp2,8.498,0.472,98.7,8.8,8.025
ORBm,030 L6 CT CTX Glut,005 L5 IT CTX Glut,False,Syt6,6.902,0.317,91.7,5.9,6.585
ORBm,030 L6 CT CTX Glut,005 L5 IT CTX Glut,False,Sla,4.497,0.086,68.1,1.6,4.41
ORBm,030 L6 CT CTX Glut,005 L5 IT CTX Glut,False,Zfhx3,2.441,0.34,39.7,6.5,2.101
ORBm,030 L6 CT CTX Glut,005 L5 IT CTX Glut,False,Cyp26b1,1.761,0.113,27.2,2.2,1.647
ORBm,030 L6 CT CTX Glut,006 L4/5 IT CTX Glut,False,Foxp2,8.498,0.523,98.7,9.6,7.974
ORBm,030 L6 CT CTX Glut,006 L4/5 IT CTX Glut,False,Syt6,6.902,0.206,91.7,3.8,6.696
ORBm,030 L6 CT CTX Glut,006 L4/5 IT CTX Glut,False,Sema5a,6.555,0.476,85.8,8.5,6.08
ORBm,030 L6 CT CTX Glut,006 L4/5 IT CTX Glut,False,Sulf1,5.322,0.24,71.9,4.4,5.082
ORBm,030 L6 CT CTX Glut,006 L4/5 IT CTX Glut,False,Sla,4.497,0.088,68.1,1.6,4.408
ORBm,030 L6 CT CTX Glut,006 L4/5 IT CTX Glut,False,Sema5b,4.616,0.506,67.6,9.1,4.11
ORBm,030 L6 CT CTX Glut,006 L4/5 IT CTX Glut,False,Ptpru,3.678,0.629,58.5,11.7,3.048
ORBm,030 L6 CT CTX Glut,006 L4/5 IT CTX Glut,False,Zfhx3,2.441,0.37,39.7,7.1,2.072
ORBm,030 L6 CT CTX Glut,006 L4/5 IT CTX Glut,False,Drd1,2.098,0.248,35.6,4.5,1.85
ORBm,030 L6 CT CTX Glut,006 L4/5 IT CTX Glut,False,Cyp26b1,1.761,0.142,27.2,2.6,1.618
ORBm,030 L6 CT CTX Glut,007 L2/3 IT CTX Glut,False,Foxp2,8.498,0.262,98.7,4.7,8.236
ORBm,030 L6 CT CTX Glut,007 L2/3 IT CTX Glut,False,Thsd7b,7.399,0.493,91.8,8.9,6.906
ORBm,030 L6 CT CTX Glut,007 L2/3 IT CTX Glut,False,Rprm,7.383,0.641,91.3,11.5,6.741
ORBm,030 L6 CT CTX Glut,007 L2/3 IT CTX Glut,False,Syt6,6.902,0.175,91.7,3.1,6.727
ORBm,030 L6 CT CTX Glut,007 L2/3 IT CTX Glut,False,Sema5a,6.555,0.353,85.8,6.5,6.202
ORBm,030 L6 CT CTX Glut,007 L2/3 IT CTX Glut,False,Rai14,4.785,0.204,71.8,3.7,4.581
ORBm,030 L6 CT CTX Glut,007 L2/3 IT CTX Glut,False,Fezf2,4.676,0.155,71.8,2.9,4.522
ORBm,030 L6 CT CTX Glut,007 L2/3 IT CTX Glut,False,Sla,4.497,0.171,68.1,3.1,4.325
ORBm,030 L6 CT CTX Glut,007 L2/3 IT CTX Glut,False,Zfhx3,2.441,0.506,39.7,8.9,1.935
ORBm,030 L6 CT CTX Glut,007 L2/3 IT CTX Glut,False,Drd1,2.098,0.284,35.6,5.1,1.814
ORBm,030 L6 CT CTX Glut,007 L2/3 IT CTX Glut,False,Cyp26b1,1.761,0.058,27.2,1.1,1.703
ORBm,030 L6 CT CTX Glut,007 L2/3 IT CTX Glut,False,Gfra1,1.669,0.59,26.7,10.7,1.079
ORBm,030 L6 CT CTX Glut,022 L5 ET CTX Glut,False,Thsd7b,7.399,0.48,91.8,8.8,6.919
ORBm,030 L6 CT CTX Glut,022 L5 ET CTX Glut,False,Syt6,6.902,0.413,91.7,7.5,6.489
ORBm,030 L6 CT CTX Glut,022 L5 ET CTX Glut,False,Sema5a,6.555,0.402,85.8,7.2,6.153
ORBm,030 L6 CT CTX Glut,022 L5 ET CTX Glut,False,Sulf1,5.322,0.322,71.9,6.0,5.0
ORBm,030 L6 CT CTX Glut,022 L5 ET CTX Glut,False,Rai14,4.785,0.249,71.8,4.6,4.536
ORBm,030 L6 CT CTX Glut,022 L5 ET CTX Glut,False,Sema5b,4.616,0.262,67.6,4.9,4.354
ORBm,030 L6 CT CTX Glut,022 L5 ET CTX Glut,False,Sla,4.497,0.352,68.1,6.4,4.144
ORBm,030 L6 CT CTX Glut,022 L5 ET CTX Glut,False,Drd1,2.098,0.055,35.6,1.0,2.042
ORBm,030 L6 CT CTX Glut,022 L5 ET CTX Glut,False,Cyp26b1,1.761,0.072,27.2,1.3,1.689
ORBm,030 L6 CT CTX Glut,022 L5 ET CTX Glut,False,Gfra1,1.669,0.197,26.7,3.7,1.473
ORBm,030 L6 CT CTX Glut,029 L6b CTX Glut,True,Cyp26b1,1.761,0.043,27.2,0.8,1.718
ORBm,030 L6 CT CTX Glut,029 L6b CTX Glut,True,Etv1,1.965,0.9,31.1,14.6,1.064
ORBm,030 L6 CT CTX Glut,032 L5 NP CTX Glut,False,Thsd7b,7.399,0.37,91.8,5.8,7.029
ORBm,030 L6 CT CTX Glut,032 L5 NP CTX Glut,False,Syt6,6.902,0.481,91.7,7.5,6.42
ORBm,030 L6 CT CTX Glut,032 L5 NP CTX Glut,False,Sulf1,5.322,0.275,71.9,4.3,5.047
ORBm,030 L6 CT CTX Glut,032 L5 NP CTX Glut,False,Sla,4.497,0.105,68.1,1.7,4.392
ORBm,030 L6 CT CTX Glut,032 L5 NP CTX Glut,False,Ppp1r1b,4.949,0.808,73.3,13.1,4.141
ORBm,030 L6 CT CTX Glut,032 L5 NP CTX Glut,False,Nr4a2,1.892,0.105,30.1,1.7,1.787
ORBm,030 L6 CT CTX Glut,032 L5 NP CTX Glut,False,Zfhx3,2.441,0.67,39.7,10.9,1.771
ORBm,030 L6 CT CTX Glut,032 L5 NP CTX Glut,False,Cyp26b1,1.761,0.06,27.2,1.0,1.701
ORBm,030 L6 CT CTX Glut,032 L5 NP CTX Glut,False,Deptor,2.494,0.904,40.2,15.0,1.59
ORBm,030 L6 CT CTX Glut,032 L5 NP CTX Glut,False,Gfra1,1.669,0.167,26.7,2.8,1.503
ORBm,030 L6 CT CTX Glut,046 Vip Gaba,False,Foxp2,8.498,0.301,98.7,4.5,8.196
ORBm,030 L6 CT CTX Glut,046 Vip Gaba,False,Meis2,8.683,0.655,96.3,10.0,8.028
ORBm,030 L6 CT CTX Glut,046 Vip Gaba,False,Tbr1,7.566,0.363,96.6,5.6,7.203
ORBm,030 L6 CT CTX Glut,046 Vip Gaba,False,Mpped1,7.945,0.957,97.9,14.6,6.988
ORBm,030 L6 CT CTX Glut,046 Vip Gaba,False,Satb2,6.931,0.454,91.6,6.9,6.477
ORBm,030 L6 CT CTX Glut,046 Vip Gaba,False,Crym,5.979,0.181,85.3,2.8,5.798
ORBm,030 L6 CT CTX Glut,046 Vip Gaba,False,Spon1,6.087,0.347,77.3,5.3,5.74
ORBm,030 L6 CT CTX Glut,046 Vip Gaba,False,Sulf1,5.322,0.143,71.9,2.2,5.179
ORBm,030 L6 CT CTX Glut,046 Vip Gaba,False,Ppp1r1b,4.949,0.183,73.3,2.9,4.767
ORBm,030 L6 CT CTX Glut,046 Vip Gaba,False,Fezf2,4.676,0.106,71.8,1.6,4.571
ORBm,030 L6 CT CTX Glut,046 Vip Gaba,False,Sla,4.497,0.05,68.1,0.8,4.446
ORBm,030 L6 CT CTX Glut,046 Vip Gaba,False,Rai14,4.785,0.401,71.8,5.9,4.384
ORBm,030 L6 CT CTX Glut,049 Lamp5 Gaba,False,Foxp2,8.498,0.287,98.7,4.7,8.211
ORBm,030 L6 CT CTX Glut,049 Lamp5 Gaba,False,Meis2,8.683,0.676,96.3,10.9,8.007
ORBm,030 L6 CT CTX Glut,049 Lamp5 Gaba,False,Tbr1,7.566,0.442,96.6,7.1,7.124
ORBm,030 L6 CT CTX Glut,049 Lamp5 Gaba,False,Rprm,7.383,0.367,91.3,6.1,7.016
ORBm,030 L6 CT CTX Glut,049 Lamp5 Gaba,False,Syt6,6.902,0.181,91.7,2.8,6.721
ORBm,030 L6 CT CTX Glut,049 Lamp5 Gaba,False,Satb2,6.931,0.478,91.6,7.9,6.453
ORBm,030 L6 CT CTX Glut,049 Lamp5 Gaba,False,Crym,5.979,0.22,85.3,3.7,5.759
ORBm,030 L6 CT CTX Glut,049 Lamp5 Gaba,False,Spon1,6.087,0.446,77.3,7.4,5.641
ORBm,030 L6 CT CTX Glut,049 Lamp5 Gaba,False,Sulf1,5.322,0.229,71.9,3.8,5.094
ORBm,030 L6 CT CTX Glut,049 Lamp5 Gaba,False,Rai14,4.785,0.131,71.8,2.1,4.654
ORBm,030 L6 CT CTX Glut,049 Lamp5 Gaba,False,Fezf2,4.676,0.156,71.8,2.7,4.521
ORBm,030 L6 CT CTX Glut,049 Lamp5 Gaba,False,Ppp1r1b,4.949,0.609,73.3,10.3,4.34
ORBm,030 L6 CT CTX Glut,052 Pvalb Gaba,False,Meis2,8.683,0.585,96.3,10.2,8.098
ORBm,030 L6 CT CTX Glut,052 Pvalb Gaba,False,Foxp2,8.498,0.517,98.7,8.3,7.98
ORBm,030 L6 CT CTX Glut,052 Pvalb Gaba,False,Tbr1,7.566,0.495,96.6,8.6,7.071
ORBm,030 L6 CT CTX Glut,052 Pvalb Gaba,False,Rprm,7.383,0.369,91.3,6.5,7.014
ORBm,030 L6 CT CTX Glut,052 Pvalb Gaba,False,Syt6,6.902,0.368,91.7,6.2,6.534
ORBm,030 L6 CT CTX Glut,052 Pvalb Gaba,False,Satb2,6.931,0.62,91.6,10.3,6.311
ORBm,030 L6 CT CTX Glut,052 Pvalb Gaba,False,Crym,5.979,0.239,85.3,4.3,5.74
ORBm,030 L6 CT CTX Glut,052 Pvalb Gaba,False,Sulf1,5.322,0.178,71.9,3.0,5.144
ORBm,030 L6 CT CTX Glut,052 Pvalb Gaba,False,Ppp1r1b,4.949,0.181,73.3,3.3,4.769
ORBm,030 L6 CT CTX Glut,052 Pvalb Gaba,False,Rai14,4.785,0.138,71.8,2.4,4.647
ORBm,030 L6 CT CTX Glut,052 Pvalb Gaba,False,Fezf2,4.676,0.115,71.8,2.1,4.561
ORBm,030 L6 CT CTX Glut,052 Pvalb Gaba,False,Sla,4.497,0.389,68.1,6.8,4.108
ORBm,030 L6 CT CTX Glut,053 Sst Gaba,False,Nfib,9.341,0.789,99.8,13.5,8.551
ORBm,030 L6 CT CTX Glut,053 Sst Gaba,False,Foxp2,8.498,0.237,98.7,4.1,8.261
ORBm,030 L6 CT CTX Glut,053 Sst Gaba,False,Meis2,8.683,0.632,96.3,10.9,8.052
ORBm,030 L6 CT CTX Glut,053 Sst Gaba,False,Tbr1,7.566,0.516,96.6,9.0,7.05
ORBm,030 L6 CT CTX Glut,053 Sst Gaba,False,Rprm,7.383,0.414,91.3,7.2,6.968
ORBm,030 L6 CT CTX Glut,053 Sst Gaba,False,Satb2,6.931,0.554,91.6,9.4,6.377
ORBm,030 L6 CT CTX Glut,053 Sst Gaba,False,Syt6,6.902,0.638,91.7,10.6,6.264
ORBm,030 L6 CT CTX Glut,053 Sst Gaba,False,Crym,5.979,0.261,85.3,4.6,5.718
ORBm,030 L6 CT CTX Glut,053 Sst Gaba,False,Sulf1,5.322,0.156,71.9,2.7,5.166
ORBm,030 L6 CT CTX Glut,053 Sst Gaba,False,Ppp1r1b,4.949,0.174,73.3,3.1,4.775
ORBm,030 L6 CT CTX Glut,053 Sst Gaba,False,Rai14,4.785,0.153,71.8,2.7,4.632
ORBm,030 L6 CT CTX Glut,053 Sst Gaba,False,Fezf2,4.676,0.14,71.8,2.5,4.537
ORBm,032 L5 NP CTX Glut,004 L6 IT CTX Glut,False,Tshz2,11.913,0.341,100.0,6.0,11.571
ORBm,032 L5 NP CTX Glut,004 L6 IT CTX Glut,False,Nxph1,7.171,0.665,80.1,11.6,6.507
ORBm,032 L5 NP CTX Glut,004 L6 IT CTX Glut,False,Trhr,5.317,0.072,71.2,1.3,5.245
ORBm,032 L5 NP CTX Glut,004 L6 IT CTX Glut,False,Slc17a6,5.134,0.054,70.7,0.9,5.08
ORBm,032 L5 NP CTX Glut,004 L6 IT CTX Glut,False,Foxp2,5.331,0.371,72.2,6.5,4.961
ORBm,032 L5 NP CTX Glut,004 L6 IT CTX Glut,False,Rprm,4.89,0.675,68.2,11.8,4.215
ORBm,032 L5 NP CTX Glut,004 L6 IT CTX Glut,False,Amigo2,3.276,0.395,48.9,7.2,2.88
ORBm,032 L5 NP CTX Glut,004 L6 IT CTX Glut,False,Cacng5,2.422,0.031,36.9,0.6,2.391
ORBm,032 L5 NP CTX Glut,004 L6 IT CTX Glut,False,Ccn2,2.001,0.076,31.4,1.4,1.925
ORBm,032 L5 NP CTX Glut,004 L6 IT CTX Glut,False,Slc17a8,1.838,0.061,26.4,1.1,1.776
ORBm,032 L5 NP CTX Glut,005 L5 IT CTX Glut,True,Tshz2,11.913,0.455,100.0,8.0,11.458
ORBm,032 L5 NP CTX Glut,005 L5 IT CTX Glut,True,Nxph1,7.171,0.768,80.1,13.8,6.404
ORBm,032 L5 NP CTX Glut,005 L5 IT CTX Glut,True,Trhr,5.317,0.326,71.2,5.6,4.991
ORBm,032 L5 NP CTX Glut,005 L5 IT CTX Glut,True,Slc17a6,5.134,0.197,70.7,3.5,4.937
ORBm,032 L5 NP CTX Glut,005 L5 IT CTX Glut,True,Foxp2,5.331,0.472,72.2,8.8,4.859
ORBm,032 L5 NP CTX Glut,005 L5 IT CTX Glut,True,Amigo2,3.276,0.269,48.9,5.2,3.007
ORBm,032 L5 NP CTX Glut,005 L5 IT CTX Glut,True,Cacng5,2.422,0.05,36.9,0.9,2.372
ORBm,032 L5 NP CTX Glut,005 L5 IT CTX Glut,True,Ccn2,2.001,0.074,31.4,1.4,1.927
ORBm,032 L5 NP CTX Glut,005 L5 IT CTX Glut,True,Slc17a8,1.838,0.056,26.4,1.1,1.782
ORBm,032 L5 NP CTX Glut,006 L4/5 IT CTX Glut,False,Nxph1,7.171,0.568,80.1,10.2,6.604
ORBm,032 L5 NP CTX Glut,006 L4/5 IT CTX Glut,False,Foxp2,5.331,0.523,72.2,9.6,4.808
ORBm,032 L5 NP CTX Glut,006 L4/5 IT CTX Glut,False,Trhr,5.317,0.522,71.2,8.8,4.795
ORBm,032 L5 NP CTX Glut,006 L4/5 IT CTX Glut,False,Sema5a,4.622,0.476,61.4,8.5,4.146
ORBm,032 L5 NP CTX Glut,006 L4/5 IT CTX Glut,False,Sema5b,4.037,0.506,54.1,9.1,3.531
ORBm,032 L5 NP CTX Glut,006 L4/5 IT CTX Glut,False,Amigo2,3.276,0.307,48.9,5.9,2.969
ORBm,032 L5 NP CTX Glut,006 L4/5 IT CTX Glut,False,Ptpru,3.284,0.629,49.8,11.7,2.654
ORBm,032 L5 NP CTX Glut,006 L4/5 IT CTX Glut,False,Cacng5,2.422,0.068,36.9,1.3,2.354
ORBm,032 L5 NP CTX Glut,006 L4/5 IT CTX Glut,False,Ccn2,2.001,0.046,31.4,0.9,1.955
ORBm,032 L5 NP CTX Glut,006 L4/5 IT CTX Glut,False,Slc17a8,1.838,0.056,26.4,1.1,1.782
ORBm,032 L5 NP CTX Glut,006 L4/5 IT CTX Glut,False,Drd1,1.697,0.248,27.1,4.5,1.449
ORBm,032 L5 NP CTX Glut,007 L2/3 IT CTX Glut,False,Tshz2,11.913,0.724,100.0,11.9,11.189
ORBm,032 L5 NP CTX Glut,007 L2/3 IT CTX Glut,False,Nxph1,7.171,0.453,80.1,8.1,6.719
ORBm,032 L5 NP CTX Glut,007 L2/3 IT CTX Glut,False,Fezf2,6.503,0.155,86.3,2.9,6.348
ORBm,032 L5 NP CTX Glut,007 L2/3 IT CTX Glut,False,Foxp2,5.331,0.262,72.2,4.7,5.07
ORBm,032 L5 NP CTX Glut,007 L2/3 IT CTX Glut,False,Trhr,5.317,0.686,71.2,11.1,4.631
ORBm,032 L5 NP CTX Glut,007 L2/3 IT CTX Glut,False,Sema5a,4.622,0.353,61.4,6.5,4.269
ORBm,032 L5 NP CTX Glut,007 L2/3 IT CTX Glut,False,Rprm,4.89,0.641,68.2,11.5,4.249
ORBm,032 L5 NP CTX Glut,007 L2/3 IT CTX Glut,False,Rai14,4.224,0.204,60.3,3.7,4.021
ORBm,032 L5 NP CTX Glut,007 L2/3 IT CTX Glut,False,Amigo2,3.276,0.709,48.9,12.5,2.566
ORBm,032 L5 NP CTX Glut,007 L2/3 IT CTX Glut,False,Cacng5,2.422,0.096,36.9,1.8,2.326
ORBm,032 L5 NP CTX Glut,007 L2/3 IT CTX Glut,False,Ccn2,2.001,0.046,31.4,0.9,1.955
ORBm,032 L5 NP CTX Glut,007 L2/3 IT CTX Glut,False,Slc17a8,1.838,0.029,26.4,0.6,1.809
ORBm,032 L5 NP CTX Glut,022 L5 ET CTX Glut,True,Tshz2,11.913,0.781,100.0,12.6,11.132
ORBm,032 L5 NP CTX Glut,022 L5 ET CTX Glut,True,Nxph1,7.171,0.525,80.1,9.4,6.646
ORBm,032 L5 NP CTX Glut,022 L5 ET CTX Glut,True,Trhr,5.317,0.071,71.2,1.3,5.246
ORBm,032 L5 NP CTX Glut,022 L5 ET CTX Glut,True,Sema5a,4.622,0.402,61.4,7.2,4.22
ORBm,032 L5 NP CTX Glut,022 L5 ET CTX Glut,True,Rai14,4.224,0.249,60.3,4.6,3.976
ORBm,032 L5 NP CTX Glut,022 L5 ET CTX Glut,True,Sema5b,4.037,0.262,54.1,4.9,3.775
ORBm,032 L5 NP CTX Glut,022 L5 ET CTX Glut,True,Amigo2,3.276,0.114,48.9,2.2,3.161
ORBm,032 L5 NP CTX Glut,022 L5 ET CTX Glut,True,Cacng5,2.422,0.036,36.9,0.7,2.386
ORBm,032 L5 NP CTX Glut,022 L5 ET CTX Glut,True,Ccn2,2.001,0.134,31.4,2.6,1.867
ORBm,032 L5 NP CTX Glut,022 L5 ET CTX Glut,True,Slc17a8,1.838,0.026,26.4,0.5,1.812
ORBm,032 L5 NP CTX Glut,022 L5 ET CTX Glut,True,Drd1,1.697,0.055,27.1,1.0,1.641
ORBm,032 L5 NP CTX Glut,029 L6b CTX Glut,False,Tshz2,11.913,0.68,100.0,11.0,11.232
ORBm,032 L5 NP CTX Glut,029 L6b CTX Glut,False,Etv1,9.894,0.9,99.8,14.6,8.993
ORBm,032 L5 NP CTX Glut,029 L6b CTX Glut,False,Rorb,2.728,0.449,37.1,7.8,2.28
ORBm,032 L5 NP CTX Glut,029 L6b CTX Glut,False,Matn2,2.329,0.406,36.1,7.2,1.923
ORBm,032 L5 NP CTX Glut,029 L6b CTX Glut,False,Slc17a8,1.838,0.258,26.4,4.2,1.579
ORBm,032 L5 NP CTX Glut,030 L6 CT CTX Glut,False,Tshz2,11.913,0.645,100.0,10.2,11.267
ORBm,032 L5 NP CTX Glut,030 L6 CT CTX Glut,False,Nxph1,7.171,0.473,80.1,8.2,6.699
ORBm,032 L5 NP CTX Glut,030 L6 CT CTX Glut,False,Trhr,5.317,0.523,71.2,8.1,4.794
ORBm,032 L5 NP CTX Glut,030 L6 CT CTX Glut,False,Amigo2,3.276,0.625,48.9,10.9,2.65
ORBm,032 L5 NP CTX Glut,030 L6 CT CTX Glut,False,Rorb,2.728,0.501,37.1,8.8,2.228
ORBm,032 L5 NP CTX Glut,030 L6 CT CTX Glut,False,Slc17a8,1.838,0.025,26.4,0.5,1.813
ORBm,032 L5 NP CTX Glut,030 L6 CT CTX Glut,False,Cacng5,2.422,0.616,36.9,10.8,1.806
ORBm,032 L5 NP CTX Glut,030 L6 CT CTX Glut,False,Ccn2,2.001,0.808,31.4,13.4,1.193
ORBm,032 L5 NP CTX Glut,046 Vip Gaba,False,Tshz2,11.913,0.665,100.0,9.6,11.248
ORBm,032 L5 NP CTX Glut,046 Vip Gaba,False,Meis2,8.699,0.655,94.5,10.0,8.044
ORBm,032 L5 NP CTX Glut,046 Vip Gaba,False,Spon1,7.75,0.347,92.7,5.3,7.403
ORBm,032 L5 NP CTX Glut,046 Vip Gaba,False,Satb2,6.871,0.454,86.8,6.9,6.418
ORBm,032 L5 NP CTX Glut,046 Vip Gaba,False,Fezf2,6.503,0.106,86.3,1.6,6.397
ORBm,032 L5 NP CTX Glut,046 Vip Gaba,False,Trhr,5.317,0.028,71.2,0.4,5.289
ORBm,032 L5 NP CTX Glut,046 Vip Gaba,False,Slc17a6,5.134,0.043,70.7,0.7,5.091
ORBm,032 L5 NP CTX Glut,046 Vip Gaba,False,Foxp2,5.331,0.301,72.2,4.5,5.03
ORBm,032 L5 NP CTX Glut,046 Vip Gaba,False,Crym,4.315,0.181,62.9,2.8,4.134
ORBm,032 L5 NP CTX Glut,046 Vip Gaba,False,Rai14,4.224,0.401,60.3,5.9,3.824
ORBm,032 L5 NP CTX Glut,046 Vip Gaba,False,Tbr1,4.091,0.363,60.4,5.6,3.728
ORBm,032 L5 NP CTX Glut,046 Vip Gaba,False,Amigo2,3.276,0.093,48.9,1.5,3.182
ORBm,032 L5 NP CTX Glut,049 Lamp5 Gaba,False,Tshz2,11.913,0.443,100.0,6.9,11.47
ORBm,032 L5 NP CTX Glut,049 Lamp5 Gaba,False,Etv1,9.894,0.491,99.8,8.2,9.402
ORBm,032 L5 NP CTX Glut,049 Lamp5 Gaba,False,Meis2,8.699,0.676,94.5,10.9,8.023
ORBm,032 L5 NP CTX Glut,049 Lamp5 Gaba,False,Spon1,7.75,0.446,92.7,7.4,7.304
ORBm,032 L5 NP CTX Glut,049 Lamp5 Gaba,False,Satb2,6.871,0.478,86.8,7.9,6.393
ORBm,032 L5 NP CTX Glut,049 Lamp5 Gaba,False,Fezf2,6.503,0.156,86.3,2.7,6.347
ORBm,032 L5 NP CTX Glut,049 Lamp5 Gaba,False,Slc17a6,5.134,0.036,70.7,0.6,5.098
ORBm,032 L5 NP CTX Glut,049 Lamp5 Gaba,False,Trhr,5.317,0.239,71.2,3.8,5.078
ORBm,032 L5 NP CTX Glut,049 Lamp5 Gaba,False,Foxp2,5.331,0.287,72.2,4.7,5.044
ORBm,032 L5 NP CTX Glut,049 Lamp5 Gaba,False,Rprm,4.89,0.367,68.2,6.1,4.524
ORBm,032 L5 NP CTX Glut,049 Lamp5 Gaba,False,Crym,4.315,0.22,62.9,3.7,4.095
ORBm,032 L5 NP CTX Glut,049 Lamp5 Gaba,False,Rai14,4.224,0.131,60.3,2.1,4.094
ORBm,032 L5 NP CTX Glut,052 Pvalb Gaba,False,Tshz2,11.913,0.591,100.0,9.8,11.321
ORBm,032 L5 NP CTX Glut,052 Pvalb Gaba,False,Meis2,8.699,0.585,94.5,10.2,8.114
ORBm,032 L5 NP CTX Glut,052 Pvalb Gaba,False,Fezf2,6.503,0.115,86.3,2.1,6.387
ORBm,032 L5 NP CTX Glut,052 Pvalb Gaba,False,Satb2,6.871,0.62,86.8,10.3,6.251
ORBm,032 L5 NP CTX Glut,052 Pvalb Gaba,False,Trhr,5.317,0.089,71.2,1.4,5.228
ORBm,032 L5 NP CTX Glut,052 Pvalb Gaba,False,Slc17a6,5.134,0.038,70.7,0.7,5.096
ORBm,032 L5 NP CTX Glut,052 Pvalb Gaba,False,Foxp2,5.331,0.517,72.2,8.3,4.814
ORBm,032 L5 NP CTX Glut,052 Pvalb Gaba,False,Rprm,4.89,0.369,68.2,6.5,4.521
ORBm,032 L5 NP CTX Glut,052 Pvalb Gaba,False,Rai14,4.224,0.138,60.3,2.4,4.086
ORBm,032 L5 NP CTX Glut,052 Pvalb Gaba,False,Crym,4.315,0.239,62.9,4.3,4.076
ORBm,032 L5 NP CTX Glut,052 Pvalb Gaba,False,Tbr1,4.091,0.495,60.4,8.6,3.596
ORBm,032 L5 NP CTX Glut,052 Pvalb Gaba,False,Sema5b,4.037,0.604,54.1,10.1,3.433
ORBm,032 L5 NP CTX Glut,053 Sst Gaba,False,Tshz2,11.913,0.74,100.0,11.9,11.173
ORBm,032 L5 NP CTX Glut,053 Sst Gaba,False,Etv1,9.894,0.868,99.8,13.5,9.026
ORBm,032 L5 NP CTX Glut,053 Sst Gaba,False,Meis2,8.699,0.632,94.5,10.9,8.067
ORBm,032 L5 NP CTX Glut,053 Sst Gaba,False,Nfib,7.78,0.789,94.3,13.5,6.991
ORBm,032 L5 NP CTX Glut,053 Sst Gaba,False,Fezf2,6.503,0.14,86.3,2.5,6.363
ORBm,032 L5 NP CTX Glut,053 Sst Gaba,False,Satb2,6.871,0.554,86.8,9.4,6.317
ORBm,032 L5 NP CTX Glut,053 Sst Gaba,False,Trhr,5.317,0.028,71.2,0.5,5.289
ORBm,032 L5 NP CTX Glut,053 Sst Gaba,False,Foxp2,5.331,0.237,72.2,4.1,5.094
ORBm,032 L5 NP CTX Glut,053 Sst Gaba,False,Slc17a6,5.134,0.053,70.7,0.9,5.082
ORBm,032 L5 NP CTX Glut,053 Sst Gaba,False,Rprm,4.89,0.414,68.2,7.2,4.476
ORBm,032 L5 NP CTX Glut,053 Sst Gaba,False,Rai14,4.224,0.153,60.3,2.7,4.072
ORBm,032 L5 NP CTX Glut,053 Sst Gaba,False,Crym,4.315,0.261,62.9,4.6,4.054
ORBm,046 Vip Gaba,004 L6 IT CTX Glut,False,Vip,10.676,0.527,92.9,9.5,10.149
ORBm,046 Vip Gaba,004 L6 IT CTX Glut,False,Gad1,9.306,0.697,98.8,12.6,8.608
ORBm,046 Vip Gaba,004 L6 IT CTX Glut,False,Gad2,9.114,0.625,95.9,11.2,8.489
ORBm,046 Vip Gaba,004 L6 IT CTX Glut,False,Slc6a1,8.433,0.555,96.5,10.1,7.878
ORBm,046 Vip Gaba,004 L6 IT CTX Glut,False,Prox1,7.581,0.053,89.3,0.9,7.529
ORBm,046 Vip Gaba,004 L6 IT CTX Glut,False,Dlx1,6.394,0.098,80.7,1.8,6.296
ORBm,046 Vip Gaba,004 L6 IT CTX Glut,False,Maf,6.269,0.398,76.1,7.1,5.872
ORBm,046 Vip Gaba,004 L6 IT CTX Glut,False,Slc32a1,5.945,0.132,77.0,2.4,5.813
ORBm,046 Vip Gaba,004 L6 IT CTX Glut,False,Calb2,5.351,0.073,64.6,1.4,5.277
ORBm,046 Vip Gaba,004 L6 IT CTX Glut,False,Crh,4.959,0.082,56.5,1.5,4.877
ORBm,046 Vip Gaba,004 L6 IT CTX Glut,False,Dock10,4.657,0.443,60.8,7.7,4.214
ORBm,046 Vip Gaba,004 L6 IT CTX Glut,False,Tac2,4.228,0.122,47.7,2.3,4.105
ORBm,046 Vip Gaba,005 L5 IT CTX Glut,False,Vip,10.676,0.544,92.9,10.2,10.132
ORBm,046 Vip Gaba,005 L5 IT CTX Glut,False,Gad1,9.306,0.772,98.8,14.7,8.533
ORBm,046 Vip Gaba,005 L5 IT CTX Glut,False,Gad2,9.114,0.701,95.9,13.2,8.412
ORBm,046 Vip Gaba,005 L5 IT CTX Glut,False,Slc6a1,8.433,0.627,96.5,12.0,7.806
ORBm,046 Vip Gaba,005 L5 IT CTX Glut,False,Prox1,7.581,0.063,89.3,1.2,7.518
ORBm,046 Vip Gaba,005 L5 IT CTX Glut,False,Dlx1,6.394,0.109,80.7,2.1,6.285
ORBm,046 Vip Gaba,005 L5 IT CTX Glut,False,Slc32a1,5.945,0.145,77.0,2.8,5.8
ORBm,046 Vip Gaba,005 L5 IT CTX Glut,False,Calb2,5.351,0.09,64.6,1.7,5.261
ORBm,046 Vip Gaba,005 L5 IT CTX Glut,False,Crh,4.959,0.172,56.5,2.9,4.787
ORBm,046 Vip Gaba,005 L5 IT CTX Glut,False,Penk,4.975,0.42,60.5,7.6,4.556
ORBm,046 Vip Gaba,005 L5 IT CTX Glut,False,Tac2,4.228,0.143,47.7,2.8,4.085
ORBm,046 Vip Gaba,005 L5 IT CTX Glut,False,Pcdh8,3.458,0.191,47.8,3.5,3.267
ORBm,046 Vip Gaba,006 L4/5 IT CTX Glut,False,Vip,10.676,0.601,92.9,11.0,10.075
ORBm,046 Vip Gaba,006 L4/5 IT CTX Glut,False,Gad1,9.306,0.731,98.8,13.5,8.574
ORBm,046 Vip Gaba,006 L4/5 IT CTX Glut,False,Gad2,9.114,0.682,95.9,12.6,8.432
ORBm,046 Vip Gaba,006 L4/5 IT CTX Glut,False,Slc6a1,8.433,0.637,96.5,12.0,7.795
ORBm,046 Vip Gaba,006 L4/5 IT CTX Glut,False,Prox1,7.581,0.053,89.3,1.0,7.529
ORBm,046 Vip Gaba,006 L4/5 IT CTX Glut,False,Dlx1,6.394,0.103,80.7,1.9,6.291
ORBm,046 Vip Gaba,006 L4/5 IT CTX Glut,False,Slc32a1,5.945,0.139,77.0,2.6,5.806
ORBm,046 Vip Gaba,006 L4/5 IT CTX Glut,False,Calb2,5.351,0.108,64.6,2.0,5.242
ORBm,046 Vip Gaba,006 L4/5 IT CTX Glut,False,Crh,4.959,0.1,56.5,1.9,4.859
ORBm,046 Vip Gaba,006 L4/5 IT CTX Glut,False,Penk,4.975,0.185,60.5,3.3,4.79
ORBm,046 Vip Gaba,006 L4/5 IT CTX Glut,False,Sema5a,4.905,0.476,61.0,8.5,4.43
ORBm,046 Vip Gaba,006 L4/5 IT CTX Glut,False,Sema5b,4.928,0.506,63.6,9.1,4.422
ORBm,046 Vip Gaba,007 L2/3 IT CTX Glut,False,Vip,10.676,0.586,92.9,10.5,10.091
ORBm,046 Vip Gaba,007 L2/3 IT CTX Glut,False,Gad1,9.306,0.728,98.8,13.2,8.577
ORBm,046 Vip Gaba,007 L2/3 IT CTX Glut,False,Gad2,9.114,0.632,95.9,11.4,8.482
ORBm,046 Vip Gaba,007 L2/3 IT CTX Glut,False,Slc6a1,8.433,0.597,96.5,11.0,7.835
ORBm,046 Vip Gaba,007 L2/3 IT CTX Glut,False,Prox1,7.581,0.054,89.3,1.0,7.528
ORBm,046 Vip Gaba,007 L2/3 IT CTX Glut,False,Dlx1,6.394,0.111,80.7,2.0,6.283
ORBm,046 Vip Gaba,007 L2/3 IT CTX Glut,False,Slc32a1,5.945,0.134,77.0,2.5,5.811
ORBm,046 Vip Gaba,007 L2/3 IT CTX Glut,False,Maf,6.269,0.714,76.1,12.9,5.555
ORBm,046 Vip Gaba,007 L2/3 IT CTX Glut,False,Calb2,5.351,0.062,64.6,1.2,5.288
ORBm,046 Vip Gaba,007 L2/3 IT CTX Glut,False,Crh,4.959,0.258,56.5,4.3,4.7
ORBm,046 Vip Gaba,007 L2/3 IT CTX Glut,False,Sema5a,4.905,0.353,61.0,6.5,4.553
ORBm,046 Vip Gaba,007 L2/3 IT CTX Glut,False,Tac2,4.228,0.078,47.7,1.4,4.149
ORBm,046 Vip Gaba,022 L5 ET CTX Glut,False,Vip,10.676,0.613,92.9,11.4,10.063
ORBm,046 Vip Gaba,022 L5 ET CTX Glut,False,Gad1,9.306,0.755,98.8,13.8,8.551
ORBm,046 Vip Gaba,022 L5 ET CTX Glut,False,Gad2,9.114,0.678,95.9,12.5,8.436
ORBm,046 Vip Gaba,022 L5 ET CTX Glut,False,Slc6a1,8.433,0.713,96.5,13.1,7.72
ORBm,046 Vip Gaba,022 L5 ET CTX Glut,False,Prox1,7.581,0.071,89.3,1.4,7.51
ORBm,046 Vip Gaba,022 L5 ET CTX Glut,False,Dlx1,6.394,0.105,80.7,1.9,6.289
ORBm,046 Vip Gaba,022 L5 ET CTX Glut,False,Maf,6.269,0.184,76.1,3.5,6.085
ORBm,046 Vip Gaba,022 L5 ET CTX Glut,False,Slc32a1,5.945,0.132,77.0,2.5,5.813
ORBm,046 Vip Gaba,022 L5 ET CTX Glut,False,Calb2,5.351,0.099,64.6,1.9,5.252
ORBm,046 Vip Gaba,022 L5 ET CTX Glut,False,Crh,4.959,0.098,56.5,1.9,4.86
ORBm,046 Vip Gaba,022 L5 ET CTX Glut,False,Penk,4.975,0.227,60.5,4.2,4.748
ORBm,046 Vip Gaba,022 L5 ET CTX Glut,False,Sema5b,4.928,0.262,63.6,4.9,4.666
ORBm,046 Vip Gaba,029 L6b CTX Glut,False,Vip,10.676,0.503,92.9,8.8,10.173
ORBm,046 Vip Gaba,029 L6b CTX Glut,False,Gad1,9.306,0.721,98.8,12.6,8.584
ORBm,046 Vip Gaba,029 L6b CTX Glut,False,Gad2,9.114,0.651,95.9,11.5,8.462
ORBm,046 Vip Gaba,029 L6b CTX Glut,False,Slc6a1,8.433,0.613,96.5,10.8,7.82
ORBm,046 Vip Gaba,029 L6b CTX Glut,False,Prox1,7.581,0.067,89.3,1.2,7.515
ORBm,046 Vip Gaba,029 L6b CTX Glut,False,Dlx1,6.394,0.101,80.7,1.9,6.293
ORBm,046 Vip Gaba,029 L6b CTX Glut,False,Maf,6.269,0.11,76.1,1.9,6.159
ORBm,046 Vip Gaba,029 L6b CTX Glut,False,Slc32a1,5.945,0.116,77.0,2.1,5.829
ORBm,046 Vip Gaba,029 L6b CTX Glut,False,Calb2,5.351,0.071,64.6,1.3,5.28
ORBm,046 Vip Gaba,029 L6b CTX Glut,False,Crh,4.959,0.077,56.5,1.4,4.882
ORBm,046 Vip Gaba,029 L6b CTX Glut,False,Penk,4.975,0.151,60.5,2.6,4.825
ORBm,046 Vip Gaba,029 L6b CTX Glut,False,Tac2,4.228,0.045,47.7,0.8,4.183
ORBm,046 Vip Gaba,030 L6 CT CTX Glut,False,Vip,10.676,0.526,92.9,9.3,10.15
ORBm,046 Vip Gaba,030 L6 CT CTX Glut,False,Gad1,9.306,0.682,98.8,12.1,8.623
ORBm,046 Vip Gaba,030 L6 CT CTX Glut,False,Gad2,9.114,0.579,95.9,10.3,8.534
ORBm,046 Vip Gaba,030 L6 CT CTX Glut,False,Slc6a1,8.433,0.573,96.5,10.3,7.86
ORBm,046 Vip Gaba,030 L6 CT CTX Glut,False,Prox1,7.581,0.063,89.3,1.1,7.518
ORBm,046 Vip Gaba,030 L6 CT CTX Glut,False,Dlx1,6.394,0.091,80.7,1.6,6.302
ORBm,046 Vip Gaba,030 L6 CT CTX Glut,False,Maf,6.269,0.174,76.1,3.1,6.095
ORBm,046 Vip Gaba,030 L6 CT CTX Glut,False,Slc32a1,5.945,0.131,77.0,2.3,5.814
ORBm,046 Vip Gaba,030 L6 CT CTX Glut,False,Calb2,5.351,0.079,64.6,1.4,5.272
ORBm,046 Vip Gaba,030 L6 CT CTX Glut,False,Crh,4.959,0.077,56.5,1.4,4.882
ORBm,046 Vip Gaba,030 L6 CT CTX Glut,False,Penk,4.975,0.132,60.5,2.4,4.843
ORBm,046 Vip Gaba,030 L6 CT CTX Glut,False,Tac2,4.228,0.065,47.7,1.2,4.163
ORBm,046 Vip Gaba,032 L5 NP CTX Glut,False,Vip,10.676,0.475,92.9,7.5,10.201
ORBm,046 Vip Gaba,032 L5 NP CTX Glut,False,Gad1,9.306,0.648,98.8,10.4,8.658
ORBm,046 Vip Gaba,032 L5 NP CTX Glut,False,Gad2,9.114,0.573,95.9,9.3,8.541
ORBm,046 Vip Gaba,032 L5 NP CTX Glut,False,Slc6a1,8.433,0.78,96.5,12.5,7.653
ORBm,046 Vip Gaba,032 L5 NP CTX Glut,False,Prox1,7.581,0.054,89.3,0.8,7.528
ORBm,046 Vip Gaba,032 L5 NP CTX Glut,False,Dlx1,6.394,0.063,80.7,1.0,6.33
ORBm,046 Vip Gaba,032 L5 NP CTX Glut,False,Slc32a1,5.945,0.114,77.0,1.8,5.83
ORBm,046 Vip Gaba,032 L5 NP CTX Glut,False,Maf,6.269,0.587,76.1,9.0,5.682
ORBm,046 Vip Gaba,032 L5 NP CTX Glut,False,Calb2,5.351,0.069,64.6,1.1,5.282
ORBm,046 Vip Gaba,032 L5 NP CTX Glut,False,Crh,4.959,0.065,56.5,1.1,4.894
ORBm,046 Vip Gaba,032 L5 NP CTX Glut,False,Penk,4.975,0.108,60.5,1.7,4.867
ORBm,046 Vip Gaba,032 L5 NP CTX Glut,False,Dock10,4.657,0.17,60.8,2.6,4.487
ORBm,046 Vip Gaba,049 Lamp5 Gaba,True,Vip,10.676,0.483,92.9,7.9,10.194
ORBm,046 Vip Gaba,049 Lamp5 Gaba,True,Calb2,5.351,0.239,64.6,3.5,5.111
ORBm,046 Vip Gaba,049 Lamp5 Gaba,True,Crh,4.959,0.202,56.5,2.9,4.757
ORBm,046 Vip Gaba,049 Lamp5 Gaba,True,Sema5b,4.928,0.278,63.6,4.7,4.65
ORBm,046 Vip Gaba,049 Lamp5 Gaba,True,Penk,4.975,0.424,60.5,6.5,4.551
ORBm,046 Vip Gaba,049 Lamp5 Gaba,True,Tac2,4.228,0.547,47.7,7.3,3.681
ORBm,046 Vip Gaba,049 Lamp5 Gaba,True,Slc5a7,3.171,0.01,41.4,0.2,3.161
ORBm,046 Vip Gaba,049 Lamp5 Gaba,True,Pde1c,2.998,0.498,40.1,8.5,2.501
ORBm,046 Vip Gaba,049 Lamp5 Gaba,True,Htr3a,2.987,0.746,39.9,11.3,2.241
ORBm,046 Vip Gaba,052 Pvalb Gaba,True,Adarb2,12.752,0.837,100.0,14.2,11.915
ORBm,046 Vip Gaba,052 Pvalb Gaba,True,Vip,10.676,0.516,92.9,9.0,10.16
ORBm,046 Vip Gaba,052 Pvalb Gaba,True,Prox1,7.581,0.041,89.3,0.7,7.541
ORBm,046 Vip Gaba,052 Pvalb Gaba,True,Calb2,5.351,0.065,64.6,1.1,5.286
ORBm,046 Vip Gaba,052 Pvalb Gaba,True,Crh,4.959,0.185,56.5,3.1,4.774
ORBm,046 Vip Gaba,052 Pvalb Gaba,True,Sema5b,4.928,0.604,63.6,10.1,4.324
ORBm,046 Vip Gaba,052 Pvalb Gaba,True,Penk,4.975,0.71,60.5,10.8,4.265
ORBm,046 Vip Gaba,052 Pvalb Gaba,True,Tac2,4.228,0.049,47.7,0.9,4.178
ORBm,046 Vip Gaba,052 Pvalb Gaba,True,Dock10,4.657,0.739,60.8,12.3,3.919
ORBm,046 Vip Gaba,052 Pvalb Gaba,True,Slc5a7,3.171,0.006,41.4,0.1,3.165
ORBm,046 Vip Gaba,052 Pvalb Gaba,True,Cacng5,3.097,0.052,42.5,0.9,3.045
ORBm,046 Vip Gaba,052 Pvalb Gaba,True,Htr3a,2.987,0.029,39.9,0.5,2.958
ORBm,046 Vip Gaba,053 Sst Gaba,True,Adarb2,12.752,0.876,100.0,14.7,11.875
ORBm,046 Vip Gaba,053 Sst Gaba,True,Vip,10.676,0.563,92.9,9.7,10.113
ORBm,046 Vip Gaba,053 Sst Gaba,True,Prox1,7.581,0.082,89.3,1.4,7.499
ORBm,046 Vip Gaba,053 Sst Gaba,True,Nfib,8.091,0.789,93.0,13.5,7.302
ORBm,046 Vip Gaba,053 Sst Gaba,True,Sema5b,4.928,0.301,63.6,5.2,4.627
ORBm,046 Vip Gaba,053 Sst Gaba,True,Penk,4.975,0.716,60.5,10.5,4.259
ORBm,046 Vip Gaba,053 Sst Gaba,True,Tac2,4.228,0.32,47.7,4.8,3.908
ORBm,046 Vip Gaba,053 Sst Gaba,True,Slc5a7,3.171,0.008,41.4,0.1,3.163
ORBm,046 Vip Gaba,053 Sst Gaba,True,Htr3a,2.987,0.021,39.9,0.3,2.967
ORBm,046 Vip Gaba,053 Sst Gaba,True,Nr2e1,2.887,0.017,41.5,0.3,2.87
ORBm,046 Vip Gaba,053 Sst Gaba,True,Sox1,2.083,0.864,30.9,14.7,1.219
ORBm,049 Lamp5 Gaba,004 L6 IT CTX Glut,False,Gad2,11.442,0.625,100.0,11.2,10.818
ORBm,049 Lamp5 Gaba,004 L6 IT CTX Glut,False,Slc6a1,10.729,0.555,100.0,10.1,10.174
ORBm,049 Lamp5 Gaba,004 L6 IT CTX Glut,False,Gad1,10.867,0.697,100.0,12.6,10.17
ORBm,049 Lamp5 Gaba,004 L6 IT CTX Glut,False,Nxph1,9.368,0.665,91.6,11.6,8.703
ORBm,049 Lamp5 Gaba,004 L6 IT CTX Glut,False,Slc32a1,7.553,0.132,94.4,2.4,7.421
ORBm,049 Lamp5 Gaba,004 L6 IT CTX Glut,False,Maf,7.65,0.398,91.5,7.1,7.253
ORBm,049 Lamp5 Gaba,004 L6 IT CTX Glut,False,Lamp5,7.971,0.769,91.5,13.2,7.202
ORBm,049 Lamp5 Gaba,004 L6 IT CTX Glut,False,Reln,7.287,0.427,70.8,7.4,6.86
ORBm,049 Lamp5 Gaba,004 L6 IT CTX Glut,False,Cplx3,6.999,0.225,89.1,4.1,6.774
ORBm,049 Lamp5 Gaba,004 L6 IT CTX Glut,False,Pnoc,6.429,0.062,81.5,1.1,6.367
ORBm,049 Lamp5 Gaba,004 L6 IT CTX Glut,False,Prox1,6.183,0.053,82.4,0.9,6.13
ORBm,049 Lamp5 Gaba,004 L6 IT CTX Glut,False,Dock10,5.614,0.443,75.0,7.7,5.17
ORBm,049 Lamp5 Gaba,005 L5 IT CTX Glut,False,Gad2,11.442,0.701,100.0,13.2,10.741
ORBm,049 Lamp5 Gaba,005 L5 IT CTX Glut,False,Slc6a1,10.729,0.627,100.0,12.0,10.103
ORBm,049 Lamp5 Gaba,005 L5 IT CTX Glut,False,Gad1,10.867,0.772,100.0,14.7,10.095
ORBm,049 Lamp5 Gaba,005 L5 IT CTX Glut,False,Nxph1,9.368,0.768,91.6,13.8,8.6
ORBm,049 Lamp5 Gaba,005 L5 IT CTX Glut,False,Slc32a1,7.553,0.145,94.4,2.8,7.408
ORBm,049 Lamp5 Gaba,005 L5 IT CTX Glut,False,Reln,7.287,0.3,70.8,5.7,6.987
ORBm,049 Lamp5 Gaba,005 L5 IT CTX Glut,False,Cplx3,6.999,0.188,89.1,3.5,6.812
ORBm,049 Lamp5 Gaba,005 L5 IT CTX Glut,False,Pnoc,6.429,0.054,81.5,1.0,6.374
ORBm,049 Lamp5 Gaba,005 L5 IT CTX Glut,False,Prox1,6.183,0.063,82.4,1.2,6.119
ORBm,049 Lamp5 Gaba,005 L5 IT CTX Glut,False,Ndnf,4.852,0.043,54.5,0.8,4.809
ORBm,049 Lamp5 Gaba,005 L5 IT CTX Glut,False,Cux2,4.198,0.668,60.6,10.8,3.53
ORBm,049 Lamp5 Gaba,005 L5 IT CTX Glut,False,Dlx1,3.618,0.109,54.1,2.1,3.509
ORBm,049 Lamp5 Gaba,006 L4/5 IT CTX Glut,False,Gad2,11.442,0.682,100.0,12.6,10.761
ORBm,049 Lamp5 Gaba,006 L4/5 IT CTX Glut,False,Gad1,10.867,0.731,100.0,13.5,10.136
ORBm,049 Lamp5 Gaba,006 L4/5 IT CTX Glut,False,Slc6a1,10.729,0.637,100.0,12.0,10.092
ORBm,049 Lamp5 Gaba,006 L4/5 IT CTX Glut,False,Nxph1,9.368,0.568,91.6,10.2,8.8
ORBm,049 Lamp5 Gaba,006 L4/5 IT CTX Glut,False,Sema5a,8.178,0.476,91.1,8.5,7.702
ORBm,049 Lamp5 Gaba,006 L4/5 IT CTX Glut,False,Slc32a1,7.553,0.139,94.4,2.6,7.414
ORBm,049 Lamp5 Gaba,006 L4/5 IT CTX Glut,False,Reln,7.287,0.416,70.8,7.5,6.87
ORBm,049 Lamp5 Gaba,006 L4/5 IT CTX Glut,False,Cplx3,6.999,0.15,89.1,2.8,6.849
ORBm,049 Lamp5 Gaba,006 L4/5 IT CTX Glut,False,Pnoc,6.429,0.071,81.5,1.3,6.358
ORBm,049 Lamp5 Gaba,006 L4/5 IT CTX Glut,False,Prox1,6.183,0.053,82.4,1.0,6.13
ORBm,049 Lamp5 Gaba,006 L4/5 IT CTX Glut,False,Dock10,5.614,0.606,75.0,10.8,5.008
ORBm,049 Lamp5 Gaba,006 L4/5 IT CTX Glut,False,Ndnf,4.852,0.042,54.5,0.8,4.81
ORBm,049 Lamp5 Gaba,007 L2/3 IT CTX Glut,False,Gad2,11.442,0.632,100.0,11.4,10.811
ORBm,049 Lamp5 Gaba,007 L2/3 IT CTX Glut,False,Gad1,10.867,0.728,100.0,13.2,10.139
ORBm,049 Lamp5 Gaba,007 L2/3 IT CTX Glut,False,Slc6a1,10.729,0.597,100.0,11.0,10.132
ORBm,049 Lamp5 Gaba,007 L2/3 IT CTX Glut,False,Nxph1,9.368,0.453,91.6,8.1,8.915
ORBm,049 Lamp5 Gaba,007 L2/3 IT CTX Glut,False,Sema5a,8.178,0.353,91.1,6.5,7.825
ORBm,049 Lamp5 Gaba,007 L2/3 IT CTX Glut,False,Slc32a1,7.553,0.134,94.4,2.5,7.419
ORBm,049 Lamp5 Gaba,007 L2/3 IT CTX Glut,False,Maf,7.65,0.714,91.5,12.9,6.937
ORBm,049 Lamp5 Gaba,007 L2/3 IT CTX Glut,False,Cplx3,6.999,0.156,89.1,2.9,6.843
ORBm,049 Lamp5 Gaba,007 L2/3 IT CTX Glut,False,Pnoc,6.429,0.061,81.5,1.1,6.368
ORBm,049 Lamp5 Gaba,007 L2/3 IT CTX Glut,False,Prox1,6.183,0.054,82.4,1.0,6.129
ORBm,049 Lamp5 Gaba,007 L2/3 IT CTX Glut,False,Ndnf,4.852,0.069,54.5,1.3,4.783
ORBm,049 Lamp5 Gaba,007 L2/3 IT CTX Glut,False,Dlx1,3.618,0.111,54.1,2.0,3.508
ORBm,049 Lamp5 Gaba,022 L5 ET CTX Glut,False,Gad2,11.442,0.678,100.0,12.5,10.765
ORBm,049 Lamp5 Gaba,022 L5 ET CTX Glut,False,Gad1,10.867,0.755,100.0,13.8,10.112
ORBm,049 Lamp5 Gaba,022 L5 ET CTX Glut,False,Slc6a1,10.729,0.713,100.0,13.1,10.017
ORBm,049 Lamp5 Gaba,022 L5 ET CTX Glut,False,Nxph1,9.368,0.525,91.6,9.4,8.842
ORBm,049 Lamp5 Gaba,022 L5 ET CTX Glut,False,Sema5a,8.178,0.402,91.1,7.2,7.776
ORBm,049 Lamp5 Gaba,022 L5 ET CTX Glut,False,Maf,7.65,0.184,91.5,3.5,7.467
ORBm,049 Lamp5 Gaba,022 L5 ET CTX Glut,False,Slc32a1,7.553,0.132,94.4,2.5,7.421
ORBm,049 Lamp5 Gaba,022 L5 ET CTX Glut,False,Cplx3,6.999,0.102,89.1,1.9,6.897
ORBm,049 Lamp5 Gaba,022 L5 ET CTX Glut,False,Pnoc,6.429,0.051,81.5,1.0,6.378
ORBm,049 Lamp5 Gaba,022 L5 ET CTX Glut,False,Prox1,6.183,0.071,82.4,1.4,6.111
ORBm,049 Lamp5 Gaba,022 L5 ET CTX Glut,False,Ndnf,4.852,0.533,54.5,8.8,4.319
ORBm,049 Lamp5 Gaba,022 L5 ET CTX Glut,False,Cux2,4.198,0.279,60.6,5.2,3.919
ORBm,049 Lamp5 Gaba,029 L6b CTX Glut,False,Gad2,11.442,0.651,100.0,11.5,10.791
ORBm,049 Lamp5 Gaba,029 L6b CTX Glut,False,Gad1,10.867,0.721,100.0,12.6,10.146
ORBm,049 Lamp5 Gaba,029 L6b CTX Glut,False,Slc6a1,10.729,0.613,100.0,10.8,10.116
ORBm,049 Lamp5 Gaba,029 L6b CTX Glut,False,Npy,9.364,0.762,88.0,13.5,8.602
ORBm,049 Lamp5 Gaba,029 L6b CTX Glut,False,Lamp5,7.971,0.268,91.5,4.8,7.704
ORBm,049 Lamp5 Gaba,029 L6b CTX Glut,False,Maf,7.65,0.11,91.5,1.9,7.541
ORBm,049 Lamp5 Gaba,029 L6b CTX Glut,False,Slc32a1,7.553,0.116,94.4,2.1,7.437
ORBm,049 Lamp5 Gaba,029 L6b CTX Glut,False,Reln,7.287,0.745,70.8,12.6,6.542
ORBm,049 Lamp5 Gaba,029 L6b CTX Glut,False,Pnoc,6.429,0.078,81.5,1.4,6.351
ORBm,049 Lamp5 Gaba,029 L6b CTX Glut,False,Prox1,6.183,0.067,82.4,1.2,6.116
ORBm,049 Lamp5 Gaba,029 L6b CTX Glut,False,Dock10,5.614,0.647,75.0,10.9,4.966
ORBm,049 Lamp5 Gaba,029 L6b CTX Glut,False,Ndnf,4.852,0.007,54.5,0.1,4.845
ORBm,049 Lamp5 Gaba,030 L6 CT CTX Glut,False,Gad2,11.442,0.579,100.0,10.3,10.863
ORBm,049 Lamp5 Gaba,030 L6 CT CTX Glut,False,Gad1,10.867,0.682,100.0,12.1,10.185
ORBm,049 Lamp5 Gaba,030 L6 CT CTX Glut,False,Slc6a1,10.729,0.573,100.0,10.3,10.156
ORBm,049 Lamp5 Gaba,030 L6 CT CTX Glut,False,Nxph1,9.368,0.473,91.6,8.2,8.895
ORBm,049 Lamp5 Gaba,030 L6 CT CTX Glut,False,Npy,9.364,0.813,88.0,14.4,8.551
ORBm,049 Lamp5 Gaba,030 L6 CT CTX Glut,False,Maf,7.65,0.174,91.5,3.1,7.477
ORBm,049 Lamp5 Gaba,030 L6 CT CTX Glut,False,Slc32a1,7.553,0.131,94.4,2.3,7.422
ORBm,049 Lamp5 Gaba,030 L6 CT CTX Glut,False,Reln,7.287,0.326,70.8,5.7,6.961
ORBm,049 Lamp5 Gaba,030 L6 CT CTX Glut,False,Cplx3,6.999,0.201,89.1,3.4,6.798
ORBm,049 Lamp5 Gaba,030 L6 CT CTX Glut,False,Pnoc,6.429,0.053,81.5,0.9,6.376
ORBm,049 Lamp5 Gaba,030 L6 CT CTX Glut,False,Prox1,6.183,0.063,82.4,1.1,6.12
ORBm,049 Lamp5 Gaba,030 L6 CT CTX Glut,False,Ndnf,4.852,0.035,54.5,0.6,4.816
ORBm,049 Lamp5 Gaba,032 L5 NP CTX Glut,False,Gad2,11.442,0.573,100.0,9.3,10.87
ORBm,049 Lamp5 Gaba,032 L5 NP CTX Glut,False,Gad1,10.867,0.648,100.0,10.4,10.219
ORBm,049 Lamp5 Gaba,032 L5 NP CTX Glut,False,Slc6a1,10.729,0.78,100.0,12.5,9.949
ORBm,049 Lamp5 Gaba,032 L5 NP CTX Glut,False,Npy,9.364,0.761,88.0,12.4,8.603
ORBm,049 Lamp5 Gaba,032 L5 NP CTX Glut,False,Lamp5,7.971,0.351,91.5,5.8,7.62
ORBm,049 Lamp5 Gaba,032 L5 NP CTX Glut,False,Slc32a1,7.553,0.114,94.4,1.8,7.439
ORBm,049 Lamp5 Gaba,032 L5 NP CTX Glut,False,Maf,7.65,0.587,91.5,9.0,7.063
ORBm,049 Lamp5 Gaba,032 L5 NP CTX Glut,False,Reln,7.287,0.315,70.8,5.0,6.972
ORBm,049 Lamp5 Gaba,032 L5 NP CTX Glut,False,Cplx3,6.999,0.091,89.1,1.4,6.908
ORBm,049 Lamp5 Gaba,032 L5 NP CTX Glut,False,Pnoc,6.429,0.097,81.5,1.6,6.332
ORBm,049 Lamp5 Gaba,032 L5 NP CTX Glut,False,Prox1,6.183,0.054,82.4,0.8,6.129
ORBm,049 Lamp5 Gaba,032 L5 NP CTX Glut,False,Dock10,5.614,0.17,75.0,2.6,5.444
ORBm,049 Lamp5 Gaba,046 Vip Gaba,True,Npy,9.364,1.126,88.0,14.8,8.238
ORBm,049 Lamp5 Gaba,046 Vip Gaba,True,Lamp5,7.971,0.285,91.5,4.4,7.686
ORBm,049 Lamp5 Gaba,046 Vip Gaba,True,Mpped1,8.558,0.957,94.6,14.6,7.601
ORBm,049 Lamp5 Gaba,046 Vip Gaba,True,Cplx3,6.999,0.726,89.1,10.8,6.274
ORBm,049 Lamp5 Gaba,046 Vip Gaba,True,Ndnf,4.852,0.061,54.5,0.8,4.791
ORBm,049 Lamp5 Gaba,046 Vip Gaba,True,Tnnt1,3.112,0.26,43.6,3.9,2.852
ORBm,049 Lamp5 Gaba,046 Vip Gaba,True,Sp9,2.922,0.688,44.4,10.2,2.233
ORBm,049 Lamp5 Gaba,052 Pvalb Gaba,True,Adarb2,11.622,0.837,100.0,14.2,10.785
ORBm,049 Lamp5 Gaba,052 Pvalb Gaba,True,Lamp5,7.971,0.286,91.5,5.0,7.686
ORBm,049 Lamp5 Gaba,052 Pvalb Gaba,True,Cplx3,6.999,0.09,89.1,1.6,6.91
ORBm,049 Lamp5 Gaba,052 Pvalb Gaba,True,Prox1,6.183,0.041,82.4,0.7,6.142
ORBm,049 Lamp5 Gaba,052 Pvalb Gaba,True,Dock10,5.614,0.739,75.0,12.3,4.875
ORBm,049 Lamp5 Gaba,052 Pvalb Gaba,True,Ndnf,4.852,0.036,54.5,0.6,4.815
ORBm,049 Lamp5 Gaba,052 Pvalb Gaba,True,Tnnt1,3.112,0.035,43.6,0.6,3.077
ORBm,049 Lamp5 Gaba,053 Sst Gaba,True,Adarb2,11.622,0.876,100.0,14.7,10.746
ORBm,049 Lamp5 Gaba,053 Sst Gaba,True,Nfib,10.149,0.789,99.7,13.5,9.36
ORBm,049 Lamp5 Gaba,053 Sst Gaba,True,Lamp5,7.971,0.278,91.5,4.9,7.693
ORBm,049 Lamp5 Gaba,053 Sst Gaba,True,Cplx3,6.999,0.071,89.1,1.3,6.928
ORBm,049 Lamp5 Gaba,053 Sst Gaba,True,Prox1,6.183,0.082,82.4,1.4,6.1
ORBm,049 Lamp5 Gaba,053 Sst Gaba,True,Ndnf,4.852,0.436,54.5,6.9,4.416
ORBm,049 Lamp5 Gaba,053 Sst Gaba,True,Tnnt1,3.112,0.019,43.6,0.3,3.093
ORBm,049 Lamp5 Gaba,053 Sst Gaba,True,Sp9,2.922,0.679,44.4,11.6,2.242
ORBm,049 Lamp5 Gaba,053 Sst Gaba,True,Sox1,2.959,0.864,45.5,14.7,2.095
ORBm,052 Pvalb Gaba,004 L6 IT CTX Glut,False,Nxph1,10.568,0.665,99.9,11.6,9.903
ORBm,052 Pvalb Gaba,004 L6 IT CTX Glut,False,Slc6a1,10.132,0.555,99.8,10.1,9.577
ORBm,052 Pvalb Gaba,004 L6 IT CTX Glut,False,Gad2,9.738,0.625,99.9,11.2,9.114
ORBm,052 Pvalb Gaba,004 L6 IT CTX Glut,False,Gad1,9.635,0.697,99.7,12.6,8.938
ORBm,052 Pvalb Gaba,004 L6 IT CTX Glut,False,Sox6,8.098,0.142,94.5,2.6,7.956
ORBm,052 Pvalb Gaba,004 L6 IT CTX Glut,False,Slc32a1,7.755,0.132,95.4,2.4,7.623
ORBm,052 Pvalb Gaba,004 L6 IT CTX Glut,False,Maf,6.686,0.398,86.7,7.1,6.288
ORBm,052 Pvalb Gaba,004 L6 IT CTX Glut,False,Pvalb,6.179,0.077,71.3,1.4,6.103
ORBm,052 Pvalb Gaba,004 L6 IT CTX Glut,False,Lhx6,5.76,0.057,81.2,1.1,5.703
ORBm,052 Pvalb Gaba,004 L6 IT CTX Glut,False,Tac1,5.78,0.101,70.1,1.8,5.679
ORBm,052 Pvalb Gaba,004 L6 IT CTX Glut,False,Cux2,5.378,0.332,76.4,5.7,5.046
ORBm,052 Pvalb Gaba,004 L6 IT CTX Glut,False,Moxd1,4.089,0.043,54.3,0.8,4.046
ORBm,052 Pvalb Gaba,005 L5 IT CTX Glut,False,Nxph1,10.568,0.768,99.9,13.8,9.8
ORBm,052 Pvalb Gaba,005 L5 IT CTX Glut,False,Slc6a1,10.132,0.627,99.8,12.0,9.506
ORBm,052 Pvalb Gaba,005 L5 IT CTX Glut,False,Gad2,9.738,0.701,99.9,13.2,9.037
ORBm,052 Pvalb Gaba,005 L5 IT CTX Glut,False,Gad1,9.635,0.772,99.7,14.7,8.863
ORBm,052 Pvalb Gaba,005 L5 IT CTX Glut,False,Sox6,8.098,0.18,94.5,3.5,7.918
ORBm,052 Pvalb Gaba,005 L5 IT CTX Glut,False,Slc32a1,7.755,0.145,95.4,2.8,7.61
ORBm,052 Pvalb Gaba,005 L5 IT CTX Glut,False,Pvalb,6.179,0.076,71.3,1.5,6.104
ORBm,052 Pvalb Gaba,005 L5 IT CTX Glut,False,Lhx6,5.76,0.08,81.2,1.5,5.68
ORBm,052 Pvalb Gaba,005 L5 IT CTX Glut,False,Tac1,5.78,0.155,70.1,2.9,5.624
ORBm,052 Pvalb Gaba,005 L5 IT CTX Glut,False,Cux2,5.378,0.668,76.4,10.8,4.71
ORBm,052 Pvalb Gaba,005 L5 IT CTX Glut,False,Moxd1,4.089,0.049,54.3,0.9,4.04
ORBm,052 Pvalb Gaba,005 L5 IT CTX Glut,False,Cartpt,3.944,0.258,54.2,4.3,3.686
ORBm,052 Pvalb Gaba,006 L4/5 IT CTX Glut,False,Nxph1,10.568,0.568,99.9,10.2,10.0
ORBm,052 Pvalb Gaba,006 L4/5 IT CTX Glut,False,Slc6a1,10.132,0.637,99.8,12.0,9.495
ORBm,052 Pvalb Gaba,006 L4/5 IT CTX Glut,False,Gad2,9.738,0.682,99.9,12.6,9.057
ORBm,052 Pvalb Gaba,006 L4/5 IT CTX Glut,False,Gad1,9.635,0.731,99.7,13.5,8.904
ORBm,052 Pvalb Gaba,006 L4/5 IT CTX Glut,False,Sox6,8.098,0.152,94.5,2.9,7.946
ORBm,052 Pvalb Gaba,006 L4/5 IT CTX Glut,False,Slc32a1,7.755,0.139,95.4,2.6,7.616
ORBm,052 Pvalb Gaba,006 L4/5 IT CTX Glut,False,Pvalb,6.179,0.075,71.3,1.4,6.105
ORBm,052 Pvalb Gaba,006 L4/5 IT CTX Glut,False,Lhx6,5.76,0.07,81.2,1.3,5.691
ORBm,052 Pvalb Gaba,006 L4/5 IT CTX Glut,False,Tac1,5.78,0.124,70.1,2.4,5.656
ORBm,052 Pvalb Gaba,006 L4/5 IT CTX Glut,False,Moxd1,4.089,0.048,54.3,0.9,4.041
ORBm,052 Pvalb Gaba,006 L4/5 IT CTX Glut,False,Sema5a,3.819,0.476,54.0,8.5,3.343
ORBm,052 Pvalb Gaba,006 L4/5 IT CTX Glut,False,Cartpt,3.944,0.651,54.2,9.9,3.294
ORBm,052 Pvalb Gaba,007 L2/3 IT CTX Glut,False,Nxph1,10.568,0.453,99.9,8.1,10.115
ORBm,052 Pvalb Gaba,007 L2/3 IT CTX Glut,False,Slc6a1,10.132,0.597,99.8,11.0,9.535
ORBm,052 Pvalb Gaba,007 L2/3 IT CTX Glut,False,Gad2,9.738,0.632,99.9,11.4,9.107
ORBm,052 Pvalb Gaba,007 L2/3 IT CTX Glut,False,Gad1,9.635,0.728,99.7,13.2,8.907
ORBm,052 Pvalb Gaba,007 L2/3 IT CTX Glut,False,Sox6,8.098,0.162,94.5,3.1,7.936
ORBm,052 Pvalb Gaba,007 L2/3 IT CTX Glut,False,Slc32a1,7.755,0.134,95.4,2.5,7.621
ORBm,052 Pvalb Gaba,007 L2/3 IT CTX Glut,False,Pvalb,6.179,0.077,71.3,1.4,6.103
ORBm,052 Pvalb Gaba,007 L2/3 IT CTX Glut,False,Maf,6.686,0.714,86.7,12.9,5.972
ORBm,052 Pvalb Gaba,007 L2/3 IT CTX Glut,False,Lhx6,5.76,0.065,81.2,1.2,5.695
ORBm,052 Pvalb Gaba,007 L2/3 IT CTX Glut,False,Tac1,5.78,0.104,70.1,2.0,5.675
ORBm,052 Pvalb Gaba,007 L2/3 IT CTX Glut,False,Moxd1,4.089,0.048,54.3,0.9,4.041
ORBm,052 Pvalb Gaba,007 L2/3 IT CTX Glut,False,Cartpt,3.944,0.044,54.2,0.8,3.9
ORBm,052 Pvalb Gaba,022 L5 ET CTX Glut,False,Nxph1,10.568,0.525,99.9,9.4,10.043
ORBm,052 Pvalb Gaba,022 L5 ET CTX Glut,False,Slc6a1,10.132,0.713,99.8,13.1,9.42
ORBm,052 Pvalb Gaba,022 L5 ET CTX Glut,False,Gad2,9.738,0.678,99.9,12.5,9.061
ORBm,052 Pvalb Gaba,022 L5 ET CTX Glut,False,Gad1,9.635,0.755,99.7,13.8,8.88
ORBm,052 Pvalb Gaba,022 L5 ET CTX Glut,False,Sox6,8.098,0.163,94.5,3.0,7.935
ORBm,052 Pvalb Gaba,022 L5 ET CTX Glut,False,Slc32a1,7.755,0.132,95.4,2.5,7.623
ORBm,052 Pvalb Gaba,022 L5 ET CTX Glut,False,Maf,6.686,0.184,86.7,3.5,6.502
ORBm,052 Pvalb Gaba,022 L5 ET CTX Glut,False,Pvalb,6.179,0.228,71.3,4.0,5.952
ORBm,052 Pvalb Gaba,022 L5 ET CTX Glut,False,Lhx6,5.76,0.066,81.2,1.3,5.694
ORBm,052 Pvalb Gaba,022 L5 ET CTX Glut,False,Tac1,5.78,0.136,70.1,2.5,5.644
ORBm,052 Pvalb Gaba,022 L5 ET CTX Glut,False,Cux2,5.378,0.279,76.4,5.2,5.099
ORBm,052 Pvalb Gaba,022 L5 ET CTX Glut,False,Moxd1,4.089,0.066,54.3,1.2,4.023
ORBm,052 Pvalb Gaba,029 L6b CTX Glut,False,Slc6a1,10.132,0.613,99.8,10.8,9.519
ORBm,052 Pvalb Gaba,029 L6b CTX Glut,False,Gad2,9.738,0.651,99.9,11.5,9.087
ORBm,052 Pvalb Gaba,029 L6b CTX Glut,False,Gad1,9.635,0.721,99.7,12.6,8.914
ORBm,052 Pvalb Gaba,029 L6b CTX Glut,False,Sox6,8.098,0.128,94.5,2.2,7.97
ORBm,052 Pvalb Gaba,029 L6b CTX Glut,False,Slc32a1,7.755,0.116,95.4,2.1,7.639
ORBm,052 Pvalb Gaba,029 L6b CTX Glut,False,Maf,6.686,0.11,86.7,1.9,6.576
ORBm,052 Pvalb Gaba,029 L6b CTX Glut,False,Pvalb,6.179,0.371,71.3,6.5,5.808
ORBm,052 Pvalb Gaba,029 L6b CTX Glut,False,Lhx6,5.76,0.092,81.2,1.7,5.668
ORBm,052 Pvalb Gaba,029 L6b CTX Glut,False,Tac1,5.78,0.121,70.1,2.1,5.658
ORBm,052 Pvalb Gaba,029 L6b CTX Glut,False,Cux2,5.378,0.261,76.4,4.6,5.117
ORBm,052 Pvalb Gaba,029 L6b CTX Glut,False,Cartpt,3.944,0.084,54.2,1.5,3.861
ORBm,052 Pvalb Gaba,029 L6b CTX Glut,False,Calb1,3.976,0.381,47.4,6.8,3.595
ORBm,052 Pvalb Gaba,030 L6 CT CTX Glut,False,Nxph1,10.568,0.473,99.9,8.2,10.095
ORBm,052 Pvalb Gaba,030 L6 CT CTX Glut,False,Slc6a1,10.132,0.573,99.8,10.3,9.559
ORBm,052 Pvalb Gaba,030 L6 CT CTX Glut,False,Gad2,9.738,0.579,99.9,10.3,9.159
ORBm,052 Pvalb Gaba,030 L6 CT CTX Glut,False,Gad1,9.635,0.682,99.7,12.1,8.953
ORBm,052 Pvalb Gaba,030 L6 CT CTX Glut,False,Sox6,8.098,0.139,94.5,2.5,7.959
ORBm,052 Pvalb Gaba,030 L6 CT CTX Glut,False,Slc32a1,7.755,0.131,95.4,2.3,7.624
ORBm,052 Pvalb Gaba,030 L6 CT CTX Glut,False,Maf,6.686,0.174,86.7,3.1,6.512
ORBm,052 Pvalb Gaba,030 L6 CT CTX Glut,False,Pvalb,6.179,0.09,71.3,1.6,6.09
ORBm,052 Pvalb Gaba,030 L6 CT CTX Glut,False,Lhx6,5.76,0.062,81.2,1.1,5.698
ORBm,052 Pvalb Gaba,030 L6 CT CTX Glut,False,Tac1,5.78,0.098,70.1,1.8,5.682
ORBm,052 Pvalb Gaba,030 L6 CT CTX Glut,False,Cux2,5.378,0.263,76.4,4.7,5.115
ORBm,052 Pvalb Gaba,030 L6 CT CTX Glut,False,Moxd1,4.089,0.037,54.3,0.7,4.053
ORBm,052 Pvalb Gaba,032 L5 NP CTX Glut,False,Slc6a1,10.132,0.78,99.8,12.5,9.353
ORBm,052 Pvalb Gaba,032 L5 NP CTX Glut,False,Gad2,9.738,0.573,99.9,9.3,9.166
ORBm,052 Pvalb Gaba,032 L5 NP CTX Glut,False,Gad1,9.635,0.648,99.7,10.4,8.987
ORBm,052 Pvalb Gaba,032 L5 NP CTX Glut,False,Sox6,8.098,0.147,94.5,2.4,7.951
ORBm,052 Pvalb Gaba,032 L5 NP CTX Glut,False,Slc32a1,7.755,0.114,95.4,1.8,7.641
ORBm,052 Pvalb Gaba,032 L5 NP CTX Glut,False,Zfp804b,8.154,0.839,89.0,12.3,7.316
ORBm,052 Pvalb Gaba,032 L5 NP CTX Glut,False,Maf,6.686,0.587,86.7,9.0,6.098
ORBm,052 Pvalb Gaba,032 L5 NP CTX Glut,False,Pvalb,6.179,0.086,71.3,1.4,6.093
ORBm,052 Pvalb Gaba,032 L5 NP CTX Glut,False,Tac1,5.78,0.077,70.1,1.2,5.702
ORBm,052 Pvalb Gaba,032 L5 NP CTX Glut,False,Lhx6,5.76,0.06,81.2,1.0,5.7
ORBm,052 Pvalb Gaba,032 L5 NP CTX Glut,False,Cux2,5.378,0.393,76.4,6.4,4.985
ORBm,052 Pvalb Gaba,032 L5 NP CTX Glut,False,Moxd1,4.089,0.031,54.3,0.5,4.058
ORBm,052 Pvalb Gaba,046 Vip Gaba,True,Sox6,8.098,0.136,94.5,2.2,7.963
ORBm,052 Pvalb Gaba,046 Vip Gaba,True,Mpped1,7.396,0.957,91.8,14.6,6.439
ORBm,052 Pvalb Gaba,046 Vip Gaba,True,Pvalb,6.179,0.169,71.3,2.7,6.011
ORBm,052 Pvalb Gaba,046 Vip Gaba,True,Lhx6,5.76,0.034,81.2,0.6,5.726
ORBm,052 Pvalb Gaba,046 Vip Gaba,True,Tac1,5.78,0.096,70.1,1.5,5.684
ORBm,052 Pvalb Gaba,046 Vip Gaba,True,Moxd1,4.089,0.047,54.3,0.7,4.042
ORBm,052 Pvalb Gaba,046 Vip Gaba,True,Cartpt,3.944,0.062,54.2,0.9,3.882
ORBm,052 Pvalb Gaba,046 Vip Gaba,True,Calb1,3.976,0.366,47.4,5.7,3.61
ORBm,052 Pvalb Gaba,046 Vip Gaba,True,Slc30a3,3.361,0.643,53.0,10.1,2.717
ORBm,052 Pvalb Gaba,046 Vip Gaba,True,Whrn,2.965,0.364,46.6,5.7,2.601
ORBm,052 Pvalb Gaba,046 Vip Gaba,True,Sp9,3.178,0.688,51.2,10.2,2.49
ORBm,052 Pvalb Gaba,046 Vip Gaba,True,Sst,2.843,0.793,36.8,12.2,2.05
ORBm,052 Pvalb Gaba,049 Lamp5 Gaba,True,Sox6,8.098,0.159,94.5,2.6,7.939
ORBm,052 Pvalb Gaba,049 Lamp5 Gaba,True,Pvalb,6.179,0.114,71.3,2.0,6.065
ORBm,052 Pvalb Gaba,049 Lamp5 Gaba,True,Tac1,5.78,0.082,70.1,1.3,5.698
ORBm,052 Pvalb Gaba,049 Lamp5 Gaba,True,Lhx6,5.76,0.098,81.2,1.6,5.662
ORBm,052 Pvalb Gaba,049 Lamp5 Gaba,True,Moxd1,4.089,0.066,54.3,1.1,4.023
ORBm,052 Pvalb Gaba,049 Lamp5 Gaba,True,Cartpt,3.944,0.029,54.2,0.5,3.915
ORBm,052 Pvalb Gaba,049 Lamp5 Gaba,True,Calb1,3.976,0.385,47.4,6.4,3.591
ORBm,052 Pvalb Gaba,049 Lamp5 Gaba,True,Whrn,2.965,0.091,46.6,1.6,2.874
ORBm,052 Pvalb Gaba,049 Lamp5 Gaba,True,Slc30a3,3.361,0.826,53.0,13.8,2.535
ORBm,052 Pvalb Gaba,049 Lamp5 Gaba,True,Etv1,2.601,0.491,37.9,8.2,2.109
ORBm,052 Pvalb Gaba,049 Lamp5 Gaba,True,Nr4a2,2.078,0.234,30.3,3.9,1.844
ORBm,052 Pvalb Gaba,049 Lamp5 Gaba,True,Npnt,1.777,0.063,28.6,1.1,1.715
ORBm,052 Pvalb Gaba,053 Sst Gaba,True,Pvalb,6.179,0.601,71.3,9.8,5.578
ORBm,052 Pvalb Gaba,053 Sst Gaba,True,Tac1,5.78,0.326,70.1,4.7,5.454
ORBm,052 Pvalb Gaba,053 Sst Gaba,True,Sp9,3.178,0.679,51.2,11.6,2.499
ORBm,052 Pvalb Gaba,053 Sst Gaba,True,Etv1,2.601,0.868,37.9,13.5,1.733
ORBm,052 Pvalb Gaba,053 Sst Gaba,True,Nr4a2,2.078,0.658,30.3,10.3,1.419
ORBm,052 Pvalb Gaba,053 Sst Gaba,True,Npnt,1.777,0.655,28.6,10.7,1.123
ORBm,053 Sst Gaba,004 L6 IT CTX Glut,False,Nxph1,10.5,0.665,100.0,11.6,9.836
ORBm,053 Sst Gaba,004 L6 IT CTX Glut,False,Gad2,9.997,0.625,99.9,11.2,9.372
ORBm,053 Sst Gaba,004 L6 IT CTX Glut,False,Slc6a1,9.162,0.555,99.5,10.1,8.607
ORBm,053 Sst Gaba,004 L6 IT CTX Glut,False,Gad1,8.414,0.697,97.9,12.6,7.717
ORBm,053 Sst Gaba,004 L6 IT CTX Glut,False,Sox6,7.645,0.142,89.8,2.6,7.503
ORBm,053 Sst Gaba,004 L6 IT CTX Glut,False,Slc32a1,7.534,0.132,94.1,2.4,7.402
ORBm,053 Sst Gaba,004 L6 IT CTX Glut,False,Reln,7.656,0.427,82.7,7.4,7.23
ORBm,053 Sst Gaba,004 L6 IT CTX Glut,False,Lhx6,6.168,0.057,84.8,1.1,6.11
ORBm,053 Sst Gaba,004 L6 IT CTX Glut,False,Maf,5.087,0.398,68.2,7.1,4.69
ORBm,053 Sst Gaba,004 L6 IT CTX Glut,False,Dlx1,4.758,0.098,70.4,1.8,4.66
ORBm,053 Sst Gaba,004 L6 IT CTX Glut,False,Cux2,4.907,0.332,71.5,5.7,4.575
ORBm,053 Sst Gaba,004 L6 IT CTX Glut,False,Moxd1,3.272,0.043,43.7,0.8,3.229
ORBm,053 Sst Gaba,005 L5 IT CTX Glut,False,Nxph1,10.5,0.768,100.0,13.8,9.732
ORBm,053 Sst Gaba,005 L5 IT CTX Glut,False,Gad2,9.997,0.701,99.9,13.2,9.295
ORBm,053 Sst Gaba,005 L5 IT CTX Glut,False,Slc6a1,9.162,0.627,99.5,12.0,8.536
ORBm,053 Sst Gaba,005 L5 IT CTX Glut,False,Gad1,8.414,0.772,97.9,14.7,7.642
ORBm,053 Sst Gaba,005 L5 IT CTX Glut,False,Sox6,7.645,0.18,89.8,3.5,7.465
ORBm,053 Sst Gaba,005 L5 IT CTX Glut,False,Slc32a1,7.534,0.145,94.1,2.8,7.389
ORBm,053 Sst Gaba,005 L5 IT CTX Glut,False,Reln,7.656,0.3,82.7,5.7,7.356
ORBm,053 Sst Gaba,005 L5 IT CTX Glut,False,Lhx6,6.168,0.08,84.8,1.5,6.088
ORBm,053 Sst Gaba,005 L5 IT CTX Glut,False,Dlx1,4.758,0.109,70.4,2.1,4.649
ORBm,053 Sst Gaba,005 L5 IT CTX Glut,False,Cux2,4.907,0.668,71.5,10.8,4.239
ORBm,053 Sst Gaba,005 L5 IT CTX Glut,False,Moxd1,3.272,0.049,43.7,0.9,3.223
ORBm,053 Sst Gaba,005 L5 IT CTX Glut,False,Baiap3,2.909,0.127,42.1,2.5,2.782
ORBm,053 Sst Gaba,006 L4/5 IT CTX Glut,False,Nxph1,10.5,0.568,100.0,10.2,9.932
ORBm,053 Sst Gaba,006 L4/5 IT CTX Glut,False,Gad2,9.997,0.682,99.9,12.6,9.315
ORBm,053 Sst Gaba,006 L4/5 IT CTX Glut,False,Slc6a1,9.162,0.637,99.5,12.0,8.525
ORBm,053 Sst Gaba,006 L4/5 IT CTX Glut,False,Gad1,8.414,0.731,97.9,13.5,7.683
ORBm,053 Sst Gaba,006 L4/5 IT CTX Glut,False,Sox6,7.645,0.152,89.8,2.9,7.493
ORBm,053 Sst Gaba,006 L4/5 IT CTX Glut,False,Slc32a1,7.534,0.139,94.1,2.6,7.395
ORBm,053 Sst Gaba,006 L4/5 IT CTX Glut,False,Reln,7.656,0.416,82.7,7.5,7.24
ORBm,053 Sst Gaba,006 L4/5 IT CTX Glut,False,Lhx6,6.168,0.07,84.8,1.3,6.098
ORBm,053 Sst Gaba,006 L4/5 IT CTX Glut,False,Dlx1,4.758,0.103,70.4,1.9,4.655
ORBm,053 Sst Gaba,006 L4/5 IT CTX Glut,False,Moxd1,3.272,0.048,43.7,0.9,3.224
ORBm,053 Sst Gaba,006 L4/5 IT CTX Glut,False,Baiap3,2.909,0.069,42.1,1.3,2.84
ORBm,053 Sst Gaba,006 L4/5 IT CTX Glut,False,Ptpru,2.965,0.629,44.7,11.7,2.335
ORBm,053 Sst Gaba,007 L2/3 IT CTX Glut,False,Nxph1,10.5,0.453,100.0,8.1,10.048
ORBm,053 Sst Gaba,007 L2/3 IT CTX Glut,False,Gad2,9.997,0.632,99.9,11.4,9.365
ORBm,053 Sst Gaba,007 L2/3 IT CTX Glut,False,Slc6a1,9.162,0.597,99.5,11.0,8.565
ORBm,053 Sst Gaba,007 L2/3 IT CTX Glut,False,Gad1,8.414,0.728,97.9,13.2,7.686
ORBm,053 Sst Gaba,007 L2/3 IT CTX Glut,False,Sox6,7.645,0.162,89.8,3.1,7.482
ORBm,053 Sst Gaba,007 L2/3 IT CTX Glut,False,Slc32a1,7.534,0.134,94.1,2.5,7.399
ORBm,053 Sst Gaba,007 L2/3 IT CTX Glut,False,Lhx6,6.168,0.065,84.8,1.2,6.103
ORBm,053 Sst Gaba,007 L2/3 IT CTX Glut,False,Dlx1,4.758,0.111,70.4,2.0,4.647
ORBm,053 Sst Gaba,007 L2/3 IT CTX Glut,False,Maf,5.087,0.714,68.2,12.9,4.374
ORBm,053 Sst Gaba,007 L2/3 IT CTX Glut,False,Thsd7b,3.949,0.493,55.2,8.9,3.456
ORBm,053 Sst Gaba,007 L2/3 IT CTX Glut,False,Moxd1,3.272,0.048,43.7,0.9,3.224
ORBm,053 Sst Gaba,007 L2/3 IT CTX Glut,False,Pde1c,3.475,0.537,47.9,10.3,2.938
ORBm,053 Sst Gaba,022 L5 ET CTX Glut,False,Nxph1,10.5,0.525,100.0,9.4,9.975
ORBm,053 Sst Gaba,022 L5 ET CTX Glut,False,Gad2,9.997,0.678,99.9,12.5,9.319
ORBm,053 Sst Gaba,022 L5 ET CTX Glut,False,Slc6a1,9.162,0.713,99.5,13.1,8.45
ORBm,053 Sst Gaba,022 L5 ET CTX Glut,False,Gad1,8.414,0.755,97.9,13.8,7.659
ORBm,053 Sst Gaba,022 L5 ET CTX Glut,False,Sox6,7.645,0.163,89.8,3.0,7.482
ORBm,053 Sst Gaba,022 L5 ET CTX Glut,False,Slc32a1,7.534,0.132,94.1,2.5,7.401
ORBm,053 Sst Gaba,022 L5 ET CTX Glut,False,Calb1,7.233,0.809,81.2,14.7,6.424
ORBm,053 Sst Gaba,022 L5 ET CTX Glut,False,Lhx6,6.168,0.066,84.8,1.3,6.101
ORBm,053 Sst Gaba,022 L5 ET CTX Glut,False,Maf,5.087,0.184,68.2,3.5,4.904
ORBm,053 Sst Gaba,022 L5 ET CTX Glut,False,Dlx1,4.758,0.105,70.4,1.9,4.653
ORBm,053 Sst Gaba,022 L5 ET CTX Glut,False,Cux2,4.907,0.279,71.5,5.2,4.628
ORBm,053 Sst Gaba,022 L5 ET CTX Glut,False,Slc30a3,4.536,0.76,67.2,13.4,3.775
ORBm,053 Sst Gaba,029 L6b CTX Glut,False,Gad2,9.997,0.651,99.9,11.5,9.345
ORBm,053 Sst Gaba,029 L6b CTX Glut,False,Slc6a1,9.162,0.613,99.5,10.8,8.549
ORBm,053 Sst Gaba,029 L6b CTX Glut,False,Gad1,8.414,0.721,97.9,12.6,7.693
ORBm,053 Sst Gaba,029 L6b CTX Glut,False,Sox6,7.645,0.128,89.8,2.2,7.517
ORBm,053 Sst Gaba,029 L6b CTX Glut,False,Slc32a1,7.534,0.116,94.1,2.1,7.417
ORBm,053 Sst Gaba,029 L6b CTX Glut,False,Reln,7.656,0.745,82.7,12.6,6.911
ORBm,053 Sst Gaba,029 L6b CTX Glut,False,Calb1,7.233,0.381,81.2,6.8,6.852
ORBm,053 Sst Gaba,029 L6b CTX Glut,False,Lhx6,6.168,0.092,84.8,1.7,6.075
ORBm,053 Sst Gaba,029 L6b CTX Glut,False,Npy,5.752,0.762,68.2,13.5,4.989
ORBm,053 Sst Gaba,029 L6b CTX Glut,False,Maf,5.087,0.11,68.2,1.9,4.978
ORBm,053 Sst Gaba,029 L6b CTX Glut,False,Vat1l,5.105,0.44,73.4,8.0,4.665
ORBm,053 Sst Gaba,029 L6b CTX Glut,False,Dlx1,4.758,0.101,70.4,1.9,4.657
ORBm,053 Sst Gaba,030 L6 CT CTX Glut,False,Nxph1,10.5,0.473,100.0,8.2,10.027
ORBm,053 Sst Gaba,030 L6 CT CTX Glut,False,Gad2,9.997,0.579,99.9,10.3,9.418
ORBm,053 Sst Gaba,030 L6 CT CTX Glut,False,Slc6a1,9.162,0.573,99.5,10.3,8.589
ORBm,053 Sst Gaba,030 L6 CT CTX Glut,False,Gad1,8.414,0.682,97.9,12.1,7.732
ORBm,053 Sst Gaba,030 L6 CT CTX Glut,False,Sox6,7.645,0.139,89.8,2.5,7.506
ORBm,053 Sst Gaba,030 L6 CT CTX Glut,False,Slc32a1,7.534,0.131,94.1,2.3,7.403
ORBm,053 Sst Gaba,030 L6 CT CTX Glut,False,Reln,7.656,0.326,82.7,5.7,7.33
ORBm,053 Sst Gaba,030 L6 CT CTX Glut,False,Calb1,7.233,0.412,81.2,7.4,6.821
ORBm,053 Sst Gaba,030 L6 CT CTX Glut,False,Lhx6,6.168,0.062,84.8,1.1,6.106
ORBm,053 Sst Gaba,030 L6 CT CTX Glut,False,Npy,5.752,0.813,68.2,14.4,4.939
ORBm,053 Sst Gaba,030 L6 CT CTX Glut,False,Maf,5.087,0.174,68.2,3.1,4.914
ORBm,053 Sst Gaba,030 L6 CT CTX Glut,False,Vat1l,5.105,0.425,73.4,7.5,4.68
ORBm,053 Sst Gaba,032 L5 NP CTX Glut,False,Sst,10.958,0.927,99.0,14.9,10.031
ORBm,053 Sst Gaba,032 L5 NP CTX Glut,False,Gad2,9.997,0.573,99.9,9.3,9.424
ORBm,053 Sst Gaba,032 L5 NP CTX Glut,False,Slc6a1,9.162,0.78,99.5,12.5,8.382
ORBm,053 Sst Gaba,032 L5 NP CTX Glut,False,Gad1,8.414,0.648,97.9,10.4,7.766
ORBm,053 Sst Gaba,032 L5 NP CTX Glut,False,Sox6,7.645,0.147,89.8,2.4,7.497
ORBm,053 Sst Gaba,032 L5 NP CTX Glut,False,Slc32a1,7.534,0.114,94.1,1.8,7.419
ORBm,053 Sst Gaba,032 L5 NP CTX Glut,False,Reln,7.656,0.315,82.7,5.0,7.342
ORBm,053 Sst Gaba,032 L5 NP CTX Glut,False,Calb1,7.233,0.382,81.2,6.3,6.851
ORBm,053 Sst Gaba,032 L5 NP CTX Glut,False,Lhx6,6.168,0.06,84.8,1.0,6.108
ORBm,053 Sst Gaba,032 L5 NP CTX Glut,False,Npy,5.752,0.761,68.2,12.4,4.99
ORBm,053 Sst Gaba,032 L5 NP CTX Glut,False,Dlx1,4.758,0.063,70.4,1.0,4.695
ORBm,053 Sst Gaba,032 L5 NP CTX Glut,False,Vat1l,5.105,0.549,73.4,8.9,4.556
ORBm,053 Sst Gaba,046 Vip Gaba,True,Sst,10.958,0.793,99.0,12.2,10.165
ORBm,053 Sst Gaba,046 Vip Gaba,True,Sox6,7.645,0.136,89.8,2.2,7.509
ORBm,053 Sst Gaba,046 Vip Gaba,True,Mpped1,8.076,0.957,94.4,14.6,7.119
ORBm,053 Sst Gaba,046 Vip Gaba,True,Calb1,7.233,0.366,81.2,5.7,6.867
ORBm,053 Sst Gaba,046 Vip Gaba,True,Lhx6,6.168,0.034,84.8,0.6,6.133
ORBm,053 Sst Gaba,046 Vip Gaba,True,Spon1,5.692,0.347,69.2,5.3,5.344
ORBm,053 Sst Gaba,046 Vip Gaba,True,Npy,5.752,1.126,68.2,14.8,4.625
ORBm,053 Sst Gaba,046 Vip Gaba,True,Slc30a3,4.536,0.643,67.2,10.1,3.892
ORBm,053 Sst Gaba,046 Vip Gaba,True,Moxd1,3.272,0.047,43.7,0.7,3.225
ORBm,053 Sst Gaba,046 Vip Gaba,True,Baiap3,2.909,0.695,42.1,10.5,2.214
ORBm,053 Sst Gaba,046 Vip Gaba,True,Pdyn,2.268,0.076,26.9,1.2,2.192
ORBm,053 Sst Gaba,046 Vip Gaba,True,Ptpru,2.965,0.924,44.7,14.2,2.04
ORBm,053 Sst Gaba,049 Lamp5 Gaba,True,Sox6,7.645,0.159,89.8,2.6,7.486
ORBm,053 Sst Gaba,049 Lamp5 Gaba,True,Calb1,7.233,0.385,81.2,6.4,6.848
ORBm,053 Sst Gaba,049 Lamp5 Gaba,True,Lhx6,6.168,0.098,84.8,1.6,6.069
ORBm,053 Sst Gaba,049 Lamp5 Gaba,True,Spon1,5.692,0.446,69.2,7.4,5.246
ORBm,053 Sst Gaba,049 Lamp5 Gaba,True,Slc30a3,4.536,0.826,67.2,13.8,3.71
ORBm,053 Sst Gaba,049 Lamp5 Gaba,True,Moxd1,3.272,0.066,43.7,1.1,3.206
ORBm,053 Sst Gaba,049 Lamp5 Gaba,True,Pde1c,3.475,0.498,47.9,8.5,2.977
ORBm,053 Sst Gaba,049 Lamp5 Gaba,True,Baiap3,2.909,0.282,42.1,4.8,2.627
ORBm,053 Sst Gaba,049 Lamp5 Gaba,True,Ptpru,2.965,0.481,44.7,7.7,2.483
ORBm,053 Sst Gaba,049 Lamp5 Gaba,True,Pdyn,2.268,0.097,26.9,1.6,2.171
ORBm,053 Sst Gaba,049 Lamp5 Gaba,True,Fibcd1,1.992,0.038,31.6,0.6,1.954
ORBm,053 Sst Gaba,049 Lamp5 Gaba,True,Cartpt,1.96,0.029,28.0,0.5,1.931
ORBm,053 Sst Gaba,052 Pvalb Gaba,True,Ptpru,2.965,0.308,44.7,5.4,2.656
ORBm,053 Sst Gaba,052 Pvalb Gaba,True,Pde1c,3.475,0.846,47.9,14.4,2.629
ORBm,053 Sst Gaba,052 Pvalb Gaba,True,Pdyn,2.268,0.096,26.9,1.7,2.172
ORBm,053 Sst Gaba,052 Pvalb Gaba,True,Baiap3,2.909,0.744,42.1,11.7,2.165
ORBm,053 Sst Gaba,052 Pvalb Gaba,True,Fibcd1,1.992,0.206,31.6,3.6,1.786
RE,093 RT-ZI Gnb3 Gaba,109 LGv-ZI Otx2 Gaba,True,Pvalb,10.293,0.608,95.1,9.8,9.686
RE,093 RT-ZI Gnb3 Gaba,109 LGv-ZI Otx2 Gaba,True,Meis2,8.782,0.215,93.6,3.7,8.567
RE,093 RT-ZI Gnb3 Gaba,109 LGv-ZI Otx2 Gaba,True,Isl1,6.555,0.084,86.6,1.3,6.471
RE,093 RT-ZI Gnb3 Gaba,109 LGv-ZI Otx2 Gaba,True,Cplx3,3.835,0.064,52.8,1.1,3.771
RE,093 RT-ZI Gnb3 Gaba,109 LGv-ZI Otx2 Gaba,True,Wfs1,4.005,0.377,59.2,6.6,3.627
RE,093 RT-ZI Gnb3 Gaba,109 LGv-ZI Otx2 Gaba,True,Npy,3.627,0.117,48.0,2.0,3.51
RE,093 RT-ZI Gnb3 Gaba,109 LGv-ZI Otx2 Gaba,True,Trh,2.224,0.019,31.3,0.3,2.205
RE,093 RT-ZI Gnb3 Gaba,109 LGv-ZI Otx2 Gaba,True,Coch,2.653,0.75,40.2,12.3,1.903
RE,093 RT-ZI Gnb3 Gaba,109 LGv-ZI Otx2 Gaba,True,Slc22a3,2.234,0.333,35.6,5.8,1.9
RE,093 RT-ZI Gnb3 Gaba,109 LGv-ZI Otx2 Gaba,True,Grin2c,1.798,0.235,29.6,4.0,1.563
RE,093 RT-ZI Gnb3 Gaba,109 LGv-ZI Otx2 Gaba,True,Prox1,1.803,0.614,28.5,10.2,1.189
RE,093 RT-ZI Gnb3 Gaba,151 TH Prkcd Grin2c Glut,False,Gad2,10.511,0.417,99.9,7.5,10.094
RE,093 RT-ZI Gnb3 Gaba,151 TH Prkcd Grin2c Glut,False,Gad1,10.048,0.354,98.7,6.5,9.695
RE,093 RT-ZI Gnb3 Gaba,151 TH Prkcd Grin2c Glut,False,Six3,9.418,0.096,97.2,1.8,9.322
RE,093 RT-ZI Gnb3 Gaba,151 TH Prkcd Grin2c Glut,False,Meis2,8.782,0.114,93.6,2.2,8.668
RE,093 RT-ZI Gnb3 Gaba,151 TH Prkcd Grin2c Glut,False,Slc32a1,7.787,0.087,93.2,1.6,7.7
RE,093 RT-ZI Gnb3 Gaba,151 TH Prkcd Grin2c Glut,False,Sst,7.431,0.144,77.5,2.7,7.287
RE,093 RT-ZI Gnb3 Gaba,151 TH Prkcd Grin2c Glut,False,Isl1,6.555,0.018,86.6,0.3,6.537
RE,093 RT-ZI Gnb3 Gaba,151 TH Prkcd Grin2c Glut,False,Slc6a1,5.795,0.668,71.3,11.3,5.127
RE,093 RT-ZI Gnb3 Gaba,151 TH Prkcd Grin2c Glut,False,Cplx3,3.835,0.028,52.8,0.5,3.807
RE,093 RT-ZI Gnb3 Gaba,151 TH Prkcd Grin2c Glut,False,Cnr1,3.411,0.216,48.1,3.8,3.195
RE,093 RT-ZI Gnb3 Gaba,151 TH Prkcd Grin2c Glut,False,Npy,3.627,0.457,48.0,7.5,3.169
RE,093 RT-ZI Gnb3 Gaba,151 TH Prkcd Grin2c Glut,False,Dlx1,3.011,0.013,45.0,0.2,2.998
RE,093 RT-ZI Gnb3 Gaba,152 RE-Xi Nox4 Glut,False,Gad2,10.511,0.547,99.9,8.9,9.964
RE,093 RT-ZI Gnb3 Gaba,152 RE-Xi Nox4 Glut,False,Pvalb,10.293,0.428,95.1,7.2,9.866
RE,093 RT-ZI Gnb3 Gaba,152 RE-Xi Nox4 Glut,False,Gad1,10.048,0.343,98.7,5.7,9.705
RE,093 RT-ZI Gnb3 Gaba,152 RE-Xi Nox4 Glut,False,Six3,9.418,0.151,97.2,2.5,9.267
RE,093 RT-ZI Gnb3 Gaba,152 RE-Xi Nox4 Glut,False,Meis2,8.782,0.125,93.6,2.1,8.656
RE,093 RT-ZI Gnb3 Gaba,152 RE-Xi Nox4 Glut,False,Slc32a1,7.787,0.091,93.2,1.5,7.696
RE,093 RT-ZI Gnb3 Gaba,152 RE-Xi Nox4 Glut,False,Sst,7.431,0.195,77.5,3.3,7.237
RE,093 RT-ZI Gnb3 Gaba,152 RE-Xi Nox4 Glut,False,Isl1,6.555,0.033,86.6,0.6,6.522
RE,093 RT-ZI Gnb3 Gaba,152 RE-Xi Nox4 Glut,False,Gfra1,6.235,0.182,79.4,3.1,6.053
RE,093 RT-ZI Gnb3 Gaba,152 RE-Xi Nox4 Glut,False,Cplx3,3.835,0.031,52.8,0.5,3.803
RE,093 RT-ZI Gnb3 Gaba,152 RE-Xi Nox4 Glut,False,Npy,3.627,0.048,48.0,0.8,3.578
RE,093 RT-ZI Gnb3 Gaba,152 RE-Xi Nox4 Glut,False,Pnoc,3.658,0.35,49.9,6.2,3.307
RE,109 LGv-ZI Otx2 Gaba,093 RT-ZI Gnb3 Gaba,True,Reln,5.886,0.1,73.0,1.5,5.786
RE,109 LGv-ZI Otx2 Gaba,093 RT-ZI Gnb3 Gaba,True,Necab1,4.679,0.733,62.0,11.5,3.946
RE,109 LGv-ZI Otx2 Gaba,093 RT-ZI Gnb3 Gaba,True,Nos1,4.388,0.637,59.2,10.2,3.751
RE,109 LGv-ZI Otx2 Gaba,093 RT-ZI Gnb3 Gaba,True,Sp9,3.447,0.366,53.0,6.0,3.081
RE,109 LGv-ZI Otx2 Gaba,093 RT-ZI Gnb3 Gaba,True,Otx2,3.003,0.007,45.2,0.1,2.996
RE,109 LGv-ZI Otx2 Gaba,093 RT-ZI Gnb3 Gaba,True,Adarb2,3.433,0.866,47.3,13.8,2.568
RE,109 LGv-ZI Otx2 Gaba,093 RT-ZI Gnb3 Gaba,True,Mpped1,2.708,0.281,42.0,4.9,2.428
RE,109 LGv-ZI Otx2 Gaba,093 RT-ZI Gnb3 Gaba,True,Lhx1,2.524,0.28,37.8,4.6,2.244
RE,109 LGv-ZI Otx2 Gaba,093 RT-ZI Gnb3 Gaba,True,Pcdh8,2.343,0.377,38.0,6.0,1.965
RE,109 LGv-ZI Otx2 Gaba,093 RT-ZI Gnb3 Gaba,True,Zic2,1.96,0.029,33.1,0.5,1.931
RE,109 LGv-ZI Otx2 Gaba,093 RT-ZI Gnb3 Gaba,True,Gpr101,1.957,0.087,30.1,1.2,1.87
RE,109 LGv-ZI Otx2 Gaba,093 RT-ZI Gnb3 Gaba,True,St8sia2,1.775,0.391,28.3,6.0,1.384
RE,109 LGv-ZI Otx2 Gaba,151 TH Prkcd Grin2c Glut,False,Gad2,9.906,0.417,99.8,7.5,9.49
RE,109 LGv-ZI Otx2 Gaba,151 TH Prkcd Grin2c Glut,False,Gad1,8.136,0.354,95.2,6.5,7.783
RE,109 LGv-ZI Otx2 Gaba,151 TH Prkcd Grin2c Glut,False,Slc32a1,7.752,0.087,94.2,1.6,7.664
RE,109 LGv-ZI Otx2 Gaba,151 TH Prkcd Grin2c Glut,False,Slc6a1,7.697,0.668,93.1,11.3,7.029
RE,109 LGv-ZI Otx2 Gaba,151 TH Prkcd Grin2c Glut,False,Reln,5.886,0.075,73.0,1.4,5.811
RE,109 LGv-ZI Otx2 Gaba,151 TH Prkcd Grin2c Glut,False,Syt6,4.474,0.052,61.6,1.0,4.423
RE,109 LGv-ZI Otx2 Gaba,151 TH Prkcd Grin2c Glut,False,Nos1,4.388,0.178,59.2,3.3,4.21
RE,109 LGv-ZI Otx2 Gaba,151 TH Prkcd Grin2c Glut,False,Nrgn,4.116,0.54,57.2,8.7,3.576
RE,109 LGv-ZI Otx2 Gaba,151 TH Prkcd Grin2c Glut,False,Baiap3,3.379,0.183,47.6,3.2,3.196
RE,109 LGv-ZI Otx2 Gaba,151 TH Prkcd Grin2c Glut,False,Otx2,3.003,0.028,45.2,0.5,2.975
RE,109 LGv-ZI Otx2 Gaba,151 TH Prkcd Grin2c Glut,False,Sp9,3.447,0.769,53.0,13.7,2.678
RE,109 LGv-ZI Otx2 Gaba,151 TH Prkcd Grin2c Glut,False,Dlx1,2.594,0.013,41.4,0.2,2.581
RE,109 LGv-ZI Otx2 Gaba,152 RE-Xi Nox4 Glut,False,Gad2,9.906,0.547,99.8,8.9,9.359
RE,109 LGv-ZI Otx2 Gaba,152 RE-Xi Nox4 Glut,False,Gad1,8.136,0.343,95.2,5.7,7.793
RE,109 LGv-ZI Otx2 Gaba,152 RE-Xi Nox4 Glut,False,Slc32a1,7.752,0.091,94.2,1.5,7.66
RE,109 LGv-ZI Otx2 Gaba,152 RE-Xi Nox4 Glut,False,Reln,5.886,0.076,73.0,1.3,5.809
RE,109 LGv-ZI Otx2 Gaba,152 RE-Xi Nox4 Glut,False,Syt6,4.474,0.043,61.6,0.7,4.431
RE,109 LGv-ZI Otx2 Gaba,152 RE-Xi Nox4 Glut,False,Nos1,4.388,0.776,59.2,12.8,3.613
RE,109 LGv-ZI Otx2 Gaba,152 RE-Xi Nox4 Glut,False,Otx2,3.003,0.283,45.2,4.9,2.719
RE,109 LGv-ZI Otx2 Gaba,152 RE-Xi Nox4 Glut,False,Sp9,3.447,0.76,53.0,13.2,2.687
RE,109 LGv-ZI Otx2 Gaba,152 RE-Xi Nox4 Glut,False,Dlx1,2.594,0.021,41.4,0.3,2.572
RE,109 LGv-ZI Otx2 Gaba,152 RE-Xi Nox4 Glut,False,Lhx1,2.524,0.004,37.8,0.1,2.52
RE,109 LGv-ZI Otx2 Gaba,152 RE-Xi Nox4 Glut,False,Pax6,2.14,0.033,30.5,0.6,2.107
RE,109 LGv-ZI Otx2 Gaba,152 RE-Xi Nox4 Glut,False,Gpr101,1.957,0.05,30.1,0.8,1.907
RE,151 TH Prkcd Grin2c Glut,093 RT-ZI Gnb3 Gaba,False,Adarb2,10.014,0.866,97.1,13.8,9.148
RE,151 TH Prkcd Grin2c Glut,093 RT-ZI Gnb3 Gaba,False,Foxp2,7.347,0.471,89.9,7.4,6.875
RE,151 TH Prkcd Grin2c Glut,093 RT-ZI Gnb3 Gaba,False,Tnnt1,6.37,0.332,79.1,5.5,6.039
RE,151 TH Prkcd Grin2c Glut,093 RT-ZI Gnb3 Gaba,False,Spon1,6.412,0.482,84.6,7.8,5.929
RE,151 TH Prkcd Grin2c Glut,093 RT-ZI Gnb3 Gaba,False,Slc17a7,5.624,0.334,75.6,5.6,5.29
RE,151 TH Prkcd Grin2c Glut,093 RT-ZI Gnb3 Gaba,False,Cacng5,5.235,0.149,78.4,2.4,5.085
RE,151 TH Prkcd Grin2c Glut,093 RT-ZI Gnb3 Gaba,False,Necab1,5.372,0.733,63.5,11.5,4.639
RE,151 TH Prkcd Grin2c Glut,093 RT-ZI Gnb3 Gaba,False,Etv1,4.031,0.336,60.5,5.9,3.696
RE,151 TH Prkcd Grin2c Glut,093 RT-ZI Gnb3 Gaba,False,Slco2a1,2.458,0.079,40.6,1.4,2.379
RE,151 TH Prkcd Grin2c Glut,093 RT-ZI Gnb3 Gaba,False,Gpr88,2.448,0.161,38.1,2.8,2.287
RE,151 TH Prkcd Grin2c Glut,093 RT-ZI Gnb3 Gaba,False,Chst9,2.23,0.045,34.5,0.8,2.185
RE,151 TH Prkcd Grin2c Glut,093 RT-ZI Gnb3 Gaba,False,Zic2,2.005,0.029,35.8,0.5,1.976
RE,151 TH Prkcd Grin2c Glut,109 LGv-ZI Otx2 Gaba,False,Foxp2,7.347,0.839,89.9,13.5,6.507
RE,151 TH Prkcd Grin2c Glut,109 LGv-ZI Otx2 Gaba,False,Tnnt1,6.37,0.86,79.1,14.2,5.51
RE,151 TH Prkcd Grin2c Glut,109 LGv-ZI Otx2 Gaba,False,Prox1,6.065,0.614,84.9,10.2,5.451
RE,151 TH Prkcd Grin2c Glut,109 LGv-ZI Otx2 Gaba,False,Slc17a7,5.624,0.5,75.6,8.3,5.125
RE,151 TH Prkcd Grin2c Glut,109 LGv-ZI Otx2 Gaba,False,Etv1,4.031,0.313,60.5,5.3,3.718
RE,151 TH Prkcd Grin2c Glut,109 LGv-ZI Otx2 Gaba,False,Grin2c,3.816,0.235,61.4,4.0,3.58
RE,151 TH Prkcd Grin2c Glut,109 LGv-ZI Otx2 Gaba,False,Slco2a1,2.458,0.146,40.6,2.6,2.312
RE,151 TH Prkcd Grin2c Glut,109 LGv-ZI Otx2 Gaba,False,Gpr88,2.448,0.236,38.1,4.0,2.212
RE,151 TH Prkcd Grin2c Glut,109 LGv-ZI Otx2 Gaba,False,Chst9,2.23,0.069,34.5,1.1,2.162
RE,151 TH Prkcd Grin2c Glut,109 LGv-ZI Otx2 Gaba,False,Nhlh2,1.923,0.061,33.9,1.1,1.862
RE,151 TH Prkcd Grin2c Glut,109 LGv-ZI Otx2 Gaba,False,Ebf1,1.961,0.534,31.1,8.4,1.427
RE,151 TH Prkcd Grin2c Glut,109 LGv-ZI Otx2 Gaba,False,Pvalb,1.693,0.608,26.4,9.8,1.086
RE,151 TH Prkcd Grin2c Glut,152 RE-Xi Nox4 Glut,True,Grin2c,3.816,0.351,61.4,6.2,3.464
RE,151 TH Prkcd Grin2c Glut,152 RE-Xi Nox4 Glut,True,Gpr88,2.448,0.452,38.1,7.8,1.996
RE,151 TH Prkcd Grin2c Glut,152 RE-Xi Nox4 Glut,True,Ebf1,1.961,0.301,31.1,5.2,1.66
RE,151 TH Prkcd Grin2c Glut,152 RE-Xi Nox4 Glut,True,Coch,1.659,0.312,28.9,5.8,1.346
RE,151 TH Prkcd Grin2c Glut,152 RE-Xi Nox4 Glut,True,Pvalb,1.693,0.428,26.4,7.2,1.265
RE,152 RE-Xi Nox4 Glut,093 RT-ZI Gnb3 Gaba,False,Necab1,8.208,0.733,90.5,11.5,7.475
RE,152 RE-Xi Nox4 Glut,093 RT-ZI Gnb3 Gaba,False,Spon1,7.482,0.482,88.2,7.8,7.0
RE,152 RE-Xi Nox4 Glut,093 RT-ZI Gnb3 Gaba,False,Foxp2,6.933,0.471,85.2,7.4,6.462
RE,152 RE-Xi Nox4 Glut,093 RT-ZI Gnb3 Gaba,False,Adarb2,6.979,0.866,84.3,13.8,6.113
RE,152 RE-Xi Nox4 Glut,093 RT-ZI Gnb3 Gaba,False,Oprm1,5.275,0.891,70.3,13.3,4.384
RE,152 RE-Xi Nox4 Glut,093 RT-ZI Gnb3 Gaba,False,Etv1,3.607,0.336,53.3,5.9,3.271
RE,152 RE-Xi Nox4 Glut,093 RT-ZI Gnb3 Gaba,False,Nox4,2.906,0.167,42.1,2.7,2.739
RE,152 RE-Xi Nox4 Glut,093 RT-ZI Gnb3 Gaba,False,Tnnt1,2.934,0.332,43.6,5.5,2.603
RE,152 RE-Xi Nox4 Glut,093 RT-ZI Gnb3 Gaba,False,Chst9,2.598,0.045,38.5,0.8,2.553
RE,152 RE-Xi Nox4 Glut,093 RT-ZI Gnb3 Gaba,False,Zic2,2.349,0.029,40.2,0.5,2.319
RE,152 RE-Xi Nox4 Glut,093 RT-ZI Gnb3 Gaba,False,Cacng5,2.382,0.149,38.8,2.4,2.232
RE,152 RE-Xi Nox4 Glut,093 RT-ZI Gnb3 Gaba,False,Slc17a7,2.15,0.334,32.4,5.6,1.816
RE,152 RE-Xi Nox4 Glut,109 LGv-ZI Otx2 Gaba,False,Foxp2,6.933,0.839,85.2,13.5,6.094
RE,152 RE-Xi Nox4 Glut,109 LGv-ZI Otx2 Gaba,False,Etv1,3.607,0.313,53.3,5.3,3.293
RE,152 RE-Xi Nox4 Glut,109 LGv-ZI Otx2 Gaba,False,Prox1,3.355,0.614,49.6,10.2,2.741
RE,152 RE-Xi Nox4 Glut,109 LGv-ZI Otx2 Gaba,False,Chst9,2.598,0.069,38.5,1.1,2.53
RE,152 RE-Xi Nox4 Glut,109 LGv-ZI Otx2 Gaba,False,Tnnt1,2.934,0.86,43.6,14.2,2.074
RE,152 RE-Xi Nox4 Glut,109 LGv-ZI Otx2 Gaba,False,Slc17a7,2.15,0.5,32.4,8.3,1.651
RE,152 RE-Xi Nox4 Glut,109 LGv-ZI Otx2 Gaba,False,Amigo2,2.207,0.667,36.3,11.6,1.541
RE,152 RE-Xi Nox4 Glut,109 LGv-ZI Otx2 Gaba,False,Wfs1,1.88,0.377,32.3,6.6,1.502
RE,152 RE-Xi Nox4 Glut,151 TH Prkcd Grin2c Glut,True,Nox4,2.906,0.058,42.1,1.1,2.848
RE,152 RE-Xi Nox4 Glut,151 TH Prkcd Grin2c Glut,True,Nrgn,2.721,0.54,40.2,8.7,2.181
RE,152 RE-Xi Nox4 Glut,151 TH Prkcd Grin2c Glut,True,Slc6a1,2.456,0.668,35.9,11.3,1.788
RE,152 RE-Xi Nox4 Glut,151 TH Prkcd Grin2c Glut,True,Amigo2,2.207,0.713,36.3,12.9,1.495
RE,152 RE-Xi Nox4 Glut,151 TH Prkcd Grin2c Glut,True,Mpped1,1.649,0.236,27.0,4.5,1.413
